caseID,sideForceScale,rollMomentScale,yawMomentScale,aileronEffectivenessScale,inertiaScale,IxzNormalized,riseTime_s,overshoot_pct,settlingTime_s,finalHeadingError_deg,peakBank_deg,peakRollRate_degps,peakYawRate_degps,peakSideslip_deg,peakAutomaticAileron_deg,peakAutomaticRudder_deg,peakAileronRate_degps
1,0.8,0.8,0.8,0.8,0.8,-0.1,16.36,0,32.54,0.000130652979782872,15.4420804271245,5.61128867751321,2.6232417016842,0.458287513319929,1.17678935608004,0.173209391469001,2.14072259772805
2,0.8,0.8,0.8,0.8,0.8,0,16.34,0,32.54,0.000130641019993992,15.4257055308763,5.58655752939773,2.62122074148064,0.462973030721497,1.15746034096978,0.178047110937635,2.13789304253638
3,0.8,0.8,0.8,0.8,0.8,0.1,16.34,0,32.54,0.000130629057934196,15.4095743680258,5.56175231362825,2.61945440983564,0.467893411292797,1.13864554060206,0.182853528402064,2.13260179919462
4,0.8,0.8,0.8,0.8,1,-0.1,16.34,0,32.54,0.000131460317063607,15.4843657524374,5.69781319168157,2.63849216145636,0.457463791715097,1.20837146864019,0.177525733183598,2.1751675627456
5,0.8,0.8,0.8,0.8,1,0,16.32,0,32.54,0.00013144505265933,15.46546812632,5.68060231858023,2.63280349997105,0.464146848762121,1.18372710997985,0.185295048678407,2.17178618393987
6,0.8,0.8,0.8,0.8,1,0.1,16.28,0,32.54,0.000131429792338885,15.4467946315862,5.66306724729601,2.62745014031609,0.480534842722562,1.15957170176109,0.19326965598053,2.16545832181896
7,0.8,0.8,0.8,0.8,1.2,-0.1,16.32,0,32.56,0.000132269127539105,15.5241467784098,5.77339299624963,2.66063060783261,0.454339215794805,1.24120464088543,0.180957119292198,2.2019399634625
8,0.8,0.8,0.8,0.8,1.2,0,16.28,0,32.56,0.000132250438567991,15.5044758144087,5.76807025858748,2.64958647976881,0.463409601491375,1.21243126330974,0.192345902728152,2.19912425253047
9,0.8,0.8,0.8,0.8,1.2,0.1,16.26,0,32.56,0.000132231754673042,15.4855644016442,5.76152785465389,2.63614820818439,0.497164249689478,1.18408350536781,0.204362611243201,2.19357605534101
10,0.8,0.8,0.8,1,0.8,-0.1,16.54,0,32.34,0.000113904033517103,15.1561604428218,5.88327584813488,2.58004349746094,0.449493360560224,0.990110982044664,0.177293047131651,2.09803683619327
11,0.8,0.8,0.8,1,0.8,0,16.5,0,32.34,0.000113901075454943,15.1461782231763,5.85854215492143,2.5788532353201,0.463027659546648,0.971994765580523,0.1812968485014,2.09452563693051
12,0.8,0.8,0.8,1,0.8,0.1,16.5,0,32.34,0.00011389811662309,15.1360302448712,5.83379648202488,2.57799654455355,0.496159262744938,0.954409760538809,0.191211438612858,2.08796876076487
13,0.8,0.8,0.8,1,1,-0.1,16.5,0,32.36,0.000114530772637332,15.1912375450332,5.975830676926,2.59514319957833,0.448055900404635,1.02038252974757,0.180062509149586,2.13156164712948
14,0.8,0.8,0.8,1,1,0,16.48,0,32.36,0.000114526856871991,15.1806961438363,5.96072794006418,2.58990798446442,0.470450825989568,0.997805464763138,0.188966750255617,2.12874914915966
15,0.8,0.8,0.8,1,1,0.1,16.46,0,32.36,0.000114522940953984,15.1696857325864,5.94420831053556,2.58510467300838,0.517366090338316,0.975668978751237,0.198080000376702,2.12315775496429
16,0.8,0.8,0.8,1,1.2,-0.1,16.48,0,32.36,0.000115158416587202,15.2237979001801,6.05683733496549,2.62021152887881,0.445508722168046,1.05155951616807,0.184072813278817,2.15755083701564
17,0.8,0.8,0.8,1,1.2,0,16.46,0,32.36,0.00011515345888487,15.2150087182136,6.05496922582374,2.61019372353276,0.474659319688228,1.02574218164834,0.197102640389842,2.15405738257062
18,0.8,0.8,0.8,1,1.2,0.1,16.44,0,32.36,0.000115148500145677,15.2055732456897,6.05016528392656,2.59791785273122,0.535772879448949,1.00038613063501,0.210747312063633,2.14902467073711
19,0.8,0.8,0.8,1.2,0.8,-0.1,16.64,0,32.22,0.000103216146476082,14.9526805916661,6.07959333936434,2.54877608398433,0.455345702073232,0.856738436656503,0.191595651369685,2.05570930256516
20,0.8,0.8,0.8,1.2,0.8,0,16.62,0,32.22,0.000103218330677482,14.946742922888,6.05508433948013,2.54831165481447,0.486297623870417,0.839750271330034,0.196771212960192,2.05152663227925
21,0.8,0.8,0.8,1.2,0.8,0.1,16.62,0,32.22,0.000103220508924884,14.9404999087658,6.03009904670584,2.54823757947147,0.521431418615355,0.823360874724636,0.208469429059574,2.04372668900038
22,0.8,0.8,0.8,1.2,1,-0.1,16.62,0,32.22,0.000103731183784371,14.9835350119025,6.17593817446703,2.56331265678994,0.4503883021471,0.885542627456352,0.190931313842806,2.09559860901148
23,0.8,0.8,0.8,1.2,1,0,16.6,0,32.22,0.000103733747286,14.9781298344129,6.16199613647852,2.5586841322194,0.494400533835969,0.864755303983327,0.19773853992162,2.09224382787916
24,0.8,0.8,0.8,1.2,1,0.1,16.58,0,32.22,0.000103736309031963,14.9718866154153,6.14600462172619,2.55472090904107,0.544116063403083,0.844478984117275,0.212726592623203,2.08558113406659
25,0.8,0.8,0.8,1.2,1.2,-0.1,16.6,0,32.24,0.000104246819170524,15.01249623914,6.26040917006824,2.58992165764374,0.445113308436223,0.915020673919672,0.189457883173022,2.1249944427286
26,0.8,0.8,0.8,1.2,1.2,0,16.56,0,32.24,0.000104249698405816,15.0100540216603,6.26099553014953,2.58080536018908,0.499123481290243,0.891711230606957,0.200728867557956,2.12220558875502
27,0.8,0.8,0.8,1.2,1.2,0.1,16.54,0,32.24,0.000104252569257166,15.0060985324025,6.25700106473568,2.57004180592082,0.563770840283441,0.868830606328738,0.215681945599111,2.11640077583997
28,0.8,0.8,1,0.8,0.8,-0.1,16.28,0,32.56,0.000132993306965861,15.5655850157563,5.48684379478584,2.65164085641128,0.447656608034206,1.20458119386258,0.181475170997609,2.1406870974866
29,0.8,0.8,1,0.8,0.8,0,16.28,0,32.56,0.000132940228272698,15.5494739920408,5.45929774746241,2.65099443380865,0.452206364935833,1.18891103878134,0.184803930062023,2.13792989281211
30,0.8,0.8,1,0.8,0.8,0.1,16.28,0,32.56,0.000132887183331582,15.5336245108976,5.43199755819876,2.6504376798672,0.456939157990055,1.1738692602446,0.188080859953233,2.13274028849294
31,0.8,0.8,1,0.8,1,-0.1,16.26,0,32.56,0.000133645261409105,15.6113110073911,5.57122053937494,2.66323123365524,0.449416224109262,1.23069500729157,0.186023652878794,2.17512616874368
32,0.8,0.8,1,0.8,1,0,16.26,0,32.56,0.00013357861784742,15.5912496179067,5.54747250815393,2.66173178907881,0.455743062874271,1.2096216072363,0.191596571999799,2.17182904781197
33,0.8,0.8,1,0.8,1,0.1,16.24,0,32.56,0.000133512018482723,15.5714854078995,5.52410643295955,2.66071091312219,0.462399823412873,1.18924967542153,0.197294661565223,2.16562026061346
34,0.8,0.8,1,0.8,1.2,-0.1,16.24,0,32.56,0.000134298197212496,15.6577022369792,5.64879489310532,2.67434622268112,0.450606019283691,1.25913853092924,0.190121780503993,2.20190437546753
35,0.8,0.8,1,0.8,1.2,0,16.22,0,32.56,0.000134217862755991,15.6346644886012,5.63427394968258,2.67000700470839,0.459070520589817,1.23349138926605,0.198686579353233,2.19915045608024
36,0.8,0.8,1,0.8,1.2,0.1,16.22,0,32.56,0.0001341375940988,15.6117296584271,5.61913944029871,2.66707000090555,0.468175575863638,1.20852907023317,0.207736120228867,2.19369011265923
37,0.8,0.8,1,1,0.8,-0.1,16.46,0,32.36,0.000115720421699888,15.2689118641012,5.76512643655036,2.60524895526106,0.439778394649618,1.01083873839493,0.183163065572871,2.09799277232288
38,0.8,0.8,1,1,0.8,0,16.46,0,32.36,0.000115685391528626,15.2581606689134,5.73718857020939,2.60550849755374,0.444545187019563,0.995793818392409,0.18726479436954,2.09457155763962
39,0.8,0.8,1,1,0.8,0.1,16.44,0,32.36,0.000115650376611305,15.2474208872144,5.70943642429995,2.60589583598842,0.449517737536408,0.981398008308741,0.191314089084795,2.08814106120982
40,0.8,0.8,1,1,1,-0.1,16.44,0,32.38,0.000116226197239306,15.3068086822479,5.85800479823477,2.61528372154062,0.441260690822296,1.03636142033417,0.188246053670986,2.13152514492206
41,0.8,0.8,1,1,1,0,16.44,0,32.36,0.000116182206166923,15.2937422544583,5.83584109562588,2.61475466756307,0.447891831654645,1.01648738756905,0.195040481511303,2.12877433413372
42,0.8,0.8,1,1,1,0.1,16.42,0,32.36,0.000116138236747757,15.280557931754,5.81352803339627,2.61481844551962,0.454892125446348,0.997341551526051,0.201963455389497,2.12327021121795
43,0.8,0.8,1,1,1.2,-0.1,16.42,0,32.38,0.000116732572599531,15.3454376559027,5.9423826139438,2.62522091076796,0.441657165431139,1.0639495842714,0.192786927418388,2.15750663993872
44,0.8,0.8,1,1,1.2,0,16.4,0,32.38,0.000116679532931774,15.3311946289884,5.93155885902081,2.62115241924578,0.450435625962287,1.04039015513443,0.203110526881319,2.15409003693759
45,0.8,0.8,1,1,1.2,0.1,16.38,0,32.38,0.000116626533720673,15.3165550221417,5.91860956085095,2.61893902769296,0.459876310687609,1.0175547593657,0.213919659477972,2.1491037585303
46,0.8,0.8,1,1.2,0.8,-0.1,16.58,0,32.24,0.00010470588170614,15.0545494161566,5.96876776457705,2.57167082223804,0.433583022031639,0.872813131198509,0.184350662096265,2.05565679835475
47,0.8,0.8,1,1.2,0.8,0,16.58,0,32.24,0.00010468166475924,15.0474829716683,5.94074756390083,2.57259648982746,0.438496575574859,0.858408049117922,0.188979737085966,2.05158156693435
48,0.8,0.8,1,1.2,0.8,0.1,16.56,0,32.24,0.000104657456724254,15.0403258604567,5.91280598912095,2.57363397452067,0.443629188030513,0.844775109192347,0.193568441215007,2.04393247903188
49,0.8,0.8,1,1.2,1,-0.1,16.56,0,32.24,0.000105121467668622,15.0871598756657,6.06692732136537,2.58047766987017,0.434854887089593,0.897482915136395,0.189928236089333,2.0955550305837
50,0.8,0.8,1,1.2,1,0,16.54,0,32.24,0.000105091044651677,15.078801015287,6.04616923085147,2.58073868849373,0.441682683921004,0.878838465066833,0.197533623805881,2.09227397481238
51,0.8,0.8,1,1.2,1,0.1,16.52,0,32.24,0.000105060640686255,15.0700985362566,6.02445057241501,2.58166242280861,0.448883268018646,0.861001288389962,0.205291967336415,2.08571556356781
52,0.8,0.8,1,1.2,1.2,-0.1,16.52,0,32.24,0.000105537445144662,15.1207358484741,6.15628777973642,2.58939116606069,0.434726526554273,0.924042474897072,0.19487523771403,2.12495904554472
53,0.8,0.8,1,1.2,1.2,0,16.52,0,32.24,0.000105500755894301,15.112318785512,6.14761892624129,2.58580510947245,0.443697929917175,0.902482618474601,0.206381313720007,2.12222387838571
54,0.8,0.8,1,1.2,1.2,0.1,16.5,0,32.24,0.000105464091401377,15.1029762539133,6.13603808311699,2.58445458743364,0.453284400455464,0.881557860932477,0.218370669444392,2.11649537295114
55,0.8,0.8,1.2,0.8,0.8,-0.1,16.24,0,32.58,0.000134726799251512,15.6520363269525,5.3989946013517,2.67473237215273,0.439888692736242,1.22984894225773,0.18750850355607,2.14065220369985
56,0.8,0.8,1.2,0.8,0.8,0,16.24,0,32.58,0.000134643217429593,15.6369628780633,5.37135405282562,2.67428608335828,0.444358609260881,1.21711297417229,0.189815511557251,2.1379663447868
57,0.8,0.8,1.2,0.8,0.8,0.1,16.22,0,32.56,0.000134559687113577,15.6220495488278,5.34440317794036,2.67385557835162,0.448977481333945,1.20495567675205,0.192076567307398,2.13287686794459
58,0.8,0.8,1.2,0.8,1,-0.1,16.22,0,32.58,0.000135263203131762,15.6979948994231,5.47742019932275,2.68648095792739,0.442621617241204,1.25193112136844,0.192044506999254,2.17508547066037
59,0.8,0.8,1.2,0.8,1,0,16.22,0,32.58,0.000135158448802606,15.6787962718537,5.45053459760977,2.68589394881336,0.448701974714151,1.23418933347047,0.196027321284127,2.17187146729297
60,0.8,0.8,1.2,0.8,1,0.1,16.2,0,32.58,0.00013505377497329,15.659813847504,5.42388308096212,2.68544412786419,0.455031331870903,1.21722070970954,0.20008483095168,2.16578003241996
61,0.8,0.8,1.2,0.8,1.2,-0.1,16.2,0,32.58,0.000135800277084911,15.7452305891323,5.55348078005635,2.69745941232126,0.445589000531114,1.27664633404699,0.196537927731697,2.20186925351546
62,0.8,0.8,1.2,0.8,1.2,0,16.2,0,32.58,0.000135674244851298,15.722014806759,5.53284247869806,2.69650021628285,0.453663374134951,1.25414362788945,0.202983929147561,2.19917643441667
63,0.8,0.8,1.2,0.8,1.2,0.1,16.18,0,32.58,0.000135548326042625,15.6989705670045,5.51210798360863,2.69619393914372,0.46218911202635,1.23250515796328,0.209826889130481,2.19380289426793
64,0.8,0.8,1.2,1,0.8,-0.1,16.42,0,32.38,0.000117064922956193,15.3482458032575,5.67878423138248,2.62628844545952,0.432560532712918,1.03043686112655,0.189567908579605,2.09794946369922
65,0.8,0.8,1.2,1,0.8,0,16.42,0,32.38,0.000117006121465547,15.337706425451,5.64989420260995,2.62671972712002,0.437194029925245,1.01802573193515,0.192592301228912,2.09461698153548
66,0.8,0.8,1.2,1,0.8,0.1,16.4,0,32.38,0.000116947350807199,15.3273471851918,5.62164484044988,2.62717105538819,0.442003560931843,1.00630091314037,0.195558231114766,2.08831098189399
67,0.8,0.8,1.2,1,1,-0.1,16.4,0,32.38,0.000117480869682631,15.3861203176066,5.76782584050611,2.63647917655573,0.435192402314934,1.05198196091494,0.194601572401667,2.13148910586955
68,0.8,0.8,1.2,1,1,0,16.4,0,32.38,0.000117407182439104,15.3728136148948,5.74171138411336,2.63702911441856,0.441531443998089,1.03480736416359,0.199738613867548,2.1287993025093
69,0.8,0.8,1.2,1,1,0.1,16.38,0,32.38,0.000117333546726924,15.359621107484,5.71566995238149,2.63774094230356,0.448171779288275,1.01853468716412,0.204974574686766,2.12338142095854
70,0.8,0.8,1.2,1,1.2,-0.1,16.38,0,32.38,0.000117897229245066,15.4253227351943,5.85260962158208,2.64551341381653,0.437760717233978,1.07630332795875,0.199500006483609,2.15746302335102
71,0.8,0.8,1.2,1,1.2,0,16.38,0,32.38,0.000117808582243512,15.4095274094135,5.83492369311535,2.64574390627213,0.446164303818125,1.05509430922759,0.20765257783735,2.15412241038266
72,0.8,0.8,1.2,1,1.2,0.1,16.36,0,32.38,0.000117720008560104,15.393610542092,5.8163238979144,2.64678624787272,0.455074059474129,1.03478047451902,0.216226926713599,2.14918211415057
73,0.8,0.8,1.2,1.2,0.8,-0.1,16.54,0,32.24,0.000105808010822138,15.1267147353818,5.88589276747569,2.59099647500021,0.42670001559118,0.888401563452162,0.190822402136463,2.05560519706221
74,0.8,0.8,1.2,1.2,0.8,0,16.54,0,32.24,0.000105764244385971,15.1195130894442,5.856486172893,2.59202703412074,0.431440544252932,0.87639845228795,0.194389719874733,2.0516359066872
75,0.8,0.8,1.2,1.2,0.8,0.1,16.52,0,32.24,0.000105720499062327,15.1123160657286,5.82767175960711,2.59308300448158,0.436375090389168,0.865159839452725,0.197905970144806,2.04413542238723
76,0.8,0.8,1.2,1.2,1,-0.1,16.52,0,32.24,0.000106149826923004,15.1588569843764,5.98160616261812,2.5999893079304,0.42920473022908,0.909418656794096,0.196278604092628,2.09551200635875
77,0.8,0.8,1.2,1.2,1,0,16.52,0,32.24,0.000106094985458298,15.149748466494,5.95653792757243,2.60133342121396,0.43570711967648,0.893022427689674,0.202276138594038,2.09230386227371
78,0.8,0.8,1.2,1.2,1,0.1,16.5,0,32.24,0.000106040175792778,15.140658850557,5.9311519355194,2.6028505348424,0.442540976629215,0.87753807811548,0.208397833320827,2.08584850110655
79,0.8,0.8,1.2,1.2,1.2,-0.1,16.5,0,32.26,0.000106491915406573,15.1923955882541,6.07239246491039,2.60751680324379,0.43141240450771,0.933102374773986,0.201532589158826,2.12492400789211
80,0.8,0.8,1.2,1.2,1.2,0,16.5,0,32.24,0.000106425941828732,15.181759242721,6.05745634535793,2.60866602333402,0.439996987239532,0.913389291061774,0.210953991559298,2.12224203744246
81,0.8,0.8,1.2,1.2,1.2,0.1,16.48,0,32.24,0.000106360016156406,15.1708509364408,6.03984548123457,2.61069139702855,0.449094441795753,0.894489331936314,0.220799465114936,2.11658909336362
82,0.8,1,0.8,0.8,0.8,-0.1,16.32,0,32.72,0.000145503211523369,15.5648302561026,5.41678861430704,2.60910748006159,0.539896589817436,1.31964901355107,0.177960769950875,2.15628110752727
83,0.8,1,0.8,0.8,0.8,0,16.3,0,32.72,0.000145530166762462,15.5453611088038,5.39004696424426,2.60627442252686,0.558120871620399,1.2999889114837,0.180054458589397,2.15201626969083
84,0.8,1,0.8,0.8,0.8,0.1,16.28,0,32.72,0.000145557105806169,15.5261919335892,5.36304005502864,2.60380445987175,0.57886290009873,1.28072405761996,0.185221031649293,2.14506548198746
85,0.8,1,0.8,0.8,1,-0.1,16.28,0,32.72,0.000146514065081118,15.6045987945545,5.4960309215595,2.62189277906997,0.539793903291344,1.35102642611628,0.178183824374894,2.18731540678121
86,0.8,1,0.8,0.8,1,0,16.26,0,32.72,0.000146547494517376,15.5818886871169,5.47322561537166,2.61512969378939,0.566466236134029,1.32569183419447,0.180832947724928,2.18385783343977
87,0.8,1,0.8,0.8,1,0.1,16.26,0,32.72,0.000146580896683557,15.5595331504457,5.45032665953249,2.6091502285197,0.597034210482605,1.30061697428097,0.187701408644532,2.17781032256744
88,0.8,1,0.8,0.8,1.2,-0.1,16.26,0,32.74,0.000147527140962396,15.6412836199062,5.5628664254795,2.64183561466296,0.535099460378355,1.38364032050196,0.177547378913747,2.21109220412309
89,0.8,1,0.8,0.8,1.2,0,16.24,0,32.74,0.000147566938002708,15.6171804498714,5.54790809457622,2.62845173881169,0.570961891510063,1.35340381300363,0.180707676077045,2.2082041227809
90,0.8,1,0.8,0.8,1.2,0.1,16.2,0,32.74,0.000147606698008642,15.5941056788718,5.53322363565158,2.61315592758927,0.612189597037952,1.32339608960938,0.190505652517993,2.20286682826896
91,0.8,1,0.8,1,0.8,-0.1,16.54,0,32.5,0.000125064243411428,15.2586630479864,5.70839693772444,2.56338774174838,0.581801231169012,1.11575448476143,0.200150843909209,2.11103979282733
92,0.8,1,0.8,1,0.8,0,16.5,0,32.5,0.000125091154300866,15.2460833180788,5.68114829024817,2.56117593558368,0.60158614413612,1.09707777411141,0.202965107375835,2.10745622810664
93,0.8,1,0.8,1,0.8,0.1,16.5,0,32.5,0.000125118053282307,15.2333857622612,5.65390876932502,2.55945709040679,0.624298036295863,1.07877801809123,0.20946983757065,2.10120468343299
94,0.8,1,0.8,1,1,-0.1,16.5,0,32.5,0.000125840249073441,15.2911610815408,5.79266805498198,2.57653888639609,0.582283197565986,1.1462704962097,0.199707111621943,2.14077532494447
95,0.8,1,0.8,1,1,0,16.48,0,32.5,0.000125873703158997,15.2776106607228,5.77111004065581,2.56945888844706,0.611199534645179,1.12262390985993,0.203375034378008,2.13789344678228
96,0.8,1,0.8,1,1,0.1,16.46,0,32.5,0.000125907130973172,15.2637104615504,5.74899810948566,2.56331792248724,0.644619841471203,1.09926999676922,0.211947410409486,2.13251847972784
97,0.8,1,0.8,1,1.2,-0.1,16.48,0,32.5,0.000126617653594292,15.3200367119197,5.86262857469733,2.601834364143,0.577573192941585,1.17734128522406,0.198399225826546,2.16893086421208
98,0.8,1,0.8,1,1.2,0,16.46,0,32.5,0.000126657567920739,15.3079794112375,5.85033270717262,2.58859456995609,0.616411052367304,1.14963753113287,0.202828940293577,2.16534673443816
99,0.8,1,0.8,1,1.2,0.1,16.4,0,32.5,0.000126697451249501,15.2957060884118,5.83773338386411,2.57277579804328,0.661455149669376,1.12224494886636,0.213335056685532,2.15873234744101
100,0.8,1,0.8,1.2,0.8,-0.1,16.66,0,32.34,0.000112084865510442,15.0364065357701,5.92231288449468,2.52987671863604,0.612738760848184,0.969646783348421,0.218353555746804,2.07123027167214
101,0.8,1,0.8,1.2,0.8,0,16.64,0,32.34,0.000112111148895524,15.0284775605502,5.8952150202374,2.52825939773533,0.633673526728047,0.951977962178304,0.221888740293342,2.06696029136544
102,0.8,1,0.8,1.2,0.8,0.1,16.62,0,32.34,0.000112137425219775,15.0201888909297,5.86768430212496,2.52724315563053,0.6578918487053,0.934714225171831,0.229634657018097,2.0595220963865
103,0.8,1,0.8,1.2,1,-0.1,16.64,0,32.34,0.000112716332270761,15.0647665306098,6.00943797281373,2.54295520524018,0.613555929222066,0.998925698348495,0.217288292281633,2.10660829489738
104,0.8,1,0.8,1.2,1,0,16.62,0,32.34,0.000112749045217104,15.0572286506676,5.9885854332321,2.53581358527383,0.644137589930454,0.976883414144541,0.221872188079631,2.10317008027358
105,0.8,1,0.8,1.2,1,0.1,16.58,0,32.34,0.000112781736586564,15.0488688560991,5.9672756358153,2.52991273801677,0.679708742940235,0.955137049690201,0.231966484847098,2.09676446562647
106,0.8,1,0.8,1.2,1.2,-0.1,16.62,0,32.36,0.000113348738586016,15.0898258556173,6.08121959725317,2.57235629462584,0.608729888842998,1.02835922428363,0.21531375746754,2.13319435861148
107,0.8,1,0.8,1.2,1.2,0,16.58,0,32.36,0.00011338781945447,15.0854488382953,6.07080330756548,2.55959650329449,0.649809757324513,1.00286749671657,0.220913901199383,2.13033215070225
108,0.8,1,0.8,1.2,1.2,0.1,16.54,0,32.36,0.000113426872582127,15.0797838135417,6.05906798517582,2.5447679107319,0.697659155552013,0.977718674229557,0.233295772744188,2.12471896522289
109,0.8,1,1,0.8,0.8,-0.1,16.2,0,32.74,0.000149498869414129,15.714616925592,5.2619085949266,2.64558171036351,0.464025058997429,1.35876965673166,0.169870956550991,2.15625560329937
110,0.8,1,1,0.8,0.8,0,16.2,0,32.74,0.000149479465715128,15.6956501194113,5.2336065951795,2.64428213547196,0.466645541778781,1.3432035419484,0.172403572888708,2.15210442711824
111,0.8,1,1,0.8,0.8,0.1,16.2,0,32.74,0.000149460066990515,15.6769784914127,5.20535237774457,2.64309817199348,0.469374918080451,1.32820112188756,0.174870610178362,2.14531137944828
112,0.8,1,1,0.8,1,-0.1,16.18,0,32.76,0.000150336997091319,15.758225596231,5.33687682655787,2.65570001508168,0.464148064364079,1.38347312082685,0.174191298066132,2.18728532503797
113,0.8,1,1,0.8,1,0,16.18,0,32.76,0.000150312450219121,15.7345481110577,5.30913472136913,2.65364129662172,0.467786983745071,1.36239931227358,0.178466266064056,2.18390738224538
114,0.8,1,1,0.8,1,0.1,16.14,0,32.76,0.000150287910700365,15.7112381675036,5.28140671340255,2.6520775936778,0.471585630119104,1.34186815638838,0.182799014873872,2.177971599869
115,0.8,1,1,0.8,1.2,-0.1,16.16,0,32.76,0.00015117664709648,15.802256899807,5.40451726014837,2.66474886894762,0.464722655657796,1.41054342786315,0.178126830943242,2.21106391791185
116,0.8,1,1,0.8,1.2,0,16.14,0,32.76,0.000151146839567755,15.7747657816017,5.38179465376322,2.66046026956663,0.469882126159518,1.38430336969703,0.184803103173885,2.20823469039208
117,0.8,1,1,0.8,1.2,0.1,16.12,0,32.76,0.000151117051701219,15.747427423901,5.35938176806785,2.6577582928727,0.475342558841347,1.35853292789322,0.191853943440722,2.20298057501418
118,0.8,1,1,1,0.8,-0.1,16.42,0,32.52,0.000128135720556619,15.3996731760677,5.55926647673314,2.59660320026666,0.453783390306131,1.14523096228961,0.171750943559487,2.11100806752652
119,0.8,1,1,1,0.8,0,16.42,0,32.52,0.000128126776894105,15.3862915557566,5.52987874950367,2.59621103831473,0.457117771031563,1.13002058183,0.174940874447689,2.10750927235987
120,0.8,1,1,1,0.8,0.1,16.4,0,32.52,0.00012811783196573,15.3729387939326,5.50054138275349,2.59595308759385,0.478489998060784,1.11540278542927,0.178218777813781,2.10137592125879
121,0.8,1,1,1,1,-0.1,16.4,0,32.52,0.000128778177341973,15.4361675975703,5.64201787783449,2.60514128781218,0.453946691538108,1.169891768266,0.176815027059321,2.14074606730183
122,0.8,1,1,1,1,0,16.38,0,32.52,0.000128766796407684,15.4197614183499,5.61491777120378,2.60401564471219,0.466262431196051,1.14957714409144,0.182130606913109,2.13792287570432
123,0.8,1,1,1,1,0.1,16.38,0,32.52,0.000128755418743006,15.4033573896375,5.58776480553332,2.60354932550971,0.497548503102855,1.1298118243395,0.187527886605696,2.13263045662748
124,0.8,1,1,1,1.2,-0.1,16.38,0,32.54,0.00012942158644901,15.4730179507091,5.71521885893383,2.61284917041574,0.454446818103069,1.19647325907539,0.181388140720636,2.168895754893
125,0.8,1,1,1,1.2,0,16.36,0,32.52,0.000129407691362579,15.4547802438779,5.69489499628163,2.60859016613419,0.472384067080662,1.17171941536268,0.189577957778352,2.16538482774208
126,0.8,1,1,1,1.2,0.1,16.36,0,32.52,0.000129393798165397,15.4362319704536,5.67434033692031,2.60661827886226,0.514248049414149,1.1474877231427,0.198200749888278,2.15887387418646
127,0.8,1,1,1.2,0.8,-0.1,16.56,0,32.36,0.000114583470071044,15.1666599150758,5.78090290682076,2.56072536417053,0.464918677682998,0.992692806397467,0.185188079862252,2.071192508926
128,0.8,1,1,1.2,0.8,0,16.56,0,32.36,0.000114580457570511,15.1572926928328,5.7509944116603,2.56100676706276,0.484975870919684,0.978003238316103,0.188516013284173,2.06702374938208
129,0.8,1,1,1.2,0.8,0.1,16.56,0,32.36,0.000114577444631061,15.1479029721373,5.72109916391366,2.56143989212785,0.508021535482377,0.963909853824743,0.196370977222666,2.05972664755754
130,0.8,1,1,1.2,1,-0.1,16.54,0,32.36,0.000115105798489246,15.1981661574339,5.86842709140559,2.56792367729088,0.465966375210684,1.01693154179826,0.185352601186524,2.10657337952008
131,0.8,1,1,1.2,1,0,16.54,0,32.36,0.000115101882259544,15.1869491612428,5.8419635283761,2.56756883765619,0.495103756304664,0.997585758256629,0.189728727073996,2.10320530773293
132,0.8,1,1,1.2,1,0.1,16.5,0,32.36,0.000115097967073065,15.1755499835465,5.81537204250087,2.56799925401595,0.528648931955435,0.978799770752274,0.20004496394552,2.0968983356253
133,0.8,1,1,1.2,1.2,-0.1,16.52,0,32.38,0.000115628762751217,15.2301644582829,5.94470310280027,2.57452459075145,0.462830696158237,1.04261557031393,0.184636583237561,2.13316446270229
134,0.8,1,1,1.2,1.2,0,16.48,0,32.38,0.000115623888767445,15.2185120986943,5.92607432255019,2.57038119403213,0.501881718806668,1.01949768057985,0.193526797190036,2.13035369535751
135,0.8,1,1,1.2,1.2,0.1,16.48,0,32.38,0.000115619011825758,15.2060414463182,5.90717960358532,2.56924747250516,0.546716415741248,0.996860249579852,0.203234870997083,2.12481327565238
136,0.8,1,1.2,0.8,0.8,-0.1,16.12,0,32.76,0.000152519211312289,15.8206085358966,5.1543816683739,2.67493768632402,0.451875754866528,1.39420252298486,0.175351084815068,2.15623090571076
137,0.8,1,1.2,0.8,0.8,0,16.12,0,32.76,0.000152464649138451,15.8030377837736,5.12697187816744,2.67384932261511,0.454597224654227,1.38182714722056,0.177015789327673,2.15219141598085
138,0.8,1,1.2,0.8,0.8,0.1,16.12,0,32.76,0.000152410116346577,15.7856664209454,5.09983676774871,2.67279856540175,0.457418612113901,1.36993197992288,0.178610253642688,2.14555317549479
139,0.8,1,1.2,0.8,1,-0.1,16.1,0,32.78,0.000153225820108207,15.8644620671212,5.22128852066139,2.68561807643573,0.452461586929248,1.41437425795994,0.179364002164411,2.18725581515499
140,0.8,1,1.2,0.8,1,0,16.1,0,32.78,0.000153157333478696,15.8420998362316,5.19149710321197,2.68427768286847,0.456117793761451,1.39710655149232,0.182229787761317,2.18395641040053
141,0.8,1,1.2,0.8,1,0.1,16.1,0,32.78,0.000153088886809673,15.8200559288196,5.16184496736276,2.68306802598949,0.459924633311087,1.38052303280422,0.185091587361469,2.17813071727812
142,0.8,1,1.2,0.8,1.2,-0.1,16.08,0,32.78,0.000153933523294825,15.9092866622071,5.28592948113743,2.6955427161947,0.453470233151287,1.43690815108313,0.183416103212696,2.21103603219336
143,0.8,1,1.2,0.8,1.2,0,16.08,0,32.78,0.000153850989160341,15.88214216216,5.25834130469488,2.6939912863197,0.458272582666765,1.41458894917486,0.188144880727087,2.20826499210429
144,0.8,1,1.2,0.8,1.2,0.1,16.08,0,32.78,0.00015376851966745,15.8553885740694,5.23140016412386,2.69297226624114,0.463291903175766,1.39297279308603,0.193129210210447,2.20309304891239
145,0.8,1,1.2,1,0.8,-0.1,16.34,0,32.54,0.00013045512379272,15.5000648540115,5.45160816752495,2.62401016441167,0.442686215324493,1.17302610572662,0.177405272704149,2.11097695688318
146,0.8,1,1.2,1,0.8,0,16.34,0,32.54,0.000130419035915276,15.4871431830818,5.42233520700502,2.62383141569812,0.445551163008232,1.16081631709629,0.179666065423299,2.10756173497312
147,0.8,1,1.2,1,0.8,0.1,16.34,0,32.54,0.000130382966376911,15.4743132137179,5.39344017094703,2.62367142363105,0.448525616072844,1.14914516261428,0.18185327638854,2.10154479097904
148,0.8,1,1.2,1,1,-0.1,16.34,0,32.54,0.00013099613083251,15.5368484761915,5.52890864245415,2.63332234783058,0.44331135312355,1.1930529502058,0.182035785780446,2.14071720820337
149,0.8,1,1.2,1,1,0,16.32,0,32.54,0.000130950827266072,15.5204928470433,5.49900803480516,2.63316467995363,0.447178587160892,1.17597334835664,0.185865017870697,2.1379520485545
150,0.8,1,1.2,1,1,0.1,16.32,0,32.54,0.000130905548806932,15.5042636435517,5.46922804708043,2.63314902313555,0.451215701875802,1.15963484247512,0.189717615588468,2.13274119127461
151,0.8,1,1.2,1,1.2,-0.1,16.32,0,32.54,0.000131537817849447,15.5747259194669,5.60114836622596,2.6413669685945,0.444414579159756,1.21554489632582,0.186606339891076,2.16886114435443
152,0.8,1,1.2,1,1.2,0,16.3,0,32.54,0.000131483220269674,15.5551279549888,5.57552889548993,2.64111479601304,0.449606307222261,1.19388265596056,0.192779102519193,2.16542258937053
153,0.8,1,1.2,1,1.2,0.1,16.3,0,32.54,0.000131428656728197,15.5355375385608,5.54992526860139,2.64159328572213,0.455079374863315,1.17293165805289,0.199255606538851,2.15901381481467
154,0.8,1,1.2,1.2,0.8,-0.1,16.5,0,32.38,0.00011646878049211,15.2601242379954,5.67637098990795,2.58638712754836,0.435238390754168,1.01504841229833,0.178792707882072,2.07115548086689
155,0.8,1,1.2,1.2,0.8,0,16.5,0,32.38,0.000116443622037413,15.2507728323341,5.64595074810578,2.58684779226554,0.438202220594676,1.00308670118369,0.181511976646642,2.06708651090887
156,0.8,1,1.2,1.2,0.8,0.1,16.48,0,32.38,0.000116418471654964,15.2414422484326,5.61593537018369,2.58732891027887,0.441286545777798,0.991690014062612,0.184159868249197,2.05992836575174
157,0.8,1,1.2,1.2,1,-0.1,16.48,0,32.38,0.00011690834554053,15.2916550308814,5.76010283588952,2.59457527208492,0.435861453792159,1.03488698412125,0.183988495139814,2.10653894098834
158,0.8,1,1.2,1.2,1,0,16.48,0,32.38,0.00011687675246749,15.2798524658183,5.73030822579085,2.59526605048073,0.439876952627247,1.01829805166991,0.188549313481383,2.10324022843039
159,0.8,1,1.2,1.2,1,0.1,16.46,0,32.38,0.000116845177867112,15.2680468375967,5.70080904647093,2.59612307373712,0.444081646888243,1.00240177570715,0.193166334621153,2.09703071867524
160,0.8,1,1.2,1.2,1.2,-0.1,16.46,0,32.38,0.000117348368919601,15.3243866242678,5.83712869896056,2.60104813896055,0.436976736616202,1.05703718589738,0.189067383190792,2.13313488599859
161,0.8,1,1.2,1.2,1.2,0,16.46,0,32.38,0.000117310286261872,15.310439665647,5.81305005854069,2.60178202444799,0.442436873892788,1.03635289615473,0.196330339467197,2.13037508459215
162,0.8,1,1.2,1.2,1.2,0.1,16.44,0,32.38,0.000117272226370554,15.296256727386,5.78864841553796,2.60338202356677,0.448228497708573,1.01638162035059,0.203948775205625,2.12490671155985
163,0.8,1.2,0.8,0.8,0.8,-0.1,16.26,0,32.86,0.000159026449517112,15.6602042315023,5.27368330130153,2.59616096049932,0.65744829884834,1.43836524010597,0.192078073623868,2.17117836489244
164,0.8,1.2,0.8,0.8,0.8,0,16.24,0,32.86,0.000159090020974669,15.6383032081931,5.2466570041836,2.5928625917678,0.670427265735545,1.41849885065687,0.194096409936225,2.16689491329789
165,0.8,1.2,0.8,0.8,0.8,0.1,16.22,0,32.86,0.000159153561281873,15.6167552643049,5.2190135235106,2.58999875146756,0.685222600417032,1.39893895651078,0.198132058826216,2.16030064976396
166,0.8,1.2,0.8,0.8,1,-0.1,16.24,0,32.88,0.000160227044000605,15.698151512322,5.35173212641905,2.6067090005582,0.662540217433206,1.47008025372509,0.192134320271329,2.19828797016084
167,0.8,1.2,0.8,0.8,1,0,16.22,0,32.88,0.000160306313772792,15.6724475233213,5.32664809237377,2.5994236365634,0.682078488846906,1.44428895540915,0.194611150354605,2.1947870787049
168,0.8,1.2,0.8,0.8,1,0.1,16.18,0,32.88,0.000160385535238714,15.6472244785662,5.30146279370059,2.59330888751424,0.704663577302897,1.41871039888632,0.199942201537768,2.18900041212007
169,0.8,1.2,0.8,0.8,1.2,-0.1,16.22,0,32.88,0.00016143062466236,15.7328055400923,5.41713571894973,2.62425529872998,0.662636470681054,1.50318669302891,0.191288639444588,2.21948425765223
170,0.8,1.2,0.8,0.8,1.2,0,16.2,0,32.88,0.000161525514450282,15.7053725667984,5.39732443998045,2.60935331898826,0.68939460415892,1.47226145235433,0.194178087532044,2.21654682130929
171,0.8,1.2,0.8,0.8,1.2,0.1,16.16,0,32.88,0.00016162034308886,15.6789976791817,5.37805950751935,2.59323827685203,0.720600658519678,1.44132852364386,0.20070430938742,2.21140792643187
172,0.8,1.2,0.8,1,0.8,-0.1,16.5,0,32.62,0.000135178961904524,15.3400811855157,5.58169719621417,2.54834288376554,0.710811656805879,1.22086205797404,0.217893731315281,2.12274115957649
173,0.8,1.2,0.8,1,0.8,0,16.5,0,32.62,0.000135233722570419,15.3253636389155,5.55359764656453,2.54549425432681,0.724909296089965,1.20178040661628,0.220463290431293,2.1191199894383
174,0.8,1.2,0.8,1,0.8,0.1,16.48,0,32.62,0.000135288460514431,15.3105845550492,5.52536127905912,2.54326664599453,0.741227712464351,1.18298396105253,0.225429702724833,2.11315116941401
175,0.8,1.2,0.8,1,1,-0.1,16.5,0,32.62,0.000136093354620283,15.3706557463592,5.66503126532427,2.55942993056321,0.717084302034377,1.25223502927207,0.217277233922199,2.15314952614963
176,0.8,1.2,0.8,1,1,0,16.48,0,32.62,0.000136161666936315,15.3546586944314,5.64031312077864,2.55113927447364,0.738387070993157,1.22794003246886,0.220471764629062,2.14880922206619
177,0.8,1.2,0.8,1,1,0.1,16.46,0,32.62,0.00013622993913283,15.3384198457962,5.61524690337299,2.54435094656952,0.763164199828222,1.20378186131791,0.227028372770545,2.14164796674649
178,0.8,1.2,0.8,1,1.2,-0.1,16.48,0,32.64,0.000137009647049547,15.3970503775967,5.73289042715287,2.58467830072703,0.717578269590673,1.28421225648347,0.215724902469746,2.17936564864067
179,0.8,1.2,0.8,1,1.2,0,16.46,0,32.64,0.00013709145048976,15.3824098433218,5.71485677738382,2.56913494101274,0.746689456270115,1.255441840184,0.219469386915575,2.17571951611073
180,0.8,1.2,0.8,1,1.2,0.1,16.4,0,32.64,0.000137173200668405,15.3676940951319,5.69696303091001,2.55083118680026,0.780865029814915,1.22684435728649,0.227487243227706,2.1693499968988
181,0.8,1.2,0.8,1.2,0.8,-0.1,16.68,0,32.44,0.000120093048829381,15.1038238823607,5.81048929525959,2.51299466786363,0.750823296514332,1.06471138328081,0.239515671528259,2.08519765507409
182,0.8,1.2,0.8,1.2,0.8,0,16.66,0,32.44,0.000120141654581273,15.0941817764881,5.78206992060841,2.51061369984012,0.765809690042714,1.04653624137615,0.24252045061328,2.08088194183259
183,0.8,1.2,0.8,1.2,0.8,0.1,16.62,0,32.44,0.000120190242725614,15.084207273595,5.75318704956167,2.50904196161281,0.78318268019963,1.0286442401305,0.248354987786316,2.0737787815842
184,0.8,1.2,0.8,1.2,1,-0.1,16.66,0,32.46,0.000120831954351534,15.1302112570505,5.89624937059888,2.52449356375477,0.757935898749652,1.0951940040696,0.238193334320963,2.11670218895655
185,0.8,1.2,0.8,1.2,1,0,16.62,0,32.46,0.000120892602058756,15.1209112297165,5.87182816269723,2.51538045039592,0.780446130573822,1.0723411296673,0.241976088511694,2.11320760926171
186,0.8,1.2,0.8,1.2,1,0.1,16.6,0,32.46,0.000120953221815263,15.1107656423371,5.84727187769196,2.50821869046793,0.806878281141196,1.04970817880287,0.249624872536847,2.10704341567938
187,0.8,1.2,0.8,1.2,1.2,-0.1,16.64,0,32.46,0.000121572159798191,15.1523973938456,5.9648411440472,2.55677024203273,0.758612717249854,1.12567161276956,0.235949392673814,2.14081118916591
188,0.8,1.2,0.8,1.2,1.2,0,16.6,0,32.46,0.000121644804424088,15.1465103583279,5.94801024668442,2.54156154961662,0.789360027017643,1.09899128632868,0.240463439694606,2.13789398847308
189,0.8,1.2,0.8,1.2,1.2,0.1,16.58,0,32.46,0.000121717407009413,15.1394054762723,5.931030003029,2.52410039706836,0.82578330515198,1.07244402027845,0.249845683702649,2.13246250388918
190,0.8,1.2,1,0.8,0.8,-0.1,16.12,0,32.92,0.000164865440327558,15.8304047707792,5.09131868532936,2.63887628335954,0.501233563714638,1.48883680095234,0.162469337115271,2.17116902205116
191,0.8,1.2,1,0.8,0.8,0,16.1,0,32.92,0.000164878654374537,15.8092974631906,5.06323691086265,2.63713229540481,0.513158045562619,1.47336918447111,0.164051764650558,2.16699226655158
192,0.8,1.2,1,0.8,0.8,0.1,16.1,0,32.92,0.000164891861258908,15.7884326955187,5.03492169484866,2.6355160604978,0.526702376978443,1.4583932514318,0.167819516915265,2.16054476908343
193,0.8,1.2,1,0.8,1,-0.1,16.08,0,32.92,0.000165881292464127,15.8721744268234,5.16245150810817,2.64791302688407,0.505194933654324,1.51274676207355,0.165723409179403,2.19826788599692
194,0.8,1.2,1,0.8,1,0,16.08,0,32.92,0.000165897556504019,15.845726418353,5.13332157813741,2.64550375766763,0.523006333724727,1.49173406611321,0.169158030418233,2.19484245308026
195,0.8,1.2,1,0.8,1,0.1,16.06,0,32.92,0.000165913807624497,15.8196859703427,5.10407669332272,2.64356772620316,0.543576347289906,1.4711794245168,0.172607709611999,2.18916090567023
196,0.8,1.2,1,0.8,1.2,-0.1,16.06,0,32.92,0.000166899248817508,15.9143660068998,5.22717003357613,2.65539768873821,0.505560220513837,1.53923694420983,0.169859824356625,2.21946254826523
197,0.8,1.2,1,0.8,1.2,0,16.06,0,32.92,0.000166918458101923,15.8834133430441,5.20066566824295,2.65129926993385,0.529987779837011,1.51283539181693,0.175320415969834,2.21658127697141
198,0.8,1.2,1,0.8,1.2,0.1,16.02,0,32.92,0.000166937647088038,15.852731759799,5.17442118551209,2.64877788864574,0.558332001386811,1.48680087614898,0.181059532533105,2.2115212885865
199,0.8,1.2,1,1,0.8,-0.1,16.38,0,32.66,0.000139635358648606,15.503942057909,5.40335768310586,2.58787317564082,0.54645708099586,1.25907197140602,0.185211034008192,2.12272027271149
200,0.8,1.2,1,1,0.8,0,16.36,0,32.66,0.000139651408688056,15.4884107648413,5.37382743114568,2.58701954077772,0.559638346983706,1.24381138259249,0.18734802561549,2.11917919375414
201,0.8,1.2,1,1,0.8,0.1,16.36,0,32.66,0.000139667446266093,15.4729527499715,5.34413114638631,2.58633252059711,0.574779487411131,1.22896514184036,0.19213503831234,2.11332124021635
202,0.8,1.2,1,1,1,-0.1,16.38,0,32.66,0.00014040751862562,15.539162273797,5.48290514583936,2.59522105150252,0.551575823347743,1.28350328480587,0.185690348769744,2.15312471939828
203,0.8,1.2,1,1,1,0,16.34,0,32.66,0.000140427398345518,15.5200316332418,5.4538192861578,2.59375843910299,0.571258616261428,1.26295725829034,0.188441739218386,2.14887819109735
204,0.8,1.2,1,1,1,0.1,16.34,0,32.66,0.000140447268154807,15.5009969693255,5.42425617633259,2.59296585333515,0.594088496789887,1.24285880416207,0.194723199988112,2.14184752887154
205,0.8,1.2,1,1,1.2,-0.1,16.36,0,32.66,0.000141181011814824,15.5746393732793,5.55280581306231,2.60091034744322,0.552423894618495,1.31002066835389,0.185247317887149,2.17933872500169
206,0.8,1.2,1,1,1.2,0,16.32,0,32.66,0.000141204657311464,15.5531427352201,5.52762288888976,2.59687210783257,0.579360343605198,1.28476453262641,0.188508870388178,2.17576245553128
207,0.8,1.2,1,1,1.2,0.1,16.3,0,32.66,0.000141228283025055,15.5313795106738,5.50250550357443,2.59528110829097,0.610739025796048,1.25982438180595,0.196317411126687,2.16949106195879
208,0.8,1.2,1,1.2,0.8,-0.1,16.54,0,32.48,0.000123696135658445,15.2576312218083,5.63935923192036,2.55022328401703,0.581110895139182,1.09475926914418,0.204427259191438,2.08517284198275
209,0.8,1.2,1,1.2,0.8,0,16.54,0,32.48,0.00012371327163468,15.2463823681898,5.60890963823259,2.5500502116329,0.595236894507478,1.07982160089364,0.207077359387485,2.08095277134548
210,0.8,1.2,1,1.2,0.8,0.1,16.54,0,32.48,0.000123730401930444,15.235073823161,5.57832965811536,2.55004702429808,0.611649057225028,1.0653971851787,0.212700356914184,2.07398196673774
211,0.8,1.2,1,1.2,1,-0.1,16.52,0,32.48,0.00012431923600148,15.288142495295,5.72388427408528,2.55605849168316,0.587040127365377,1.11920472054359,0.204361426662653,2.11667506676225
212,0.8,1.2,1,1.2,1,0,16.52,0,32.48,0.000124340527766795,15.274573074691,5.69476152689246,2.5553735864901,0.608147982025526,1.09943478014592,0.207823548410645,2.11324735484582
213,0.8,1.2,1,1.2,1,0.1,16.5,0,32.48,0.000124361805372281,15.2608056589268,5.66548968177146,2.55553891968292,0.632825190949448,1.08009014149882,0.215320327578001,2.10717665462765
214,0.8,1.2,1,1.2,1.2,-0.1,16.5,0,32.5,0.000124943253120318,15.3189765685489,5.7961672214757,2.56025419102754,0.588162103062099,1.14518223778604,0.203429848397598,2.14078632418809
215,0.8,1.2,1,1.2,1.2,0,16.5,0,32.5,0.00012496863976073,15.3045424621736,5.77224245739379,2.55623717229847,0.617023052138795,1.12125947627994,0.207547626790244,2.13791848300303
216,0.8,1.2,1,1.2,1.2,0.1,16.46,0,32.5,0.000124994012254035,15.2893647021338,5.74840958391574,2.55567162333009,0.650832071209388,1.0976352063682,0.216764674208012,2.13255648557814
217,0.8,1.2,1.2,0.8,0.8,-0.1,16.02,0,32.94,0.000169361064843553,15.9518810004522,4.96565763360001,2.67302324823922,0.472419412181589,1.53463319152009,0.166235793431857,2.17116025155075
218,0.8,1.2,1.2,0.8,0.8,0,16,0,32.94,0.000169335325460544,15.9323900681791,4.93909348590123,2.67149324789709,0.474067758492467,1.52249350792208,0.167480338242265,2.16708831156937
219,0.8,1.2,1.2,0.8,0.8,0.1,16,0,32.94,0.000169309597508448,15.9131879420175,4.91257696210507,2.66998314608876,0.475789113001974,1.51078691778697,0.168651405853729,2.16078481037742
220,0.8,1.2,1.2,0.8,1,-0.1,16,0,32.94,0.000170233108645478,15.9936441820172,5.02667243064947,2.6828809426833,0.471931814479315,1.55348331413927,0.170020543151067,2.19824826133128
221,0.8,1.2,1.2,0.8,1,0,15.98,0,32.94,0.000170200655054286,15.9689504811626,4.9962890637004,2.68100523756566,0.474136126037028,1.53665810320153,0.172173483427824,2.19489723853241
222,0.8,1.2,1.2,0.8,1,0.1,15.98,0,32.94,0.000170168218892534,15.9445882305299,4.96594660583239,2.67921603762901,0.476451016784596,1.52044389145671,0.174284275902765,2.18931924764399
223,0.8,1.2,1.2,0.8,1.2,-0.1,15.98,0,32.96,0.000171106694921007,16.0362543793375,5.08654006609944,2.69206846923037,0.471643885334379,1.57469202781868,0.173990750747919,2.21944117908508
224,0.8,1.2,1.2,0.8,1.2,0,15.96,0,32.96,0.000171067415248802,16.006239360725,5.05623141628768,2.69003326351566,0.474428531107656,1.55275917772739,0.177640853438805,2.21661542966154
225,0.8,1.2,1.2,0.8,1.2,0.1,15.94,0,32.96,0.000171028164309728,15.9766101941178,5.02610255855755,2.68840048721537,0.477347597223548,1.53153683867484,0.181445933549707,2.21163338135256
226,0.8,1.2,1.2,1,0.8,-0.1,16.28,0,32.68,0.000143062049695009,15.6215299359144,5.27607676406173,2.62022078311096,0.461428518149263,1.29533008767225,0.168254956543794,2.12269987386568
227,0.8,1.2,1.2,1,0.8,0,16.28,0,32.68,0.000143048212704589,15.6066788965274,5.2472102270013,2.61957938076024,0.463230872638403,1.28321103940308,0.170006006422647,2.11923774099719
228,0.8,1.2,1.2,1,0.8,0.1,16.28,0,32.68,0.000143034383322057,15.5919550410683,5.21841910419508,2.6189575142209,0.465110862255383,1.27159866333336,0.171673482653096,2.11348895570909
229,0.8,1.2,1.2,1,1,-0.1,16.26,0,32.68,0.000143723842789771,15.6571029013928,5.34808244997881,2.62884386581679,0.461012871641769,1.31437957651927,0.172781394281503,2.15310048416157
230,0.8,1.2,1.2,1,1,0,16.26,0,32.68,0.000143706361907825,15.638294816324,5.31677750552198,2.62814443474801,0.463407160763785,1.29746835846547,0.175759801615453,2.14894642580292
231,0.8,1.2,1.2,1,1,0.1,16.26,0,32.68,0.000143688882444407,15.6196350643935,5.28562820752862,2.62758519319953,0.473088853418143,1.28119764806357,0.178705616991342,2.14204441112131
232,0.8,1.2,1.2,1,1.2,-0.1,16.26,0,32.7,0.000144386615088265,15.6936506939067,5.41565552641574,2.6361762251618,0.460945753651678,1.33604710076163,0.177431240819927,2.17931222499469
233,0.8,1.2,1.2,1,1.2,0,16.24,0,32.7,0.000144365411163509,15.6710085759302,5.3860386062047,2.63553522702873,0.463986454803851,1.314349052953,0.182327401102774,2.1758050170268
234,0.8,1.2,1.2,1,1.2,0.1,16.24,0,32.7,0.000144344212912862,15.648453513185,5.35658337973071,2.63552352388624,0.488523948547949,1.29321669038505,0.187421479394165,2.16963054510347
235,0.8,1.2,1.2,1.2,0.8,-0.1,16.46,0,32.5,0.000126463812352571,15.3691386468444,5.51398617180418,2.58084230458379,0.458797534075942,1.12405707905837,0.176508681935739,2.0851486120368
236,0.8,1.2,1.2,1.2,0.8,0,16.46,0,32.5,0.000126456702152609,15.3579049326379,5.48368480120378,2.58085517057916,0.472367866892078,1.11205062551894,0.178889552012978,2.08102281402417
237,0.8,1.2,1.2,1.2,0.8,0.1,16.46,0,32.5,0.000126449597747617,15.3467507742704,5.45351391500797,2.58088915795621,0.488041026023621,1.10060924751126,0.184457280545175,2.07418233399527
238,0.8,1.2,1.2,1.2,1,-0.1,16.44,0,32.5,0.000126997277419379,15.3998578419196,5.59312455942746,2.58838265256407,0.463478844054438,1.14332575750834,0.177307912313648,2.11664835037152
239,0.8,1.2,1.2,1.2,1,0,16.44,0,32.5,0.000126988256978275,15.3857030431445,5.561410252864,2.58857601937056,0.483637143899073,1.12665467129745,0.180467676338982,2.11328675066007
240,0.8,1.2,1.2,1.2,1,0.1,16.44,0,32.5,0.000126979234908726,15.3716377177774,5.52991254528384,2.58893042622429,0.507051913354686,1.11062384803099,0.187925058819114,2.10730841223277
241,0.8,1.2,1.2,1.2,1.2,-0.1,16.42,0,32.52,0.000127531411127836,15.4317095227,5.665146473843,2.59406259844217,0.46460837571059,1.16506781375827,0.180313248353323,2.14076174088601
242,0.8,1.2,1.2,1.2,1.2,0,16.42,0,32.52,0.000127520418253024,15.414886182878,5.63633164679193,2.59451176261653,0.492023967310199,1.14401720376879,0.18615423437232,2.1379427991693
243,0.8,1.2,1.2,1.2,1.2,0.1,16.4,0,32.52,0.000127509427477378,15.3979612232294,5.60783194976495,2.59575495125129,0.524010626459585,1.12352431995516,0.192245799600179,2.1326495952039
244,1,0.8,0.8,0.8,0.8,-0.1,16.42,0,32.64,0.000135453497550353,15.4376527302315,5.60826946985004,2.61468819723971,0.456847817858789,1.1773252025747,0.171260942529506,2.14072238150468
245,1,0.8,0.8,0.8,0.8,0,16.42,0,32.64,0.000135397578208388,15.4207577866764,5.58338875646742,2.61258757854536,0.461467284899148,1.15808594691333,0.175936084978507,2.13789318172699
246,1,0.8,0.8,0.8,0.8,0.1,16.42,0,32.62,0.000135341691352608,15.4041764635773,5.55843047805239,2.61071645546226,0.466318862797872,1.13935867129124,0.180568315729728,2.1326022664722
247,1,0.8,0.8,0.8,1,-0.1,16.4,0,32.64,0.000136109993851127,15.480312474927,5.69446556695838,2.62978710083137,0.45623735518543,1.20885095000791,0.175300522089064,2.17516728432987
248,1,0.8,0.8,0.8,1,0,16.4,0,32.64,0.00013603974146035,15.460629672352,5.6769776976487,2.62425803741735,0.462795484122402,1.18429925913167,0.182805615722215,2.1717864182048
249,1,0.8,0.8,0.8,1,0.1,16.36,0,32.64,0.00013596953262409,15.4412098031534,5.65911307403957,2.61902912064422,0.475399163887857,1.16025681263228,0.190484044759664,2.16545903027476
250,1,0.8,0.8,0.8,1.2,-0.1,16.38,0,32.64,0.000136767137897306,15.520561373371,5.76984780973628,2.65107635111164,0.453496243470683,1.24161576198285,0.178467034298175,2.20193973813818
251,1,0.8,0.8,0.8,1.2,0,16.34,0,32.64,0.000136682405280731,15.4996573073676,5.76407594366865,2.64032913875948,0.46228002236269,1.2129505880543,0.189457509215672,2.19912440816997
252,1,0.8,0.8,0.8,1.2,0.1,16.32,0,32.64,0.000136597742496415,15.4795876336385,5.75703902233548,2.62743235202704,0.491551840801648,1.18471439980006,0.20103353075906,2.19357656245377
253,1,0.8,0.8,1,0.8,-0.1,16.62,0,32.44,0.000118279219460086,15.151111341501,5.88028946130122,2.57139840470224,0.448054235138318,0.990513926245419,0.177652128197072,2.09803656710477
254,1,0.8,0.8,1,0.8,0,16.58,0,32.44,0.000118235495433436,15.1406697750408,5.85539779366882,2.5701465725242,0.458470737112365,0.97245974614161,0.181621330103837,2.09452581069197
255,1,0.8,0.8,1,0.8,0.1,16.58,0,32.44,0.000118191788473642,15.1300562779406,5.83045115041333,2.56919867958049,0.49123666460315,0.954952052431943,0.191478682020234,2.08796934327783
256,1,0.8,0.8,1,1,-0.1,16.56,0,32.44,0.00011876456059087,15.1864780829955,5.97259720050806,2.58620033383959,0.446882972507142,1.02072869419911,0.177595406352279,2.13156144085457
257,1,0.8,0.8,1,1,0,16.56,0,32.44,0.000118709655483265,15.1751641707899,5.9571722160159,2.58117019001329,0.465530644040402,0.998227014731245,0.186231226349673,2.12874925154153
258,1,0.8,0.8,1,1,0.1,16.54,0,32.44,0.000118654784922844,15.1635014142249,5.94031345396643,2.57659191764946,0.511889172357547,0.976184067302739,0.195466820785261,2.12315814133824
259,1,0.8,0.8,1,1.2,-0.1,16.54,0,32.46,0.000119250172215107,15.2193636896567,6.05345769845097,2.60995205512241,0.443021729746375,1.05184337714974,0.181319653547081,2.15755055658643
260,1,0.8,0.8,1,1.2,0,16.52,0,32.44,0.000119183986958629,15.209387277952,6.05112523142261,2.60005666038439,0.469429187480233,1.02610983076874,0.193939287914701,2.15405757684412
261,1,0.8,0.8,1,1.2,0.1,16.48,0,32.44,0.000119117854225832,15.1988801371811,6.04583298705658,2.58795936066191,0.529784099429159,1.00082695381807,0.207129838962628,2.1490249455392
262,1,0.8,0.8,1.2,0.8,-0.1,16.7,0,32.32,0.000107311307205829,14.9471934356447,6.0767307352548,2.54011797419132,0.450914371925108,0.857048122548229,0.19193745323338,2.0557089810842
263,1,0.8,0.8,1.2,0.8,0,16.7,0,32.32,0.000107274849588904,14.9408328909442,6.05204459101776,2.5395891504564,0.481578498042466,0.840130522605372,0.19707734425924,2.05152684052091
264,1,0.8,0.8,1.2,0.8,0.1,16.68,0,32.32,0.000107238405559309,14.9341589064914,6.0268591912809,2.53941912966374,0.516340621570148,0.823799834101021,0.208747262627534,2.04372738611887
265,1,0.8,0.8,1.2,1,-0.1,16.68,0,32.32,0.000107691287119457,14.9782616869626,6.17288764437665,2.55424451078093,0.445764116782967,0.885795453084145,0.19129063148784,2.09559836231458
266,1,0.8,0.8,1.2,1,0,16.66,0,32.32,0.000107645528810033,14.9721463460481,6.15860799378715,2.54985497337783,0.489306738279924,0.865069142106702,0.198051934484029,2.0922439506242
267,1,0.8,0.8,1.2,1,0.1,16.66,0,32.32,0.000107599796453935,14.9653031085634,6.14228771868598,2.54614202590494,0.538454145391182,0.844869519594436,0.212991339505952,2.08558159669937
268,1,0.8,0.8,1.2,1.2,-0.1,16.66,0,32.32,0.000108071350160063,15.0074449481972,6.25724472162401,2.57923708376639,0.441595439852005,0.915219941094548,0.189835413133038,2.12499425039705
269,1,0.8,0.8,1.2,1.2,0,16.64,0,32.32,0.000108016218724186,15.0039068467005,6.25737574199283,2.57011439147973,0.493707811090537,0.891975629860516,0.198109014843403,2.12220566831485
270,1,0.8,0.8,1.2,1.2,0.1,16.6,0,32.32,0.000107961130518409,14.9990204698949,6.25291831486734,2.55926823701263,0.557579975103626,0.869149758498892,0.215942304331598,2.11640110499659
271,1,0.8,1,0.8,0.8,-0.1,16.34,0,32.64,0.000137477771456173,15.5629353404691,5.48505988671516,2.64385874999235,0.446290492960098,1.20500235765844,0.180030511455783,2.14068686855767
272,1,0.8,1,0.8,0.8,0,16.34,0,32.64,0.000137386247999132,15.5465043142532,5.45748648464995,2.64302881567493,0.450795243758961,1.18940418587977,0.183224147477296,2.13793001929427
273,1,0.8,1,0.8,0.8,0.1,16.34,0,32.64,0.000137294785138018,15.5303386906532,5.43013323729833,2.64228085117469,0.455481137333727,1.17441979597164,0.18636656627374,2.13274073406548
274,1,0.8,1,0.8,1,-0.1,16.32,0,32.64,0.000137998811857868,15.6088817408102,5.56912753980291,2.6555196301473,0.448107871155544,1.23109977181987,0.184370171490232,2.17512587311723
275,1,0.8,1,0.8,1,0,16.32,0,32.64,0.000137884114555001,15.5883548266699,5.54524742758148,2.65382880837193,0.454358074447989,1.21011860849449,0.189723497050916,2.17182926453916
276,1,0.8,1,0.8,1,0.1,16.32,0,32.64,0.000137769511689163,15.5681709598455,5.52166212723886,2.65257964574851,0.460931910995968,1.18983447255959,0.195193400721319,2.16562093819363
277,1,0.8,1,0.8,1.2,-0.1,16.3,0,32.66,0.000138520274764447,15.6554355213572,5.64649985915657,2.66675967436576,0.449437349593282,1.25950633697457,0.188260227087031,2.20190413906116
278,1,0.8,1,0.8,1.2,0,16.3,0,32.64,0.000138382283129981,15.6317128593631,5.6316831617875,2.66238827584216,0.457776594718897,1.23395708191684,0.196492518647042,2.19915060110108
279,1,0.8,1,0.8,1.2,0.1,16.26,0,32.64,0.000138244432266866,15.608177946295,5.61619671459678,2.65928545700448,0.466737781597085,1.20910352168052,0.205182511899248,2.19369060000168
280,1,0.8,1,1,0.8,-0.1,16.54,0,32.46,0.000119795912149263,15.2658727894166,5.76324182034083,2.59745262701288,0.438399798550589,1.01118304463168,0.18156311048852,2.09799248739371
281,1,0.8,1,1,0.8,0,16.5,0,32.46,0.000119725386625173,15.2548086565031,5.7352362772986,2.59753815789625,0.443118831765753,0.996199120164352,0.185526625052168,2.09457171554946
282,1,0.8,1,1,0.8,0.1,16.5,0,32.46,0.000119654901761294,15.243762688732,5.70739171177694,2.59773861188176,0.448041716574668,0.981860762061872,0.189428946010006,2.08814161665559
283,1,0.8,1,1,1,-0.1,16.52,0,32.46,0.000120179402905454,15.3039375175268,5.85585483197966,2.60758085508059,0.439966793749239,1.0366616865484,0.186417414926602,2.13152492935459
284,1,0.8,1,1,1,0,16.48,0,32.46,0.00012009104650482,15.2904270739581,5.83350359014972,2.60688795649779,0.446520678742585,1.01687073921906,0.192973670489968,2.12877442792276
285,1,0.8,1,1,1,0.1,16.48,0,32.46,0.000120002761832055,15.2768258524683,5.81094325820259,2.6067452260383,0.453436927668871,0.997803558158658,0.199646552322806,2.12327058194414
286,1,0.8,1,1,1.2,-0.1,16.48,0,32.46,0.000120563060488099,15.3426685204859,5.94006933690501,2.61759592661789,0.440564248039107,1.06420802989681,0.190716454234148,2.15750634569397
287,1,0.8,1,1,1.2,0,16.46,0,32.46,0.000120456803671273,15.3277558122071,5.92890647596813,2.61362567645469,0.449219996245922,1.04072744835506,0.20068860940242,2.15409021796596
288,1,0.8,1,1,1.2,0.1,16.44,0,32.46,0.000120350644484754,15.3125285269182,5.91558419195446,2.61133682548202,0.458519494831021,1.01798107305867,0.211105160641502,2.14910402334104
289,1,0.8,1,1.2,0.8,-0.1,16.64,0,32.32,0.000108512480772913,15.0512562560538,5.96688400898489,2.56389582674312,0.432196136976504,0.873079322470645,0.182650341335744,2.05565645791439
290,1,0.8,1,1.2,0.8,0,16.62,0,32.32,0.000108454732535672,15.0438814194592,5.93877231431811,2.56464662602433,0.43705763671644,0.858745032740907,0.187134618024932,2.05158175619474
291,1,0.8,1,1.2,0.8,0.1,16.62,0,32.32,0.0001083970193227,15.0364372571817,5.91071669253159,2.56550326501674,0.442139457591451,0.845166020497653,0.191567893447556,2.04393314374653
292,1,0.8,1,1.2,1,-0.1,16.62,0,32.32,0.000108811565739967,15.0840037529079,6.06481912351172,2.5728087312407,0.433569516244365,0.89771381494033,0.187965904936011,2.09555477275982
293,1,0.8,1,1.2,1,0,16.6,0,32.32,0.00010873924324701,15.0752144558213,6.04383691211011,2.57292185910465,0.44031912266166,0.87914152088376,0.195335448681658,2.09227408726379
294,1,0.8,1,1.2,1,0.1,16.6,0,32.32,0.00010866697549776,15.0661214517816,6.02187375461062,2.5736430103448,0.447438272212683,0.86135596366346,0.202829805838579,2.08571600745938
295,1,0.8,1,1.2,1.2,-0.1,16.6,0,32.34,0.000109110704515646,15.1176235577643,6.15405604735328,2.58175033145408,0.43367824443053,0.924233335305444,0.192668090679741,2.12495884599981
296,1,0.8,1,1.2,1.2,0,16.58,0,32.32,0.000109023752806986,15.1085906035508,6.14503302134055,2.57833659188342,0.442531146431768,0.902737906644621,0.20380520120338,2.1222239517522
297,1,0.8,1,1.2,1.2,0.1,16.56,0,32.32,0.000108936876324807,15.0986908069716,6.13307426256304,2.57696070334786,0.451993044062468,0.881866717747344,0.215381977331904,2.11649569013759
298,1,0.8,1.2,0.8,0.8,-0.1,16.3,0,32.66,0.000138973471937397,15.6509119325645,5.39805592617484,2.66742618481062,0.438636065609116,1.23015479150111,0.186344452448418,2.14065196200082
299,1,0.8,1.2,0.8,0.8,0,16.28,0,32.66,0.000138855641603696,15.6355909453122,5.37044159374931,2.66679604903701,0.443067998907254,1.21745962068188,0.188547407236128,2.1379664587602
300,1,0.8,1.2,0.8,0.8,0.1,16.28,0,32.66,0.000138737889543446,15.6204462909286,5.34348799051694,2.66617991362357,0.447647011186624,1.20533583037462,0.190695875447719,2.13287729248344
301,1,0.8,1.2,0.8,1,-0.1,16.28,0,32.66,0.000139394207135214,15.6970706781929,5.47619668972155,2.67915446002007,0.441381250619478,1.25224799421526,0.190720392691657,2.17508515772423
302,1,0.8,1.2,0.8,1,0,16.26,0,32.66,0.000139246673728565,15.6775449947907,5.44926605831089,2.67832893184746,0.447402210302475,1.23457352346183,0.194528663951234,2.17187166674657
303,1,0.8,1.2,0.8,1,0.1,16.26,0,32.66,0.00013909926786852,15.6582629064004,5.42253487831332,2.67762653704222,0.453670506184301,1.21766699091378,0.198398157274593,2.16578068004012
304,1,0.8,1.2,0.8,1.2,-0.1,16.26,0,32.66,0.000139815226445619,15.7444376627662,5.55208962440552,2.69019956588135,0.444383733543371,1.27694321821391,0.195043731790877,2.20186900594511
305,1,0.8,1.2,0.8,1.2,0,16.24,0,32.66,0.000139637895789798,15.7207904621183,5.5312634786219,2.68895684688212,0.452364937441827,1.25453467273945,0.201216616873708,2.19917656895197
306,1,0.8,1.2,0.8,1.2,0.1,16.24,0,32.66,0.000139460752856675,15.6973645734174,5.51027623684118,2.68832110107354,0.46078470045405,1.23298344001307,0.207762827455058,2.19380336236366
307,1,0.8,1.2,1,0.8,-0.1,16.48,0,32.46,0.000120915675767998,15.3468374171147,5.67765408694711,2.61899365227439,0.431293135368965,1.03070030449577,0.18829531964887,2.09794916284897
308,1,0.8,1.2,1,0.8,0,16.48,0,32.46,0.000120825372098204,15.3360541623161,5.64874749621414,2.61924293918717,0.435885593612876,1.01833824755559,0.191196022788863,2.09461712384294
309,1,0.8,1.2,1,0.8,0.1,16.48,0,32.46,0.000120735127389533,15.3254642065788,5.62045295585984,2.61951687001474,0.440652677829532,1.00665218675857,0.194040762470213,2.08831151111008
310,1,0.8,1.2,1,1,-0.1,16.46,0,32.46,0.000121223863457106,15.3848823295187,5.76646372231887,2.62919104252601,0.43394494441605,1.05222976429956,0.193138615139875,2.13148888094354
311,1,0.8,1.2,1,1,0,16.46,0,32.46,0.000121110831658059,15.3712499916764,5.74025008556046,2.62950557219389,0.440220183299286,1.03513234414361,0.198086555959374,2.12879938781345
312,1,0.8,1.2,1,1,0.1,16.46,0,32.46,0.000120997889582459,15.3577625264588,5.71402573646947,2.62997292832779,0.446793018965077,1.01892172602341,0.203106224738829,2.12338177645981
313,1,0.8,1.2,1,1.2,-0.1,16.44,0,32.46,0.000121532170321598,15.4241770486482,5.85107592888677,2.63834145401929,0.43658351861506,1.07652802639533,0.197847367107473,2.1574627151886
314,1,0.8,1.2,1,1.2,0,16.44,0,32.46,0.00012139634412326,15.407948584984,5.83316463090844,2.63831796751347,0.444892499295092,1.05540414597767,0.205699038638873,2.15412257833206
315,1,0.8,1.2,1,1.2,0.1,16.4,0,32.46,0.000121260651622718,15.3916540769292,5.81428120202395,2.63904480474896,0.453697536445887,1.03515507591277,0.213933988979848,2.14918236921175
316,1,0.8,1.2,1.2,0.8,-0.1,16.6,0,32.34,0.000109398745986179,15.1251277797954,5.88470373882548,2.58373576923916,0.425426627017616,0.888627001251239,0.189468955564124,2.05560483756634
317,1,0.8,1.2,1.2,0.8,0,16.6,0,32.32,0.000109325306501501,15.11769677359,5.85525808934795,2.5845860547335,0.430121521889038,0.8766675435498,0.192903585692752,2.05163607726491
318,1,0.8,1.2,1.2,0.8,0.1,16.6,0,32.32,0.000109251915024115,15.1102678187488,5.82637734920192,2.5854679916429,0.435011232497924,0.865475835320838,0.196288890894313,2.04413605570105
319,1,0.8,1.2,1.2,1,-0.1,16.58,0,32.34,0.000109638105594148,15.1574261762625,5.98020525457362,2.59275829219094,0.427958183978183,0.909619542874535,0.194717767459973,2.09551173732893
320,1,0.8,1.2,1.2,1,0,16.58,0,32.32,0.000109546202563349,15.1480162581533,5.95497602641021,2.59386697011434,0.434394053986624,0.893286096409932,0.200511556965441,2.09230396456083
321,1,0.8,1.2,1.2,1,0.1,16.56,0,32.32,0.00010945437103142,15.1386282917278,5.92942194520482,2.59514282621059,0.441157254562968,0.877859037391264,0.206399290290837,2.08584892676347
322,1,0.8,1.2,1.2,1.2,-0.1,16.56,0,32.34,0.000109877502866244,15.1910375739997,6.07084776087437,2.60043588127329,0.430259348813865,0.933266519849114,0.199760659121522,2.12492380107563
323,1,0.8,1.2,1.2,1.2,0,16.54,0,32.34,0.000109767093205532,15.1799829298031,6.05563886814946,2.60134613244037,0.4387518861181,0.913626173224508,0.208857732872456,2.12224210468038
324,1,0.8,1.2,1.2,1.2,0.1,16.52,0,32.32,0.000109656784196653,15.1687140646919,6.03774803648607,2.60306500686206,0.447750996562743,0.89479261571452,0.218346134155081,2.11658939886965
325,1,1,0.8,0.8,0.8,-0.1,16.4,0,32.82,0.000151756019093672,15.5576199925187,5.41256459133755,2.60050037098763,0.534517897436215,1.32050826324894,0.178463104962403,2.15628084194691
326,1,1,0.8,0.8,0.8,0,16.38,0,32.82,0.00015174010390974,15.5376686880991,5.38576371112961,2.5976007528728,0.552524918692887,1.30094236191804,0.180494453817361,2.15201681678799
327,1,1,0.8,0.8,0.8,0.1,16.38,0,32.82,0.000151724183795948,15.517976175773,5.35861825696406,2.59502855601348,0.573015526418505,1.28179908462774,0.185617178340745,2.14506680422411
328,1,1,0.8,0.8,1,-0.1,16.38,0,32.82,0.000152623335923423,15.5979179065134,5.49127836516399,2.61340717463553,0.534047659601679,1.35182877961412,0.178698855131974,2.18731515379891
329,1,1,0.8,0.8,1,0,16.36,0,32.82,0.000152603066267522,15.5743493660753,5.46826531114301,2.60681741041483,0.560383551934891,1.32661771956176,0.181274683354679,2.18385816560065
330,1,1,0.8,0.8,1,0.1,16.32,0,32.82,0.000152582795403009,15.5512068111228,5.44510653331886,2.60090879221932,0.590569960968969,1.30167223054636,0.188103802426947,2.17781121026965
331,1,1,0.8,0.8,1.2,-0.1,16.36,0,32.84,0.000153491882769087,15.6351787098236,5.55772425305041,2.63272610768696,0.529063541035458,1.38438186426045,0.178080282305653,2.21109198371229
332,1,1,0.8,0.8,1.2,0,16.32,0,32.84,0.000153467112990894,15.6097651957208,5.54242326602204,2.61990515253458,0.564479103793374,1.35426625095909,0.181176501220904,2.20820434264972
333,1,1,0.8,0.8,1.2,0.1,16.3,0,32.84,0.000153442334860565,15.5854600536085,5.52733315231779,2.60542852079898,0.60516187309691,1.32441436207205,0.189583632116916,2.20286746477752
334,1,1,0.8,1,0.8,-0.1,16.6,0,32.6,0.000130721381383435,15.2507154251645,5.7041309376607,2.55469347332702,0.576033571876326,1.11641165261636,0.200627820930187,2.11103954566768
335,1,1,0.8,1,0.8,0,16.6,0,32.6,0.000130708721128275,15.2375975595172,5.67678435011751,2.55244872751273,0.59557526508478,1.09782206914753,0.203409898648112,2.1074564838045
336,1,1,0.8,1,0.8,0.1,16.58,0,32.6,0.000130696057419033,15.2244286132842,5.64939017820716,2.55063717357134,0.618007691486309,1.07960861357171,0.209864938646503,2.10120541562816
337,1,1,0.8,1,1,-0.1,16.58,0,32.6,0.000131363015537404,15.2835428135841,5.78793767468972,2.56778887481992,0.576118545399085,1.146881519911,0.200199763359136,2.14077511938081
338,1,1,0.8,1,1,0,16.56,0,32.6,0.000131346922770382,15.2691533575688,5.76614864628136,2.5610276309615,0.604688574031805,1.12331582881445,0.20381689337697,2.1378935972618
339,1,1,0.8,1,1,0.1,16.54,0,32.6,0.000131330824946278,15.2545661317914,5.74375890744807,2.55511367023229,0.637662660604714,1.10007340033332,0.21231512655077,2.13251896620606
340,1,1,0.8,1,1.2,-0.1,16.58,0,32.62,0.000132005272914702,15.3128463206352,5.85757602344984,2.59176381575744,0.571092020338904,1.1778644266501,0.198917604233644,2.16893059000063
341,1,1,0.8,1,1.2,0,16.52,0,32.62,0.000131985636831654,15.2995217025374,5.84491109174562,2.57892840942955,0.609477553846758,1.15029076948713,0.203279274908359,2.16534700885041
342,1,1,0.8,1,1.2,0.1,16.5,0,32.6,0.00013196599951455,15.2860535367138,5.83189041008026,2.56366350159961,0.653889565783997,1.12299079039332,0.213724123927306,2.15873314095768
343,1,1,0.8,1.2,0.8,-0.1,16.72,0,32.46,0.00011734956973166,15.0278073060832,5.91814797659311,2.52117604953353,0.606693774171341,0.970169965466546,0.218815993400191,2.07122997653758
344,1,1,0.8,1.2,0.8,0,16.72,0,32.46,0.0001173384871334,15.0193732348407,5.89091937512818,2.51952378854583,0.62738021822229,0.952579968776517,0.222315744064667,2.06696059774613
345,1,1,0.8,1.2,0.8,0.1,16.7,0,32.46,0.00011732740430614,15.0106923298986,5.86324056248946,2.51842885613878,0.6513139329841,0.935394122380497,0.230007990810113,2.05952297268212
346,1,1,0.8,1.2,1,-0.1,16.72,0,32.46,0.000117852834452156,15.0563675717488,6.00488721216446,2.53406017076586,0.607092110522354,0.999371475085051,0.217772580163078,2.10660804910977
347,1,1,0.8,1.2,1,0,16.7,0,32.46,0.000117838775567159,15.0480531597173,5.98377139685948,2.52730315859746,0.637324245251448,0.977425663819798,0.222301230565681,2.10317026065243
348,1,1,0.8,1.2,1,0.1,16.68,0,32.46,0.000117824715467189,15.0390825823724,5.96218635630868,2.52172574307987,0.672437421658963,0.955760823130605,0.232355982827991,2.09676504814134
349,1,1,0.8,1.2,1.2,-0.1,16.7,0,32.46,0.00011835641257815,15.0816427439196,6.07641550112645,2.56159823872167,0.601930877144178,1.02875206928324,0.215822000565562,2.13319415801692
350,1,1,0.8,1.2,1.2,0,16.66,0,32.46,0.00011833929595877,15.0761470059514,6.06562105580349,2.54908089558163,0.642557169831987,1.00333898082794,0.221356201493477,2.13033226720083
351,1,1,0.8,1.2,1.2,0.1,16.62,0,32.46,0.000118322177043031,15.0693967270413,6.0534702011932,2.53441383848804,0.689755718441927,0.978295225086346,0.233671584172989,2.1247193800801
352,1,1,1,0.8,0.8,-0.1,16.28,0,32.84,0.000155329546725359,15.7092772622479,5.25938005940048,2.63759268176323,0.462473344267057,1.35947912294626,0.168319077189302,2.15625530515413
353,1,1,1,0.8,0.8,0,16.26,0,32.84,0.000155271928680944,15.6900009114493,5.23104050970987,2.63611770180136,0.465063143300608,1.34396952316464,0.170762022235276,2.15210493629957
354,1,1,1,0.8,0.8,0.1,16.26,0,32.84,0.000155214339719521,15.6709958741293,5.20278760377055,2.63475996603722,0.467760501430067,1.32903216333412,0.173134935746279,2.14531264116126
355,1,1,1,0.8,1,-0.1,16.26,0,32.86,0.000156040329096019,15.753204557141,5.33386186146584,2.64784455684329,0.46259313706755,1.38418539119009,0.172394302917218,2.18728505311664
356,1,1,1,0.8,1,0,16.24,0,32.84,0.000155967972399377,15.7290471087398,5.30602186160967,2.64557235128481,0.466180131021416,1.36320464444122,0.176525604038969,2.18390769345904
357,1,1,1,0.8,1,0.1,16.24,0,32.84,0.000155895658080445,15.7053373178992,5.27821783983939,2.64376143396941,0.46993049958752,1.34276377527975,0.180696597592678,2.17797245235506
358,1,1,1,0.8,1.2,-0.1,16.24,0,32.86,0.000156751946502227,15.7975006931261,5.40110877213538,2.65718574102034,0.463129551419247,1.41122061564279,0.176086843642495,2.21106368534724
359,1,1,1,0.8,1.2,0,16.22,0,32.86,0.000156664715661728,15.7693207496989,5.37818479970065,2.65273604711796,0.468182830721941,1.38508277587174,0.182527346695159,2.20823489749307
360,1,1,1,0.8,1.2,0.1,16.22,0,32.86,0.000156577550658711,15.7414067249502,5.35550790684457,2.64972403006038,0.473529101859881,1.35943571606524,0.189305418152563,2.20298118900094
361,1,1,1,1,0.8,-0.1,16.5,0,32.62,0.000133392230390394,15.393806298318,5.55651272718223,2.58857126451779,0.452225454263297,1.14580873104826,0.169980403564105,2.11100780302066
362,1,1,1,1,0.8,0,16.48,0,32.62,0.000133348214172546,15.3801209134284,5.52711004090505,2.58800759485,0.455027306233598,1.13067693909484,0.173078882858924,2.10750950917183
363,1,1,1,1,0.8,0.1,16.48,0,32.62,0.000133304218443832,15.3664724552075,5.49773754162084,2.58758626272697,0.474154202982063,1.11611719482401,0.178526963018239,2.10137662250553
364,1,1,1,1,1,-0.1,16.46,0,32.62,0.000133916102274533,15.4305400581939,5.63882612011669,2.59729939013666,0.452380342134106,1.17044104199267,0.174760193388519,2.14074585160412
365,1,1,1,1,1,0,16.46,0,32.62,0.000133860850104801,15.4137010858302,5.61162038439277,2.59597758018472,0.46178085944224,1.15021686096848,0.179919159201157,2.13792301585959
366,1,1,1,1,1,0.1,16.46,0,32.62,0.000133805630834726,15.3968615904374,5.58428480211117,2.59528045747908,0.492706022309727,1.13053942826224,0.185138356164838,2.13263092522769
367,1,1,1,1,1.2,-0.1,16.44,0,32.62,0.000134440389176529,15.467573475656,5.71171910898334,2.60532168722433,0.452844625981298,1.19696927594943,0.179039793602816,2.16889546552815
368,1,1,1,1,1.2,0,16.44,0,32.62,0.000134373813227076,15.4486390116311,5.69115129580836,2.60102843248909,0.46757651736685,1.17232862964027,0.186985302877483,2.16538508622806
369,1,1,1,1,1.2,0.1,16.42,0,32.62,0.000134307282225221,15.4295204559714,5.67029744327115,2.59878791357361,0.508930607233626,1.14817979577247,0.195307692386355,2.15887463961644
370,1,1,1,1.2,0.8,-0.1,16.64,0,32.46,0.000119462290830228,15.1603991246508,5.77808876492182,2.55270038444891,0.460764112152673,0.993162422388498,0.185573947560646,2.07119219302768
371,1,1,1,1.2,0.8,0,16.62,0,32.46,0.000119426306454395,15.1507413412866,5.74813217198893,2.55281382973447,0.480614860719074,0.978552149839925,0.188879674280596,2.06702403314741
372,1,1,1,1.2,0.8,0.1,16.62,0,32.46,0.000119390332994226,15.141039848347,5.71816860145469,2.55306604385086,0.503423098044507,0.964516357117561,0.196692816140301,2.05972748680091
373,1,1,1,1.2,1,-0.1,16.62,0,32.48,0.00011987192012268,15.1920831057798,5.86524411053255,2.5601230102303,0.461541754425057,1.01735880031815,0.185765725142402,2.10657312159684
374,1,1,1,1.2,1,0,16.6,0,32.46,0.000119826768249617,15.1804538818004,5.83862415156355,2.559585864875,0.490343729935159,0.998095755443791,0.190103069026169,2.10320547574375
375,1,1,1,1.2,1,0.1,16.6,0,32.46,0.000119781636636686,15.1686421603905,5.81185912933956,2.55976720825324,0.523560605253438,0.979389969271209,0.200353950692434,2.09689889672695
376,1,1,1,1.2,1.2,-0.1,16.6,0,32.48,0.000120281760355879,15.2241926348862,5.94125789155961,2.56703139955772,0.458155850991842,1.04298599727167,0.185048800669936,2.13316425427442
377,1,1,1,1.2,1.2,0,16.58,0,32.48,0.000120227372597299,15.2118748472469,5.92235805669498,2.56294538274046,0.496771935166601,1.01996606437597,0.19070390412689,2.13035380437048
378,1,1,1,1.2,1.2,0.1,16.54,0,32.46,0.000120173021523236,15.1988624404009,5.90315555194366,2.56156213585374,0.541131666754642,0.997396475682848,0.202859411885695,2.12481367686737
379,1,1,1.2,0.8,0.8,-0.1,16.22,0,32.86,0.000158022571354696,15.8169268015153,5.1529550956297,2.66740541192104,0.450492675951783,1.39472819096555,0.174166153524654,2.1562305750307
380,1,1,1.2,0.8,0.8,0,16.2,0,32.86,0.000157933502815147,15.7991168330328,5.12561101896159,2.66615498833053,0.453189950672476,1.38237941816624,0.17575375527269,2.15219188796106
381,1,1,1.2,0.8,0.8,0.1,16.18,0,32.86,0.000157844480807112,15.7815136575763,5.09852261846555,2.66492538061081,0.455983951568267,1.37050880421994,0.177273955521498,2.14555437858101
382,1,1,1.2,0.8,1,-0.1,16.2,0,32.86,0.000158614843312731,15.8610619029248,5.21944281236398,2.67808646438376,0.451086614520466,1.41493159040996,0.178012242181579,2.18725552424654
383,1,1,1.2,0.8,1,0,16.18,0,32.86,0.000158503207471856,15.8383857910657,5.18968868607063,2.6765226501605,0.454709187904345,1.39773062188896,0.180756442394301,2.1839567009822
384,1,1,1.2,0.8,1,0.1,16.16,0,32.86,0.000158391653549347,15.816028332133,5.16004721327478,2.67507487705022,0.458482191526128,1.38120040274837,0.183488489536552,2.17813153550357
385,1,1,1.2,0.8,1.2,-0.1,16.18,0,32.86,0.000159207703781521,15.9061071752426,5.28374640194433,2.68809330497422,0.452081284093367,1.43746912843577,0.181864878023248,2.21103578741954
386,1,1,1.2,0.8,1.2,0,16.16,0,32.86,0.000159073389256295,15.8785562779143,5.2561254067259,2.68623793338542,0.456830239160725,1.41524232204464,0.186406966829667,2.20826518659731
387,1,1,1.2,0.8,1.2,0.1,16.14,0,32.86,0.000158939187799788,15.8514177826135,5.22903344792454,2.68487652925482,0.461790423163845,1.3937257386089,0.191178022625322,2.20309364092204
388,1,1,1.2,1,0.8,-0.1,16.44,0,32.64,0.000135402645932467,15.4960001329868,5.44991619339431,2.61644650216479,0.44129910325064,1.17349542407761,0.176053158161692,2.11097667499852
389,1,1,1.2,1,0.8,0,16.42,0,32.64,0.000135335028764828,15.4828402348298,5.42068001996593,2.61610353157581,0.44413544690667,1.16132220795975,0.178239635868092,2.10756195319613
390,1,1,1.2,1,0.8,0.1,16.4,0,32.64,0.000135267446589651,15.4697764097893,5.39179751740323,2.61578171038522,0.447083659412784,1.14969053959974,0.180341520780612,2.10154546215168
391,1,1,1.2,1,1,-0.1,16.42,0,32.64,0.000135837583833603,15.5330142200737,5.52680355980513,2.62579519007428,0.441926311510232,1.19352014184119,0.180485309910382,2.1407169823273
392,1,1,1.2,1,1,0,16.4,0,32.64,0.000135752864263663,15.5163452424794,5.49687927820061,2.62540500413688,0.445754218468895,1.17650673755583,0.184179773040721,2.1379521785151
393,1,1,1.2,1,1,0.1,16.38,0,32.64,0.000135668199481959,15.4998053401759,5.46704768936274,2.62515391216703,0.449753259355301,1.16024241231453,0.18788911883229,2.13274164243656
394,1,1,1.2,1,1.2,-0.1,16.38,0,32.64,0.000136272818486851,15.5710482617594,5.59877284733441,2.63398747052366,0.44300799224732,1.2159910187986,0.184825634977737,2.16886083976717
395,1,1,1.2,1,1.2,0,16.38,0,32.64,0.000136170918680078,15.5510378733823,5.5730047964628,2.63343106306435,0.448128181478833,1.19442141017947,0.190787575593827,2.16542283212976
396,1,1,1.2,1,1.2,0.1,16.36,0,32.64,0.000136069101784004,15.5310620164413,5.54719206572193,2.63356624581558,0.453523059477105,1.17355856707456,0.197026499209405,2.15901455283746
397,1,1,1.2,1.2,0.8,-0.1,16.56,0,32.48,0.000121051138893297,15.2557879647739,5.67454181229059,2.57883764137923,0.433848112217256,1.01544608915229,0.17731616799731,2.07115514416597
398,1,1,1.2,1.2,0.8,0,16.56,0,32.48,0.000120996434796748,15.2461870040473,5.6441294420156,2.57912872738771,0.436785523103355,1.00353653373299,0.179956388061139,2.06708677241464
399,1,1,1.2,1.2,0.8,0.1,16.56,0,32.48,0.000120941754986914,15.2366322491812,5.61409867360571,2.57944880064732,0.439839460873204,0.992186559640615,0.182519381515,2.05992916898996
400,1,1,1.2,1.2,1,-0.1,16.54,0,32.48,0.000121390196244644,15.2875125090073,5.75792339447265,2.58707659609971,0.434471310485993,1.03527386613275,0.182288256345028,2.10653867087642
401,1,1,1.2,1.2,1,0,16.54,0,32.48,0.000121321674877114,15.275389578432,5.72803205458275,2.58753646225758,0.438444569321877,1.0187510012249,0.186708787062542,2.10324038422853
402,1,1,1.2,1.2,1,0.1,16.54,0,32.48,0.000121253195181212,15.2632971962949,5.69843772451543,2.58816144175559,0.442606695153475,1.00291696094961,0.191165205153027,2.09703125889053
403,1,1,1.2,1.2,1.2,-0.1,16.54,0,32.48,0.000121729403451005,15.320354697302,5.83467969242485,2.59375233544122,0.435562347734988,1.05739176940481,0.187112889998769,2.1331346696926
404,1,1,1.2,1.2,1.2,0,16.52,0,32.48,0.000121647006271205,15.3059914090475,5.81041491901499,2.59418887192085,0.440943367565701,1.03677529882132,0.194147097477068,2.13037518619772
405,1,1,1.2,1.2,1.2,0.1,16.5,0,32.48,0.000121564672040944,15.2914466985676,5.78581434061174,2.59544313018456,0.446646956727237,1.01688449425268,0.201509242881277,2.12490709943296
406,1,1.2,0.8,0.8,0.8,-0.1,16.36,0,32.98,0.000166669810428257,15.6506316602674,5.26842144516229,2.58746982263228,0.650981051543434,1.43959370528792,0.192655694188384,2.17117820477872
407,1,1.2,0.8,0.8,0.8,0,16.36,0,32.98,0.000166692016571238,15.6281578764872,5.24136025678963,2.58408900669005,0.663770009756945,1.41982453296829,0.194619224422003,2.16689563367793
408,1,1.2,0.8,0.8,0.8,0.1,16.32,0,32.98,0.000166714202441363,15.6061598454069,5.2136815389933,2.58109323897552,0.678345268351073,1.40036132959434,0.198589534226261,2.16030222675044
409,1,1.2,0.8,0.8,1,-0.1,16.34,0,33,0.000167735690368161,15.6890821584914,5.34573584304054,2.59837862941661,0.655569668983308,1.47125629963882,0.192723624684774,2.19828776423336
410,1,1.2,0.8,0.8,1,0,16.32,0,33,0.000167763103740711,15.6625259418798,5.32053261593182,2.59123375403559,0.674826520138615,1.44559645032704,0.195165324437981,2.1947875173163
411,1,1.2,0.8,0.8,1,0.1,16.3,0,33,0.000167790481592826,15.6365729076342,5.2951387233681,2.58508995922291,0.697058853516475,1.42012188342439,0.200402254871727,2.18900147435036
412,1,1.2,0.8,0.8,1.2,-0.1,16.34,0,33,0.000168803448928133,15.7243762276951,5.41058463027509,2.61560343740747,0.655245313166149,1.50428298415404,0.191901097695647,2.21948405728331
413,1,1.2,0.8,0.8,1.2,0,16.3,0,33,0.000168835928116429,15.6955704301647,5.39046609745037,2.60142669625025,0.681596268764521,1.47351133007277,0.194731832843107,2.21654711164888
414,1,1.2,0.8,0.8,1.2,0.1,16.26,0,33,0.000168868352122101,15.6679284077204,5.37085262295995,2.58620741859127,0.712330751452145,1.44270468872246,0.201177963243745,2.21140868968516
415,1,1.2,0.8,1,0.8,-0.1,16.6,0,32.74,0.00014205379674324,15.3296283617347,5.57628101125925,2.53957614862445,0.703841844901538,1.22181357099588,0.218488982088641,2.12274095407131
416,1,1.2,0.8,1,0.8,0,16.6,0,32.74,0.000142070494343623,15.3143330675907,5.54812061946322,2.53668527664789,0.717744724521334,1.20282482245055,0.22099672231831,2.11912033530469
417,1,1.2,0.8,1,0.8,0.1,16.58,0,32.74,0.00014208717074879,15.2990921278048,5.51975239620893,2.5343523893321,0.733807436679491,1.18412130228675,0.22589004593427,2.11315204782336
418,1,1.2,0.8,1,1,-0.1,16.6,0,32.74,0.000142841920019617,15.3605734693676,5.65894684758943,2.55090075790739,0.709574324318438,1.25310224606879,0.217891060775402,2.15314927063969
419,1,1.2,0.8,1,1,0,16.58,0,32.74,0.000142862529988508,15.343682186808,5.63403632280805,2.54296688874035,0.730557144045075,1.22892990545141,0.220997949171797,2.14880976922262
420,1,1.2,0.8,1,1,0.1,16.54,0,32.74,0.000142883115766101,15.3266934202137,5.60876301368084,2.53631842100032,0.754963650005677,1.20489620546471,0.227496579438692,2.1416492904037
421,1,1.2,0.8,1,1.2,-0.1,16.58,0,32.76,0.000143631071308517,15.3873406290047,5.72630368744796,2.57484791069934,0.709594600934792,1.28501271092853,0.216323433817405,2.1793653995018
422,1,1.2,0.8,1,1.2,0,16.56,0,32.76,0.000143655493770138,15.3713458332547,5.70795748598513,2.55991098592397,0.738266822406882,1.25638553925264,0.220002032375513,2.17571987844507
423,1,1.2,0.8,1,1.2,0.1,16.52,0,32.76,0.000143679874299327,15.3554675747808,5.68969404038612,2.5423569212559,0.771956328654545,1.22789374888597,0.22797476312637,2.1693509484614
424,1,1.2,0.8,1.2,0.8,-0.1,16.78,0,32.58,0.000126461284555849,15.0925467333273,5.80510046510967,2.50425840325511,0.743473734287254,1.06546093110941,0.240099205049934,2.08519740988658
425,1,1.2,0.8,1.2,0.8,0,16.74,0,32.58,0.000126474029095708,15.0823649387156,5.77658903237269,2.50184250006503,0.758263440884809,1.04737064678272,0.24303741497752,2.08088235620764
426,1,1.2,0.8,1.2,0.8,0.1,16.72,0,32.58,0.000126486757821849,15.0720009461364,5.74759910611549,2.5001476879169,0.775372456803513,1.02956359528035,0.248843414194487,2.07377983292157
427,1,1.2,0.8,1.2,1,-0.1,16.74,0,32.58,0.00012707962781958,15.1191309852928,5.89027591736736,2.51580566718887,0.750012886550646,1.09588806786005,0.238802611810413,2.11670195943822
428,1,1.2,0.8,1.2,1,0,16.72,0,32.58,0.000127095356018702,15.1090097718797,5.86564554589643,2.50720883454297,0.772195037283575,1.07310430978661,0.242531252387721,2.11320785398593
429,1,1.2,0.8,1.2,1,0.1,16.7,0,32.58,0.000127111058550748,15.0982390716149,5.84085247209284,2.50033122364531,0.79824726280511,1.05057920043394,0.250106482701098,2.10704411615309
430,1,1.2,0.8,1.2,1.2,-0.1,16.74,0,32.58,0.000127698560980789,15.1415268527558,5.95844852385594,2.54597163365899,0.750214059386734,1.12629964199553,0.236547962132,2.14081099070402
431,1,1.2,0.8,1.2,1.2,0,16.7,0,32.58,0.000127717184540615,15.1343395124177,5.94129530232065,2.53112932959244,0.780539526382639,1.09970574578983,0.240990429721231,2.13789414656464
432,1,1.2,0.8,1.2,1.2,0.1,16.66,0,32.58,0.000127735776530255,15.1261842221732,5.92391675433984,2.51394348811728,0.816412960034039,1.07323940393477,0.250322901855263,2.13246300343929
433,1,1.2,1,0.8,0.8,-0.1,16.22,0,33.02,0.0001720155043893,15.8227101370391,5.08811866473866,2.63064646968702,0.496762068414915,1.48983255435418,0.162959292782013,2.17116882652663
434,1,1.2,1,0.8,0.8,0,16.2,0,33.02,0.000171991178826457,15.8012594511956,5.0600916887125,2.62874855629855,0.508542677768635,1.47443194332704,0.164492045925182,2.16699294377468
435,1,1.2,1,0.8,0.8,0.1,16.18,0,33.02,0.000171966858759613,15.7801102517723,5.03182046182975,2.62694626165316,0.521907477565647,1.45950360729425,0.168224730212491,2.16054627904699
436,1,1.2,1,0.8,1,-0.1,16.2,0,33.02,0.000172909183513696,15.8648322542247,5.15861311936766,2.63985478428616,0.500364378062687,1.51377258862421,0.163898697492327,2.19826765950121
437,1,1.2,1,0.8,1,0,16.18,0,33.02,0.000172878436754451,15.8379662189257,5.12949535326781,2.63721181983397,0.517958771206276,1.49285117472667,0.167118530111386,2.19484286764016
438,1,1.2,1,0.8,1,0.1,16.16,0,33.02,0.000172847698162871,15.8114804960574,5.10014971750425,2.63501288875044,0.538255730940128,1.47240655106236,0.170826476564432,2.18916192878534
439,1,1.2,1,0.8,1.2,-0.1,16.18,0,33.04,0.00017380417095926,15.9073563876813,5.22282789740137,2.64771657411272,0.500421914638657,1.54023991711292,0.167643226428592,2.21946233472399
440,1,1.2,1,0.8,1.2,0,16.14,0,33.02,0.000173766871112372,15.8757242465183,5.19618954984955,2.64335257912173,0.524531718348227,1.51396842279259,0.172918632942737,2.21658155255877
441,1,1.2,1,0.8,1.2,0.1,16.12,0,33.02,0.000173729579973842,15.8445074747859,5.1697532554908,2.64042751389592,0.552505276880472,1.48806336321273,0.178456102182655,2.21152202680511
442,1,1.2,1,1,0.8,-0.1,16.48,0,32.76,0.000146040086297462,15.4956529903469,5.39983456235951,2.57956861006001,0.541582083393347,1.25991898196921,0.185708222733837,2.12272004844432
443,1,1.2,1,1,0.8,0,16.46,0,32.76,0.000146021817662094,15.4797843240914,5.37031958782638,2.57856471547846,0.554592906720631,1.24471828333929,0.187811907556496,2.11917951798673
444,1,1.2,1,1,0.8,0.1,16.46,0,32.76,0.000146003547881726,15.4640460690943,5.34062417177673,2.577693496645,0.569552972754589,1.22994917729921,0.192539323984425,2.11332208421241
445,1,1.2,1,1,1,-0.1,16.44,0,32.78,0.000146698545865585,15.5311313339149,5.47877270005349,2.58717179549731,0.546304035928283,1.28430830074133,0.186184725279723,2.15312443825125
446,1,1.2,1,1,1,0,16.44,0,32.78,0.000146675469471955,15.5115798217131,5.44963372274026,2.58548279492319,0.565735491422677,1.26385587122112,0.188909040660969,2.1488787082635
447,1,1.2,1,1,1,0.1,16.42,0,32.78,0.000146652396430629,15.4920983488754,5.41992882420969,2.58442736295607,0.588282347150536,1.24387762946842,0.195144782692283,2.14184880376677
448,1,1.2,1,1,1.2,-0.1,16.42,0,32.78,0.000147357721293873,15.5668460677483,5.54821606020324,2.5933669836878,0.546813942627089,1.3107992548919,0.185778099671623,2.17933845943797
449,1,1.2,1,1,1.2,0,16.42,0,32.78,0.000147329742997562,15.5446389460063,5.5228457685175,2.58913367195772,0.573414499530214,1.28563340179075,0.188990357458319,2.1757627994636
450,1,1.2,1,1,1.2,0.1,16.38,0,32.78,0.000147301765070195,15.5223246240293,5.49750306671755,2.58711476762904,0.604406706581046,1.2608144340371,0.196725421128127,2.16949198229958
451,1,1.2,1,1.2,0.8,-0.1,16.64,0,32.6,0.000129610338661164,15.2488424882822,5.63570669289149,2.54190438348028,0.575934155890906,1.09545299743404,0.204924386567308,2.08517257433454
452,1,1.2,1,1.2,0.8,0,16.64,0,32.6,0.00012959531200335,15.2372643202568,5.60524303304363,2.54156906514232,0.589887514205327,1.08058415172636,0.207523144043654,2.08095315981384
453,1,1.2,1,1.2,0.8,0.1,16.62,0,32.6,0.000129580286668646,15.2256888771631,5.57463271810372,2.54140458988064,0.606103330252399,1.06623585024442,0.213082004031795,2.07398297687271
454,1,1.2,1,1.2,1,-0.1,16.62,0,32.6,0.000130125463466512,15.2795199114326,5.71970248712192,2.54806606071974,0.581438225481035,1.11985668085144,0.204891195357745,2.11667482415018
455,1,1.2,1,1.2,1,0,16.58,0,32.6,0.000130106500624196,15.2655494849475,5.69046151725969,2.54715580853888,0.602283344553691,1.10017535465281,0.208277760033487,2.11324758528974
456,1,1.2,1,1.2,1,0.1,16.58,0,32.6,0.000130087535600019,15.2513571155616,5.6610717898923,2.54702341201472,0.626653545841639,1.0809180814321,0.215724224696682,2.10717733125208
457,1,1.2,1,1.2,1.2,-0.1,16.6,0,32.6,0.000130640995777249,15.3104957799426,5.79156244483709,2.55284957497649,0.582198686136032,1.14576629754001,0.20395780926023,2.14078611729979
458,1,1.2,1,1.2,1.2,0,16.56,0,32.6,0.000130618022210951,15.2953730751769,5.76743721109932,2.54869186532284,0.610713575509671,1.12195274032697,0.208021049703617,2.13791863240287
459,1,1.2,1,1.2,1.2,0.1,16.56,0,32.6,0.000130595047079821,15.2796688242717,5.74334817874431,2.54763579211172,0.644077452783269,1.09843715564049,0.217158510389099,2.13255696993948
460,1,1.2,1.2,0.8,0.8,-0.1,16.1,0,33.04,0.000176117046361321,15.9459221805076,4.96381567131632,2.66525751273599,0.470862424021413,1.53537734363422,0.165010759343221,2.17116002074604
461,1,1.2,1.2,0.8,0.8,0,16.08,0,33.04,0.000176056942745228,15.9261616643086,4.93737027801901,2.66355921491823,0.472491358181099,1.52325534683268,0.166200369408108,2.1670889464497
462,1,1.2,1.2,0.8,0.8,0.1,16.08,0,33.04,0.00017599686926171,15.9067361719667,4.91092775143825,2.66190399148679,0.474192964001001,1.51156340619212,0.167323844860639,2.16078625529
463,1,1.2,1.2,0.8,1,-0.1,16.08,0,33.04,0.000176877584795085,15.9880301232049,5.02433586137932,2.67512065781405,0.470391101081361,1.55429492536352,0.168617715353762,2.19824801426631
464,1,1.2,1.2,0.8,1,0,16.06,0,33.04,0.000176802139162819,15.9630062718972,4.99403827053603,2.67303151681415,0.472571903056794,1.537527118776,0.170685417333398,2.19489762940294
465,1,1.2,1.2,0.8,1,0.1,16.06,0,33.04,0.00017672673439432,15.9383580362433,4.9636644476137,2.67102983647956,0.474863215507502,1.52136061074499,0.172713364924233,2.18932023263549
466,1,1.2,1.2,0.8,1.2,-0.1,16.06,0,33.06,0.000177639077350725,16.0309076545346,5.08373877346205,2.68438011343177,0.470109683886301,1.5755339692082,0.172379103523778,2.21944095234094
467,1,1.2,1.2,0.8,1.2,0,16.04,0,33.04,0.000177548158517128,16.0005108235569,5.05338985058016,2.6820329858679,0.472871184371805,1.55369488230618,0.175890227334102,2.21661569068139
468,1,1.2,1.2,0.8,1.2,0.1,16.04,0,33.04,0.000177457304649542,15.97050794959,5.02324303646209,2.68007708521693,0.475770115902749,1.53255831878064,0.179536035808221,2.2116340951005
469,1,1.2,1.2,1,0.8,-0.1,16.38,0,32.8,0.000149094079125708,15.6151319543154,5.27386469607077,2.61237495839164,0.459870855146467,1.29601017587268,0.166820538162783,2.12269963084793
470,1,1.2,1.2,1,0.8,0,16.38,0,32.78,0.000149048996257959,15.6000182282747,5.24505330293799,2.61158099537522,0.46165319015715,1.28392219045712,0.168517527178114,2.11923804393651
471,1,1.2,1.2,1,0.8,0.1,16.38,0,32.78,0.000149003930692428,15.5850715586177,5.21630198529641,2.61081605573797,0.463511901929671,1.27234460480717,0.17013526794843,2.11348976619914
472,1,1.2,1.2,1,1,-0.1,16.36,0,32.8,0.000149652640887202,15.6509720785431,5.34537770473685,2.62103369053007,0.45946546739842,1.31507868711641,0.1711239857317,2.15310017737639
473,1,1.2,1.2,1,1,0,16.36,0,32.8,0.000149596069671471,15.6318521892485,5.31403345998069,2.6201267817034,0.46183565885668,1.29824504546454,0.17401542780569,2.14894691343063
474,1,1.2,1.2,1,1,0.1,16.34,0,32.8,0.0001495395237984,15.6129073047568,5.28288424538199,2.61933193512611,0.468832550902466,1.28203232809478,0.176863664550907,2.14204563849119
475,1,1.2,1.2,1,1.2,-0.1,16.34,0,32.8,0.000150211724654053,15.6877241042934,5.41250207893051,2.62852227023301,0.459381242756749,1.33673587020773,0.175522005563349,2.17931194296809
476,1,1.2,1.2,1,1.2,0,16.34,0,32.8,0.00015014357672817,15.6646902794971,5.38278881455105,2.62756524191113,0.462395422713442,1.31513127036981,0.180260272067949,2.17580534278767
477,1,1.2,1.2,1,1.2,0.1,16.3,0,32.8,0.000150075469837804,15.6417475899912,5.35325824742741,2.62720289832985,0.483833079942402,1.29409795731766,0.185172808775193,2.1696314349261
478,1,1.2,1.2,1.2,0.8,-0.1,16.56,0,32.62,0.000132020056539972,15.3623641711761,5.511581387996,2.57298087964216,0.455030153774724,1.12465535897686,0.176917235353948,2.08514832194177
479,1,1.2,1.2,1.2,0.8,0,16.54,0,32.62,0.000131983775501082,15.350906207174,5.48131351104321,2.57283492237447,0.468466727913359,1.11268695516395,0.179259779443274,2.08102317699383
480,1,1.2,1.2,1.2,0.8,0.1,16.52,0,32.62,0.000131947511007437,15.3394978817747,5.45115849473761,2.57272621139532,0.483965014758993,1.10129221813129,0.184799888754253,2.07418330401451
481,1,1.2,1.2,1.2,1,-0.1,16.52,0,32.62,0.000132455867757812,15.3933193370382,5.59023343585858,2.58058207601234,0.459391963819366,1.14390935474556,0.177752912025343,2.11664809463692
482,1,1.2,1.2,1.2,1,0,16.52,0,32.62,0.000132410358123236,15.3788719892866,5.5584556205156,2.58055678708292,0.479354987922765,1.12732341817506,0.180853669102218,2.11328696700316
483,1,1.2,1.2,1.2,1,0.1,16.5,0,32.62,0.000132364871903903,15.3644950418904,5.52691601436661,2.58067429166898,0.502513751701688,1.11135535612888,0.188271166037618,2.10730906555334
484,1,1.2,1.2,1.2,1.2,-0.1,16.5,0,32.62,0.000132891974016626,15.4253189942106,5.66184819377321,2.58647829534618,0.460272061053412,1.16561864740589,0.178164231158368,2.1407615255391
485,1,1.2,1.2,1.2,1.2,0,16.5,0,32.62,0.000132837170527743,15.4081120687323,5.63290276082216,2.58659362887312,0.487396688080293,1.14465884502603,0.183838885491169,2.13794293996826
486,1,1.2,1.2,1.2,1.2,0.1,16.48,0,32.62,0.000132782400173879,15.3908107210904,5.60427289691344,2.58745671262493,0.519011534790824,1.12425401202363,0.190605496078565,2.13265006468662
487,1.2,0.8,0.8,0.8,0.8,-0.1,16.5,0,32.72,0.000140417942403783,15.4332873961282,5.60530176961389,2.60620451895804,0.455402817860083,1.1778549780169,0.16936467714045,2.1407221655587
488,1.2,0.8,0.8,0.8,0.8,0,16.48,0,32.72,0.000140315547874452,15.4159245252477,5.58027586525823,2.60401297102789,0.459959216031099,1.15870406304533,0.173879907632497,2.13789332081358
489,1.2,0.8,0.8,0.8,0.8,0.1,16.48,0,32.72,0.000140213234773681,15.3988572997598,5.55516985108476,2.60202809919366,0.464744529499758,1.14006288773752,0.178346328529027,2.13260273329424
490,1.2,0.8,0.8,0.8,1,-0.1,16.48,0,32.72,0.00014091412194256,15.4763564167885,5.69117495837706,2.62117352434298,0.454994366316133,1.20932516772612,0.173139605950838,2.17516700634801
491,1.2,0.8,0.8,0.8,1,0,16.46,0,32.72,0.000140785821725376,15.4558817702429,5.67341872833673,2.61574687174738,0.461432964799286,1.1848648374306,0.180391736355876,2.1717866522549
492,1.2,0.8,0.8,0.8,1,0.1,16.44,0,32.72,0.000140657644500241,15.4357328841578,5.65523241192787,2.61061165232764,0.470346843019584,1.1609336941707,0.187790289384759,2.16545973791683
493,1.2,0.8,0.8,0.8,1.2,-0.1,16.46,0,32.74,0.000141410394646145,15.5170505912096,5.76636386380722,2.64169823865414,0.452631158229942,1.24202252412726,0.176062707049034,2.20193951315227
494,1.2,0.8,0.8,0.8,1.2,0,16.42,0,32.72,0.000141256065341947,15.4949511822959,5.76015391432658,2.63123314344008,0.461159948429452,1.21346412353958,0.186672901096153,2.19912456366981
495,1.2,0.8,0.8,0.8,1.2,0.1,16.4,0,32.72,0.000141101911718868,15.4737591740214,5.75263347744376,2.61886975711408,0.486034599769808,1.18535452318065,0.197816643844547,2.19357706898669
496,1.2,0.8,0.8,1,0.8,-0.1,16.68,0,32.54,0.000122809713363943,15.1461754405814,5.8773498815336,2.56282915750832,0.446606829587551,0.990916023457133,0.178040025007058,2.09803629836205
497,1.2,0.8,0.8,1,0.8,0,16.66,0,32.54,0.00012272277820053,15.135238225635,5.85230540806811,2.56150353909255,0.45398194306176,0.972935737076839,0.181943649965136,2.09452598432351
498,1.2,0.8,0.8,1,0.8,0.1,16.64,0,32.54,0.000122635907805932,15.1241741362437,5.82716217505644,2.5604545473066,0.486388026587052,0.955510656998749,0.191744303531359,2.08796992522247
499,1.2,0.8,0.8,1,1,-0.1,16.64,0,32.54,0.000123144503027935,15.1817983505369,5.96941397071746,2.57735780778953,0.445688210264625,1.02107154670944,0.17792842562268,2.13156123483434
500,1.2,0.8,0.8,1,1,0,16.62,0,32.54,0.000123035652297017,15.169729688008,5.95367524648444,2.57250956370813,0.460687870757498,0.998644330182146,0.183585442501892,2.1287493538499
501,1.2,0.8,0.8,1,1,0.1,16.6,0,32.54,0.000122926903407459,15.157428893148,5.93648427685579,2.56809424567536,0.506498996603478,0.976693734940452,0.195747786310521,2.12315852733724
502,1.2,0.8,0.8,1,1.2,-0.1,16.62,0,32.54,0.000123479199501675,15.2150150888084,6.05013126604226,2.59993987649948,0.442279333544954,1.05212464068748,0.178655940054707,2.15755027657907
503,1.2,0.8,0.8,1,1.2,0,16.6,0,32.54,0.000123348358797355,15.203886197402,6.04734448909175,2.59019336481518,0.464284961136149,1.02647392556465,0.190881862336051,2.15405777094319
504,1.2,0.8,0.8,1,1.2,0.1,16.56,0,32.54,0.000123217667617272,15.1923886735639,6.04157336454924,2.57839129758001,0.523894370880363,1.00126341489448,0.20362039774389,2.14902522007558
505,1.2,0.8,0.8,1.2,0.8,-0.1,16.78,0,32.42,0.000111555949285662,14.9417802808901,6.07391007360948,2.53153865522051,0.446547634324614,0.857355045811345,0.192306533149087,2.05570866001703
506,1.2,0.8,0.8,1.2,0.8,0,16.76,0,32.42,0.000111478461972652,14.9350030916269,6.0490518447899,2.53093363135726,0.476928029249734,0.840507143218744,0.197381550405082,2.0515270486068
507,1.2,0.8,0.8,1.2,0.8,0.1,16.76,0,32.42,0.000111401035878958,14.9279038275233,6.02367019061705,2.53065812581842,0.511324040718332,0.824243813833923,0.20902345867222,2.04372808255669
508,1.2,0.8,0.8,1.2,1,-0.1,16.76,0,32.42,0.000111791941462278,14.9730740446519,6.16988124705795,2.54531747329897,0.441210358154818,0.886046142666328,0.191647319922166,2.09559811592263
509,1.2,0.8,0.8,1.2,1,0,16.74,0,32.42,0.000111694976139787,14.9662637285251,6.15527200763534,2.54112088887621,0.484290855104948,0.865380184406352,0.198363192007744,2.09224407328108
510,1.2,0.8,0.8,1.2,1,0.1,16.72,0,32.42,0.000111598103950299,14.9588325250287,6.13862896554543,2.5376016293415,0.53287915145992,0.845256403262483,0.21325443851461,2.08558205888292
511,1.2,0.8,0.8,1.2,1.2,-0.1,16.74,0,32.42,0.000112027776296854,15.0024876937184,6.25412665553273,2.56885258022407,0.438425333060606,0.915417611602635,0.1902167743606,2.1249940582976
512,1.2,0.8,0.8,1.2,1.2,0,16.68,0,32.42,0.000111911292660894,14.997884337659,6.25381134815712,2.55977848716489,0.488378599985198,0.89223777734121,0.198435319159229,2.12220574781951
513,1.2,0.8,0.8,1.2,1.2,0.1,16.66,0,32.4,0.000111794937633843,14.9920927577593,6.24889900229533,2.5490123228415,0.55148834627501,0.869466133255616,0.216200952906321,2.11640143383477
514,1.2,0.8,1,0.8,0.8,-0.1,16.42,0,32.74,0.000142102266742697,15.5603180296665,5.48330679288429,2.63613117820175,0.444926778506484,1.20541856837777,0.178623598922784,2.14068663991765
515,1.2,0.8,1,0.8,0.8,0,16.4,0,32.74,0.000141970306877518,15.5435699696266,5.45570844313921,2.63511670570981,0.449387394500806,1.18989111168788,0.18168336598256,2.13793014568378
516,1.2,0.8,1,0.8,0.8,0.1,16.4,0,32.72,0.000141838452021533,15.5270906676814,5.42830488988352,2.63417748656532,0.45402725467443,1.17496307967589,0.184690933665973,2.13274117920313
517,1.2,0.8,1,0.8,1,-0.1,16.4,0,32.74,0.000142484923532006,15.6064925503498,5.56707090485342,2.64784589997511,0.446798613533399,1.23149987878945,0.182755955960918,2.17512557794307
518,1.2,0.8,1,0.8,1,0,16.38,0,32.74,0.000142319754267704,15.5855177420272,5.54306384242826,2.64595972127643,0.452974616954951,1.2106095118267,0.187904614433988,2.17182948107
519,1.2,0.8,1,0.8,1,0.1,16.36,0,32.72,0.000142154747815996,15.5649068696879,5.51926475813322,2.64448149795792,0.459468182934373,1.19041175989913,0.193144775647777,2.16562161499475
520,1.2,0.8,1,0.8,1.2,-0.1,16.36,0,32.74,0.000142867645853463,15.6532201564128,5.64424542793789,2.65920169094822,0.448259914230337,1.25987003219525,0.186450331428578,2.20190390300521
521,1.2,0.8,1,0.8,1.2,0,16.36,0,32.74,0.000142669177969118,15.6288258611225,5.62914073181706,2.65476485255162,0.456480681310967,1.23441729027875,0.194360500138286,2.19915074599339
522,1.2,0.8,1,0.8,1.2,0.1,16.34,0,32.72,0.000142470952939206,15.6047015117796,5.61331039714621,2.65149429173267,0.465302826559766,1.20967089705937,0.202697436543165,2.1936910867864
523,1.2,0.8,1,1,0.8,-0.1,16.6,0,32.54,0.000124003665666095,15.2628698237015,5.76138718302803,2.5897117009867,0.437024029497601,1.01152372058435,0.180012760413995,2.09799220282467
524,1.2,0.8,1,1,0.8,0,16.58,0,32.54,0.000123895725254454,15.2514954617856,5.73331696961265,2.58962177301998,0.441694661064379,0.996599874076411,0.183833384049758,2.09457187334356
525,1.2,0.8,1,1,0.8,0.1,16.56,0,32.54,0.000123787862919069,15.2401454735431,5.7053832099493,2.58963530400341,0.446568695492107,0.982318079641297,0.187586165503452,2.08814217155882
526,1.2,0.8,1,1,1,-0.1,16.56,0,32.54,0.000124257672688899,15.3011108781951,5.85373890984538,2.59991529170862,0.438668378296125,1.03695896392141,0.184633838163868,2.1315247140503
527,1.2,0.8,1,1,1,0,16.56,0,32.54,0.000124122626865096,15.2871618285725,5.83120577261145,2.59905247937593,0.445147515616811,1.01724998929032,0.190964520002983,2.12877452164593
528,1.2,0.8,1,1,1,0.1,16.54,0,32.54,0.000123987714141145,15.2731477087099,5.80840336125399,2.59870063968067,0.451981866551408,0.998260382787223,0.197387234920622,2.12327095231022
529,1.2,0.8,1,1,1.2,-0.1,16.54,0,32.54,0.000124511621405774,15.3399558344095,5.93779239332461,2.61000468030852,0.439454571630043,1.06446400685137,0.188699292837697,2.15750605188602
530,1.2,0.8,1,1,1.2,0,16.52,0,32.54,0.000124349428669932,15.3243987531652,5.92629894524295,2.60608804051345,0.447995039303436,1.04106132871799,0.198328992042463,2.15409039883381
531,1.2,0.8,1,1,1.2,0.1,16.52,0,32.54,0.000124187424235649,15.3085811502922,5.91261101668828,2.60370734652217,0.457164024350234,1.01840286884396,0.208365372819168,2.14910428789551
532,1.2,0.8,1,1.2,0.8,-0.1,16.7,0,32.42,0.000112446100589694,15.048001272144,5.96502829737308,2.55617732002568,0.43081214858878,0.873343034911338,0.180986804000922,2.05565611790502
533,1.2,0.8,1,1.2,0.8,0,16.7,0,32.42,0.000112352954878015,15.0403202976575,5.93682832065698,2.55675159881564,0.435623859438256,0.859078576578035,0.185330085622055,2.05158194531634
534,1.2,0.8,1,1.2,0.8,0.1,16.68,0,32.42,0.000112259877452845,15.0325910986908,5.90866196937173,2.55742672611064,0.44065192572795,0.845552745237791,0.189612178268314,2.04393380781143
535,1.2,0.8,1,1.2,1,-0.1,16.68,0,32.42,0.00011262168521005,15.0808943608046,6.06274198320492,2.5651771473137,0.432277684577357,0.897942668656686,0.186055426721902,2.0955545152511
536,1.2,0.8,1,1.2,1,0,16.68,0,32.42,0.000112505194595953,15.0716791801405,6.04154047743834,2.56513630608224,0.438950749274743,0.879442681081584,0.193190094758993,2.09227419963618
537,1.2,0.8,1,1.2,1,0.1,16.66,0,32.42,0.000112388813679188,15.0621992718942,6.01933837602909,2.56565047928811,0.445989935637069,0.861707148006295,0.200428440408379,2.08571645091949
538,1.2,0.8,1,1.2,1.2,-0.1,16.66,0,32.42,0.00011279717535521,15.1145705533931,6.15185683776533,2.5741630582302,0.43260747697843,0.924422587345861,0.190516652088081,2.12495864669369
539,1.2,0.8,1,1.2,1.2,0,16.64,0,32.42,0.000112657318980618,15.1049325573136,6.14248665442768,2.57086960883911,0.441350535309773,0.902990902219778,0.201294857663031,2.12222402506898
540,1.2,0.8,1,1.2,1.2,0.1,16.62,0,32.4,0.000112517618898483,15.0944844072959,6.13015769315095,2.56943559676529,0.450690363285659,0.882173053731,0.212471912391155,2.11649600701692
541,1.2,0.8,1.2,0.8,0.8,-0.1,16.36,0,32.74,0.000143343696386828,15.6497992884328,5.39713443032116,2.66016716422903,0.437390360439139,1.23045691639546,0.185209233691569,2.14065172060222
542,1.2,0.8,1.2,0.8,0.8,0,16.34,0,32.74,0.000143189978639684,15.6342322106601,5.36954711506397,2.6593539382132,0.441785433894752,1.21780174565524,0.187303069291985,2.13796657265212
543,1.2,0.8,1.2,0.8,0.8,0.1,16.34,0,32.74,0.000143036389018005,15.6188572828933,5.34259199583502,2.65855313671003,0.446326185021585,1.20571080657013,0.18934132839088,2.13287771660743
544,1.2,0.8,1.2,0.8,1,-0.1,16.34,0,32.74,0.000143642645264308,15.6961607761371,5.47499533453081,2.67186858119081,0.440143531135113,1.25256104728927,0.189423259480244,2.17508484525889
545,1.2,0.8,1.2,0.8,1,0,16.32,0,32.74,0.000143450343820296,15.6763100208834,5.4480225296396,2.67080606695827,0.446109909145621,1.23495276913259,0.19306141594829,2.17187186602202
546,1.2,0.8,1.2,0.8,1,0.1,16.32,0,32.74,0.000143258238832786,15.6567293777751,5.42121495614774,2.66985470565609,0.452316914052991,1.21811124565811,0.196747938987641,2.16578132691486
547,1.2,0.8,1.2,0.8,1.2,-0.1,16.32,0,32.74,0.000143941646423747,15.74366527597,5.55072423248504,2.68296592646142,0.443178791181051,1.27723666417109,0.193582151371904,2.20186875873721
548,1.2,0.8,1.2,0.8,1.2,0,16.3,0,32.74,0.000143710695031912,15.7195903917032,5.5297155911673,2.68144118100187,0.451069865204602,1.25492085221911,0.199491520648872,2.19917670336971
549,1.2,0.8,1.2,0.8,1.2,0.1,16.3,0,32.74,0.000143480028064361,15.6957846557754,5.50848151755538,2.68048213395029,0.45938725635835,1.23345549599566,0.205747749776547,2.19380382992318
550,1.2,0.8,1.2,1,0.8,-0.1,16.54,0,32.54,0.00012488284356667,15.345443195938,5.67654247086079,2.61174654092912,0.430033721653959,1.03096087870243,0.18704646240196,2.09794886237325
551,1.2,0.8,1.2,1,0.8,0,16.54,0,32.54,0.000124759469564326,15.3344231906986,5.6476209623232,2.61181448881266,0.43458551263662,1.01864707161567,0.189828102577471,2.09461726604858
552,1.2,0.8,1.2,1,0.8,0.1,16.52,0,32.54,0.000124636189420151,15.3235977034522,5.61928318062491,2.61191154156127,0.439309298263758,1.00699911430031,0.192552503379793,2.08831203980862
553,1.2,0.8,1.2,1,1,-0.1,16.52,0,32.54,0.000125077396945174,15.3836615548084,5.76512391427928,2.62194413484549,0.432701787061466,1.0524749998476,0.191713918273326,2.13148865628929
554,1.2,0.8,1.2,1,1,0,16.5,0,32.54,0.000124923103015106,15.3697054651142,5.73881474894204,2.62202219375885,0.438916073594228,1.03545362485245,0.196469377941392,2.12879947305923
555,1.2,0.8,1.2,1,1,0.1,16.5,0,32.54,0.000124768961191884,15.3559240007486,5.71241140298978,2.62224749205688,0.445421996730239,1.01930414352969,0.201278595782988,2.12338213161539
556,1.2,0.8,1.2,1,1.2,-0.1,16.48,0,32.54,0.00012527191821916,15.4230555589978,5.84956713613936,2.63119031762745,0.435402983686601,1.07675048258765,0.196230741438931,2.15746240747802
557,1.2,0.8,1.2,1,1.2,0,16.48,0,32.54,0.000125086682301039,15.406397763041,5.83144143831751,2.6309125530512,0.443619903547189,1.05571062975698,0.203791151697919,2.15412274613463
558,1.2,0.8,1.2,1,1.2,0.1,16.48,0,32.54,0.000124901659460999,15.3897274263608,5.81227523829501,2.63132784405574,0.452322937697762,1.03553879204315,0.211695307115295,2.14918262402588
559,1.2,0.8,1.2,1.2,0.8,-0.1,16.64,0,32.42,0.000113101087723632,15.1235562088325,5.88353292251494,2.57652290940967,0.424157367845974,0.888850199905137,0.188140805033179,2.05560447851868
560,1.2,0.8,1.2,1.2,0.8,0,16.64,0,32.42,0.000112996448804084,15.1158967742155,5.85405019720491,2.57719892525716,0.428811270223296,0.876933765706675,0.191449671329384,2.05163624772054
561,1.2,0.8,1.2,1.2,0.8,0.1,16.64,0,32.42,0.000112891889512903,15.1082369667609,5.8251053047372,2.57790182729382,0.433654633419242,0.865788220625177,0.194703122522983,2.04413668839504
562,1.2,0.8,1.2,1.2,1,-0.1,16.62,0,32.42,0.00011323227606894,15.1560138210067,5.97882561197504,2.58556488719005,0.426713327318691,0.909818561878177,0.1931888194552,2.09551146862453
563,1.2,0.8,1.2,1.2,1,0,16.62,0,32.42,0.000113101456540753,15.1463036468737,5.95343906500371,2.5864392698798,0.433084877701908,0.893547103961822,0.198784254797705,2.09230406677795
564,1.2,0.8,1.2,1.2,1,0.1,16.62,0,32.4,0.000112970753255479,15.1366184943543,5.92772091998327,2.58747601456106,0.439778872760659,0.878176593185368,0.204444341227174,2.08584935200623
565,1.2,0.8,1.2,1.2,1.2,-0.1,16.6,0,32.42,0.000113363414244178,15.1897051145656,6.06932622257847,2.59337232047565,0.42910032373417,0.933431053938609,0.198034599396861,2.12492359450468
566,1.2,0.8,1.2,1.2,1.2,0,16.6,0,32.42,0.000113206398764357,15.1782355102451,6.05385016121858,2.59404207757585,0.437502735818313,0.913860811914746,0.20681793287851,2.122242171874
567,1.2,0.8,1.2,1.2,1.2,0.1,16.6,0,32.4,0.000113049559423655,15.1666074645717,6.03568525491622,2.59545830292446,0.446405208929555,0.895092885979322,0.215950618642965,2.11658970407961
568,1.2,1,0.8,0.8,0.8,-0.1,16.48,0,32.94,0.000158252622986695,15.5505842109522,5.40841411480297,2.59197064623343,0.52922399204078,1.3213571914957,0.178966398659036,2.15628057688697
569,1.2,1,0.8,0.8,0.8,0,16.48,0,32.92,0.000158190956127976,15.5300807385702,5.38155808503516,2.58899293319892,0.547031189351419,1.30191143042768,0.18093120720111,2.15201736335202
570,1.2,1,0.8,0.8,0.8,0.1,16.46,0,32.92,0.000158129318059637,15.5098847454367,5.3542783805215,2.58630127643493,0.567261621186924,1.28285991384472,0.186010558397359,2.14506812492451
571,1.2,1,0.8,0.8,1,-0.1,16.46,0,32.94,0.000158965549114821,15.5913460293737,5.48661097136916,2.60496477625997,0.528397793348349,1.35264784804368,0.179209533628128,2.1873149012492
572,1.2,1,0.8,0.8,1,0,16.44,0,32.94,0.000158888071203531,15.5669404571896,5.46339688725242,2.59851848935846,0.554403876243426,1.32753211704136,0.181741061466081,2.18385849744636
573,1.2,1,0.8,0.8,1,0.1,16.42,0,32.94,0.000158810636840395,15.5430872125292,5.43998572219184,2.59266706136973,0.584215484070737,1.30271383610833,0.188503174712729,2.17781209694819
574,1.2,1,0.8,0.8,1.2,-0.1,16.46,0,32.94,0.00015967895490876,15.6291969281308,5.5526761182979,2.62373368920671,0.523170593429365,1.38511473761082,0.178608319148078,2.21109176365447
575,1.2,1,0.8,0.8,1.2,0,16.42,0,32.94,0.000159585503832026,15.6025107001627,5.53704278243977,2.61143947363807,0.558111388846843,1.35514296916983,0.18164487103109,2.20820456231437
576,1.2,1,0.8,0.8,1.2,0.1,16.38,0,32.94,0.000159492120787357,15.5770132601025,5.52155810746028,2.5976927900006,0.598259426606246,1.32541969590746,0.189963410745583,2.20286810055583
577,1.2,1,0.8,1,0.8,-0.1,16.7,0,32.72,0.000136609147367559,15.242878264903,5.69993467147656,2.54606130649473,0.570354959876854,1.11706181759208,0.201101342015741,2.11103929885301
578,1.2,1,0.8,1,0.8,0,16.68,0,32.72,0.000136554131328567,15.229225167573,5.67249468336146,2.54377297051419,0.589658245515742,1.09855804155409,0.2038515724284,2.10745673930158
579,1.2,1,0.8,1,0.8,0.1,16.66,0,32.72,0.000136499149047983,15.2156373236286,5.64494987385207,2.54187814469648,0.61181631812616,1.08044341007162,0.210257427171843,2.10120614710623
580,1.2,1,0.8,1,1,-0.1,16.66,0,32.72,0.00013710593433503,15.2760450855296,5.78328635806023,2.55911760588312,0.570055027969298,1.14748611529315,0.200688519254374,2.14077491408496
581,1.2,1,0.8,1,1,0,16.64,0,32.72,0.000137036905370056,15.2608367123819,5.76127274491327,2.55262303211266,0.598285097436924,1.12400019449559,0.204255426759272,2.13789374762737
582,1.2,1,0.8,1,1,0.1,16.64,0,32.72,0.000136967919119932,15.245595785814,5.73861198588171,2.54689118065606,0.630821599322786,1.10086764525705,0.212682173965096,2.13251945221072
583,1.2,1,0.8,1,1.2,-0.1,16.64,0,32.72,0.000137602814556364,15.3058225110695,5.85260940321965,2.58192417912084,0.564731214012028,1.17840176369071,0.199431527270651,2.16893031622912
584,1.2,1,0.8,1,1.2,0,16.62,0,32.72,0.000137519661753105,15.2912340566,5.83958514699875,2.56952040319552,0.602663849044688,1.15093694591837,0.203725979263826,2.1653472830077
585,1.2,1,0.8,1,1.2,0.1,16.58,0,32.72,0.000137436566428831,15.2766079652097,5.82615310791913,2.55485852781189,0.646456434097099,1.12372836409862,0.21411028169571,2.15873393356329
586,1.2,1,0.8,1.2,0.8,-0.1,16.82,0,32.56,0.000122835967227117,15.019319685355,5.91404643780995,2.51254040903419,0.60074052466332,0.97068808334117,0.21927592571537,2.07122968181579
587,1.2,1,0.8,1.2,0.8,0,16.82,0,32.56,0.000122784803781289,15.0103882977772,5.88669177221771,2.51084783298925,0.621183327502095,0.953175835251402,0.222739911911251,2.0669609038861
588,1.2,1,0.8,1.2,0.8,0.1,16.8,0,32.56,0.000122733669259425,15.0013207146591,5.85886971733154,2.50966044880446,0.644837308122333,0.936066786106219,0.230378997214018,2.05952384811888
589,1.2,1,0.8,1.2,1,-0.1,16.8,0,32.58,0.000123200819602097,15.0480988583337,6.00040699041451,2.52526046907025,0.600732468408005,0.999821300647245,0.218253211048577,2.10660780364283
590,1.2,1,0.8,1.2,1,0,16.76,0,32.56,0.000123136681827696,15.0390632402358,5.97903573720784,2.51885007361552,0.630621097318398,0.977962561838012,0.2227272001691,2.10317044089463
591,1.2,1,0.8,1.2,1,0.1,16.76,0,32.56,0.000123072588161227,15.0294571157159,5.95718146946628,2.5135226409144,0.665284700823446,0.956392614432741,0.232742845659763,2.09676563008885
592,1.2,1,0.8,1.2,1.2,-0.1,16.78,0,32.58,0.000123565598550792,15.0737044317019,6.07168710142477,2.55115073341189,0.595304397095772,1.02914133652541,0.216334004351965,2.13319395767427
593,1.2,1,0.8,1.2,1.2,0,16.74,0,32.56,0.000123488413066059,15.0670241051855,6.06052332155969,2.53890835275169,0.635427262491574,1.00381393099579,0.22179509617447,2.13033238361389
594,1.2,1,0.8,1.2,1.2,0.1,16.72,0,32.56,0.000123411288794283,15.0593131472788,6.04796554539666,2.52455044993837,0.681987404410244,0.978866029041268,0.234044725479816,2.12471979453494
595,1.2,1,1,0.8,0.8,-0.1,16.36,0,32.94,0.000161366346046636,15.7039960446673,5.2568953255009,2.62966584987938,0.460931415360519,1.36017971103213,0.16680416301357,2.15625500756377
596,1.2,1,1,0.8,0.8,0,16.36,0,32.94,0.00016126823589621,15.6844129548863,5.22852796320976,2.62803145980464,0.463490771286687,1.34472551779178,0.169162813620361,2.15210544498856
597,1.2,1,1,0.8,0.8,0.1,16.36,0,32.94,0.000161170183275658,15.6650770175406,5.2002703697132,2.62648424394284,0.466158367085782,1.32985184754339,0.171446971687422,2.14531390140696
598,1.2,1,1,0.8,1,-0.1,16.34,0,32.94,0.000161941189105711,15.7482520345381,5.33090069337203,2.64004834145969,0.461050869158917,1.38488876801601,0.170656547189059,2.18728478164803
599,1.2,1,1,0.8,1,0,16.34,0,32.94,0.000161818231775114,15.723660345626,5.30296668359495,2.63756167363526,0.464587808676545,1.36399940730505,0.174636198496783,2.18390800437982
600,1.2,1,1,0.8,1,0.1,16.3,0,32.94,0.000161695371775851,15.6995141517381,5.27509105264617,2.63549794701959,0.468290647654794,1.34364713841933,0.178650841437999,2.17797330385724
601,1.2,1,1,0.8,1.2,-0.1,16.32,0,32.96,0.000162516351925032,15.7928279013352,5.39776179778445,2.64963541858461,0.46155640317073,1.41188947023978,0.174107800719309,2.21106345314862
602,1.2,1,1,0.8,1.2,0,16.3,0,32.94,0.000162368427774518,15.763971605124,5.37464304723375,2.64502010608422,0.466510094203647,1.38585916315961,0.180316009328727,2.20823510440338
603,1.2,1,1,0.8,1.2,0.1,16.28,0,32.94,0.000162220640076162,15.7354962294572,5.35170958065787,2.64171584034767,0.471750258069399,1.36032640161131,0.186830737491889,2.20298180228277
604,1.2,1,1,1,0.8,-0.1,16.58,0,32.72,0.000138843048318296,15.3880412734012,5.55380363153881,2.58059976942014,0.450678371587521,1.14638001742096,0.169899665160543,2.1110075388754
605,1.2,1,1,1,0.8,0,16.58,0,32.72,0.000138761763435719,15.3740172788629,5.52438819698409,2.57987843889824,0.453446244726168,1.1313254636564,0.172343653642981,2.10750974580006
606,1.2,1,1,1,0.8,0.1,16.56,0,32.72,0.000138680528863155,15.3600815655394,5.49498307118044,2.57928161624846,0.469879807642662,1.11682273570149,0.178833292251854,2.10137732306485
607,1.2,1,1,1,1,-0.1,16.56,0,32.72,0.000139240058830022,15.424988524875,5.63568682219587,2.58949637109405,0.450827206364146,1.17098427586023,0.172757826935323,2.14074563618342
608,1.2,1,1,1,1,0,16.52,0,32.72,0.000139138254802472,15.4077218833732,5.60838019163605,2.58798960714807,0.457366295203044,1.15084914236279,0.177765146805903,2.13792315591013
609,1.2,1,1,1,1,0.1,16.52,0,32.72,0.000139036529468206,15.3904507100311,5.58086671523098,2.58705142461049,0.487936637785339,1.13125819744239,0.182812186061526,2.13263139337137
610,1.2,1,1,1,1.2,-0.1,16.54,0,32.72,0.000139637131826924,15.4622211418812,5.70827816765381,2.59780201234587,0.451262923871068,1.19745998851042,0.17676034504437,2.16889517661948
611,1.2,1,1,1,1.2,0,16.5,0,32.72,0.000139514726061759,15.4426031078205,5.68747315229568,2.59345529868885,0.462844539855746,1.17293091351073,0.184464750162317,2.16538534447592
612,1.2,1,1,1,1.2,0.1,16.5,0,32.72,0.000139392436437728,15.4229232260637,5.66632727082674,2.59095956405872,0.503697687736924,1.14886377931064,0.192497007459416,2.15887540416696
613,1.2,1,1,1.2,0.8,-0.1,16.7,0,32.58,0.000124527420582154,15.1542066127399,5.77531735015756,2.54473616409098,0.456666886312807,0.993627264282396,0.185959970471092,2.07119187756084
614,1.2,1,1,1.2,0.8,0,16.7,0,32.58,0.000124456319225,15.1442605606657,5.74531531216651,2.54468196145748,0.476328670074881,0.979095077410926,0.189241069145331,2.06702431669246
615,1.2,1,1,1.2,0.8,0.1,16.7,0,32.56,0.000124385257631141,15.1342492400619,5.71528628875345,2.54476933369022,0.49888907678889,0.965115966288356,0.197012772582155,2.05972832522096
616,1.2,1,1,1.2,1,-0.1,16.68,0,32.58,0.000124816303678346,15.1860808060573,5.86211070907283,2.55235881159907,0.457181578482814,1.01778185532553,0.186175914802714,2.10657286400527
617,1.2,1,1,1.2,1,0,16.68,0,32.58,0.000124727294367085,15.17404387357,5.8353384948951,2.55163695385893,0.485654184977471,0.99860042108884,0.1904748804262,2.103205643629
618,1.2,1,1,1.2,1,0.1,16.66,0,32.56,0.000124638354589112,15.161822801207,5.80840522283831,2.5515917878124,0.518547091958186,0.979973711619197,0.200661025939519,2.09689945728164
619,1.2,1,1,1.2,1.2,-0.1,16.66,0,32.58,0.0001251051390853,15.2183186503872,5.9378662685712,2.55954994258706,0.453553134549729,1.04335291399015,0.185459513970131,2.13316404610564
620,1.2,1,1,1.2,1.2,0,16.66,0,32.58,0.000124998174830419,15.2053471755526,5.9187032043059,2.55550000010101,0.49174166827266,1.02042969859882,0.190753937290258,2.13035391330458
621,1.2,1,1,1.2,1.2,0.1,16.62,0,32.56,0.000124891305330622,15.1918014526413,5.89919951884652,2.55386870789436,0.535633298001591,0.997935500604957,0.203162814409568,2.12481407769295
622,1.2,1,1.2,0.8,0.8,-0.1,16.28,0,32.96,0.000163705736098272,15.8132787631624,5.15155301250065,2.65992989337438,0.449116604103179,1.39524719119328,0.173005543818526,2.15623024493989
623,1.2,1,1.2,0.8,0.8,0,16.28,0,32.96,0.000163580274678807,15.7952310148743,5.12427451689183,2.65851853542297,0.451789925469322,1.38292441627723,0.174518820309213,2.15219235948889
624,1.2,1,1.2,0.8,0.8,0.1,16.26,0,32.96,0.000163454902251263,15.7773973264218,5.09723303068424,2.65712371221562,0.454559489156648,1.37107770944305,0.17597019103574,2.14555558026671
625,1.2,1,1.2,0.8,1,-0.1,16.26,0,32.96,0.00016417660613781,15.8576988863899,5.21763003795614,2.67060685602881,0.449719155650352,1.41548181811528,0.176691438504767,2.18725523381095
626,1.2,1,1.2,0.8,1,0,16.26,0,32.96,0.000164019527021451,15.8347106045001,5.18791457084945,2.66882668673131,0.453308424113147,1.39834624323218,0.179317072639717,2.18395699129294
627,1.2,1,1.2,0.8,1,0.1,16.24,0,32.96,0.000163862580795028,15.8120406662986,5.15828560218914,2.66714022784478,0.457047821237124,1.38186821350492,0.181922814693172,2.17813235278383
628,1.2,1,1.2,0.8,1.2,-0.1,16.24,0,32.96,0.000164647704884674,15.9029723218392,5.28160310145613,2.68068379609905,0.450702687098888,1.4380229844418,0.180363355612343,2.21103554302473
629,1.2,1,1.2,0.8,1.2,0,16.22,0,32.96,0.000164458908011171,15.8750177155809,5.25395286963723,2.67853021344931,0.455399578884778,1.4158869187281,0.18471327268481,2.20826538091296
630,1.2,1,1.2,0.8,1.2,0.1,16.22,0,32.96,0.000164270298943061,15.847495184824,5.22671494718137,2.67683574533646,0.4603069819698,1.39446797123712,0.189277197052268,2.20309423225146
631,1.2,1,1.2,1,0.8,-0.1,16.5,0,32.74,0.000140519169962158,15.4919730891116,5.44825400619992,2.60895067899874,0.439919091513478,1.17395926169009,0.174741421426593,2.11097639349006
632,1.2,1,1.2,1,0.8,0,16.5,0,32.72,0.000140418217636263,15.4785763331557,5.41905324010844,2.60843419168935,0.442727968119748,1.16182191971437,0.176842312263729,2.10756217125217
633,1.2,1,1.2,1,0.8,0.1,16.48,0,32.72,0.000140317327999101,15.4652830091817,5.3901843036842,2.6079519399196,0.445649338423572,1.15022890904547,0.178867093820227,2.10154613266571
634,1.2,1,1.2,1,1,-0.1,16.48,0,32.74,0.000140841268207916,15.5292222207126,5.52473328899715,2.61831807725098,0.440550825201316,1.19398199122065,0.178970006263117,2.14071675673746
635,1.2,1,1.2,1,1,0,16.46,0,32.72,0.000140714923465722,15.5122415368779,5.4947879018103,2.61769839506487,0.444338855883049,1.17703367922601,0.182541433179681,2.13795230838011
636,1.2,1,1.2,1,1,0.1,16.46,0,32.72,0.000140588683198388,15.4953918583541,5.46490765699671,2.6172214580354,0.448299864449838,1.16084219152923,0.186103457177226,2.13274209315859
637,1.2,1,1.2,1,1.2,-0.1,16.44,0,32.74,0.000141163406293301,15.5674220950772,5.5964377375149,2.62664176119443,0.441613000057897,1.21643214253378,0.183097458771706,2.16886053565237
638,1.2,1,1.2,1,1.2,0,16.44,0,32.72,0.000141011616140406,15.547002270938,5.57052572609311,2.62578506411491,0.446664064302823,1.19495373837136,0.188855409246949,2.16542307466748
639,1.2,1,1.2,1,1.2,0.1,16.44,0,32.72,0.000140859969125193,15.5266420231254,5.54450912770732,2.62558607327579,0.451988173754391,1.17417764778203,0.1948551898925,2.15901529001159
640,1.2,1,1.2,1.2,0.8,-0.1,16.64,0,32.58,0.000125795194716184,15.2514919706017,5.67274099087707,2.57134717846375,0.432466677696057,1.01583954890593,0.175882662014653,2.07115480791522
641,1.2,1,1.2,1.2,0.8,0,16.62,0,32.58,0.000125709193007403,15.2416426426041,5.64233773358082,2.57146861574965,0.435376258402859,1.00398126477326,0.17843242505848,2.06708703372021
642,1.2,1,1.2,1.2,0.8,0.1,16.62,0,32.58,0.000125623243326135,15.2318648279837,5.61229309683901,2.57162912437812,0.438400089994747,0.99267714430796,0.180912524842955,2.0599299714394
643,1.2,1,1.2,1.2,1,-0.1,16.62,0,32.58,0.000126027164063628,15.2834154402571,5.75577821804797,2.57962644782443,0.433089455104488,1.0356567369542,0.180626337680415,2.10653840110723
644,1.2,1,1.2,1.2,1,0,16.6,0,32.58,0.000125919569149281,15.2709733843124,5.72579302694308,2.57985860872862,0.437023467648391,1.01919895940665,0.18491421518563,2.103240539912
645,1.2,1,1.2,1.2,1,0.1,16.6,0,32.58,0.000125812055854328,15.2585952169749,5.69610698783566,2.58025571645019,0.441141388224378,1.00342620243683,0.189210759033263,2.09703179857873
646,1.2,1,1.2,1.2,1.2,-0.1,16.6,0,32.58,0.00012625910799844,15.3163783532795,5.8322692517643,2.58648329972338,0.434159996621987,1.05774279006723,0.185205637268545,2.13313445365289
647,1.2,1,1.2,1.2,1.2,0,16.58,0,32.58,0.000126129879033844,15.3016011823678,5.8078231444573,2.58662743545353,0.43946474503533,1.03719448470313,0.192025692167249,2.130375287731
648,1.2,1,1.2,1.2,1.2,0.1,16.56,0,32.58,0.000126000774657936,15.2866960848427,5.78302924354507,2.58754658974102,0.445084172593971,1.01738180927425,0.199131800712707,2.12490748692931
649,1.2,1.2,0.8,0.8,0.8,-0.1,16.48,0,33.1,0.000174641491214478,15.6411840603721,5.26330315768582,2.57883760926968,0.64461692891366,1.44080667232051,0.193228806147286,2.17117804510006
650,1.2,1.2,0.8,0.8,0.8,0,16.46,0,33.1,0.000174619208642768,15.6182437601693,5.23615960581705,2.57537682566789,0.657220254791943,1.42113287301751,0.195138106733279,2.16689635333814
651,1.2,1.2,0.8,0.8,0.8,0.1,16.44,0,33.1,0.000174596922992281,15.5957066707871,5.20844950920974,2.57226761059791,0.671580271911601,1.40176445935022,0.199043751326444,2.1603038018956
652,1.2,1.2,0.8,0.8,1,-0.1,16.44,0,33.12,0.000175560823668795,15.680217380158,5.33984957531142,2.59006266680382,0.648717789786944,1.47241761293946,0.193307944042163,2.19828755871066
653,1.2,1.2,0.8,0.8,1,0,16.44,0,33.1,0.00017553254327704,15.6528606541736,5.31453342896841,2.58304854092186,0.667699244534253,1.44689360022313,0.19571494120914,2.19478795550076
654,1.2,1.2,0.8,0.8,1,0.1,16.4,0,33.1,0.000175504255398258,15.6261063175942,5.28893808646217,2.57687281797117,0.689586890532646,1.42154928022818,0.200884102528467,2.18900253535074
655,1.2,1.2,0.8,0.8,1.2,-0.1,16.44,0,33.12,0.000176481128215124,15.7161355973732,5.40415790763894,2.60701522656084,0.647987045697368,1.50539118533652,0.192507962261042,2.21948385726385
656,1.2,1.2,0.8,0.8,1.2,0,16.4,0,33.12,0.000176446678959452,15.6860061680411,5.3837405520223,2.59350522785274,0.673940164648035,1.47474504302976,0.195280734182396,2.21654740171182
657,1.2,1.2,0.8,0.8,1.2,0.1,16.38,0,33.12,0.000176412218050229,15.657238701421,5.36378943161699,2.57905097192676,0.704213044615983,1.44407306340749,0.20164774559522,2.21140945205977
658,1.2,1.2,0.8,1,0.8,-0.1,16.72,0,32.86,0.000149238831633455,15.3193113129312,5.57095547231903,2.53086599515676,0.696980742761597,1.22275437869155,0.219079793554627,2.12274074888973
659,1.2,1.2,0.8,1,0.8,0,16.7,0,32.86,0.000149214436766325,15.3034506301356,5.54273833002301,2.52793115681879,0.710692995953498,1.20385700733331,0.221526332561286,2.11912068089016
660,1.2,1.2,0.8,1,0.8,0.1,16.68,0,32.86,0.000149190042668891,15.2877884299127,5.51424210155842,2.52549004772761,0.726506056241629,1.18524483630962,0.226352375540141,2.11315292536899
661,1.2,1.2,0.8,1,1,-0.1,16.7,0,32.86,0.000149889268786727,15.3506501222009,5.65296735183171,2.54239946442896,0.702189086039157,1.2539599127238,0.218499905504314,2.15314901563377
662,1.2,1.2,0.8,1,1,0,16.68,0,32.86,0.000149858469103052,15.3328995739885,5.62787050221255,2.53477578335216,0.722859278875075,1.22990835521596,0.22154792220442,2.14881031584613
663,1.2,1.2,0.8,1,1,0.1,16.64,0,32.86,0.000149827672313683,15.3152304904734,5.60239824054485,2.5282575980531,0.746903114154073,1.20599716620826,0.227961379743711,2.14165061252698
664,1.2,1.2,0.8,1,1.2,-0.1,16.68,0,32.88,0.000150540067651761,15.377979784834,5.71983305008422,2.56522122602986,0.701775452253584,1.28580443507438,0.216939233447873,2.17936515079844
665,1.2,1.2,0.8,1,1.2,0,16.64,0,32.86,0.000150502745693656,15.3606245472344,5.70118363446481,2.55089202121698,0.729994773313726,1.25732201374663,0.220560329574404,2.17572024043398
666,1.2,1.2,0.8,1,1.2,0.1,16.62,0,32.86,0.000150465421935358,15.3435013571015,5.68256052282194,2.53414437754249,0.763207664779994,1.22893078323164,0.228458475441273,2.16935189892775
667,1.2,1.2,0.8,1.2,0.8,-0.1,16.88,0,32.7,0.000133127387039679,15.0814148343565,5.79979673545716,2.49556296168528,0.736237311776318,1.06620285260629,0.240678594742629,2.08519716508618
668,1.2,1.2,0.8,1.2,0.8,0,16.84,0,32.7,0.000133101317616871,15.0707400199951,5.77119757375313,2.49310630108707,0.750834268334697,1.0481961858165,0.243550864014993,2.08088277024598
669,1.2,1.2,0.8,1.2,0.8,0.1,16.84,0,32.7,0.000133075250884813,15.0599537400125,5.74210518069903,2.49129972239206,0.767720873573047,1.03047280463089,0.249328626571875,2.07378088322443
670,1.2,1.2,0.8,1.2,1,-0.1,16.84,0,32.7,0.000133614034188909,15.1082391311937,5.88439918081167,2.50719147195289,0.742219654409984,1.09657515526502,0.239407158523788,2.11670173024075
671,1.2,1.2,0.8,1.2,1,0,16.82,0,32.7,0.00013358121828165,15.0973331015508,5.85956720961864,2.4990396862905,0.764080936231892,1.07385957807183,0.243091488501301,2.11320809851786
672,1.2,1.2,0.8,1.2,1,0.1,16.8,0,32.7,0.000133548410764694,15.0859169775925,5.83454328123675,2.49239532726493,0.789760960663298,1.05144081061306,0.250603118174818,2.10704481594235
673,1.2,1.2,0.8,1.2,1.2,-0.1,16.84,0,32.7,0.000134100765540144,15.1309208933833,5.95216148453577,2.53548868645178,0.741960443215235,1.12692144700515,0.237141592017669,2.14081079250356
674,1.2,1.2,0.8,1.2,1.2,0,16.8,0,32.7,0.000134061114487291,15.1225457579992,5.93469445936635,2.52106574734301,0.771872509862613,1.1004128668899,0.241528693889559,2.13789430453553
675,1.2,1.2,0.8,1.2,1.2,0.1,16.76,0,32.7,0.000134021473752157,15.1132309993861,5.91692933753489,2.50427008081023,0.807207750304658,1.07402642736489,0.250796569263143,2.1324635025036
676,1.2,1.2,1,0.8,0.8,-0.1,16.3,0,33.12,0.000179442834494926,15.8151158716196,5.08497302179432,2.6225115569983,0.492354864024638,1.4908155020655,0.163454654925249,2.17116863147465
677,1.2,1.2,1,0.8,0.8,0,16.3,0,33.12,0.000179378460748812,15.7933049934168,5.05700159775369,2.62044431850561,0.503994495542613,1.47548045842528,0.164946668962832,2.16699362032488
678,1.2,1.2,1,0.8,0.8,0.1,16.28,0,33.12,0.00017931411929805,15.7718734292978,5.02877536502244,2.61848268727145,0.517183676094515,1.46059862365869,0.168627216388073,2.16054778724621
679,1.2,1.2,1,0.8,1,-0.1,16.28,0,33.14,0.000180204865524836,15.8575834078033,5.15484312653823,2.63187053077698,0.495608419875151,1.51478506781423,0.16441278536296,2.19826743343209
680,1.2,1.2,1,0.8,1,0,16.26,0,33.14,0.000180124036345772,15.8303037311736,5.12574033731078,2.62900999179747,0.512989935749272,1.49395313807291,0.166329265376772,2.19484328179897
681,1.2,1.2,1,0.8,1,0.1,16.26,0,33.14,0.000180043248628418,15.8033757855195,5.09629803875361,2.62655634498598,0.53301933193735,1.47361623002821,0.171240786543947,2.189162950715
682,1.2,1.2,1,0.8,1.2,-0.1,16.28,0,33.14,0.000180967573879308,15.9004592407373,5.21856607222211,2.64007680990691,0.495367859797675,1.54122988935122,0.165491241919908,2.21946212154623
683,1.2,1.2,1,0.8,1.2,0,16.24,0,33.14,0.000180870138432669,15.868158487425,5.19179942039527,2.63545132169003,0.519166410248888,1.5150860566116,0.170601503052779,2.21658182788518
684,1.2,1.2,1,0.8,1.2,0.1,16.22,0,33.14,0.00018077276531218,15.8364133115159,5.1651780887552,2.63215157353503,0.546776277021996,1.48930797571556,0.175931912726092,2.21152276417332
685,1.2,1.2,1,1,0.8,-0.1,16.56,0,32.88,0.000152705766893436,15.4874782737126,5.39636891379985,2.57134599089485,0.536776171936974,1.26075599463997,0.186215646974409,2.1227198245176
686,1.2,1.2,1,1,0.8,0,16.56,0,32.88,0.00015265076785769,15.4712487597426,5.36687089010778,2.57018155818182,0.549627105087907,1.2456140692315,0.18827265888748,2.11917984195815
687,1.2,1.2,1,1,0.8,0.1,16.54,0,32.88,0.000152595788337827,15.4552322438665,5.33717828996313,2.56915376616014,0.564402557372195,1.23092058494645,0.192941036215521,2.11332292737796
688,1.2,1.2,1,1,1,-0.1,16.54,0,32.88,0.000153241425499752,15.5232125085521,5.47472888386239,2.57917960842856,0.541112326877755,1.28510401060057,0.186704315173713,2.15312415763542
689,1.2,1.2,1,1,1,0,16.54,0,32.88,0.000153172426082131,15.5032357849851,5.44552150052503,2.57727643042613,0.560297588901945,1.26476495549278,0.189372945732773,2.14887922492898
690,1.2,1.2,1,1,1,0.1,16.5,0,32.88,0.000153103466014333,15.4833107459647,5.41574845068104,2.57596206565131,0.582583765897089,1.24488344402509,0.195563457154099,2.14185007718355
691,1.2,1.2,1,1,1.2,-0.1,16.52,0,32.88,0.000153777333722361,15.5591770355444,5.54370555075866,2.58583213060125,0.541294357077577,1.31156886579351,0.186304551081717,2.17933819432724
692,1.2,1.2,1,1,1.2,0,16.52,0,32.88,0.000153694240567224,15.5362717843046,5.51815398831525,2.58142274385129,0.567565465272965,1.28649188667709,0.189468088379248,2.17576314307011
693,1.2,1.2,1,1,1.2,0.1,16.48,0,32.88,0.000153611197219574,15.5134144651161,5.49262729533517,2.57900585945457,0.598177838033877,1.26179214188409,0.197130475984972,2.1694929015794
694,1.2,1.2,1,1.2,0.8,-0.1,16.74,0,32.72,0.000135774408940326,15.2401671946077,5.6321109418642,2.53366974960365,0.570829824893794,1.09613928014662,0.205418205257504,2.08517230709363
695,1.2,1.2,1,1.2,0.8,0,16.7,0,32.72,0.000135724868512468,15.2282421922171,5.60163538236324,2.53317723436243,0.584629412593909,1.08135467248105,0.207966080526218,2.08095354796911
696,1.2,1.2,1,1.2,0.8,0.1,16.7,0,32.7,0.000135675350482077,15.216401547823,5.57099714864553,2.53283261438427,0.600637040473564,1.06706463105921,0.213505488152785,2.07398398601297
697,1.2,1.2,1,1.2,1,-0.1,16.7,0,32.72,0.000136172700127838,15.2710305745744,5.71558802563395,2.54011699174909,0.575920214456617,1.12050178487205,0.20541708535016,2.1166745818708
698,1.2,1.2,1,1.2,1,0,16.68,0,32.72,0.000136110596375406,15.2566400860972,5.68623250138362,2.53899052600963,0.59650775467273,1.10090774489193,0.208728832745134,2.11324781555425
699,1.2,1.2,1,1.2,1,0.1,16.68,0,32.7,0.000136048530617879,15.2420457145865,5.65672975159907,2.53859252836128,0.620576516728665,1.08173648571874,0.216125484675583,2.1071780072149
700,1.2,1.2,1,1.2,1.2,-0.1,16.68,0,32.72,0.000136571049894807,15.3021478530756,5.78703230349636,2.54544227826622,0.576329924504307,1.14636454418846,0.204481645400229,2.14078591068057
701,1.2,1.2,1,1.2,1.2,0,16.66,0,32.72,0.000136496316713151,15.2863666297081,5.76271388327363,2.54115340275399,0.604505038369228,1.12263850724961,0.208490947542781,2.13791878168982
702,1.2,1.2,1,1.2,1.2,0.1,16.62,0,32.72,0.000136421632232148,15.2701250919242,5.73837512161047,2.53965417466356,0.637475760730672,1.09923004638766,0.217549639070281,2.13255745382949
703,1.2,1.2,1.2,0.8,0.8,-0.1,16.2,0,33.14,0.000183114017324137,15.9400158273078,4.96203615858464,2.65756190166298,0.469315047660404,1.53611196428192,0.163812138376344,2.17115979045117
704,1.2,1.2,1.2,0.8,0.8,0,16.18,0,33.14,0.000183017481987195,15.9199907855815,4.93567562425394,2.65572040733744,0.470925158482293,1.52400716136115,0.164954729985539,2.16708958070312
705,1.2,1.2,1.2,0.8,0.8,0.1,16.18,0,33.14,0.000182920994523962,15.9003396692364,4.90930659839075,2.65389806964347,0.472606780261689,1.51232936949851,0.166028083361264,2.1607876985129
706,1.2,1.2,1.2,0.8,1,-0.1,16.18,0,33.14,0.000183755230932444,15.9824830742323,5.02204017346688,2.66743803384889,0.468860018781695,1.55509585469559,0.167251679660385,2.19824776764967
707,1.2,1.2,1.2,0.8,1,0,16.16,0,33.14,0.000183634245335833,15.9571200669689,4.99182863550398,2.66513384823724,0.471017293064062,1.53838415575229,0.169242931440572,2.1948980198978
708,1.2,1.2,1.2,0.8,1,0.1,16.16,0,33.14,0.000183513339539338,15.9321868365751,4.96142551312053,2.66291885799909,0.473284979687924,1.52226414960764,0.171181223090823,2.18932121648485
709,1.2,1.2,1.2,0.8,1.2,-0.1,16.16,0,33.14,0.000184396932609589,16.0256258363711,5.08098860878032,2.67675788290721,0.468586064799582,1.57636470775462,0.170810184316333,2.21944072597431
710,1.2,1.2,1.2,0.8,1.2,0,16.14,0,33.14,0.000184251371274065,15.9948488107784,5.0506024034074,2.67411699548964,0.471323583610789,1.55462322336628,0.174186673872118,2.2166159514558
711,1.2,1.2,1.2,0.8,1.2,0.1,16.14,0,33.14,0.000184105929311119,15.9644961719286,5.02046429583659,2.67184070409367,0.474201155795195,1.53356482838971,0.177678538432956,2.21163480802567
712,1.2,1.2,1.2,1,0.8,-0.1,16.46,0,32.9,0.000155352200747689,15.608800832811,5.27168801120982,2.60461143438521,0.458324161824988,1.29668208917159,0.165423371394813,2.12269938818745
713,1.2,1.2,1.2,1,0.8,0,16.44,0,32.9,0.000155273877648519,15.5934165924823,5.24293198347342,2.60366255246909,0.460085618649249,1.28462449498153,0.167065270004815,2.11923834663405
714,1.2,1.2,1.2,1,0.8,0.1,16.44,0,32.9,0.000155195594986922,15.5782482961698,5.21422096174893,2.60273990782529,0.461923218490073,1.27308088424603,0.16862949135228,2.11349057589102
715,1.2,1.2,1.2,1,1,-0.1,16.46,0,32.9,0.000155800033342669,15.6449370628932,5.34271843640687,2.61330412885927,0.457928528396478,1.31576940642901,0.169517654437486,2.15309987114955
716,1.2,1.2,1.2,1,1,0,16.42,0,32.9,0.000155701924585326,15.6254742746347,5.31133699727204,2.61216943505915,0.460274493320841,1.29901186947767,0.172313088756946,2.14894740058938
717,1.2,1.2,1.2,1,1,0.1,16.42,0,32.9,0.000155603879260966,15.6062451466315,5.28019002619496,2.61117001601917,0.464637308154495,1.28285598977374,0.175066939675179,2.14204686443666
718,1.2,1.2,1.2,1,1.2,-0.1,16.42,0,32.9,0.000156248044665739,15.6818841880487,5.40940288690202,2.62092292590964,0.457832199982217,1.33741643531284,0.173662295761375,2.17931166141198
719,1.2,1.2,1.2,1,1.2,0,16.4,0,32.9,0.000156130075895216,15.6584485172042,5.37959712863145,2.61965163999011,0.460817340731154,1.31590368006323,0.178247637203747,2.17580566824205
720,1.2,1.2,1.2,1,1.2,0.1,16.4,0,32.9,0.000156012193107807,15.6351361420486,5.34999564232791,2.61894611517937,0.479227696594847,1.29497889138113,0.182991448593118,2.16963232372224
721,1.2,1.2,1.2,1.2,0.8,-0.1,16.62,0,32.72,0.000137792270434436,15.3556510067899,5.50921389123711,2.56519219920191,0.451311370558831,1.12524695479225,0.177323247912476,2.08514803227415
722,1.2,1.2,1.2,1.2,0.8,0,16.62,0,32.72,0.000137724885930733,15.3439699862879,5.47898025693377,2.56490058988209,0.464618328425903,1.11332370052197,0.179627791924983,2.08102353967364
723,1.2,1.2,1.2,1.2,0.8,0.1,16.62,0,32.72,0.000137657535528937,15.3323431913249,5.44884212730737,2.56462937478009,0.479942879999986,1.10196686669269,0.185155621421334,2.07418427307774
724,1.2,1.2,1.2,1.2,1,-0.1,16.6,0,32.72,0.000138123147163781,15.386848853279,5.58738860356822,2.57285018796451,0.455361821503783,1.1444865727462,0.178194847269137,2.11664783924682
725,1.2,1.2,1.2,1.2,1,0,16.6,0,32.72,0.000138038778434468,15.3721100975648,5.55554965106454,2.57259845449688,0.475132489951185,1.12798436994523,0.181237149177878,2.11328718317955
726,1.2,1.2,1.2,1.2,1,0.1,16.58,0,32.72,0.000137954463590112,15.3574220550876,5.52397096882517,2.57250452189292,0.498039364640755,1.11207798029346,0.188615145782271,2.10730971823461
727,1.2,1.2,1.2,1.2,1.2,-0.1,16.6,0,32.72,0.000138454069464114,15.4190092618783,5.65860342167728,2.57894967502513,0.455999158037829,1.1661635804458,0.178116406386619,2.14076131046894
728,1.2,1.2,1.2,1.2,1.2,0,16.56,0,32.72,0.000138352659768094,15.401420765036,5.62953150352593,2.57874195402819,0.482837583230878,1.14529321853852,0.181864047038718,2.13794308066204
729,1.2,1.2,1.2,1.2,1.2,0.1,16.56,0,32.72,0.000138251326558054,15.3837430472837,5.60077652882811,2.57925064260919,0.514086901709431,1.12497506691079,0.190947078131577,2.13265053371216
