caseID,plantCaseID,aileronTau_s,isStable,minimumDecayRate_per_s,minimumOscillatoryDampingRatio,balancedDiskPhaseMargin_deg,balancedDiskGainMargin_dB,diskMarginCriticalFrequency_radps
1,1,0.035,1,0.124924822060543,0.580756339913296,65.5636573271441,13.2892513595176,0.277971326775929
2,1,0.05,1,0.124940164222829,0.577015607302245,65.5642459725043,13.2894670761803,0.277971326775929
3,1,0.075,1,0.124965771740751,0.570177554152151,65.5652754925441,13.2898443687649,0.277971326775929
4,2,0.035,1,0.124922722190112,0.581118082544678,65.5485543976922,13.2837183640234,0.277971326775929
5,2,0.05,1,0.124938057836419,0.57751870897885,65.5489928114854,13.2838789327889,0.277971326775929
6,2,0.075,1,0.124963654475961,0.570897329543198,65.5497711085951,13.2841639902537,0.277971326775929
7,3,0.035,1,0.124920622982928,0.578677375771694,65.5334952631248,13.2782046055648,0.277971326775929
8,3,0.05,1,0.124935952117661,0.575204387982244,65.5337841552067,13.2783103506771,0.277971326775929
9,3,0.075,1,0.12496153788613,0.568773641101715,65.534312415812,13.2785037164909,0.277971326775929
10,4,0.035,1,0.124847006072485,0.491977281168167,65.4352088578695,13.2422959982011,0.277971326775929
11,4,0.05,1,0.124862401366758,0.488325113564001,65.4358327486343,13.2425235092113,0.280543363795171
12,4,0.075,1,0.124888097668555,0.481760924521924,65.4364254946938,13.2427396678643,0.280543363795171
13,5,0.035,1,0.124844417228765,0.483968246923888,65.4163960492045,13.2354381732145,0.277971326775929
14,5,0.05,1,0.124859804383219,0.480447823779677,65.4169286835973,13.2356322664833,0.277971326775929
15,5,0.075,1,0.124885487095463,0.474072919010786,65.4174637391491,13.2358272459993,0.280543363795171
16,6,0.035,1,0.124841829392497,0.473371925652815,65.3976519433243,13.2286102856875,0.277971326775929
17,6,0.05,1,0.124857208413954,0.469957768976359,65.3979961011628,13.2287356075799,0.277971326775929
18,6,0.075,1,0.124882877547971,0.463727629497622,65.3985749259957,13.2289463849947,0.280543363795171
19,7,0.035,1,0.12476954340951,0.421732062103578,65.3040743310425,13.1945956999987,0.280543363795171
20,7,0.05,1,0.124784991325453,0.418382178917428,65.3045282571919,13.194760406073,0.280543363795171
21,7,0.075,1,0.124810775559049,0.412414664750563,65.3053381092834,13.1950542661162,0.280543363795171
22,8,0.035,1,0.12476647949919,0.408536290615618,65.2820310382264,13.1866007537516,0.280543363795171
23,8,0.05,1,0.124781917653949,0.405264337381642,65.2822506098595,13.1866803578741,0.280543363795171
24,8,0.075,1,0.124807685590918,0.399386071345984,65.2826684823371,13.1868318563779,0.280543363795171
25,9,0.035,1,0.124763416998944,0.393974731717774,65.2600886129126,13.1786490248095,0.280543363795171
26,9,0.05,1,0.124778845402238,0.390744526152404,65.2600755545582,13.1786442945525,0.280543363795171
27,9,0.075,1,0.124804597058805,0.384893412361028,65.2601043304845,13.1786547183443,0.280543363795171
28,10,0.035,1,0.126632055240047,0.578913548155604,66.6606825269183,13.7000074116601,0.270395836410884
29,10,0.05,1,0.126645724002768,0.575015105965411,66.6626816653018,13.7007724167008,0.270395836410884
30,10,0.075,1,0.126668534828252,0.567790868875739,66.6660425900321,13.7020586723982,0.270395836410884
31,11,0.035,1,0.126629263093518,0.580996491327144,66.6420126886993,13.6928660585828,0.270395836410884
32,11,0.05,1,0.126642926044718,0.577300270293539,66.643903254852,13.6935889690639,0.270395836410884
33,11,0.075,1,0.126665727169915,0.570401497609561,66.6470828287414,13.6948048920372,0.270395836410884
34,12,0.035,1,0.126626472079967,0.580227260673412,66.6233750463434,13.6857423929551,0.270395836410884
35,12,0.05,1,0.126640129223874,0.576713707681963,66.6251574210822,13.6864234190112,0.270395836410884
36,12,0.075,1,0.126662920655863,0.570106014549213,66.6281562796572,13.6875693609682,0.270395836410884
37,13,0.035,1,0.126561464710089,0.489059562840025,66.5526453699495,13.6587568317859,0.272897778280804
38,13,0.05,1,0.126575185657605,0.48520217024969,66.5545293734111,13.6594746410311,0.272897778280804
39,13,0.075,1,0.126598083660109,0.478172717212458,66.5577001873357,13.6606828506336,0.272897778280804
40,14,0.035,1,0.126558009837748,0.483740092846897,66.5294064162284,13.6499072146256,0.272897778280804
41,14,0.05,1,0.126571723518493,0.480087887505974,66.5311503947134,13.6505710514283,0.272897778280804
42,14,0.075,1,0.126594609391527,0.473371842760928,66.5340872960567,13.6516890736154,0.272897778280804
43,15,0.035,1,0.126554556702868,0.475736572485575,66.5062193501352,13.6410855918646,0.272897778280804
44,15,0.05,1,0.126568263123443,0.47226023870277,66.5078239391242,13.6416958003265,0.272897778280804
45,15,0.075,1,0.126591136878035,0.465806732622893,66.510527988566,13.6427242110967,0.272897778280804
46,16,0.035,1,0.126491174625583,0.419644952118001,66.4428975048301,13.6170362847111,0.272897778280804
47,16,0.05,1,0.126504947302476,0.41609999914643,66.4449034211727,13.6177971857224,0.272897778280804
48,16,0.075,1,0.126527931721801,0.409691592394118,66.4482785384979,13.6190776014488,0.272897778280804
49,17,0.035,1,0.126487070715602,0.409839931092686,66.4150237913248,13.6064693122542,0.272897778280804
50,17,0.05,1,0.12650083466995,0.406452510924637,66.4168602556722,13.6071651565735,0.272897778280804
51,17,0.075,1,0.126523804529824,0.40026376749945,66.4199522962805,13.6083368596298,0.272897778280804
52,18,0.035,1,0.126482969261217,0.398390639192303,66.3872251334247,13.5959425145132,0.272897778280804
53,18,0.05,1,0.126496724502522,0.395117769456652,66.3888930694566,13.5965737990778,0.272897778280804
54,18,0.075,1,0.126519679818691,0.389075186250066,66.3917035750805,13.5976376213259,0.272897778280804
55,19,0.035,1,0.127866683138096,0.581743601813311,67.3543013613803,13.9692231607002,0.265460556197554
56,19,0.05,1,0.127878997471983,0.577982572072773,67.3566278789298,13.9701392184033,0.265460556197554
57,19,0.075,1,0.127899545355702,0.570930640622682,67.3605243273167,13.97167363033,0.265460556197554
58,20,0.035,1,0.127863395984492,0.585095619251256,67.3341750425416,13.9613022165656,0.265460556197554
59,20,0.05,1,0.12787570508973,0.581589136562558,67.3364178455587,13.9621845675257,0.265460556197554
60,20,0.075,1,0.12789624424751,0.574962668257607,67.3401745456674,13.9636626926994,0.265460556197554
61,21,0.035,1,0.127860110320954,0.585566581673881,67.3140726981488,13.953397355847,0.265460556197554
62,21,0.05,1,0.127872414201583,0.582289689040499,67.3162320247479,13.9542461514039,0.265460556197554
63,21,0.075,1,0.127892944640174,0.576043740061,67.3198493736635,13.9556682429176,0.265460556197554
64,22,0.035,1,0.127801636075855,0.491029759399162,67.2589371884757,13.9317503794066,0.267916832481903
65,22,0.05,1,0.127814000796549,0.487264987394283,67.2612091888528,13.932641416366,0.267916832481903
66,22,0.075,1,0.127834632834924,0.480325148488436,67.265015962672,13.93413455236,0.267916832481903
67,23,0.035,1,0.127797561484382,0.487835385293503,67.2337167279265,13.9218650337322,0.267916832481903
68,23,0.05,1,0.127809919662369,0.48434335564562,67.2358807135728,13.9227128171013,0.267916832481903
69,23,0.075,1,0.127830540781641,0.477837869398407,67.2395071597197,13.9241337188498,0.267916832481903
70,24,0.035,1,0.127793489186299,0.481896326118376,67.208535109048,13.9120052514753,0.267916832481903
71,24,0.05,1,0.127805840827829,0.478643260095936,67.2105914771348,13.912810028999,0.267916832481903
72,24,0.075,1,0.127826451038524,0.472513192987733,67.2140382580112,13.9141591108533,0.267916832481903
73,25,0.035,1,0.127736851545101,0.42237421453364,67.1616815904827,13.8936873198572,0.267916832481903
74,25,0.05,1,0.127749266244751,0.4189253571216,67.1640603855946,13.8946164801477,0.267916832481903
75,25,0.075,1,0.127769981757143,0.412614665871495,67.1680458300089,13.8961734049621,0.267916832481903
76,26,0.035,1,0.127732002863309,0.415334677332242,67.1314006277366,13.881867535929,0.267916832481903
77,26,0.05,1,0.127744409703861,0.412120105105252,67.1336488230726,13.8827445808618,0.267916832481903
78,26,0.075,1,0.127765112100099,0.406161646224953,67.1374162316331,13.8842144700105,0.267916832481903
79,27,0.035,1,0.1277271574347,0.406442634719694,67.1011758508991,13.8700844438836,0.267916832481903
80,27,0.05,1,0.127739556425101,0.403413021455818,67.103294023054,13.8709097310155,0.267916832481903
81,27,0.075,1,0.127760245720231,0.397722067533683,67.1068443574113,13.8722931825256,0.267916832481903
82,28,0.035,1,0.124694460291095,0.671547361797678,65.145141068387,13.1371007810725,0.280543363795171
83,28,0.05,1,0.124709963202616,0.667737417690684,65.1452428856014,13.1371375036004,0.280543363795171
84,28,0.075,1,0.124735839421027,0.660739360992362,65.1448762490173,13.1370052690359,0.283139199579938
85,29,0.035,1,0.124696647194029,0.6684616191661,65.1353614504619,13.133574211837,0.280543363795171
86,29,0.05,1,0.124712141007137,0.664844385892436,65.1353339458753,13.1335642954051,0.280543363795171
87,29,0.075,1,0.124738002028262,0.658162300866587,65.1350373377176,13.1334573577268,0.283139199579938
88,30,0.035,1,0.124698832909798,0.659663229035312,65.1256055419877,13.1300574862297,0.280543363795171
89,30,0.05,1,0.124714317626152,0.656235437322124,65.1254493162409,13.1300011818294,0.280543363795171
90,30,0.075,1,0.124740163452767,0.649863387526432,65.1252237779833,13.1299198974998,0.283139199579938
91,31,0.035,1,0.124633091263919,0.553522762691527,65.0314191773313,13.0961722542021,0.283139199579938
92,31,0.05,1,0.124648635025834,0.550135582939462,65.0312279298643,13.0961035712999,0.283139199579938
93,31,0.075,1,0.124674579501932,0.544030192665851,65.0309655985471,13.0960093607815,0.283139199579938
94,32,0.035,1,0.124635831788024,0.539803887176941,65.0196268183831,13.09193817251,0.283139199579938
95,32,0.05,1,0.124651364210966,0.536577736065781,65.0192696945189,13.0918099753038,0.283139199579938
96,32,0.075,1,0.124677289747197,0.530712070519363,65.0187297686254,13.0916161606782,0.283139199579938
97,33,0.035,1,0.124638570465777,0.523574269163762,65.0078714973046,13.0877192506442,0.283139199579938
98,33,0.05,1,0.124654091552309,0.5204503492293,65.0073494928697,13.0875319491083,0.283139199579938
99,33,0.075,1,0.12467999815296,0.514721010150097,65.0065336393928,13.0872392182963,0.283139199579938
100,34,0.035,1,0.124571939623692,0.469676061900348,64.9163540747688,13.0549374853785,0.283139199579938
101,34,0.05,1,0.124587523935121,0.466648710348158,64.9162442390307,13.0548982092101,0.285759054337495
102,34,0.075,1,0.124613536166587,0.461245728454267,64.9154554650998,13.0546161562165,0.285759054337495
103,35,0.035,1,0.124575236415809,0.451809517529547,64.9022850494185,13.0499078504998,0.283139199579938
104,35,0.05,1,0.124590807161179,0.44883373580976,64.9020350581314,13.0498185032008,0.283139199579938
105,35,0.075,1,0.124616796732655,0.443469449598058,64.9013194320173,13.0495627418467,0.285759054337495
106,36,0.035,1,0.124578530561566,0.433501893999684,64.8882694475545,13.0448999354589,0.283139199579938
107,36,0.05,1,0.124594087744496,0.430527655567544,64.8878200806413,13.0447394154057,0.283139199579938
108,36,0.075,1,0.124620054662078,0.425117261189323,64.88712692474,13.0444918158339,0.283139199579938
109,37,0.035,1,0.126423758858247,0.662598816301841,66.3077321038116,13.5659044290723,0.275422870333817
110,37,0.05,1,0.126437589614426,0.658412736414839,66.3092757399957,13.5664868190124,0.275422870333817
111,37,0.075,1,0.126460671129685,0.650634677643654,66.3118815263506,13.5674700228419,0.275422870333817
112,38,0.035,1,0.126424882880283,0.661226541615323,66.2940751577773,13.5607534325992,0.275422870333817
113,38,0.05,1,0.126438705111431,0.657299030255731,66.29552173046,13.5612989046428,0.275422870333817
114,38,0.075,1,0.126461772390302,0.649955584577609,66.2979653137304,13.5622203995952,0.275422870333817
115,39,0.035,1,0.126426006005358,0.654280983159059,66.2804383471049,13.5556128198394,0.275422870333817
116,39,0.05,1,0.12643981971393,0.650605235674257,66.2817882073302,13.5561215469305,0.275422870333817
117,39,0.075,1,0.126462872760618,0.6436831367435,66.2840701740589,13.55698162268,0.275422870333817
118,40,0.035,1,0.126367977261685,0.545543810986437,66.2130495417157,13.5302503438007,0.275422870333817
119,40,0.05,1,0.126381848008375,0.541756675865552,66.2147215349902,13.5308787965415,0.275422870333817
120,40,0.075,1,0.126404996326847,0.534830130481662,66.2175423598145,13.5319391553526,0.275422870333817
121,41,0.035,1,0.126369391889448,0.534852814765045,66.1959924215073,13.5238414537881,0.275422870333817
122,41,0.05,1,0.126383252005768,0.531319210472924,66.1975421641651,13.5244235615897,0.275422870333817
123,41,0.075,1,0.126406382571939,0.524790322029122,66.2001586913574,13.5254064515116,0.275422870333817
124,42,0.035,1,0.1263708051196,0.521401855933548,66.1789668632854,13.5174487342183,0.275422870333817
125,42,0.05,1,0.126384654609406,0.518056284423998,66.180394908197,13.51798476807,0.275422870333817
126,42,0.075,1,0.126407767429751,0.511810863646158,66.1828080615337,13.5188906430133,0.275422870333817
127,43,0.035,1,0.126312381858098,0.463627515875508,66.1172682656118,13.4943182693443,0.277971326775929
128,43,0.05,1,0.126326292326815,0.460237817843464,66.1187936504268,13.4948894491157,0.277971326775929
129,43,0.075,1,0.126349507000323,0.454087416738274,66.1213720642917,13.4958550133196,0.277971326775929
130,44,0.035,1,0.126314090814435,0.449257057861005,66.0969819809401,13.4867253412681,0.277971326775929
131,44,0.05,1,0.126327988557739,0.446016853997095,66.0983564927088,13.4872396139405,0.277971326775929
132,44,0.075,1,0.126351181980195,0.440067885681398,66.1006827451792,13.4881100431986,0.277971326775929
133,45,0.035,1,0.126315797763865,0.433969303107582,66.0767420257918,13.4791557964337,0.277971326775929
134,45,0.05,1,0.126329682787254,0.430814551639025,66.0779665100134,13.4796135701946,0.277971326775929
135,45,0.075,1,0.126352854967921,0.424958557626078,66.0800420140405,13.4803895483169,0.277971326775929
136,46,0.035,1,0.127675639663903,0.65833812445205,67.0428828437689,13.8474004858737,0.267916832481903
137,46,0.05,1,0.127688113120796,0.654098538501204,67.0449815002805,13.8482162044689,0.270395836410884
138,46,0.075,1,0.127708926828133,0.646152750371734,67.0484539244591,13.8495660423839,0.270395836410884
139,47,0.035,1,0.127675971148193,0.658245780228433,67.0273605295555,13.8413693674765,0.267916832481903
140,47,0.05,1,0.127688436638676,0.654317803846501,67.0293766595859,13.8421525069776,0.270395836410884
141,47,0.075,1,0.127709237044901,0.646908786441585,67.0327227924733,13.8434524123022,0.270395836410884
142,48,0.035,1,0.127676302014554,0.652721008038225,67.0118537954021,13.8353481500048,0.267916832481903
143,48,0.05,1,0.127688759541588,0.649092747216342,67.0137880150927,13.8360989918669,0.270395836410884
144,48,0.075,1,0.127709546651746,0.642195973629275,67.0170082314323,13.8373491754187,0.270395836410884
145,49,0.035,1,0.127624131967342,0.542192167020841,66.9593598169984,13.8149933703964,0.270395836410884
146,49,0.05,1,0.127636643953973,0.538319694045066,66.9615405082064,13.8158380699591,0.270395836410884
147,49,0.075,1,0.127657522010398,0.531159773888955,66.9651973489205,13.8172547316998,0.270395836410884
148,50,0.035,1,0.127624557556677,0.533976154186358,66.9399421639332,13.8074751952814,0.270395836410884
149,50,0.05,1,0.127637059605367,0.530436960477405,66.9420276866497,13.8082823861852,0.270395836410884
150,50,0.075,1,0.127657921068857,0.523816832845651,66.9455256019091,13.809636391384,0.270395836410884
151,51,0.035,1,0.127624982180935,0.522830754604329,66.9205495514331,13.7999726865739,0.270395836410884
152,51,0.05,1,0.12763747429629,0.519554104203972,66.9225402588325,13.8007425661142,0.270395836410884
153,51,0.075,1,0.127658319174622,0.513350464373074,66.9258798382016,13.8020342449139,0.270395836410884
154,52,0.035,1,0.127572788079237,0.462050091585159,66.8753623920563,13.7825140175312,0.270395836410884
155,52,0.05,1,0.127585338354803,0.458597827959862,66.8776535831064,13.7833984737691,0.270395836410884
156,52,0.075,1,0.127606280358538,0.452255194193426,66.8811862030542,13.7847623144931,0.272897778280804
157,53,0.035,1,0.127573312149239,0.450643894914716,66.8520542560889,13.7735212059888,0.270395836410884
158,53,0.05,1,0.127585850523359,0.447432097778296,66.8542304789162,13.7743604802168,0.270395836410884
159,53,0.075,1,0.127606772655685,0.44144774398195,66.8575688245976,13.7756480794902,0.272897778280804
160,54,0.035,1,0.127573834830191,0.437939629814663,66.8287823009495,13.7645508868109,0.270395836410884
161,54,0.05,1,0.127586361309454,0.434892910474658,66.8308440676256,13.7653452637628,0.270395836410884
162,54,0.075,1,0.127607263581446,0.429138791128018,66.8339899519269,13.7665574685196,0.272897778280804
163,55,0.035,1,0.124526481842597,0.736524920103156,64.8318833091787,13.0247789753241,0.283139199579938
164,55,0.05,1,0.124542100048098,0.733356249265233,64.831284629315,13.0245655672184,0.285759054337495
165,55,0.075,1,0.124568168992005,0.727484799581645,64.8298416612525,13.0240512198621,0.285759054337495
166,56,0.035,1,0.124531751162145,0.721838200423235,64.8260892246454,13.022713789253,0.283139199579938
167,56,0.05,1,0.124547358485933,0.719018418190441,64.8255488830491,13.0225212179013,0.283139199579938
168,56,0.075,1,0.124573409249909,0.713757615949528,64.8240347026968,13.0219816025232,0.285759054337495
169,57,0.035,1,0.124537019600041,0.701437269250289,64.8203059430475,13.0206528967242,0.283139199579938
170,57,0.05,1,0.124552616039548,0.698817063259526,64.8196535579937,13.0204204448123,0.283139199579938
171,57,0.075,1,0.1245786486193,0.693891261470724,64.8182395127165,13.019916624378,0.285759054337495
172,58,0.035,1,0.124476970473823,0.590803001690718,64.7297397532041,12.9884368991521,0.285759054337495
173,58,0.05,1,0.124492620927104,0.588071450429271,64.7289920765322,12.9881713866285,0.285759054337495
174,58,0.075,1,0.124518743750565,0.583133661632944,64.7278065437641,12.9877503991076,0.285759054337495
175,59,0.035,1,0.124483550570592,0.571558049518062,64.7229255812031,12.9860173437333,0.285759054337495
176,59,0.05,1,0.12449918746489,0.568924545103101,64.7220340527202,12.9857008275993,0.285759054337495
177,59,0.075,1,0.124525287635393,0.564109381153852,64.7206076343487,12.9851944331337,0.285759054337495
178,60,0.035,1,0.124490129298742,0.55149237119718,64.7161275021812,12.983604109713,0.285759054337495
179,60,0.05,1,0.124505752630016,0.548875009237354,64.7150929730286,12.9832369177962,0.285759054337495
180,60,0.075,1,0.124531830140903,0.544038400666036,64.7134270956696,12.9826456669992,0.285759054337495
181,61,0.035,1,0.124427598809464,0.500563974056456,64.6266698731987,12.9519040952175,0.285759054337495
182,61,0.05,1,0.124443281325547,0.49803638530212,64.6259376878788,12.9516450704979,0.288403150312661
183,61,0.075,1,0.124469457719657,0.493521103633092,64.6241818911882,12.9510239518901,0.288403150312661
184,62,0.035,1,0.124435487075507,0.4791399989262,64.6185697351736,12.9490389031174,0.285759054337495
185,62,0.05,1,0.124451153372314,0.476584138282613,64.6178015800033,12.9487672345252,0.285759054337495
186,62,0.075,1,0.124477302668825,0.471958927759832,64.6160824898934,12.9481592825858,0.288403150312661
187,63,0.035,1,0.124443373383574,0.45878254068452,64.6104927149325,12.946182738271,0.285759054337495
188,63,0.05,1,0.124459023455313,0.456156203522361,64.6095517178955,12.9458500416937,0.285759054337495
189,63,0.075,1,0.124485145644634,0.451353775412235,64.6080083916773,12.9453044120291,0.288403150312661
190,64,0.035,1,0.126271714029079,0.724220906738288,66.0436998377826,13.4668112842367,0.277971326775929
191,64,0.05,1,0.126285661341888,0.720421750044677,66.0449792661259,13.4672889784663,0.277971326775929
192,64,0.075,1,0.126308937627938,0.713294867959014,66.04714752492,13.4680985860258,0.277971326775929
193,65,0.035,1,0.126275660200331,0.712462656815432,66.0337415649943,13.4630940305018,0.277971326775929
194,65,0.05,1,0.12628959709814,0.709123604241141,66.0349350156281,13.4635394486457,0.277971326775929
195,65,0.075,1,0.126312855988181,0.702805759004888,66.0369595405097,13.4642950870131,0.277971326775929
196,66,0.035,1,0.126279605397682,0.69467560185615,66.0237950399349,13.4593826125536,0.277971326775929
197,66,0.05,1,0.126293531879591,0.691652256762193,66.0249028230458,13.4597958958795,0.277971326775929
198,66,0.075,1,0.126316773372184,0.685880711799047,66.0267841327907,13.4604978018291,0.277971326775929
199,67,0.035,1,0.126226629331439,0.581858109441868,65.9595683981545,13.4354520860951,0.277971326775929
200,67,0.05,1,0.126240608048118,0.578592102400079,65.9609823322514,13.4359782631116,0.277971326775929
201,67,0.075,1,0.126263936790335,0.572575619765902,65.9633759021279,13.4368690650821,0.277971326775929
202,68,0.035,1,0.126231559389626,0.565697158345613,65.9471374654726,13.4308273301757,0.277971326775929
203,68,0.05,1,0.126245525123155,0.56265430346506,65.9484431689063,13.4313129933309,0.277971326775929
204,68,0.075,1,0.126268832179767,0.556979995891187,65.9506557994424,13.4321360493398,0.277971326775929
205,69,0.035,1,0.126236487933679,0.548165131574215,65.934724922309,13.4262116583587,0.277971326775929
206,69,0.05,1,0.126250440682646,0.545240111749863,65.9359228831807,13.4266570290038,0.277971326775929
207,69,0.075,1,0.126273726051343,0.539722717287704,65.9379553907169,13.4274127100628,0.277971326775929
208,70,0.035,1,0.126181665190503,0.493507403789104,65.8743616842062,13.4037971281676,0.280543363795171
209,70,0.05,1,0.126195675146256,0.49051491323049,65.8756129213125,13.4042612114446,0.280543363795171
210,70,0.075,1,0.126219056069595,0.485057375005265,65.8777373143664,13.4050491997,0.280543363795171
211,71,0.035,1,0.126187578066345,0.47534938578665,65.8596508380387,13.398342578312,0.280543363795171
212,71,0.05,1,0.126201572484853,0.472442066802898,65.8607688922652,13.3987570254522,0.280543363795171
213,71,0.075,1,0.126224927456412,0.467066311942433,65.8626706000391,13.3994620035097,0.280543363795171
214,72,0.035,1,0.126193488772676,0.457618263399542,65.8449665183198,13.3929009795935,0.280543363795171
215,72,0.05,1,0.12620746765191,0.45472801678493,65.8459521328083,13.3932661234193,0.280543363795171
216,72,0.075,1,0.126230796668338,0.449321684412057,65.8476323984114,13.3938886492112,0.280543363795171
217,73,0.035,1,0.127536076420466,0.715470935640825,66.8101092065694,13.7573593804909,0.272897778280804
218,73,0.05,1,0.127548664632108,0.711366658034266,66.8120413749595,13.7581032562089,0.272897778280804
219,73,0.075,1,0.127569670048629,0.703613181769159,66.8152852689279,13.7593522717934,0.272897778280804
220,74,0.035,1,0.127539020135446,0.706072574148445,66.7980451391411,13.752716095216,0.272897778280804
221,74,0.05,1,0.127551598462617,0.702503010225851,66.7999096175054,13.7534335569658,0.272897778280804
222,74,0.075,1,0.127572587372586,0.69569582405372,66.8030404425985,13.7546384385941,0.272897778280804
223,75,0.035,1,0.127541962910533,0.690530128375721,66.785991308394,13.7480790273132,0.272897778280804
224,75,0.05,1,0.12755453135346,0.687363285905529,66.7877882989765,13.748770179215,0.272897778280804
225,75,0.075,1,0.127575503757273,0.68126283746321,66.7908063930727,13.7499311012004,0.272897778280804
226,76,0.035,1,0.1274943631041,0.57634761023846,66.7362239032817,13.7289577247521,0.272897778280804
227,76,0.05,1,0.127506981463539,0.572828332838964,66.7382699916688,13.7297430973736,0.272897778280804
228,76,0.075,1,0.127528037227692,0.566263834139294,66.7417044320592,13.7310615231019,0.272897778280804
229,77,0.035,1,0.127498042687278,0.562908572630434,66.7211428943411,13.7231710267316,0.272897778280804
230,77,0.05,1,0.127510648720991,0.559723925523337,66.7231038493918,13.7239232598444,0.272897778280804
231,77,0.075,1,0.127531683901721,0.553702189967511,66.7263960817952,13.7251863128435,0.272897778280804
232,78,0.035,1,0.127501720807906,0.547651772628303,66.7060779189721,13.7173940144687,0.272897778280804
233,78,0.05,1,0.127514314516233,0.544679744914632,66.7079540586119,13.7181132711212,0.272897778280804
234,78,0.075,1,0.127535329114138,0.538986219076653,66.711104614175,13.719321224366,0.272897778280804
235,79,0.035,1,0.127452756608903,0.489974970064618,66.6619866385701,13.7005064456294,0.272897778280804
236,79,0.05,1,0.127465404968322,0.486787209243024,66.6641291286272,13.7013263523094,0.275422870333817
237,79,0.075,1,0.127486510833465,0.480888399855154,66.6674197183972,13.702585762153,0.275422870333817
238,80,0.035,1,0.12745717201721,0.474774025994852,66.6438886144363,13.693583370682,0.272897778280804
239,80,0.05,1,0.12746980562144,0.471782771212156,66.6459461780163,13.694370199578,0.272897778280804
240,80,0.075,1,0.12749088684595,0.466159536399161,66.6490786596613,13.6955682114653,0.275422870333817
241,81,0.035,1,0.127461585328065,0.459433515644765,66.6258137344454,13.6866742015765,0.272897778280804
242,81,0.05,1,0.127474204177582,0.456548118071289,66.6277689700366,13.6874213520712,0.272897778280804
243,81,0.075,1,0.12749526076233,0.451048606734276,66.6307623681657,13.688565327973,0.275422870333817
244,82,0.035,1,0.123620196184861,0.566118851909898,65.0945520135024,13.1188721700824,0.277971326775929
245,82,0.05,1,0.123636794503177,0.562131384696272,65.0941383287837,13.1187232511938,0.277971326775929
246,82,0.075,1,0.123664502031807,0.554981670896651,65.0935127455373,13.118498057132,0.277971326775929
247,83,0.035,1,0.123614725312561,0.565265970815379,65.0815215667452,13.1141825608872,0.277971326775929
248,83,0.05,1,0.123631320229977,0.56137753027026,65.0809293046135,13.1139694625039,0.277971326775929
249,83,0.075,1,0.12365902208744,0.554377417278703,65.0800049162742,13.1136368732018,0.277971326775929
250,84,0.035,1,0.12360925830741,0.56211826665919,65.0685485018758,13.1095158832276,0.277971326775929
251,84,0.05,1,0.12362584982634,0.558329569922629,65.0677785415582,13.1092389841651,0.277971326775929
252,84,0.075,1,0.123653546016602,0.551481057820122,65.0665568179062,13.1087996349179,0.277971326775929
253,85,0.035,1,0.123533612697868,0.479229893673382,64.9596931690436,13.0704476833247,0.277971326775929
254,85,0.05,1,0.123550266804544,0.475464864576076,64.9593798861359,13.0703354755409,0.277971326775929
255,85,0.075,1,0.123578067581396,0.468829838631838,64.9586226065028,13.0700642479442,0.280543363795171
256,86,0.035,1,0.123526834739301,0.470249578170396,64.9435164932778,13.0646554385072,0.277971326775929
257,86,0.05,1,0.123543484563717,0.466596901747869,64.9429778616256,13.0644626354325,0.277971326775929
258,86,0.075,1,0.123571278199419,0.460129601852858,64.942145006494,13.0641645227636,0.277971326775929
259,87,0.035,1,0.123520062731083,0.459059563531787,64.9274298165089,13.0588988867245,0.277971326775929
260,87,0.05,1,0.123536708277043,0.455507960369317,64.9266672263053,13.0586260827004,0.277971326775929
261,87,0.075,1,0.123564494777889,0.449187482252198,64.9254596122531,13.0581940946347,0.277971326775929
262,88,0.035,1,0.123447458338146,0.409948673349318,64.8228902818389,13.0215737801572,0.280543363795171
263,88,0.05,1,0.123464167621875,0.406540325454477,64.8221507341776,13.0213102463999,0.280543363795171
264,88,0.075,1,0.123492060626072,0.400591385737016,64.8209878640605,13.0208958786386,0.280543363795171
265,89,0.035,1,0.123439396696792,0.395925832314037,64.8043069876892,13.0149539175674,0.280543363795171
266,89,0.05,1,0.123456100805636,0.392593929412728,64.8032891317528,13.0145914621142,0.280543363795171
267,89,0.075,1,0.123483985179811,0.386745823860755,64.8016604582272,13.0140115248134,0.280543363795171
268,90,0.035,1,0.123431343493918,0.380648330879026,64.7853866384275,13.0082186739301,0.277971326775929
269,90,0.05,1,0.123448042433371,0.377366970807556,64.7845616596769,13.0079251064485,0.280543363795171
270,90,0.075,1,0.123475918186635,0.371573374052324,64.7824707690923,13.0071811062964,0.280543363795171
271,91,0.035,1,0.125495067702897,0.557878537311796,66.3953863786818,13.5990318033412,0.270395836410884
272,91,0.05,1,0.125510012822777,0.553422019624675,66.3971695774168,13.5997069343705,0.270395836410884
273,91,0.075,1,0.125534956718981,0.545337708056043,66.4001806574163,13.600847058666,0.270395836410884
274,92,0.035,1,0.125489322831461,0.558547811550626,66.377979187162,13.5924438480642,0.270395836410884
275,92,0.05,1,0.125504265306168,0.55423672168758,66.3796341235133,13.593069981182,0.270395836410884
276,92,0.075,1,0.12552920479351,0.546380902529998,66.3824308887926,13.5941282109654,0.270395836410884
277,93,0.035,1,0.125483581983169,0.55692040702854,66.3606137560729,13.585876255947,0.270395836410884
278,93,0.05,1,0.125498521814355,0.552755402218445,66.3621408798898,13.5864536305377,0.270395836410884
279,93,0.075,1,0.125523456895601,0.545130486434245,66.3647240810298,13.5874303666243,0.270395836410884
280,94,0.035,1,0.125416413992425,0.470003400662145,66.2844291399586,13.557116924417,0.272897778280804
281,94,0.05,1,0.125431415421274,0.465754910382208,66.2860164039175,13.5577152204507,0.272897778280804
282,94,0.075,1,0.125456453409169,0.458176699767728,66.2887031511698,13.5587280366967,0.272897778280804
283,95,0.035,1,0.125409288807693,0.463438473741691,66.2629120212318,13.5490100801286,0.272897778280804
284,95,0.05,1,0.125424286893392,0.45935877655391,66.2643338200394,13.5495455469823,0.272897778280804
285,95,0.075,1,0.125449319308828,0.452040829714534,66.2667440534398,13.5504533394537,0.272897778280804
286,96,0.035,1,0.125402169823427,0.454664362275091,66.2412723392833,13.5408640382138,0.270395836410884
287,96,0.05,1,0.12541716456862,0.450743115528202,66.2427193058817,13.5414085162216,0.272897778280804
288,96,0.075,1,0.125442191416033,0.443666836626366,66.2448542832212,13.5422119423447,0.272897778280804
289,97,0.035,1,0.125338124324986,0.401513678455824,66.1713272541617,13.5145816288179,0.272897778280804
290,97,0.05,1,0.125353181505947,0.397649318257599,66.1730222451281,13.515217675346,0.272897778280804
291,97,0.075,1,0.125378312655917,0.390816806803317,66.1758899740707,13.5162938896401,0.272897778280804
292,98,0.035,1,0.12532964046892,0.390550743688344,66.1455490370583,13.5049135823826,0.272897778280804
293,98,0.05,1,0.125344693595204,0.386824835246733,66.1470437818852,13.5054739134099,0.272897778280804
294,98,0.075,1,0.125369817986467,0.380193360704473,66.149576864315,13.5064235587904,0.272897778280804
295,99,0.035,1,0.125321165420276,0.37819847412065,66.1198681952528,13.495291832642,0.272897778280804
296,99,0.05,1,0.125336214495803,0.374584045813209,66.1211637903798,13.4957770152789,0.272897778280804
297,99,0.075,1,0.125361332134803,0.368106003094782,66.1233640561128,13.4966010414561,0.272897778280804
298,100,0.035,1,0.126862050547151,0.554733186503677,67.215380089865,13.9146843606888,0.265460556197554
299,100,0.05,1,0.126875627334707,0.550089611114397,67.2177698198531,13.9156198747736,0.265460556197554
300,100,0.075,1,0.126898284494365,0.541580848596567,67.221778338929,13.9171893092534,0.265460556197554
301,101,0.035,1,0.126856142606614,0.556534692520854,67.1962636167702,13.9072041249034,0.265460556197554
302,101,0.05,1,0.126869717306531,0.552075918699072,67.1985551876447,13.9081004985575,0.265460556197554
303,101,0.075,1,0.126892370988085,0.54386570476393,67.2023998075259,13.9096045563291,0.265460556197554
304,102,0.035,1,0.126850238763117,0.556048326921682,67.1771780476186,13.8997419010991,0.265460556197554
305,102,0.05,1,0.126863811376529,0.551774272701224,67.1793717300425,13.9005993035495,0.265460556197554
306,102,0.075,1,0.126886461581861,0.543864053495237,67.1830529019169,13.9020382677031,0.265460556197554
307,103,0.035,1,0.126789586909363,0.466047627056109,67.1185695361595,13.8768635516678,0.265460556197554
308,103,0.05,1,0.126803219178412,0.46159023624063,67.1210614061538,13.8778351456926,0.265460556197554
309,103,0.075,1,0.126825969025588,0.453559140813581,67.1252409906953,13.8794650139018,0.265460556197554
310,104,0.035,1,0.126782253892774,0.461391931910033,67.0946722481889,13.8675509464441,0.265460556197554
311,104,0.05,1,0.126795883513297,0.457151741659639,67.0970404928447,13.8684734242642,0.265460556197554
312,104,0.075,1,0.126818628947651,0.449462526411747,67.1010136531312,13.8700212509917,0.265460556197554
313,105,0.035,1,0.126774927198029,0.454548300374948,67.0708234687321,13.8582664048814,0.265460556197554
314,105,0.05,1,0.126788554171836,0.450515916932414,67.0730685146716,13.8591400315558,0.265460556197554
315,105,0.075,1,0.126811295196433,0.443152341280227,67.0768359618774,13.8606062602147,0.265460556197554
316,106,0.035,1,0.126717439996333,0.398278188142903,67.0203396123611,13.8386426907221,0.267916832481903
317,106,0.05,1,0.126731127240932,0.394219645011165,67.0227263192337,13.8395695151319,0.267916832481903
318,106,0.075,1,0.126753968931183,0.386968080790567,67.0267322065184,13.8411253168473,0.267916832481903
319,107,0.035,1,0.126708702043814,0.389796000145094,66.9917113007356,13.827532613792,0.267916832481903
320,107,0.05,1,0.126722386064449,0.38592991931944,66.9939447596209,13.8283989043431,0.267916832481903
321,107,0.075,1,0.126745222382842,0.378968322980051,66.997694735724,13.829853584533,0.267916832481903
322,108,0.035,1,0.126699973081752,0.379841038446889,66.9631554527407,13.8164636739832,0.267916832481903
323,108,0.05,1,0.126713653881126,0.376140823707724,66.9652363223829,13.817269831182,0.267916832481903
324,108,0.075,1,0.126736484832184,0.3694229748316,66.9687314855783,13.8186240599146,0.267916832481903
325,109,0.035,1,0.123272737372529,0.662943942994255,64.4955645706733,12.9056339252828,0.280543363795171
326,109,0.05,1,0.123289556813271,0.659088072355082,64.4938830925238,12.9050419348118,0.283139199579938
327,109,0.075,1,0.123317634058547,0.652138722603801,64.490835360599,12.9039690263108,0.283139199579938
328,110,0.035,1,0.123271614333409,0.659018392971414,64.4876916042284,12.9028624391455,0.280543363795171
329,110,0.05,1,0.123288427998525,0.65532440649645,64.4862449102798,12.9023532525577,0.280543363795171
330,110,0.075,1,0.123316495599735,0.648644942352396,64.482983597003,12.9012054810891,0.283139199579938
331,111,0.035,1,0.123270491435008,0.650347816287753,64.4798520122922,12.9001034944915,0.280543363795171
332,111,0.05,1,0.12328729932739,0.646836970707451,64.4782504639639,12.8995399676308,0.280543363795171
333,111,0.075,1,0.123315357289336,0.640465397382048,64.475167312795,12.8984552112686,0.283139199579938
334,112,0.035,1,0.123203227701668,0.547133217161976,64.3735841353145,12.8627830088791,0.283139199579938
335,112,0.05,1,0.123220090716851,0.543821060238301,64.3718155292698,12.8621631095,0.283139199579938
336,112,0.075,1,0.123248240793411,0.537980618988024,64.3689426261516,12.8611562371637,0.283139199579938
337,113,0.035,1,0.123201847917141,0.532869275055179,64.3644062272022,12.85956657022,0.283139199579938
338,113,0.05,1,0.123218703721575,0.5297054754213,64.3624382260953,12.8588770152882,0.283139199579938
339,113,0.075,1,0.123246841757627,0.524096269601757,64.3592313716574,12.8577534924277,0.283139199579938
340,114,0.035,1,0.123200468339565,0.51637375344352,64.3552805289003,12.8563694930448,0.283139199579938
341,114,0.05,1,0.123217316937722,0.513317155997925,64.3531143833115,12.8556107661087,0.283139199579938
342,114,0.075,1,0.123245442940703,0.50786440166321,64.3495756719114,12.8543714046849,0.283139199579938
343,115,0.035,1,0.123133991974029,0.463850622515396,64.250571759963,12.8197617502797,0.283139199579938
344,115,0.05,1,0.123150898187121,0.460927283850017,64.2488235914992,12.8191517428218,0.285759054337495
345,115,0.075,1,0.123179120466156,0.455831637931019,64.2450969499229,12.8178514939838,0.285759054337495
346,116,0.035,1,0.123132364753785,0.44554365523881,64.2396904196146,12.815965432932,0.283139199579938
347,116,0.05,1,0.123149262324767,0.442678815416342,64.2377829521881,12.8153001034177,0.283139199579938
348,116,0.075,1,0.123177470173011,0.437649178642291,64.2342808209023,12.8140786705539,0.285759054337495
349,117,0.035,1,0.123130737813277,0.426675756509084,64.2288843779433,12.8121968643267,0.283139199579938
350,117,0.05,1,0.123147626748476,0.423827970574094,64.2267373686161,12.8114482777722,0.283139199579938
351,117,0.075,1,0.123175820176566,0.418790733132029,64.2232325498546,12.8102263956937,0.283139199579938
352,118,0.035,1,0.125179524854553,0.649254201284832,65.8958780668093,13.411780697964,0.275422870333817
353,118,0.05,1,0.125194699068354,0.64476038101124,65.8969597623714,13.41218223376,0.275422870333817
354,118,0.075,1,0.125220025878542,0.636571123966515,65.8988078053735,13.4128682843015,0.275422870333817
355,119,0.035,1,0.125177768149422,0.64686693398646,65.8833357048444,13.4071260893677,0.275422870333817
356,119,0.05,1,0.125192937137879,0.642587864558427,65.8843011549969,13.4074842976793,0.275422870333817
357,119,0.075,1,0.125218255224686,0.634759725588725,65.8859548536279,13.4080978962579,0.275422870333817
358,120,0.035,1,0.125176011909136,0.639936714386408,65.8708209703837,13.4024840016218,0.275422870333817
359,120,0.05,1,0.125191175675089,0.635895156578678,65.8716705958919,13.4027990813965,0.275422870333817
360,120,0.075,1,0.125216485043333,0.628468989109256,65.8731306531695,13.4033405613962,0.275422870333817
361,121,0.035,1,0.125116268394532,0.534465341923598,65.7965491652034,13.3749808639484,0.275422870333817
362,121,0.05,1,0.125131486567252,0.530525008996707,65.7977443677397,13.3754228237186,0.275422870333817
363,121,0.075,1,0.125156886831246,0.523477246629193,65.79928919364,13.3759940969566,0.277971326775929
364,122,0.035,1,0.125114096479275,0.522937288977354,65.7809050248755,13.3691978932555,0.275422870333817
365,122,0.05,1,0.125129308122746,0.519220629783067,65.7819538109143,13.3695854748763,0.275422870333817
366,122,0.075,1,0.12515469748653,0.512530748834506,65.783499959627,13.3701568869402,0.277971326775929
367,123,0.035,1,0.125111925274402,0.50906295254621,65.7653041978715,13.3634344283165,0.275422870333817
368,123,0.05,1,0.125127130393116,0.505528406715338,65.7662072305564,13.3637679435843,0.275422870333817
369,123,0.075,1,0.125152508864134,0.499122116241366,65.7677566838901,13.3643402273162,0.277971326775929
370,124,0.035,1,0.125053245650641,0.45296807308846,65.6955433569099,13.3377050210242,0.277971326775929
371,124,0.05,1,0.125068507438825,0.449471319871543,65.6964878500382,13.3380529083459,0.277971326775929
372,124,0.075,1,0.125093980583233,0.443278125458163,65.698111077297,13.3386508250357,0.277971326775929
373,125,0.035,1,0.125050667845884,0.437808098066004,65.6771223091385,13.3309224919357,0.277971326775929
374,125,0.05,1,0.125065921802173,0.434450091734234,65.6778860622991,13.33120360579,0.277971326775929
375,125,0.075,1,0.125091381871543,0.428456251469462,65.6792070655043,13.331689845677,0.277971326775929
376,126,0.035,1,0.125048091041624,0.421794039918758,65.6587649552906,13.3241682123496,0.277971326775929
377,126,0.05,1,0.125063337172434,0.418526655521609,65.6593489862201,13.3243830230196,0.277971326775929
378,126,0.075,1,0.125088784177461,0.412647479803559,65.6603694662034,13.3247583743292,0.277971326775929
379,127,0.035,1,0.126571881690365,0.640114906291219,66.7796183142274,13.7456282771585,0.270395836410884
380,127,0.05,1,0.126585688143632,0.635264214918429,66.7816237776439,13.7463994143922,0.270395836410884
381,127,0.075,1,0.126608729069172,0.626346906864254,66.784996156849,13.7476962975343,0.270395836410884
382,128,0.035,1,0.126569667650803,0.638912561245712,66.7648833346837,13.7399643374774,0.270395836410884
383,128,0.05,1,0.126583469352531,0.634319210510841,66.76679888654,13.7407004594714,0.270395836410884
384,128,0.075,1,0.126606502347051,0.625839283987489,66.7700210768637,13.7419388351931,0.270395836410884
385,129,0.035,1,0.126567454327782,0.633353073838826,66.7501699502209,13.7343120830048,0.270395836410884
386,129,0.05,1,0.126581251280739,0.629039782507692,66.7519958496173,13.7350133319903,0.270395836410884
387,129,0.075,1,0.126604276348921,0.621037865391116,66.7550682834805,13.736193438372,0.270395836410884
388,130,0.035,1,0.126513500785819,0.526249433058011,66.6932795385159,13.7124889513964,0.270395836410884
389,130,0.05,1,0.126527350547454,0.521943096045885,66.6953887554218,13.7132971475156,0.270395836410884
390,130,0.075,1,0.126550463823425,0.514158006672557,66.6989349433969,13.7146561086257,0.270395836410884
391,131,0.035,1,0.126510756788614,0.516991206267513,66.6748664236133,13.70543646436,0.270395836410884
392,131,0.05,1,0.126524600609207,0.512970858129354,66.6768624857571,13.7062007307065,0.270395836410884
393,131,0.075,1,0.12654770396858,0.50564982551849,66.6802196560923,13.7074862870426,0.270395836410884
394,132,0.035,1,0.126508013893443,0.505329207278386,66.6564871730316,13.698402187705,0.270395836410884
395,132,0.05,1,0.126521851777313,0.501554954071107,66.6583704882984,13.6991227470461,0.270395836410884
396,132,0.075,1,0.126544945227379,0.494627932522652,66.6615393217339,13.7003352715092,0.270395836410884
397,133,0.035,1,0.126455324307639,0.446412981069319,66.6063860840969,13.679253553551,0.272897778280804
398,133,0.05,1,0.126469217064953,0.44258616654649,66.6083554681917,13.680005520877,0.272897778280804
399,133,0.075,1,0.126492402169432,0.435727437632541,66.611670281163,13.6812713464714,0.272897778280804
400,134,0.035,1,0.12645205953306,0.433944018273837,66.5843879249074,13.6708580839496,0.270395836410884
401,134,0.05,1,0.126465945159414,0.4303265115182,66.5862324592336,13.6715617537933,0.272897778280804
402,134,0.075,1,0.126489118361046,0.423785498256424,66.589313604443,13.6727372939679,0.272897778280804
403,135,0.035,1,0.126448796320497,0.420400105915346,66.5623484338231,13.6624543011246,0.270395836410884
404,135,0.05,1,0.126462674822101,0.416940848685043,66.5641602937359,13.663144892195,0.272897778280804
405,135,0.075,1,0.126485836131314,0.410628820659865,66.5670088163407,13.6642307095002,0.272897778280804
406,136,0.035,1,0.123016372213817,0.710372541294321,64.0362799350138,12.7452724634966,0.285759054337495
407,136,0.05,1,0.123033350651518,0.711416310421804,64.0334246205516,12.7442838063333,0.285759054337495
408,136,0.075,1,0.123061693751185,0.713191178300492,64.0287437143374,12.7426632539762,0.285759054337495
409,137,0.035,1,0.123018390203798,0.709676223590482,64.0327665529816,12.744055963738,0.285759054337495
410,137,0.05,1,0.123035361257287,0.710705671478015,64.0297731236222,12.7430196171311,0.285759054337495
411,137,0.075,1,0.123063692021363,0.710430938685578,64.0248607356153,12.7413191542079,0.285759054337495
412,138,0.035,1,0.123020407318089,0.698125889640536,64.0291876700216,12.7428169419128,0.283139199579938
413,138,0.05,1,0.123037370988346,0.695638796377364,64.0261391665797,12.7417616646401,0.285759054337495
414,138,0.075,1,0.123065689418518,0.691108094407638,64.0209964393389,12.7399817070097,0.285759054337495
415,139,0.035,1,0.122959244537322,0.588293803349397,63.9251479348148,12.7068672763186,0.285759054337495
416,139,0.05,1,0.122976258069275,0.585761401572741,63.9224054622085,12.7059214543025,0.285759054337495
417,139,0.075,1,0.123004659823672,0.581313379473667,63.917764431696,12.7043210696813,0.288403150312661
418,140,0.035,1,0.122961772361834,0.568859256322418,63.9208551129919,12.7053868118859,0.285759054337495
419,140,0.05,1,0.122978776689216,0.566418106740378,63.9179385785262,12.7043811166285,0.285759054337495
420,140,0.075,1,0.123007163067009,0.562095762163802,63.9131567796535,12.7027324570384,0.285759054337495
421,141,0.035,1,0.122964298824107,0.548580003266113,63.9165885900421,12.703915641673,0.285759054337495
422,141,0.05,1,0.12298129394844,0.546166965540589,63.9134990680367,12.7028504612424,0.285759054337495
423,141,0.075,1,0.123009664952189,0.541855086717048,63.908427326572,12.7011021215382,0.285759054337495
424,142,0.035,1,0.122902299853863,0.498247733543975,63.8131103122776,12.6683029055173,0.288403150312661
425,142,0.05,1,0.122919348236331,0.495922336333387,63.8097998581944,12.6671657515238,0.288403150312661
426,142,0.075,1,0.122947808238445,0.491889672606436,63.8043662809092,12.6652995858939,0.288403150312661
427,143,0.035,1,0.122905339565893,0.476742326663787,63.8082885059612,12.6666466405032,0.285759054337495
428,143,0.05,1,0.122922376933619,0.474407527497277,63.80526109449,12.665606885452,0.288403150312661
429,143,0.075,1,0.122950818535036,0.470314311169829,63.7994702092639,12.6636183350108,0.288403150312661
430,144,0.035,1,0.122908377324913,0.455863200794544,63.8032954230255,12.6649318414969,0.285759054337495
431,144,0.05,1,0.122925403680076,0.453479865125246,63.8002458314716,12.6638846546892,0.285759054337495
432,144,0.075,1,0.122953826884482,0.449258119874226,63.7946148073296,12.661951337918,0.288403150312661
433,145,0.035,1,0.124946363841872,0.717899613601936,65.5132376196957,13.270792484315,0.277971326775929
434,145,0.05,1,0.124961703601896,0.714056813380623,65.5138678412524,13.2710229909637,0.277971326775929
435,145,0.075,1,0.124987307122127,0.706996789773257,65.5147656301814,13.2713513713153,0.280543363795171
436,146,0.035,1,0.124947497572472,0.705611009924705,65.5042762932257,13.267515437093,0.277971326775929
437,146,0.05,1,0.124962830334642,0.702191291414945,65.5048026293138,13.2677078806496,0.277971326775929
438,146,0.075,1,0.124988422167258,0.695880437253828,65.5057289117737,13.2680465654837,0.277971326775929
439,147,0.035,1,0.124948630618753,0.688236232442879,65.4953323589544,13.2642458714209,0.277971326775929
440,147,0.05,1,0.124963956384668,0.685134557997364,65.4957551840947,13.2644004151569,0.277971326775929
441,147,0.075,1,0.124989536532351,0.67938306075054,65.4965083315732,13.2646756988016,0.277971326775929
442,148,0.035,1,0.1248943042629,0.576259637660669,65.4231302600534,13.2378924263822,0.280543363795171
443,148,0.05,1,0.124909679339895,0.573036879150247,65.4234806422782,13.2380201388855,0.280543363795171
444,148,0.075,1,0.124935341871577,0.567258816479783,65.4241166512728,13.2382519652279,0.280543363795171
445,149,0.035,1,0.124895728803064,0.559554889811201,65.4122291287498,13.2339198733661,0.280543363795171
446,149,0.05,1,0.12491109515241,0.556526197542388,65.4124463258882,13.2339990074759,0.280543363795171
447,149,0.075,1,0.124936743107342,0.551053275636557,65.4128595284676,13.2341495564732,0.280543363795171
448,150,0.035,1,0.124897152276955,0.541641101069017,65.4013553838766,13.2299589456457,0.280543363795171
449,150,0.05,1,0.124912509901126,0.538729285358348,65.4014400165011,13.2299897680315,0.280543363795171
450,150,0.075,1,0.124938143283437,0.533421686748431,65.4016314508961,13.2300594869592,0.280543363795171
451,151,0.035,1,0.124842401615797,0.487774311090318,65.3316700257109,13.2046138965711,0.280543363795171
452,151,0.05,1,0.124857811787615,0.484837594826981,65.3321373665018,13.2047836479711,0.280543363795171
453,151,0.075,1,0.124883532959854,0.479633944367871,65.3329698953064,13.2050860534608,0.280543363795171
454,152,0.035,1,0.124844119831413,0.469150707606427,65.3186341848826,13.1998801247147,0.280543363795171
455,152,0.05,1,0.124859519553597,0.466296413224154,65.3189405561394,13.199991351987,0.280543363795171
456,152,0.075,1,0.124885223272943,0.461187956685093,65.3195037899788,13.2001958359155,0.280543363795171
457,153,0.035,1,0.124845836515884,0.450734377549502,65.3056378611828,13.1951630353123,0.280543363795171
458,153,0.05,1,0.124861225791991,0.44790738982763,65.3057841635055,13.1952161236189,0.280543363795171
459,153,0.075,1,0.12488691206435,0.442797812739468,65.3060796091325,13.1953233320297,0.280543363795171
460,154,0.035,1,0.126357218463055,0.705693327704155,66.4458209726435,13.6181452594104,0.272897778280804
461,154,0.05,1,0.126371191465856,0.701274885256385,66.4475926322361,13.6188173756962,0.272897778280804
462,154,0.075,1,0.126394510702739,0.693083419898994,66.4505784750885,13.6199502258044,0.272897778280804
463,155,0.035,1,0.126357688394034,0.695680228589798,66.4344026963944,13.6138146398241,0.272897778280804
464,155,0.05,1,0.126371654798061,0.691750154181172,66.4360931475792,13.6144556539163,0.272897778280804
465,155,0.075,1,0.126394963015836,0.684420869057279,66.4389432940614,13.6155365192339,0.272897778280804
466,156,0.035,1,0.12635815782793,0.680532679042968,66.4229990614958,13.6094915476658,0.272897778280804
467,156,0.05,1,0.126372117635187,0.677005164863731,66.4246085396467,13.6101015776725,0.272897778280804
468,156,0.075,1,0.126395414837143,0.67038666238181,66.4273233829431,13.6111306560112,0.272897778280804
469,157,0.035,1,0.126309101012355,0.567128996633335,66.3684590905772,13.5888427917831,0.272897778280804
470,157,0.05,1,0.126323108755791,0.56341374116253,66.3703155388952,13.5895449015627,0.275422870333817
471,157,0.075,1,0.126346486028408,0.556659404333406,66.373036100492,13.5905739134021,0.275422870333817
472,158,0.035,1,0.126309697027081,0.552898119343091,66.3541949728734,13.5834498283865,0.272897778280804
473,158,0.05,1,0.126323696537301,0.549469753906491,66.3559716141873,13.5841213719509,0.272897778280804
474,158,0.075,1,0.126347060061373,0.543183661550046,66.3586014877115,13.5851155117119,0.275422870333817
475,159,0.035,1,0.126310292265858,0.537166464980691,66.3399537958247,13.5780685965366,0.272897778280804
476,159,0.05,1,0.126324283545881,0.533940161266781,66.3416286630229,13.5787013105633,0.272897778280804
477,159,0.075,1,0.126347633326525,0.527970489164643,66.3441912786981,13.5796694707557,0.275422870333817
478,160,0.035,1,0.126261121517262,0.480357911115094,66.2897200971431,13.5591114204326,0.275422870333817
479,160,0.05,1,0.126275163798937,0.476998155822642,66.2914380871577,13.5597591295954,0.275422870333817
480,160,0.075,1,0.126298598769453,0.470954511592874,66.2943371312017,13.5608522149256,0.275422870333817
481,161,0.035,1,0.126261846971657,0.464389756508881,66.27274604457,13.5527143122906,0.275422870333817
482,161,0.05,1,0.126275879391725,0.461202248323772,66.2743380822348,13.5533141293428,0.275422870333817
483,161,0.075,1,0.126299297894395,0.455408195966379,66.2770266358239,13.5543271564827,0.275422870333817
484,162,0.035,1,0.126262571309747,0.448260580183562,66.2558057248401,13.546334214678,0.275422870333817
485,162,0.05,1,0.126276593872507,0.44517838545047,66.2572723759374,13.5468864181962,0.275422870333817
486,162,0.075,1,0.12629999591462,0.439517490272998,66.2597513843528,13.5478198537877,0.275422870333817
487,163,0.035,1,0.122548859902004,0.5568471680846,64.6831259606027,12.9718975771711,0.275422870333817
488,163,0.05,1,0.122566395022804,0.552765943641155,64.6816153364119,12.9713620594704,0.277971326775929
489,163,0.075,1,0.122595669033492,0.545542155367941,64.6790697281076,12.9704597064417,0.277971326775929
490,164,0.035,1,0.12254080732589,0.555160646891437,64.6716373711081,12.9678256107623,0.275422870333817
491,164,0.05,1,0.122558340959583,0.551152317016993,64.6704670386051,12.9674108999509,0.275422870333817
492,164,0.075,1,0.122587612499736,0.544038162571739,64.6676004996131,12.9663952089084,0.277971326775929
493,165,0.035,1,0.122532761885703,0.551464854525686,64.6602171017763,12.9637795688198,0.275422870333817
494,165,0.05,1,0.122550294031967,0.547536728342924,64.6588476665145,12.9632945113887,0.275422870333817
495,165,0.075,1,0.12257956310106,0.540545698908934,64.6562034266374,12.9623579842076,0.277971326775929
496,166,0.035,1,0.122455486590584,0.471064903776978,64.5428428347481,12.9222938975838,0.277971326775929
497,166,0.05,1,0.122473078375658,0.467282806546838,64.5413323568772,12.9217611872023,0.277971326775929
498,166,0.075,1,0.122502447118304,0.46070645475619,64.5388958700833,12.920901957195,0.277971326775929
499,167,0.035,1,0.122445503047096,0.461362844975665,64.5293458901857,12.9175348849464,0.277971326775929
500,167,0.05,1,0.122463092913891,0.45767886527008,64.5275781402844,12.9169117519622,0.277971326775929
501,167,0.075,1,0.122492458469011,0.451253221565336,64.5247108919694,12.9159011308856,0.277971326775929
502,168,0.035,1,0.122435530490877,0.449659331354114,64.5159576094648,12.9128165116429,0.277971326775929
503,168,0.05,1,0.122453118439105,0.446068801090846,64.5139342700701,12.9121036361983,0.277971326775929
504,168,0.075,1,0.122482480806058,0.439783950335224,64.510639073914,12.9109427653509,0.277971326775929
505,169,0.035,1,0.122362606003095,0.402315686263103,64.4014258251582,12.872546828412,0.277971326775929
506,169,0.05,1,0.122380253768808,0.398918349902727,64.3999032969084,12.8720126361344,0.280543363795171
507,169,0.075,1,0.122409716101488,0.393070755766108,64.3964945698292,12.8708167620046,0.280543363795171
508,170,0.035,1,0.122350723166776,0.387634764250817,64.3854231837631,12.8669336427492,0.277971326775929
509,170,0.05,1,0.122368368561177,0.384308925957203,64.3836626442775,12.8663163046941,0.277971326775929
510,170,0.075,1,0.122397826952623,0.378561924528648,64.3805670415974,12.8652309189593,0.280543363795171
511,171,0.035,1,0.122338855922555,0.371755322553566,64.369577531493,12.8613787447022,0.277971326775929
512,171,0.05,1,0.12235649894537,0.368480873418344,64.3675078456766,12.8606534260621,0.277971326775929
513,171,0.075,1,0.12238595339507,0.36279740939838,64.3641374997202,12.85947240966,0.277971326775929
514,172,0.035,1,0.124553814330979,0.544253784312825,66.1635717927149,13.5116719298909,0.270395836410884
515,172,0.05,1,0.124569733602644,0.539518330385954,66.1650378006889,13.5122218793532,0.270395836410884
516,172,0.075,1,0.124596305883842,0.531047913144046,66.1675299978855,13.5131568604048,0.270395836410884
517,173,0.035,1,0.124545769037287,0.543959988912438,66.1474008714301,13.5056077795126,0.270395836410884
518,173,0.05,1,0.124561687712185,0.539336151342567,66.1487207889469,13.5061026079524,0.270395836410884
519,173,0.075,1,0.124588259009344,0.531039509011817,66.1509688000961,13.5069454319758,0.270395836410884
520,174,0.035,1,0.124537730658512,0.541677090351908,66.1312802836985,13.4995663560183,0.270395836410884
521,174,0.05,1,0.124553648735183,0.537173743571135,66.1324546355364,13.5000063316084,0.270395836410884
522,174,0.075,1,0.124580219045884,0.52906760723995,66.1344593361594,13.5007574477703,0.270395836410884
523,175,0.035,1,0.124468813382806,0.457562333560466,66.0499919530534,13.4691607734823,0.270395836410884
524,175,0.05,1,0.124484791123454,0.453135711032336,66.0515549959275,13.4697445070914,0.270395836410884
525,175,0.075,1,0.12451146112574,0.445351355337645,66.0537135257739,13.4705506900671,0.272897778280804
526,176,0.035,1,0.124458830891351,0.450098186771295,66.0298297611497,13.4616342183004,0.270395836410884
527,176,0.05,1,0.124474807821507,0.445817670616864,66.0312086570265,13.4621487709272,0.270395836410884
528,176,0.075,1,0.12450147648585,0.438261783229858,66.0333749369866,13.4629572022488,0.272897778280804
529,177,0.035,1,0.124448859060558,0.440675326243364,66.0097465666519,13.4541430727207,0.270395836410884
530,177,0.05,1,0.124464835178137,0.436538407433566,66.0109421443426,13.454588864781,0.270395836410884
531,177,0.075,1,0.124491502501003,0.429205299167256,66.0129834814326,13.4553500613489,0.270395836410884
532,178,0.035,1,0.1243842306495,0.389591020054982,65.9345300929288,13.4261392278418,0.272897778280804
533,178,0.05,1,0.124400266225547,0.385589527290241,65.935811768126,13.4266157184437,0.272897778280804
534,178,0.075,1,0.124427032890976,0.378617455081904,65.9380010691756,13.4274296938857,0.272897778280804
535,179,0.035,1,0.124372339613764,0.377753547118428,65.9107992346212,13.4173210747675,0.272897778280804
536,179,0.05,1,0.12438837414157,0.373876845557856,65.9118528743628,13.4177124235711,0.272897778280804
537,179,0.075,1,0.124415139074909,0.367091291739672,65.9136609485578,13.4183840261806,0.272897778280804
538,180,0.035,1,0.124360463725948,0.36464948037472,65.8871856330971,13.408554597974,0.272897778280804
539,180,0.05,1,0.124376497202698,0.360877871180675,65.8880125211947,13.408861441217,0.272897778280804
540,180,0.075,1,0.12440326039924,0.354242843425015,65.8894415109689,13.4093917368454,0.272897778280804
541,181,0.035,1,0.126025000614938,0.536886470035208,67.0952123229375,13.8677613082255,0.265460556197554
542,181,0.05,1,0.126039557662148,0.531758801771773,67.097588739167,13.8686869898426,0.265460556197554
543,181,0.075,1,0.12606385297307,0.522503811169523,67.1015816993046,13.8702425658834,0.265460556197554
544,182,0.035,1,0.126017022785403,0.537643170503924,67.0770495839732,13.8606894052603,0.265460556197554
545,182,0.05,1,0.126031579857119,0.532659500407134,67.079314796872,13.8615711064902,0.265460556197554
546,182,0.075,1,0.126055875220547,0.523633262652208,67.0831220365423,13.8630532049868,0.265460556197554
547,183,0.035,1,0.126009051624427,0.536438321558209,67.0589239186077,13.8536372203347,0.265460556197554
548,183,0.05,1,0.12602360871851,0.53160873484559,67.0610782343066,13.8544751277119,0.265460556197554
549,183,0.075,1,0.126047904130825,0.522830620594537,67.0647002636706,13.8558840607847,0.265460556197554
550,184,0.035,1,0.125946623268263,0.449448186883782,66.9970808114265,13.8296154173932,0.265460556197554
551,184,0.05,1,0.125961238874665,0.444628113472471,66.999553405944,13.8305746777902,0.265460556197554
552,184,0.075,1,0.125985632034307,0.436073631918459,67.0037076801613,13.8321865772217,0.265460556197554
553,185,0.035,1,0.125936718547042,0.443767414790751,66.9743891103894,13.8208165634863,0.265460556197554
554,185,0.05,1,0.125951334118334,0.439132867899245,66.9767216448828,13.8217206406259,0.265460556197554
555,185,0.075,1,0.125975727233677,0.430871055324617,66.9806420005867,13.8232403433935,0.265460556197554
556,186,0.035,1,0.125926824116909,0.436184163701321,66.95175560111,13.8120484378522,0.265460556197554
557,186,0.05,1,0.125941439649878,0.431735158372438,66.9539485584321,13.8128976239625,0.265460556197554
558,186,0.075,1,0.125965832715554,0.423765361875408,66.9576358002978,13.8143256190533,0.265460556197554
559,187,0.035,1,0.125868609317807,0.382194251534852,66.8983627918168,13.7913964990051,0.265460556197554
560,187,0.05,1,0.125883282900497,0.377825315872536,66.9007151021259,13.7923054044344,0.267916832481903
561,187,0.075,1,0.12590777293579,0.370139124258829,66.9046138377992,13.7938120233791,0.267916832481903
562,188,0.035,1,0.125856803881636,0.372672482485233,66.8711477807585,13.7808872899259,0.265460556197554
563,188,0.05,1,0.125871477344867,0.36847224445531,66.8734727392778,13.7817846272855,0.267916832481903
564,188,0.075,1,0.125895967197726,0.361043148801611,66.8770814086422,13.7831775925587,0.267916832481903
565,189,0.035,1,0.125845013082534,0.361855848450242,66.8440169479859,13.7704222128695,0.265460556197554
566,189,0.05,1,0.125859686421938,0.35780673705516,66.8462474978175,13.7712821574402,0.265460556197554
567,189,0.075,1,0.125884176085046,0.350603074786499,66.8496378737579,13.7725894000699,0.267916832481903
568,190,0.035,1,0.122090444142338,0.657690209136993,63.911009623582,12.7019922560449,0.280543363795171
569,190,0.05,1,0.12210824794192,0.653862475439841,63.9080593631621,12.7009752888357,0.280543363795171
570,190,0.075,1,0.122137971277822,0.647055007186134,63.9021191325166,12.6989279906326,0.283139199579938
571,191,0.035,1,0.122086772228363,0.653171325425656,63.9051914616842,12.6999868135894,0.280543363795171
572,191,0.05,1,0.122104572321158,0.649485117611474,63.9020616865463,12.6989081940166,0.280543363795171
573,191,0.075,1,0.122134289472046,0.64291766491281,63.8964097762545,12.6969606715323,0.283139199579938
574,192,0.035,1,0.122083102285003,0.6444584918937,63.8994153250308,12.6979962679227,0.280543363795171
575,192,0.05,1,0.122100898673279,0.640945444238541,63.8961069567458,12.6968563377368,0.280543363795171
576,192,0.075,1,0.122130609642944,0.634674232300797,63.8906778329653,12.6949859718725,0.280543363795171
577,193,0.035,1,0.122014597931548,0.543150697228921,63.7827379869862,12.6578748982909,0.283139199579938
578,193,0.05,1,0.12203244624518,0.5399339168552,63.7791168373441,12.6566323650809,0.283139199579938
579,193,0.075,1,0.122062243999718,0.534350125232284,63.7731727977686,12.6545931190604,0.283139199579938
580,194,0.035,1,0.122010047758303,0.528438712540137,63.7763633475377,12.6556876606507,0.283139199579938
581,194,0.05,1,0.122027891426416,0.525358528825156,63.7725125720965,12.6543666392322,0.283139199579938
582,194,0.075,1,0.122057681429448,0.519993672328261,63.7661836422293,12.65219587008,0.283139199579938
583,195,0.035,1,0.122005500619684,0.511669027482309,63.7695847253542,12.6533623521932,0.280543363795171
584,195,0.05,1,0.122023339645817,0.508693731400549,63.7659754085956,12.652124455982,0.283139199579938
585,195,0.075,1,0.122053121903299,0.503488740337184,63.7592641600546,12.6498231032386,0.283139199579938
586,196,0.035,1,0.121939074154261,0.460141780314929,63.652736564265,12.6133667771184,0.283139199579938
587,196,0.05,1,0.121956966550474,0.457324588333054,63.6491719822368,12.6121492591314,0.283139199579938
588,196,0.075,1,0.121986838002926,0.452496536320781,63.643028714413,12.6100513245183,0.285759054337495
589,197,0.035,1,0.121933661119337,0.441439170605322,63.6452734777113,12.6108178617028,0.283139199579938
590,197,0.05,1,0.121951547927048,0.438679187966444,63.6414310208332,12.6095057843012,0.283139199579938
591,197,0.075,1,0.121981410054382,0.433923717259065,63.6351186751099,12.6073507034757,0.283139199579938
592,198,0.035,1,0.121928252391298,0.422116117737316,63.6379048957716,12.6083018804478,0.283139199579938
593,198,0.05,1,0.12194613361564,0.419378295123927,63.6337867980897,12.6068960521573,0.283139199579938
594,198,0.075,1,0.121975986426399,0.414631606078704,63.6270124029466,12.6045838655645,0.283139199579938
595,199,0.035,1,0.124135927680946,0.640930971562849,65.5259734902574,13.2754517727811,0.275422870333817
596,199,0.05,1,0.124152131816355,0.636321864407035,65.5264435118303,13.2756237689149,0.275422870333817
597,199,0.075,1,0.124179180324269,0.628036923009422,65.5272840791142,13.2759313674682,0.275422870333817
598,200,0.035,1,0.124131912399251,0.63782303392137,65.514594550921,13.271288795527,0.275422870333817
599,200,0.05,1,0.124148113462446,0.633400646978451,65.5149305363163,13.2714116895433,0.275422870333817
600,200,0.075,1,0.124175156845988,0.62543210773153,65.5155469170597,13.2716371484131,0.275422870333817
601,201,0.035,1,0.124127899279264,0.630747576005595,65.5032501785248,13.2671402713087,0.275422870333817
602,201,0.05,1,0.124144097272067,0.626546602385033,65.5034526260008,13.2672142885389,0.275422870333817
603,201,0.075,1,0.124171135534292,0.618956334507121,65.5038456527513,13.2673579854808,0.275422870333817
604,202,0.035,1,0.124066750163021,0.527455010220214,65.4225302116675,13.2376737158248,0.275422870333817
605,202,0.05,1,0.12408300031374,0.523490375477852,65.4230961101312,13.2378799790041,0.275422870333817
606,202,0.075,1,0.124110125728787,0.516509373582016,65.4233711731057,13.2379802377566,0.277971326775929
607,203,0.035,1,0.124061768335323,0.51527127542952,65.4083611756485,13.2325107241341,0.275422870333817
608,203,0.05,1,0.124078014628077,0.511508684350142,65.4087582521869,13.2326553750776,0.275422870333817
609,203,0.075,1,0.124105133608034,0.504856125230131,65.4091139006258,13.2327849360455,0.277971326775929
610,204,0.035,1,0.124056789842329,0.500977333434465,65.3942463292292,13.2273702514447,0.275422870333817
611,204,0.05,1,0.124073032280018,0.497386546552213,65.394475369596,13.2274536433668,0.275422870333817
612,204,0.075,1,0.124100144829663,0.491006834396322,65.3949139915678,13.2276133444499,0.277971326775929
613,205,0.035,1,0.12399784775798,0.446133568060113,65.3173811350969,13.1994252217836,0.277971326775929
614,205,0.05,1,0.124014143523047,0.4426345291912,65.317588881175,13.199500639716,0.277971326775929
615,205,0.075,1,0.124041345175654,0.436540337958257,65.3179968476711,13.1996487452766,0.277971326775929
616,206,0.035,1,0.123991913871861,0.430325181172905,65.3008988252727,13.1934435542806,0.277971326775929
617,206,0.05,1,0.124008204986735,0.426952971550626,65.300898244901,13.1934433437212,0.277971326775929
618,206,0.075,1,0.124035398882647,0.421047225076365,65.3009576928072,13.193464911498,0.277971326775929
619,207,0.035,1,0.1239859847269,0.41369502636712,65.2844961724096,13.1874945085374,0.277971326775929
620,207,0.05,1,0.124002271195741,0.410410418229346,65.2842884747705,13.1874192028177,0.277971326775929
621,207,0.075,1,0.124029457341873,0.404622261586321,65.2840014251027,13.1873151271087,0.277971326775929
622,208,0.035,1,0.125639762360738,0.628466696823475,66.5440902371931,13.6554979928471,0.270395836410884
623,208,0.05,1,0.125654609831792,0.623316376131389,66.5459298488755,13.6561986468916,0.270395836410884
624,208,0.075,1,0.125679390530932,0.613979487104713,66.5490341485091,13.6573811010041,0.270395836410884
625,209,0.035,1,0.125635523612137,0.626477513241606,66.530155062697,13.650192177508,0.270395836410884
626,209,0.05,1,0.125650368506659,0.6215507471585,66.5318915019891,13.6508531643458,0.270395836410884
627,209,0.075,1,0.125675144909502,0.612593526084193,66.534823412174,13.6519693196375,0.270395836410884
628,210,0.035,1,0.125631287143211,0.620723039081555,66.516246692036,13.6448995304412,0.270395836410884
629,210,0.05,1,0.125646129462661,0.616056251875646,66.5178802563816,13.6455210085262,0.270395836410884
630,210,0.075,1,0.125670901571668,0.607543826989214,66.5206402734503,13.6465711303157,0.270395836410884
631,211,0.035,1,0.12557586144097,0.515948661159978,66.4552934285993,13.6217393887083,0.270395836410884
632,211,0.05,1,0.12559075507135,0.511454300161128,66.4572287834327,13.6224738872041,0.270395836410884
633,211,0.075,1,0.125615612900495,0.503456295501717,66.4604937514521,13.6237131245048,0.270395836410884
634,212,0.035,1,0.125570598035608,0.505899399610911,66.4378921041633,13.6151378605647,0.270395836410884
635,212,0.05,1,0.125585488424519,0.501660895482322,66.4396976088216,13.6158225997834,0.270395836410884
636,212,0.075,1,0.125610340848481,0.494081146609599,66.4427456074456,13.6169786682097,0.270395836410884
637,213,0.035,1,0.125565338151262,0.493731236720959,66.420532814265,13.6085568582414,0.270395836410884
638,213,0.05,1,0.125580225301025,0.489721916204918,66.4222089372646,13.6091920864014,0.270395836410884
639,213,0.075,1,0.125605072323674,0.482512299486046,66.4250407482989,13.6102654015877,0.270395836410884
640,214,0.035,1,0.125512200736971,0.436224829826995,66.3659615774116,13.5878983129431,0.272897778280804
641,214,0.05,1,0.125527140156603,0.432243628589425,66.3676920027877,13.5885526939375,0.272897778280804
642,214,0.075,1,0.125552074497983,0.425227623365709,66.3706174364852,13.5896590843134,0.272897778280804
643,215,0.035,1,0.125505926317344,0.422927128879473,66.3451573107871,13.5800344648392,0.270395836410884
644,215,0.05,1,0.125520861822846,0.419133432991802,66.3468743393974,13.5806832412017,0.272897778280804
645,215,0.075,1,0.125545789637168,0.412406617764712,66.3495314790189,13.5816873244282,0.272897778280804
646,216,0.035,1,0.125499656909891,0.408661729670937,66.3243583864683,13.5721791495825,0.270395836410884
647,216,0.05,1,0.12551458850458,0.405015728440783,66.3260762765421,13.5728277139926,0.270395836410884
648,216,0.075,1,0.125539509797469,0.398507100847913,66.3285097960503,13.5737465298077,0.272897778280804
649,217,0.035,1,0.121748761032146,0.668312112756446,63.3083755330793,12.4964468159212,0.285759054337495
650,217,0.05,1,0.121766758159393,0.669140464319253,63.3031753715415,12.4946919627676,0.285759054337495
651,217,0.075,1,0.121796804825001,0.670548271055351,63.2946034934424,12.49179997704,0.285759054337495
652,218,0.035,1,0.12174826493767,0.667720111652365,63.3070353275713,12.4959945181601,0.283139199579938
653,218,0.05,1,0.121766256884903,0.668534516529888,63.3017153317211,12.4941993128113,0.285759054337495
654,218,0.075,1,0.121796294899691,0.66991827535891,63.292875253624,12.4912170065665,0.285759054337495
655,219,0.035,1,0.121747768765119,0.667136904692476,63.305168732423,12.4953646074387,0.283139199579938
656,219,0.05,1,0.121765755534291,0.667937623045594,63.3002786931403,12.4937145833195,0.285759054337495
657,219,0.075,1,0.121795784901568,0.669297786013017,63.2911718267242,12.4906424401974,0.285759054337495
658,220,0.035,1,0.121685684496708,0.586737162026141,63.1894356416701,12.4563882001894,0.285759054337495
659,220,0.05,1,0.121703717776299,0.584365704369134,63.1842994055325,12.4546620401799,0.285759054337495
660,220,0.075,1,0.121733824879926,0.580289958223516,63.1758373645554,12.4518188281822,0.285759054337495
661,221,0.035,1,0.121685081283905,0.56709774203305,63.1879496645926,12.4558887691267,0.285759054337495
662,221,0.05,1,0.121703108098602,0.564808552492644,63.1826120180043,12.4540950184023,0.285759054337495
663,221,0.075,1,0.12173320440556,0.560851546978639,63.1738120663768,12.4511384592402,0.285759054337495
664,222,0.035,1,0.121684477943035,0.546632775992038,63.1864988585568,12.4554011836385,0.285759054337495
665,222,0.05,1,0.121702498295891,0.544374157457055,63.1809611284583,12.4535402932038,0.285759054337495
666,222,0.075,1,0.121732583811279,0.540439444539786,63.1718254933664,12.4504711456447,0.285759054337495
667,223,0.035,1,0.121622828845434,0.496740116627841,63.0697386112868,12.4162403619091,0.285759054337495
668,223,0.05,1,0.121640897990192,0.494569467490896,63.0644749749614,12.4144786676596,0.288403150312661
669,223,0.075,1,0.121671065052157,0.490888151404074,63.054667526147,12.4111970475334,0.288403150312661
670,224,0.035,1,0.121622125083755,0.475099470132215,63.06812496918,12.4157002557781,0.285759054337495
671,224,0.05,1,0.121640186482915,0.472924937504688,63.0628077670833,12.4139207338039,0.285759054337495
672,224,0.075,1,0.121670340609255,0.469202296002691,63.0533395843472,12.4107527966878,0.288403150312661
673,225,0.035,1,0.12162142112909,0.453851176803763,63.0665618530556,12.4151770898727,0.285759054337495
674,225,0.05,1,0.121639474786993,0.451638595357184,63.0610029904576,12.4133167983521,0.285759054337495
675,225,0.075,1,0.121669615984995,0.447813125258356,63.0518345127177,12.4102493131559,0.285759054337495
676,226,0.035,1,0.123823868315277,0.714133411012765,65.0275438677223,13.0947806063044,0.277971326775929
677,226,0.05,1,0.123840278822346,0.710340415234963,65.0269632623242,13.0945721246865,0.280543363795171
678,226,0.075,1,0.123867672354611,0.703480755528876,65.0258211606041,13.0941620363038,0.280543363795171
679,227,0.035,1,0.123822786606757,0.70141725702906,65.0196757587219,13.091955740819,0.277971326775929
680,227,0.05,1,0.123839192365823,0.698023019615164,65.0192749093183,13.0918118472547,0.280543363795171
681,227,0.075,1,0.123866577970431,0.691874908501021,65.0179270045954,13.0913280035458,0.280543363795171
682,228,0.035,1,0.123821705054683,0.684178396418449,65.0118303939705,13.0891398700601,0.277971326775929
683,228,0.05,1,0.123838106067768,0.681095304796153,65.0113658119725,13.0889731475,0.277971326775929
684,228,0.075,1,0.123865483748153,0.675500586683027,65.0100570055009,13.0885034772991,0.280543363795171
685,229,0.035,1,0.123766259715579,0.572831951414974,64.931840375469,13.0604768434603,0.280543363795171
686,229,0.05,1,0.123782707580693,0.569704214048133,64.9312125221044,13.0602522017838,0.280543363795171
687,229,0.075,1,0.123810163549868,0.564207989031771,64.9302321734394,13.0599014502026,0.280543363795171
688,230,0.035,1,0.123764924773938,0.555665937596604,64.922440601705,13.0571142183919,0.280543363795171
689,230,0.05,1,0.123781366708889,0.552709064502409,64.9216579573266,13.0568342925223,0.280543363795171
690,230,0.075,1,0.123808812776557,0.547485957698329,64.9204185128386,13.0563910011586,0.280543363795171
691,231,0.035,1,0.12376359006843,0.537402971727813,64.9130766770212,13.0537655897176,0.280543363795171
692,231,0.05,1,0.12378002607642,0.534554882868305,64.9121399843664,13.0534306838214,0.280543363795171
693,231,0.075,1,0.123807462247869,0.529489970279411,64.9106426869632,13.0528953631092,0.280543363795171
694,232,0.035,1,0.12370884040335,0.484166686406523,64.8354611481661,13.026054446769,0.280543363795171
695,232,0.05,1,0.123725325359495,0.481322825423617,64.8349288924258,13.0258646910523,0.280543363795171
696,232,0.075,1,0.123752843319711,0.476388075370222,64.8337487387129,13.0254439651231,0.283139199579938
697,233,0.035,1,0.123707258931086,0.465120143464332,64.8242509225119,13.0220586559109,0.280543363795171
698,233,0.05,1,0.123723736777012,0.462349698213874,64.8235315955117,13.0218023146293,0.280543363795171
699,233,0.075,1,0.123751242865283,0.457504750598682,64.8223993880967,13.0213988520542,0.280543363795171
700,234,0.035,1,0.1237056777871,0.446164212842661,64.8130924237304,13.0180829540589,0.280543363795171
701,234,0.05,1,0.123722148527361,0.443421363875146,64.8121871039036,13.0177604665991,0.280543363795171
702,234,0.075,1,0.123749642751286,0.438583633664898,64.8107435622887,13.0172462794953,0.280543363795171
703,235,0.035,1,0.125351649879365,0.699713314168552,66.1131481893742,13.4927756799814,0.272897778280804
704,235,0.05,1,0.125366708766896,0.695194735682477,66.1146300587271,13.493330474826,0.272897778280804
705,235,0.075,1,0.125391842826552,0.686940120017335,66.1170007024153,13.4942180839461,0.275422870333817
706,236,0.035,1,0.125350141856109,0.68920408719217,66.1024180469273,13.4887594044572,0.272897778280804
707,236,0.05,1,0.125365196383446,0.685144255209917,66.1038058944334,13.4892787780127,0.272897778280804
708,236,0.075,1,0.125390323164262,0.677702080793216,66.1061608531934,13.4901601381553,0.275422870333817
709,237,0.035,1,0.125348634175479,0.674149416797573,66.0917067479627,13.4847518747168,0.272897778280804
710,237,0.05,1,0.125363684344634,0.670482177911856,66.0930008461331,13.4852359593636,0.272897778280804
711,237,0.075,1,0.125388803850015,0.663737218405969,66.0951995685835,13.4860584943116,0.272897778280804
712,238,0.035,1,0.125298363060946,0.561386967356852,66.0321349418417,13.4624944415901,0.275422870333817
713,238,0.05,1,0.125313459422985,0.557641061987421,66.033380758542,13.4629593748804,0.275422870333817
714,238,0.075,1,0.125338656100163,0.550958471477359,66.035501952057,13.4637510472593,0.275422870333817
715,239,0.035,1,0.125296495125738,0.546516280229629,66.0189275568684,13.4575669017533,0.275422870333817
716,239,0.05,1,0.125311586038836,0.543023544251112,66.0200525809552,13.4579865371935,0.275422870333817
717,239,0.075,1,0.125336773619561,0.536757463637139,66.0219718373454,13.458702465069,0.275422870333817
718,240,0.035,1,0.125294627716253,0.530330874420349,66.0057502775281,13.4526531380889,0.275422870333817
719,240,0.05,1,0.125309713183555,0.527024419036769,66.0067549621813,13.4530276922338,0.275422870333817
720,240,0.075,1,0.125334891673083,0.521052663390049,66.0084730385669,13.4536682384829,0.275422870333817
721,241,0.035,1,0.12524524221218,0.474255397733672,65.9499710946828,13.431881344727,0.275422870333817
722,241,0.05,1,0.125260375801985,0.470870808941073,65.9513133794316,13.4323806701791,0.275422870333817
723,241,0.075,1,0.125285634684763,0.464903438285499,65.95359655233,13.4332300631058,0.275422870333817
724,242,0.035,1,0.125243021042878,0.457646121475028,65.9341489317539,13.4259975274977,0.275422870333817
725,242,0.05,1,0.12525814809566,0.454412427532117,65.9353453407834,13.4264423111824,0.275422870333817
726,242,0.075,1,0.125283396065437,0.44866742814383,65.9373846381756,13.4272004996782,0.275422870333817
727,243,0.035,1,0.125240800616895,0.440859210168826,65.9183702444049,13.4201334996397,0.275422870333817
728,243,0.05,1,0.125255921137155,0.437722487071702,65.9194214350056,13.4205240541855,0.275422870333817
729,243,0.075,1,0.125281158201487,0.432103355766093,65.921217955033,13.4211915621328,0.275422870333817
730,244,0.035,1,0.124565294384646,0.589125365060655,65.6802569951248,13.3320763254598,0.277971326775929
731,244,0.05,1,0.124580433690133,0.585337281885115,65.6808921584985,13.3323101371224,0.277971326775929
732,244,0.075,1,0.124605702245693,0.578411532663208,65.6819991702967,13.3327176558612,0.277971326775929
733,245,0.035,1,0.124566867260806,0.589594879377909,65.6667558783958,13.3271077499283,0.277971326775929
734,245,0.05,1,0.124582002899775,0.585948279066468,65.6672402115299,13.3272859456469,0.277971326775929
735,245,0.075,1,0.124607265338824,0.579239761754193,65.6680949983862,13.3276004467285,0.277971326775929
736,246,0.035,1,0.124568439652517,0.587165996308885,65.6532988914847,13.3221579903661,0.277971326775929
737,246,0.05,1,0.124583571625939,0.583646358341192,65.6536331274171,13.3222808981736,0.277971326775929
738,246,0.075,1,0.124608827950012,0.577129894590079,65.6542369145143,13.3225029314253,0.277971326775929
739,247,0.035,1,0.124501747222524,0.49994692394943,65.5476503387907,13.2833872615717,0.277971326775929
740,247,0.05,1,0.124516948336739,0.496251385149947,65.5484149179727,13.2836672802337,0.277971326775929
741,247,0.075,1,0.124542320173135,0.489608523224309,65.5493678049157,13.284016276032,0.280543363795171
742,248,0.035,1,0.124503728829604,0.491837287996662,65.530867241786,13.2772427070437,0.277971326775929
743,248,0.05,1,0.124518925359197,0.488277232961672,65.5314414864075,13.2774528816298,0.277971326775929
744,248,0.075,1,0.124544289547381,0.48183038242515,65.5324478336795,13.2778212177439,0.277971326775929
745,249,0.035,1,0.124505709677222,0.481057668551921,65.5141533425835,13.2711274163186,0.277971326775929
746,249,0.05,1,0.124520901623676,0.477607354333014,65.5145384106241,13.2712682611382,0.277971326775929
747,249,0.075,1,0.124546258166058,0.471311462534122,65.5152283957088,13.2715206394623,0.277971326775929
748,250,0.035,1,0.124438456527319,0.429495961210202,65.4127849261736,13.2341223751979,0.280543363795171
749,250,0.05,1,0.124453718960832,0.426108145736651,65.4132793966023,13.2343025364742,0.280543363795171
750,250,0.075,1,0.124479193261204,0.420072217575785,65.4141567526318,13.2346222112386,0.280543363795171
751,251,0.035,1,0.124440852840337,0.416141970689545,65.3932917023435,13.2270226866185,0.280543363795171
752,251,0.05,1,0.124456109770897,0.412835347641008,65.3935509822429,13.2271170851531,0.280543363795171
753,251,0.075,1,0.124481574890905,0.406894321995029,65.3940349580239,13.227293293381,0.280543363795171
754,252,0.035,1,0.124443248056339,0.401384621831043,65.373899882754,13.2199651619833,0.280543363795171
755,252,0.05,1,0.124458499486027,0.398121880170364,65.3739257519189,13.2199745734232,0.280543363795171
756,252,0.075,1,0.124483955429117,0.392211612011867,65.3740193229457,13.2200086155001,0.280543363795171
757,253,0.035,1,0.126254252519105,0.586700419222461,66.7737601553046,13.7433760685342,0.270395836410884
758,253,0.05,1,0.126267729466788,0.582741841142704,66.7757875280955,13.7441554449237,0.270395836410884
759,253,0.075,1,0.126290219865293,0.575406829557682,66.7791954738435,13.7454656953555,0.270395836410884
760,254,0.035,1,0.126255409135063,0.588871088997485,66.7564745638638,13.7367336327387,0.270395836410884
761,254,0.05,1,0.126268883005252,0.585114394247023,66.7583928476731,13.737470552716,0.270395836410884
762,254,0.075,1,0.126291368271143,0.578104643976867,66.7616185791591,13.7387098659249,0.270395836410884
763,255,0.035,1,0.126256565389198,0.588096397725625,66.7392219636737,13.7301085255035,0.270395836410884
764,255,0.05,1,0.12627003618272,0.584522548704381,66.7410315550004,13.7308032020759,0.270395836410884
765,255,0.075,1,0.126292516317424,0.577804637351195,66.7440757339398,13.731971934581,0.270395836410884
766,256,0.035,1,0.126198738121224,0.496462790374557,66.6616891663127,13.7003926119837,0.272897778280804
767,256,0.05,1,0.126212275431568,0.49255022316897,66.6635999902278,13.7011238504285,0.272897778280804
768,256,0.075,1,0.126234866666809,0.485420665760796,66.6668154609446,13.7023544816852,0.272897778280804
769,257,0.035,1,0.126200198356832,0.49105243690355,66.6402615358684,13.6921965059301,0.272897778280804
770,257,0.05,1,0.126213731813812,0.487348764953878,66.6420316970682,13.6928733266857,0.272897778280804
771,257,0.075,1,0.126236316622359,0.480539215008767,66.6450121892825,13.6940130266486,0.272897778280804
772,258,0.035,1,0.126201658023083,0.482881612179297,66.6188244587275,13.6840038850602,0.270395836410884
773,258,0.05,1,0.126215187628074,0.479357492508433,66.6205171781099,13.6846505347877,0.272897778280804
774,258,0.075,1,0.126237766012162,0.472816990000176,66.6232637955722,13.6856998868671,0.272897778280804
775,259,0.035,1,0.126143430629074,0.426903443710001,66.5475217120525,13.6568049826569,0.272897778280804
776,259,0.05,1,0.126157027877044,0.423309654519513,66.5495510191306,13.6575779957584,0.272897778280804
777,259,0.075,1,0.126179719239894,0.416812838367216,66.5529650672798,13.6588786333012,0.272897778280804
778,260,0.035,1,0.126145200082962,0.416961607140932,66.5218481513101,13.6470307361586,0.272897778280804
779,260,0.05,1,0.126158792699463,0.413528859980584,66.5237072436544,13.6477381771873,0.272897778280804
780,260,0.075,1,0.126181476337771,0.407257670869452,66.5268369400415,13.6489292409822,0.272897778280804
781,261,0.035,1,0.126146968711461,0.405337096743061,66.4962514039318,13.6372957663029,0.272897778280804
782,261,0.05,1,0.126160556698457,0.402021451255502,66.4979412427231,13.6379381383781,0.272897778280804
783,261,0.075,1,0.126183232615443,0.395900678445456,66.5007881917223,13.6390204706446,0.272897778280804
784,262,0.035,1,0.127474880354193,0.589041026607087,67.4649819088974,14.0129023262675,0.265460556197554
785,262,0.05,1,0.127487014055116,0.585210928004432,67.4673277657894,14.0138302978972,0.265460556197554
786,262,0.075,1,0.127507260257079,0.578032173245369,67.4712564187634,14.0153845954815,0.265460556197554
787,263,0.035,1,0.127475755400373,0.592459809859307,67.4461084509422,14.0054397134329,0.265460556197554
788,263,0.05,1,0.127487886473566,0.588883342817718,67.4483701555436,14.0063336849073,0.265460556197554
789,263,0.075,1,0.127508128293855,0.582128912096761,67.4521583293542,14.0078312058076,0.265460556197554
790,264,0.035,1,0.127476630171958,0.592906959320282,67.4272599191092,13.9979928612949,0.265460556197554
791,264,0.05,1,0.127488758618193,0.589559698883933,67.4294377211325,13.9988529862542,0.265460556197554
792,264,0.075,1,0.127508996058137,0.583185611375773,67.4330858322225,14.0002939874126,0.265460556197554
793,265,0.035,1,0.127425525781443,0.497973318363916,67.3651284839717,13.9734870585775,0.265460556197554
794,265,0.05,1,0.12743771754555,0.494145912717452,67.36757894788,13.9744523594806,0.265460556197554
795,265,0.075,1,0.12745806072142,0.487092385768222,67.371561247983,13.9760213013909,0.267916832481903
796,266,0.035,1,0.12742663296014,0.494691741009214,67.341538331822,13.9641993504979,0.265460556197554
797,266,0.05,1,0.127438821430459,0.491140445765916,67.3438828224082,13.9651219927254,0.265460556197554
798,266,0.075,1,0.127459159113908,0.484527242064813,67.3476903048042,13.9666205681207,0.267916832481903
799,267,0.035,1,0.127427739705221,0.488595080500169,67.3179873006016,13.9549361776917,0.265460556197554
800,267,0.05,1,0.127439924882974,0.485286257877329,67.3202262111829,13.9558164017343,0.265460556197554
801,267,0.075,1,0.127460257076044,0.479054655943064,67.323860825505,13.957245519706,0.267916832481903
802,268,0.035,1,0.127376343382193,0.429235957428544,67.2635897287514,13.9335751109871,0.267916832481903
803,268,0.05,1,0.127388592838131,0.425731793680554,67.2659838788344,13.9345142371638,0.267916832481903
804,268,0.075,1,0.127409032368416,0.41932068704836,67.2699948765092,13.9360877957652,0.267916832481903
805,269,0.035,1,0.127377687885347,0.422073119907454,67.2352978672406,13.9224844682325,0.267916832481903
806,269,0.05,1,0.127389933378052,0.418806574943512,67.237560756691,13.9233710592125,0.267916832481903
807,269,0.075,1,0.127410366299562,0.412753258967184,67.2413526147968,13.9248568810571,0.267916832481903
808,270,0.035,1,0.127379031757669,0.413019944569295,67.2070643765448,13.9114297096893,0.267916832481903
809,270,0.05,1,0.127391273288914,0.409940905680421,67.2091966096989,13.9122641280044,0.267916832481903
810,270,0.075,1,0.127411699604601,0.404159270709271,67.2127703361957,13.9136628194454,0.267916832481903
811,271,0.035,1,0.124366311918837,0.679624284718136,65.2410177668953,13.1717432954535,0.280543363795171
812,271,0.05,1,0.124381632111309,0.675768111242299,65.2411497703453,13.1717910779888,0.280543363795171
813,271,0.075,1,0.124407203010489,0.668685491647557,65.2412025286833,13.1718101754893,0.283139199579938
814,272,0.035,1,0.12437154584631,0.676305974691769,65.2326169254505,13.1687028544132,0.280543363795171
815,272,0.05,1,0.12438685937232,0.672652030032728,65.2326190990889,13.1687036409736,0.280543363795171
816,272,0.075,1,0.124412419138654,0.665903154238734,65.2326753673695,13.1687240024339,0.280543363795171
817,273,0.035,1,0.124376778933762,0.667005044383712,65.2242392977218,13.1656717769874,0.280543363795171
818,273,0.05,1,0.124392085792177,0.663553286340969,65.2241122595626,13.1656258211886,0.280543363795171
819,273,0.075,1,0.124417634423748,0.657137801258041,65.2239523327697,13.1655679683066,0.280543363795171
820,274,0.035,1,0.124316849445554,0.560458682671036,65.1241856525175,13.1295457644084,0.283139199579938
821,274,0.05,1,0.124332217893483,0.557053658307697,65.1240226979402,13.1294870380563,0.283139199579938
822,274,0.075,1,0.124357869423442,0.550915171472942,65.1238074252842,13.1294094576164,0.283139199579938
823,275,0.035,1,0.124323387811302,0.546414107067952,65.1141933989817,13.1259453741488,0.283139199579938
824,275,0.05,1,0.124338747953746,0.543175452849761,65.1138639683574,13.1258266973675,0.283139199579938
825,275,0.075,1,0.124364385613624,0.537286443375004,65.11337009629,13.1256487836119,0.283139199579938
826,276,0.035,1,0.124329924873703,0.529855063522156,65.1042372732358,13.1223593473762,0.283139199579938
827,276,0.05,1,0.124345276708906,0.52672086537237,65.1037423905775,13.1221811341103,0.283139199579938
828,276,0.075,1,0.124370900495701,0.520972218849509,65.1029716332651,13.1219035816304,0.283139199579938
829,277,0.035,1,0.124267540474046,0.476466934790645,65.0056310458234,13.0869153752823,0.283139199579938
830,277,0.05,1,0.124282956888379,0.473421943961237,65.0056057515279,13.0869063000585,0.283139199579938
831,277,0.075,1,0.124308688566696,0.467986680094983,65.0052686661483,13.0867853595683,0.285759054337495
832,278,0.035,1,0.124275381647406,0.45833895971811,64.993747112524,13.082652539774,0.283139199579938
833,278,0.05,1,0.124290788128157,0.455347312678615,64.9935202935152,13.0825711969224,0.283139199579938
834,278,0.075,1,0.124316503217336,0.449953843190514,64.9931993035984,13.0824560832564,0.283139199579938
835,279,0.035,1,0.124283220957184,0.439796002272528,64.9819152445593,13.0784102631175,0.283139199579938
836,279,0.05,1,0.124298617501747,0.436805863980848,64.9814883895008,13.0782572507506,0.283139199579938
837,279,0.075,1,0.124324315997482,0.431366064434015,64.9808326244286,13.0780221870384,0.283139199579938
838,280,0.035,1,0.126079233788363,0.66999241068845,66.4003504788117,13.6009113644303,0.275422870333817
839,280,0.05,1,0.126092891614353,0.665743103185205,66.4019122571119,13.6015027788443,0.275422870333817
840,280,0.075,1,0.126115684243844,0.657849926018305,66.4045482245173,13.6025010510401,0.275422870333817
841,281,0.035,1,0.126083641431809,0.668404351057057,66.3879236595215,13.5962068892858,0.275422870333817
842,281,0.05,1,0.126097293077782,0.664422602715484,66.3893879340969,13.596761104761,0.275422870333817
843,281,0.075,1,0.126120075388897,0.656980770496841,66.3918609625456,13.5976971985803,0.275422870333817
844,282,0.035,1,0.126088048217476,0.661009295707306,66.3754012324864,13.591468580059,0.272897778280804
845,282,0.05,1,0.126101693682902,0.657292083349109,66.3768841607417,13.5920295755244,0.275422870333817
846,282,0.075,1,0.126124465674884,0.650294843404193,66.379194857787,13.5929037841615,0.275422870333817
847,283,0.035,1,0.126036050602096,0.551991371968148,66.3019293961496,13.5637154774589,0.275422870333817
848,283,0.05,1,0.126049755431371,0.548170482173808,66.303616365717,13.5643517998062,0.275422870333817
849,283,0.075,1,0.126072626578445,0.541181645210547,66.3064620860582,13.5654252979242,0.275422870333817
850,284,0.035,1,0.126041558320781,0.541018135933644,66.2864257677966,13.5578695303239,0.275422870333817
851,284,0.05,1,0.126055255445649,0.537457412754201,66.2879899399804,13.5584591687551,0.275422870333817
852,284,0.075,1,0.126078113729128,0.530878196065091,66.2906304485987,13.5594546316918,0.275422870333817
853,285,0.035,1,0.126047064706278,0.527271996285007,66.270953769562,13.5520390990693,0.275422870333817
854,285,0.05,1,0.126060754125998,0.523903093949471,66.2723957170159,13.5525823277642,0.275422870333817
855,285,0.075,1,0.126083599544659,0.517614178468268,66.274831970747,13.5535002147777,0.275422870333817
856,286,0.035,1,0.12599299171504,0.469998499778138,66.2028650222992,13.5264231829949,0.277971326775929
857,286,0.05,1,0.12600674329684,0.466577444103176,66.2044034777824,13.5270012082076,0.277971326775929
858,286,0.075,1,0.126029692543132,0.460369378211252,66.2070036005838,13.5279782008173,0.277971326775929
859,287,0.035,1,0.12599959875515,0.455397409724943,66.1843642448471,13.5194748653568,0.275422870333817
860,287,0.05,1,0.126013341116379,0.452129033190635,66.1859121855886,13.5200560289405,0.277971326775929
861,287,0.075,1,0.126036274967493,0.446127941647904,66.1882590790819,13.5209372216377,0.277971326775929
862,288,0.035,1,0.126006203885765,0.439894737527821,66.165842419322,13.5125237327127,0.275422870333817
863,288,0.05,1,0.126019937025308,0.436713018848031,66.1673585956993,13.5130925536381,0.275422870333817
864,288,0.075,1,0.126042855479437,0.430806874942158,66.1695632425767,13.5139197274955,0.277971326775929
865,289,0.035,1,0.127318555973437,0.665127907695208,67.1327012716603,13.8823749210209,0.267916832481903
866,289,0.05,1,0.12733086644767,0.660813140778064,67.1349596914467,13.8832560022312,0.267916832481903
867,289,0.075,1,0.127351407945968,0.652731030153271,67.1386977400571,13.8847145145721,0.270395836410884
868,290,0.035,1,0.127322354765426,0.664828650933835,67.1182547829055,13.8767408347389,0.267916832481903
869,290,0.05,1,0.127334659512843,0.660833641434234,67.1204388591448,13.8775924017545,0.267916832481903
870,290,0.075,1,0.127355191451105,0.65330349191315,67.124079089458,13.8790118913327,0.270395836410884
871,291,0.035,1,0.127326152723587,0.658893513791801,67.1038241920472,13.8711163079876,0.267916832481903
872,291,0.05,1,0.127338451744136,0.65521039549354,67.1059341467213,13.8719384832419,0.267916832481903
873,291,0.075,1,0.127358974122299,0.648214551338048,67.1094713514451,13.8733169685898,0.267916832481903
874,292,0.035,1,0.127280177023692,0.54820629137218,67.0456895992396,13.8484914486014,0.270395836410884
875,292,0.05,1,0.127292532635688,0.544288609137793,67.0478793274897,13.8493426655586,0.270395836410884
876,292,0.075,1,0.127313149518909,0.537045541196018,67.051551185726,13.8507702059643,0.270395836410884
877,293,0.035,1,0.127284924987874,0.539742538610936,67.0276769118757,13.8414922577756,0.270395836410884
878,293,0.05,1,0.127297273457101,0.536165172205404,67.0297709986187,13.8423056904502,0.270395836410884
879,293,0.075,1,0.127317878416503,0.52947445809821,67.0332831413644,13.8436701140861,0.270395836410884
880,294,0.035,1,0.127289671654852,0.528332047895717,67.0096897508913,13.8345081636043,0.270395836410884
881,294,0.05,1,0.127302012981219,0.525021862475063,67.0116885642235,13.8352840119296,0.270395836410884
882,294,0.075,1,0.127322606016652,0.518755950254178,67.0150416059608,13.836585653354,0.270395836410884
883,295,0.035,1,0.127241901905371,0.468059882701195,66.9577895252233,13.8143851583363,0.270395836410884
884,295,0.05,1,0.127254302435895,0.464566608775901,66.9600871358154,13.8152750918813,0.270395836410884
885,295,0.075,1,0.127274994338451,0.458148459336129,66.9639394741728,13.8167674064644,0.270395836410884
886,296,0.035,1,0.127247598809726,0.456449473276318,66.9361832305405,13.806020493617,0.270395836410884
887,296,0.05,1,0.127259990787809,0.453200535940916,66.9383653055408,13.8068649261214,0.270395836410884
888,296,0.075,1,0.12728066841315,0.447147310927706,66.9420247037971,13.8082812316381,0.270395836410884
889,297,0.035,1,0.127253293854211,0.443549511337167,66.914613812639,13.7976774913326,0.270395836410884
890,297,0.05,1,0.12726567727968,0.440467617749772,66.9166808857516,13.7984767112294,0.270395836410884
891,297,0.075,1,0.12728634062762,0.434647907684826,66.9201482348537,13.7998174903416,0.270395836410884
892,298,0.035,1,0.124221212326073,0.741835586347442,64.9127561717808,13.0536509946825,0.283139199579938
893,298,0.05,1,0.124236662684052,0.738731362253747,64.9123461641099,13.0535044005002,0.283139199579938
894,298,0.075,1,0.12426245115511,0.732972839396257,64.9111681428659,13.0530832231377,0.285759054337495
895,299,0.035,1,0.124229080853848,0.7262739210835,64.9081795294893,13.0520147886271,0.283139199579938
896,299,0.05,1,0.12424452245289,0.723518618004601,64.9076565374685,13.0518278303009,0.283139199579938
897,299,0.075,1,0.124270296291878,0.718373902665328,64.9066168331749,13.051456169346,0.285759054337495
898,300,0.035,1,0.124236949594135,0.705290241538588,64.9036127175356,13.0503823752263,0.283139199579938
899,300,0.05,1,0.124252382429355,0.702721968136725,64.9029772706711,13.0501552558621,0.283139199579938
900,300,0.075,1,0.124278141628169,0.697890449872455,64.9019741139771,13.0497967217856,0.283139199579938
901,301,0.035,1,0.124181911857162,0.596006661427245,64.8080064566232,13.0162714026651,0.285759054337495
902,301,0.05,1,0.124197400919562,0.593293958666387,64.8072744193378,13.016010689216,0.285759054337495
903,301,0.075,1,0.124223254059008,0.588389581977474,64.8061148172977,13.0155977140239,0.285759054337495
904,302,0.035,1,0.124191735374264,0.576440259258531,64.8027787332013,13.0144097158693,0.285759054337495
905,302,0.05,1,0.124207213525226,0.573822277225549,64.8019023479319,13.01409765457,0.285759054337495
906,302,0.075,1,0.124233048436674,0.569034598089769,64.800501028403,13.0135986969363,0.285759054337495
907,303,0.035,1,0.124201559226263,0.556157418872354,64.797565442452,13.0125535283014,0.285759054337495
908,303,0.05,1,0.124217026458191,0.553551090846153,64.7965455819608,13.0121904498448,0.285759054337495
909,303,0.075,1,0.124242843129018,0.548733697355165,64.7949040077771,13.0116060652017,0.285759054337495
910,304,0.035,1,0.124142706797427,0.506161878470964,64.7019157387156,12.9785610669465,0.285759054337495
911,304,0.05,1,0.124158234386383,0.503637089132358,64.7013330156584,12.9783543442191,0.285759054337495
912,304,0.075,1,0.124184151897328,0.499126529372332,64.6999576299155,12.977866439699,0.288403150312661
913,305,0.035,1,0.124154480491766,0.484497737527736,64.6957381619081,12.9763697796484,0.285759054337495
914,305,0.05,1,0.124169995031452,0.481942029615457,64.6949807828902,12.9761011593421,0.285759054337495
915,305,0.075,1,0.124195890742976,0.477316565126549,64.6937797429687,12.9756752008161,0.285759054337495
916,306,0.035,1,0.124166254672441,0.463973946974777,64.6895812674125,12.9741863258618,0.285759054337495
917,306,0.05,1,0.124181756151958,0.461344772320754,64.6886504999665,12.97385628579,0.285759054337495
918,306,0.075,1,0.124207630045914,0.456536453548979,64.6871591028914,12.9733274761486,0.285759054337495
919,307,0.035,1,0.125951472463931,0.729354554958195,66.1212228211357,13.4957991220791,0.277971326775929
920,307,0.05,1,0.125965260843323,0.725590378651741,66.1225113183477,13.4962816723469,0.277971326775929
921,307,0.075,1,0.125988271622034,0.718520046855145,66.1246946181109,13.4970993877338,0.277971326775929
922,308,0.035,1,0.125958225041659,0.716815421708487,66.1123501162449,13.4924769040028,0.277971326775929
923,308,0.05,1,0.125972005060601,0.713521318135757,66.1135522606418,13.4929269564043,0.277971326775929
924,308,0.075,1,0.125995001876148,0.707281154717391,66.1155911993247,13.4936903321369,0.277971326775929
925,309,0.035,1,0.125964977469419,0.698455959219526,66.1034887782075,13.4891601012456,0.277971326775929
926,309,0.05,1,0.125978749124374,0.695472006991665,66.1046048900138,13.4895777986529,0.277971326775929
927,309,0.075,1,0.126001731970974,0.689770004046633,66.1065000031737,13.4902870741948,0.277971326775929
928,310,0.035,1,0.125917203780143,0.586847428938276,66.0338470917331,13.4631334142173,0.277971326775929
929,310,0.05,1,0.125931029699492,0.583585823721916,66.035267030149,13.4636633663986,0.277971326775929
930,310,0.075,1,0.125954103184769,0.577575100512384,66.0376705243091,13.4645604705102,0.277971326775929
931,311,0.035,1,0.125925635728035,0.570379670472172,66.0227851346878,13.4590058604149,0.277971326775929
932,311,0.05,1,0.125939451226884,0.567340842398931,66.0240963782668,13.4594950317952,0.277971326775929
933,311,0.075,1,0.125962507308455,0.561671986033614,66.0263181569002,13.4603239440499,0.277971326775929
934,312,0.035,1,0.125934067444914,0.552628826048843,66.011740958843,13.4548867283932,0.277971326775929
935,312,0.05,1,0.125947872517858,0.54970513736203,66.0129440114452,13.4553353427615,0.277971326775929
936,312,0.075,1,0.125970911186636,0.544188402581484,66.0149849172415,13.4560964382582,0.277971326775929
937,313,0.035,1,0.125883012623166,0.498851012535983,65.9458672134022,13.4303548771342,0.280543363795171
938,313,0.05,1,0.125896875928585,0.495848720391034,65.9471224149831,13.4308217322127,0.280543363795171
939,313,0.075,1,0.125920011863741,0.490371995789352,65.9492533208512,13.4316143460102,0.280543363795171
940,314,0.035,1,0.125893120459683,0.48046298753431,65.9327737547016,13.4254863097057,0.277971326775929
941,314,0.05,1,0.125906971296515,0.477545112682528,65.9339901845847,13.4259385123286,0.280543363795171
942,314,0.075,1,0.125930086407205,0.472148705063598,65.9358975045323,13.4266475936673,0.280543363795171
943,315,0.035,1,0.125903227968439,0.462566016212757,65.9195604388323,13.4205757002315,0.277971326775929
944,315,0.05,1,0.12591706632886,0.459663405172763,65.9208501725852,13.4210549065139,0.277971326775929
945,315,0.075,1,0.125940160602058,0.454232983297479,65.9225692855514,13.4216936880743,0.280543363795171
946,316,0.035,1,0.127204346073367,0.720314961744695,66.8849661748673,13.7862218686528,0.270395836410884
947,316,0.05,1,0.127216784422572,0.716218518295079,66.8870947862087,13.7870438850592,0.270395836410884
948,316,0.075,1,0.127237539539521,0.708471527832864,66.8903832841579,13.7883139613043,0.272897778280804
949,317,0.035,1,0.127210257533978,0.710235951118364,66.8738356068248,13.7819246867689,0.270395836410884
950,317,0.05,1,0.127222687966675,0.706689877281686,66.8758975572679,13.7827205970846,0.270395836410884
951,317,0.075,1,0.127243429864542,0.699919729444619,66.87912010391,13.7839646304355,0.272897778280804
952,318,0.035,1,0.127216168645324,0.694159190165512,66.8627150609966,13.7776333257512,0.270395836410884
953,318,0.05,1,0.127228591159006,0.691016403135881,66.8647105503789,13.7784032312379,0.270395836410884
954,318,0.075,1,0.127249319833562,0.684956177155472,66.8678676472687,13.7796214396929,0.272897778280804
955,319,0.035,1,0.127173913976269,0.58109125199761,66.8079375920211,13.7565233890203,0.272897778280804
956,319,0.05,1,0.12718638827147,0.577562416694075,66.8099858541968,13.7573118923978,0.272897778280804
957,319,0.075,1,0.127207203419907,0.570977364645012,66.8134238634251,13.7586355436911,0.272897778280804
958,320,0.035,1,0.127181296727641,0.567370431320115,66.794094701205,13.7511961244489,0.272897778280804
959,320,0.05,1,0.127193761152009,0.564178400986239,66.7960574248504,13.751951271574,0.272897778280804
960,320,0.075,1,0.127214559817877,0.55814049251071,66.7993525492417,13.753219188262,0.272897778280804
961,321,0.035,1,0.127188678936724,0.551904197966329,66.7802677228178,13.7458779797091,0.272897778280804
962,321,0.05,1,0.127201133486314,0.548923972502354,66.7821452379839,13.7465999357038,0.272897778280804
963,321,0.075,1,0.127221915663033,0.543213053409533,66.7852980289403,13.747812394233,0.272897778280804
964,322,0.035,1,0.127143546885972,0.495066578176394,66.7303125717484,13.7266890797588,0.272897778280804
965,322,0.05,1,0.127156056992764,0.491857949835599,66.7324725948446,13.7275179881832,0.272897778280804
966,322,0.075,1,0.127176931948498,0.485919048269493,66.7360975566491,13.7289092298724,0.272897778280804
967,323,0.035,1,0.127152398316733,0.479653187071157,66.71371236542,13.7203211779546,0.272897778280804
968,323,0.05,1,0.127164896608138,0.476641977110916,66.715769115683,13.721109922408,0.272897778280804
969,323,0.075,1,0.127185751834166,0.470980186145094,66.7192215665744,13.7224340528989,0.272897778280804
970,324,0.035,1,0.127161248971414,0.464154396729554,66.6971351203372,13.7139663606201,0.272897778280804
971,324,0.05,1,0.127173735441782,0.461248424776014,66.6990890759105,13.7147151793228,0.272897778280804
972,324,0.075,1,0.127194570928641,0.455709108114559,66.7023698147097,13.7159725974526,0.272897778280804
973,325,0.035,1,0.123196836307305,0.574908823481437,65.248730740745,13.1745356340057,0.277971326775929
974,325,0.05,1,0.123213168266811,0.570887444307151,65.2484196565386,13.1744229959838,0.277971326775929
975,325,0.075,1,0.123240430630153,0.563674065970734,65.2479651716234,13.1742584375173,0.277971326775929
976,326,0.035,1,0.123194678696889,0.574171814393775,65.2372255156775,13.1703706803902,0.277971326775929
977,326,0.05,1,0.123211009987054,0.570250013983586,65.2367351055184,13.1701931895562,0.277971326775929
978,326,0.075,1,0.123238271244804,0.563187608255207,65.2359805625373,13.1699201093469,0.277971326775929
979,327,0.035,1,0.123192522868458,0.571060412796991,65.225745679687,13.1662167244662,0.275422870333817
980,327,0.05,1,0.123208853488816,0.567239705540524,65.2251094956196,13.1659865752638,0.277971326775929
981,327,0.075,1,0.123236113640199,0.560331773424288,65.2240564081038,13.1656056171055,0.277971326775929
982,328,0.035,1,0.123123423536912,0.487662320387767,65.1102064999953,13.1245091998748,0.277971326775929
983,328,0.05,1,0.123139819636575,0.48386816243164,65.1099926904362,13.1244321867558,0.277971326775929
984,328,0.075,1,0.12316718920391,0.477179918423646,65.1094381066577,13.1242324313778,0.280543363795171
985,329,0.035,1,0.123120764391522,0.478600443285625,65.0959641128455,13.1193805173135,0.277971326775929
986,329,0.05,1,0.123137159617172,0.474922786958666,65.0955240313001,13.1192220877219,0.277971326775929
987,329,0.075,1,0.123164527740045,0.468409821169969,65.0948555005225,13.1189814212994,0.277971326775929
988,330,0.035,1,0.12311810798602,0.467252434357634,65.0818127125624,13.114287318104,0.277971326775929
989,330,0.05,1,0.123134502336994,0.463679911379829,65.0811477905951,13.1140480741187,0.277971326775929
990,330,0.075,1,0.123161869014249,0.457321093389437,65.0801030242735,13.1136721713154,0.277971326775929
991,331,0.035,1,0.123050340887072,0.418161823075441,64.9698119369379,13.0740726044787,0.280543363795171
992,331,0.05,1,0.123066800532208,0.414729331068105,64.9691730230636,13.0738436810845,0.280543363795171
993,331,0.075,1,0.123094276310685,0.408736657482598,64.9681779589079,13.0734871596229,0.280543363795171
994,332,0.035,1,0.123047194841257,0.403999630480001,64.9536604313742,13.068287183029,0.280543363795171
995,332,0.05,1,0.123063653393798,0.400647234582565,64.9527421468749,13.0679583611082,0.280543363795171
996,332,0.075,1,0.123091127365654,0.394761871447988,64.9512794993802,13.0674346354264,0.280543363795171
997,333,0.035,1,0.123044052678053,0.388543126226937,64.9369300851362,13.0622981013436,0.277971326775929
998,333,0.05,1,0.123060510137083,0.385243922985662,64.9362659649809,13.0620604386811,0.277971326775929
999,333,0.075,1,0.123087982300753,0.37941769584412,64.9345201457032,13.0614357062489,0.280543363795171
1000,334,0.035,1,0.125047124720454,0.566106409962519,66.5468615826654,13.6565535367007,0.270395836410884
1001,334,0.05,1,0.125061813689355,0.561603463748599,66.5487110532423,13.6572580243857,0.270395836410884
1002,334,0.075,1,0.125086329593106,0.553433005139236,66.5518325999462,13.6584471815233,0.270395836410884
1003,335,0.035,1,0.125044961054571,0.566877295566898,66.5307693029808,13.6504259867675,0.270395836410884
1004,335,0.05,1,0.125059650033053,0.562520234094132,66.5324898963911,13.651080957732,0.270395836410884
1005,335,0.075,1,0.125084165963952,0.554579521277931,66.535396101076,13.6521873531865,0.270395836410884
1006,336,0.035,1,0.125042799059086,0.565275238800955,66.5147198082514,13.6443186750999,0.270395836410884
1007,336,0.05,1,0.125057488046225,0.561065615432879,66.516311991496,13.6449243723797,0.270395836410884
1008,336,0.075,1,0.125082004002653,0.553358734094974,66.519003633384,13.6459484130871,0.270395836410884
1009,337,0.035,1,0.124982422371349,0.477881575408075,66.4320839220542,13.6129354379745,0.272897778280804
1010,337,0.05,1,0.124997175589147,0.473592000050521,66.433738004536,13.6135626025127,0.272897778280804
1011,337,0.075,1,0.125021798848498,0.465939057710281,66.4365361280776,13.6146236379823,0.272897778280804
1012,338,0.035,1,0.12497975068939,0.471250286573616,66.4121051269169,13.605363522738,0.270395836410884
1013,338,0.05,1,0.124994503879525,0.467133962397922,66.4137759808534,13.6059965405938,0.272897778280804
1014,338,0.075,1,0.125019127106466,0.459749335471757,66.4162963143364,13.606951471316,0.272897778280804
1015,339,0.035,1,0.124977081579825,0.462339579306242,66.3921070853771,13.5977903663601,0.270395836410884
1016,339,0.05,1,0.124991834740835,0.458386284072804,66.3937408343771,13.5984088318626,0.270395836410884
1017,339,0.075,1,0.125016457933026,0.451251540327771,66.3961274819841,13.5993123841944,0.272897778280804
1018,340,0.035,1,0.124917988199145,0.409220762960396,66.3150449565753,13.5686637713831,0.272897778280804
1019,340,0.05,1,0.124932805137042,0.405320952604324,66.3168039782516,13.5693276188672,0.272897778280804
1020,340,0.075,1,0.124957534869494,0.398424264975473,66.3197784268834,13.5704502691665,0.272897778280804
1021,341,0.035,1,0.124914821257426,0.398145027919611,66.2913588671862,13.5597292614518,0.272897778280804
1022,341,0.05,1,0.124929638115431,0.394387965650349,66.2929167283249,13.5603166359042,0.272897778280804
1023,341,0.075,1,0.12495436773095,0.387699867561821,66.2955550017463,13.561311450912,0.272897778280804
1024,342,0.035,1,0.124911657966647,0.385639894185769,66.2677724157612,13.550840689197,0.272897778280804
1025,342,0.05,1,0.1249264747428,0.381997749890376,66.2691302540963,13.5513521657771,0.272897778280804
1026,342,0.075,1,0.12495120423811,0.375469069034438,66.2714342510997,13.5522201087002,0.272897778280804
1027,343,0.035,1,0.126395009386315,0.56247240570877,67.3647343009301,13.9733317889605,0.265460556197554
1028,343,0.05,1,0.126408341691149,0.557773450998316,67.3671716298222,13.974291899536,0.265460556197554
1029,343,0.075,1,0.126430590443908,0.549162599293918,67.3712594755776,13.9759024002931,0.265460556197554
1030,344,0.035,1,0.126392892081652,0.564360241644467,67.3468063153347,13.9662726201307,0.265460556197554
1031,344,0.05,1,0.126406224850247,0.559846255513253,67.3491449756684,13.9671931705937,0.265460556197554
1032,344,0.075,1,0.126428474387178,0.551534749580753,67.3530680716084,13.9687375935603,0.265460556197554
1033,345,0.035,1,0.12639077632733,0.563887305459303,67.3289103469766,13.9592313345105,0.265460556197554
1034,345,0.05,1,0.126404109558454,0.559559175135825,67.3311506218392,13.9601124969228,0.265460556197554
1035,345,0.075,1,0.126426359877513,0.551550254488742,67.3349094398875,13.9615911299352,0.265460556197554
1036,346,0.035,1,0.126337097576636,0.473456657707218,67.263779292514,13.9336494656066,0.265460556197554
1037,346,0.05,1,0.126350492866396,0.468950074326998,67.266316643933,13.9346447745789,0.265460556197554
1038,346,0.075,1,0.126372846838527,0.460829702459318,67.2705720204616,13.9363142373394,0.265460556197554
1039,347,0.035,1,0.126334479863866,0.46874374077192,67.2413847710415,13.9248694823333,0.265460556197554
1040,347,0.05,1,0.126347875693797,0.464458708610234,67.2437978557882,13.9258151616099,0.265460556197554
1041,347,0.075,1,0.126370230580102,0.456688037853143,67.2478457371257,13.9274017250724,0.265460556197554
1042,348,0.035,1,0.126331864541329,0.461778884548439,67.2190405027009,13.9161173502706,0.265460556197554
1043,348,0.05,1,0.126345260909589,0.457706317268789,67.2213297670185,13.9170136692499,0.265460556197554
1044,348,0.075,1,0.126367616707018,0.450269613239992,67.2251708970866,13.9185177840941,0.265460556197554
1045,349,0.035,1,0.126279409800602,0.405565820589662,67.1616398664409,13.8936710232127,0.267916832481903
1046,349,0.05,1,0.126292867605191,0.401464323844709,67.1640720622332,13.894621041283,0.267916832481903
1047,349,0.075,1,0.126315326012373,0.394134991217266,67.1681537511419,13.8962155682263,0.267916832481903
1048,350,0.035,1,0.126276302919827,0.396989739240675,67.1348997460878,13.8832326145809,0.267916832481903
1049,350,0.05,1,0.126289761326014,0.393085111516574,67.1371779205042,13.8841214839377,0.267916832481903
1050,350,0.075,1,0.126312220752347,0.386053425017686,67.1410024064866,13.8856138621212,0.267916832481903
1051,351,0.035,1,0.126273199435427,0.386902099222506,67.1082346319318,13.8728349832611,0.267916832481903
1052,351,0.05,1,0.126286658440645,0.383167089096496,67.110359473629,13.8736631106678,0.267916832481903
1053,351,0.075,1,0.126309118881822,0.37638564672294,67.113927904891,13.8750540206388,0.267916832481903
1054,352,0.035,1,0.122890334747039,0.671542713516518,64.6250191558599,12.9513201318985,0.280543363795171
1055,352,0.05,1,0.122906915575508,0.66765864114939,64.6234778960145,12.9507749226513,0.283139199579938
1056,352,0.075,1,0.122934594016579,0.660656912300979,64.6205717729599,12.9497469872684,0.283139199579938
1057,353,0.035,1,0.122891962201664,0.667416429216809,64.618489266262,12.9490104438252,0.280543363795171
1058,353,0.05,1,0.122908539597855,0.663704620400091,64.6171228433189,12.9485271963929,0.280543363795171
1059,353,0.075,1,0.122936212311901,0.656992037062165,64.6141050246363,12.9474600044608,0.283139199579938
1060,354,0.035,1,0.122893589258746,0.658302174124074,64.6119925607279,12.946713043828,0.280543363795171
1061,354,0.05,1,0.12291016322329,0.654787271524263,64.6104706490469,12.9461749365794,0.280543363795171
1062,354,0.075,1,0.122937830211382,0.648407767705584,64.6076735500965,12.9451860357658,0.283139199579938
1063,355,0.035,1,0.122831828522724,0.554570731523025,64.5000154376067,12.9072010978374,0.283139199579938
1064,355,0.05,1,0.122848460116292,0.551257152094694,64.4983282800855,12.9066070111828,0.283139199579938
1065,355,0.075,1,0.12287622340525,0.545413069105987,64.4955911550617,12.9056432850216,0.283139199579938
1066,356,0.035,1,0.122833873617436,0.539992159429285,64.4925924225903,12.9045875591388,0.283139199579938
1067,356,0.05,1,0.122850500923657,0.536832259008699,64.4907050895145,12.9039231689868,0.283139199579938
1068,356,0.075,1,0.122878257058767,0.5312292202551,64.4876327046619,12.9028417079947,0.283139199579938
1069,357,0.035,1,0.122835918090724,0.523169538643193,64.4852211726768,12.9019929483542,0.283139199579938
1070,357,0.05,1,0.122852541110588,0.520119230153193,64.4831349474217,12.9012587436249,0.283139199579938
1071,357,0.075,1,0.122880290093479,0.514677055256506,64.4797294519966,12.9000603687959,0.283139199579938
1072,358,0.035,1,0.122773529739852,0.471088506569277,64.3739132037352,12.8628983523129,0.283139199579938
1073,358,0.05,1,0.122790211730742,0.468162484481339,64.3723248293383,12.8623416159371,0.283139199579938
1074,358,0.075,1,0.122818059253515,0.46306143358943,64.3687997812038,12.8611061767437,0.285759054337495
1075,359,0.035,1,0.122775996636499,0.45253122442636,64.3651638443018,12.8598320398377,0.283139199579938
1076,359,0.05,1,0.122792673486362,0.449665474529578,64.3633331932377,12.8591905908056,0.283139199579938
1077,359,0.075,1,0.122820512430737,0.444633634575386,64.3601815328215,12.8580863681501,0.285759054337495
1078,360,0.035,1,0.122778462637966,0.433428190806573,64.3564890894742,12.8567928365712,0.283139199579938
1079,360,0.05,1,0.122795134348185,0.430579553334438,64.354418028827,12.8560673815209,0.283139199579938
1080,360,0.075,1,0.122822964716511,0.425540126168336,64.3510397818295,12.8548841599597,0.283139199579938
1081,361,0.035,1,0.124775173040566,0.657250935387395,66.0224755560055,13.458890372936,0.275422870333817
1082,361,0.05,1,0.124790117375916,0.652713341219883,66.0236107289703,13.4593138529593,0.275422870333817
1083,361,0.075,1,0.124815060079282,0.644443654179937,66.0255478897963,13.4600365607711,0.275422870333817
1084,362,0.035,1,0.124776398248866,0.654686152830573,66.0111251599068,13.454657107181,0.275422870333817
1085,362,0.05,1,0.124791339652011,0.650373379279018,66.0121435400115,13.4550368472334,0.275422870333817
1086,362,0.075,1,0.12481627746408,0.642483422505165,66.0138854410894,13.4556864135521,0.275422870333817
1087,363,0.035,1,0.124777623150707,0.647369642730937,65.9998026778416,13.450436129486,0.275422870333817
1088,363,0.05,1,0.124792561622275,0.643308264905621,66.0007046999338,13.4507723311573,0.275422870333817
1089,363,0.075,1,0.124817494544105,0.635845534820146,66.0022520678143,13.4513490937991,0.275422870333817
1090,364,0.035,1,0.124723596732131,0.541476968393059,65.9197812464515,13.4206577405669,0.275422870333817
1091,364,0.05,1,0.124738591910424,0.537520463068243,65.9210271376446,13.421120660548,0.275422870333817
1092,364,0.075,1,0.124763619568614,0.530442047734832,65.9228473210286,13.4217970034855,0.277971326775929
1093,365,0.035,1,0.124725138606115,0.529679502808941,65.9056433983733,13.415406297114,0.275422870333817
1094,365,0.05,1,0.124740130117551,0.525953564133953,65.906742192046,13.4158143354787,0.275422870333817
1095,365,0.075,1,0.124765151658908,0.519245609489978,65.9086128147308,13.4165090337399,0.277971326775929
1096,366,0.035,1,0.124726679999709,0.515514303498424,65.8915492995644,13.4101739874856,0.275422870333817
1097,366,0.05,1,0.124741667845273,0.511974641664373,65.8925016810494,13.4105274600715,0.275422870333817
1098,366,0.075,1,0.124766683271419,0.505557906474401,65.8941340984384,13.4111333558101,0.275422870333817
1099,367,0.035,1,0.124672189518583,0.459831710571736,65.8156279075893,13.3820382166379,0.277971326775929
1100,367,0.05,1,0.124687235212524,0.456319599894648,65.8166228532667,13.3824063971475,0.277971326775929
1101,367,0.075,1,0.124712347279325,0.450097724908609,65.8183301407574,13.3830382135394,0.277971326775929
1102,368,0.035,1,0.124674052079657,0.444452766632475,65.7990952553668,13.3759223771263,0.277971326775929
1103,368,0.05,1,0.124689093371655,0.441082835688155,65.7999086610417,13.3762231842732,0.277971326775929
1104,368,0.075,1,0.12471419809528,0.435066492209462,65.8013123860138,13.3767423209057,0.277971326775929
1105,369,0.035,1,0.124675913946888,0.428225285080238,65.7826268400817,13.3698342028723,0.277971326775929
1106,369,0.05,1,0.124690950838347,0.424947472879889,65.7832597570031,13.3700681127144,0.277971326775929
1107,369,0.075,1,0.12471604822113,0.419048414142986,65.7843616763082,13.3704753675027,0.277971326775929
1108,370,0.035,1,0.126150447956303,0.647552041268303,66.9040327542701,13.7935874554778,0.270395836410884
1109,370,0.05,1,0.126164034661076,0.642645422627805,66.9060758889661,13.7943770772378,0.270395836410884
1110,370,0.075,1,0.126186708486154,0.633626082489088,66.9095110339891,13.7957048259158,0.270395836410884
1111,371,0.035,1,0.126151397730143,0.646187392912344,66.890373256488,13.7883100881807,0.270395836410884
1112,371,0.05,1,0.126164981899458,0.641547497173346,66.8923260181727,13.789064359914,0.270395836410884
1113,371,0.075,1,0.126187651495999,0.632982846972911,66.8956102035077,13.7903330418644,0.270395836410884
1114,372,0.035,1,0.126152347264181,0.640285138232553,66.8767358462223,13.78304419476,0.270395836410884
1115,372,0.05,1,0.126165928898633,0.63593867405602,66.8785985043692,13.7837632607996,0.270395836410884
1116,372,0.075,1,0.126188594267609,0.627876236689636,66.8817321797587,13.7849731176231,0.270395836410884
1117,373,0.035,1,0.126104270817691,0.532853603692038,66.8141693636048,13.7589225895711,0.270395836410884
1118,373,0.05,1,0.126117907373697,0.528519028944796,66.8163139831296,13.7597483981592,0.270395836410884
1119,373,0.075,1,0.126140664477885,0.520681399871433,66.8199191495456,13.7611367685423,0.270395836410884
1120,374,0.035,1,0.126105467804892,0.523364397841966,66.7971139577644,13.752357791785,0.270395836410884
1121,374,0.05,1,0.126119101187333,0.519323418409647,66.7991448447568,13.7531392615263,0.270395836410884
1122,374,0.075,1,0.126141852998558,0.511963592282715,66.8025600283378,13.7544535437055,0.270395836410884
1123,375,0.035,1,0.12610666441525,0.511445688913283,66.7800931832683,13.7458108672743,0.270395836410884
1124,375,0.05,1,0.126120294624979,0.507656105230902,66.7820107619531,13.746548224154,0.270395836410884
1125,375,0.075,1,0.126143041144836,0.50069992269261,66.7852366707252,13.7477887964203,0.270395836410884
1126,376,0.035,1,0.126058235416325,0.452927004048805,66.7238250507132,13.7241999316796,0.270395836410884
1127,376,0.05,1,0.126071921532241,0.449074508020586,66.7260091824215,13.7250378715555,0.272897778280804
1128,376,0.075,1,0.126094761429318,0.442168218814093,66.7293822766902,13.7263321016068,0.272897778280804
1129,377,0.035,1,0.126059683420036,0.440268666448975,66.7033820658669,13.7163605995975,0.270395836410884
1130,377,0.05,1,0.126073365722661,0.43662993814599,66.7054907274569,13.7171689137845,0.270395836410884
1131,377,0.075,1,0.126096199259842,0.430049313565955,66.708725695798,13.7184091099577,0.272897778280804
1132,378,0.035,1,0.126061130878052,0.426534204413011,66.6829891227409,13.7085469264017,0.270395836410884
1133,378,0.05,1,0.126074809368693,0.423056294061013,66.6849609957282,13.7093021789982,0.270395836410884
1134,378,0.075,1,0.126097636548198,0.416709181210414,66.6881221539159,13.7105130689018,0.272897778280804
1135,379,0.035,1,0.12266414064505,0.711399745442816,64.1475989701866,12.7838959561763,0.285759054337495
1136,379,0.05,1,0.122680901300342,0.712448635729514,64.1448109943987,12.782926745317,0.285759054337495
1137,379,0.075,1,0.122708880402421,0.714232302508578,64.1402423083227,12.7813386993853,0.285759054337495
1138,380,0.035,1,0.122668505968954,0.710709872217875,64.1453308466336,12.7831074591718,0.285759054337495
1139,380,0.05,1,0.122685261291648,0.71174434496943,64.1424042104763,12.7820901301209,0.285759054337495
1140,380,0.075,1,0.122713231487813,0.71350330899574,64.1376031275684,12.7804214561515,0.285759054337495
1141,381,0.035,1,0.12267287069308,0.702470735915803,64.1427889133518,12.7822238507055,0.283139199579938
1142,381,0.05,1,0.122689620682438,0.700053968353385,64.1400142006484,12.7812594174708,0.285759054337495
1143,381,0.075,1,0.122717581971442,0.695651554899631,64.1349818907215,12.7795105355612,0.285759054337495
1144,382,0.035,1,0.122616457507648,0.593883527998939,64.0337912097462,12.7444107327629,0.285759054337495
1145,382,0.05,1,0.122633259564093,0.59138410065845,64.0311124266405,12.743483279652,0.285759054337495
1146,382,0.075,1,0.122661307861287,0.586995182543214,64.0267284886412,12.7419656567933,0.285759054337495
1147,383,0.035,1,0.122621911716052,0.574131854268826,64.031071621234,12.7434691526191,0.285759054337495
1148,383,0.05,1,0.122638707127401,0.571719813505565,64.0282181109112,12.7424813045029,0.285759054337495
1149,383,0.075,1,0.122666744326618,0.56744970277327,64.0235413120046,12.7408624760136,0.285759054337495
1150,384,0.035,1,0.122627364993712,0.553622065820983,64.028377076212,12.7425363335634,0.285759054337495
1151,384,0.05,1,0.122644153758754,0.55123333351286,64.0253499385328,12.7414884823454,0.285759054337495
1152,384,0.075,1,0.122672179857996,0.546964869273488,64.0203821233403,12.7397691070298,0.285759054337495
1153,385,0.035,1,0.122568910384765,0.50419871160704,63.9192777308782,12.7048428774308,0.285759054337495
1154,385,0.05,1,0.122585753603584,0.501888912297995,63.9160334533987,12.7037242375005,0.288403150312661
1155,385,0.075,1,0.122613870697288,0.49788410834965,63.9107056135862,12.7018874575751,0.288403150312661
1156,386,0.035,1,0.122575452481647,0.482463537682102,63.9161549310959,12.7037661211676,0.285759054337495
1157,386,0.05,1,0.122592287751011,0.480141669922955,63.9133734325615,12.7028071481409,0.285759054337495
1158,386,0.075,1,0.122620391568227,0.476071381664657,63.9077763690574,12.7008777451948,0.288403150312661
1159,387,0.035,1,0.12258199324734,0.461411827188593,63.9130680796173,12.7027018778623,0.285759054337495
1160,387,0.05,1,0.122598820565544,0.459038386765598,63.9100768147347,12.7016707013407,0.285759054337495
1161,387,0.075,1,0.122626911103425,0.454833887987024,63.9048858525094,12.6998814856954,0.288403150312661
1162,388,0.035,1,0.124574168060052,0.723728416937121,65.621351281219,13.3104172767879,0.277971326775929
1163,388,0.05,1,0.12458929777416,0.719946286351853,65.6220223593249,13.3106637487122,0.277971326775929
1164,388,0.075,1,0.12461455031834,0.712989544855098,65.6231813519713,13.311089435697,0.280543363795171
1165,389,0.035,1,0.12457785277422,0.710637665207798,65.6134576779121,13.3075186115326,0.277971326775929
1166,389,0.05,1,0.124592977508384,0.707288029426581,65.6140243865825,13.3077266872314,0.277971326775929
1167,389,0.075,1,0.124618221737304,0.701101028275123,65.6150179132517,13.3080914866001,0.277971326775929
1168,390,0.035,1,0.124581536880295,0.692636327250982,65.6055813015017,13.3046271501779,0.277971326775929
1169,390,0.05,1,0.1245966566342,0.689598142530681,65.6060440266358,13.3047969948991,0.277971326775929
1170,390,0.075,1,0.12462189254733,0.683960736699411,65.6068636277881,13.3050978395131,0.277971326775929
1171,391,0.035,1,0.124532149543668,0.581727959110656,65.5285344230159,13.276388938684,0.280543363795171
1172,391,0.05,1,0.124547320643275,0.578527937104465,65.5289251987099,13.2765319500073,0.280543363795171
1173,391,0.075,1,0.12457264233819,0.572789283215866,65.5296284825631,13.2767893346554,0.280543363795171
1174,392,0.035,1,0.124536754638502,0.564714709775144,65.5190252838305,13.272909560296,0.280543363795171
1175,392,0.05,1,0.124551919528663,0.561707533979002,65.5192822846537,13.2730035797981,0.280543363795171
1176,392,0.075,1,0.124577230855261,0.556272272599839,65.5197617750945,13.2731789959244,0.280543363795171
1177,393,0.035,1,0.124541358788089,0.546564773125942,65.5092979817769,13.2693516684357,0.277971326775929
1178,393,0.05,1,0.124556517468319,0.543671195855896,65.5096670668249,13.2694866420633,0.280543363795171
1179,393,0.075,1,0.124581818425779,0.538395440082621,65.5099238330409,13.2695805420556,0.280543363795171
1180,394,0.035,1,0.124490242188187,0.493542823356665,65.4341659663581,13.2419157044627,0.280543363795171
1181,394,0.05,1,0.124505454461096,0.490612360876849,65.4346706565069,13.2420997394551,0.280543363795171
1182,394,0.075,1,0.124530844952563,0.48541895166406,65.4355653742092,13.2424260065024,0.280543363795171
1183,395,0.035,1,0.124495767323952,0.474695250031132,65.4228164834037,13.2377780578705,0.280543363795171
1184,395,0.05,1,0.124510972164055,0.471846214074224,65.4231595038802,13.23790308554,0.280543363795171
1185,395,0.075,1,0.124536350244402,0.466746232024199,65.4237837547532,13.2381306231878,0.280543363795171
1186,396,0.035,1,0.124501291105613,0.456104092789682,65.411506021843,13.233656419641,0.280543363795171
1187,396,0.05,1,0.124516488512196,0.453280346418383,65.4116883000588,13.2337228294335,0.280543363795171
1188,396,0.075,1,0.124541854180243,0.448175489009857,65.4120436357036,13.2338522909179,0.280543363795171
1189,397,0.035,1,0.125969467428249,0.711320958274193,66.5516414457413,13.6583743567956,0.272897778280804
1190,397,0.05,1,0.125983239439413,0.706936599946191,66.5534410656657,13.6590599868734,0.272897778280804
1191,397,0.075,1,0.126006222902453,0.69879886041187,66.5564734729164,13.6602154040532,0.272897778280804
1192,398,0.035,1,0.125972649071303,0.700610460495231,66.5411850654013,13.6543916038453,0.272897778280804
1193,398,0.05,1,0.125986416441769,0.696730512914755,66.5429030642811,13.6550458610874,0.272897778280804
1194,398,0.075,1,0.126009392157343,0.689486664310249,66.5457990857176,13.6561488413346,0.272897778280804
1195,399,0.035,1,0.125975830125252,0.684876605356769,66.5307434236094,13.6504161357233,0.272897778280804
1196,399,0.05,1,0.125989592855022,0.681399538030918,66.5323800453494,13.65103913985,0.272897778280804
1197,399,0.075,1,0.126012560823063,0.674869606782878,66.5351400884076,13.6520898836776,0.272897778280804
1198,400,0.035,1,0.125931854582079,0.572412496913911,66.4711944181281,13.6277757603652,0.272897778280804
1199,400,0.05,1,0.125945667125519,0.568707407167232,66.4730988591802,13.6284989868071,0.272897778280804
1200,400,0.075,1,0.125968718298823,0.561968686177607,66.4761043218298,13.6296404471787,0.275422870333817
1201,401,0.035,1,0.125935831807537,0.557895648968747,66.4581430782797,13.6228208967073,0.272897778280804
1202,401,0.05,1,0.125949638561944,0.554478917020271,66.4599448600282,13.6235047782882,0.272897778280804
1203,401,0.075,1,0.125972680070503,0.548211716943171,66.4629223898219,13.6246350332404,0.275422870333817
1204,402,0.035,1,0.125939808116376,0.541935816979163,66.4451148254746,13.6178773809346,0.272897778280804
1205,402,0.05,1,0.125953609081691,0.538719808848702,66.4468143315289,13.6185221051005,0.272897778280804
1206,402,0.075,1,0.125976640925455,0.532766926824311,66.449679898258,13.6196092850882,0.272897778280804
1207,403,0.035,1,0.125894335172815,0.485915292153382,66.3896560130947,13.5968625738912,0.275422870333817
1208,403,0.05,1,0.125908188059634,0.482551622158923,66.3913989403196,13.5975223063279,0.275422870333817
1209,403,0.075,1,0.12593130662796,0.476499123421222,66.3943394977124,13.5986354695687,0.275422870333817
1210,404,0.035,1,0.12589910802828,0.469739151324929,66.3741999082438,13.5910141404333,0.275422870333817
1211,404,0.05,1,0.125912953982373,0.46654850508707,66.3758162710663,13.5916255868458,0.275422870333817
1212,404,0.075,1,0.125936060976533,0.460747112709451,66.3785453149944,13.5926580337536,0.275422870333817
1213,405,0.035,1,0.125903879569333,0.453442251384913,66.3587777016199,13.5851821274828,0.275422870333817
1214,405,0.05,1,0.125917718590615,0.450356173534702,66.3602680859829,13.5857455699657,0.275422870333817
1215,405,0.075,1,0.125940814010503,0.444686564467558,66.3627865954144,13.5866977730784,0.275422870333817
1216,406,0.035,1,0.122073904052736,0.565930760149646,64.8695916744474,13.0382302408548,0.277971326775929
1217,406,0.05,1,0.122091117921608,0.561824593562956,64.8681824570524,13.0377272078218,0.277971326775929
1218,406,0.075,1,0.122119854939973,0.55455297242444,64.8659121372003,13.0369168518628,0.277971326775929
1219,407,0.035,1,0.122068893346848,0.564363952462677,64.8597903892634,13.0347321285678,0.275422870333817
1220,407,0.05,1,0.122086108334465,0.56033136214142,64.8584904754603,13.034268280652,0.277971326775929
1221,407,0.075,1,0.122114847238233,0.553170982412823,64.8558772362123,13.0333358669932,0.277971326775929
1222,408,0.035,1,0.122063887114343,0.560717567389369,64.8497619126111,13.0311542504207,0.275422870333817
1223,408,0.05,1,0.122081103217746,0.556766799783554,64.8485493653852,13.0307217380977,0.275422870333817
1224,408,0.075,1,0.122109844002005,0.549732907706614,64.8459154519819,13.0297822954568,0.277971326775929
1225,409,0.035,1,0.121992862515103,0.479814178013,64.7259761459807,12.9871004536238,0.277971326775929
1226,409,0.05,1,0.1220101410532,0.476012414214881,64.7246288996611,12.9866220957272,0.277971326775929
1227,409,0.075,1,0.12203898618074,0.469399555176445,64.722464773345,12.9858537434833,0.277971326775929
1228,410,0.035,1,0.121986657255548,0.47003971199555,64.7143026479932,12.982956412234,0.277971326775929
1229,410,0.05,1,0.122003937126295,0.466340264069665,64.7126970090999,12.9823865571922,0.277971326775929
1230,410,0.075,1,0.122032784500591,0.459885783045092,64.7101002454378,12.9814650149899,0.277971326775929
1231,411,0.035,1,0.121980458887255,0.458192148180819,64.7027391562914,12.9788531843497,0.277971326775929
1232,411,0.05,1,0.121997740086203,0.454590375771626,64.700876852757,12.978192522185,0.277971326775929
1233,411,0.075,1,0.122026589699761,0.448284344103421,64.6978503413344,12.9771189479301,0.277971326775929
1234,412,0.035,1,0.12191221392736,0.410835913784958,64.5812783825348,12.9358591567009,0.277971326775929
1235,412,0.05,1,0.121929556463871,0.407423609258513,64.5796305606941,12.9352771895948,0.280543363795171
1236,412,0.075,1,0.121958508580327,0.40154850680729,64.5765017378583,12.9341722690043,0.280543363795171
1237,413,0.035,1,0.121904836559393,0.396024390124228,64.5674973678627,12.9309931506463,0.277971326775929
1238,413,0.05,1,0.121922180617798,0.392687226341671,64.5658967222095,12.9304281303716,0.277971326775929
1239,413,0.075,1,0.121951135301088,0.386919229967575,64.5628645386923,12.9293578750513,0.280543363795171
1240,414,0.035,1,0.121897468975734,0.379975190458714,64.5538752159897,12.9261856564754,0.277971326775929
1241,414,0.05,1,0.121914814549832,0.376692192275168,64.5519641620069,12.9255114044576,0.277971326775929
1242,414,0.075,1,0.121943771789554,0.370992636804513,64.5488584775514,12.9244157674981,0.277971326775929
1243,415,0.035,1,0.124048690395735,0.552793497051183,66.3483858618236,13.5812544041387,0.270395836410884
1244,415,0.05,1,0.12406429674787,0.548020699387854,66.3499605875438,13.5818494864636,0.270395836410884
1245,415,0.075,1,0.124090346099347,0.539480162587494,66.3526340795768,13.5828598735573,0.270395836410884
1246,416,0.035,1,0.124043944703614,0.552608354743588,66.3334541051053,13.5756136102364,0.270395836410884
1247,416,0.05,1,0.124059553013075,0.547947967348631,66.3348820413599,13.5761528989573,0.270395836410884
1248,416,0.075,1,0.124085605648726,0.539583059451735,66.3373101794238,13.5770700043392,0.270395836410884
1249,417,0.035,1,0.124039203034864,0.550367090278219,66.3185738655527,13.5699956138914,0.270395836410884
1250,417,0.05,1,0.124054813297925,0.545829019129196,66.3198555554388,13.5704793816725,0.270395836410884
1251,417,0.075,1,0.124080869211612,0.53765839162903,66.3220392456431,13.5713036620425,0.270395836410884
1252,418,0.035,1,0.12397677008096,0.465770100918517,66.2312356451709,13.5370881974557,0.270395836410884
1253,418,0.05,1,0.12399244254905,0.461311758616687,66.2329056794439,13.5377163662372,0.270395836410884
1254,418,0.075,1,0.12401860239698,0.453469251205299,66.2351342875642,13.5385547024515,0.272897778280804
1255,419,0.035,1,0.123970887834737,0.458251376881384,66.2126430939207,13.5300975784017,0.270395836410884
1256,419,0.05,1,0.123986562682217,0.453943834288331,66.2141281056758,13.5306557392787,0.270395836410884
1257,419,0.075,1,0.124012726522983,0.446338305885525,66.2164161233533,13.5315157845653,0.272897778280804
1258,420,0.035,1,0.123965011794405,0.448708177247901,66.1941313823433,13.5231424652695,0.270395836410884
1259,420,0.05,1,0.123980689015653,0.444549128179193,66.1954322293794,13.523631045566,0.270395836410884
1260,420,0.075,1,0.124006856839857,0.437175201189327,66.1976490987114,13.5244637292095,0.270395836410884
1261,421,0.035,1,0.123905171140472,0.397609625982347,66.1121174777259,13.4923898124983,0.272897778280804
1262,421,0.05,1,0.1239209091164,0.39358163697941,66.1135087785683,13.4929106774461,0.272897778280804
1263,421,0.075,1,0.123947178445633,0.386561308594867,66.1158808884202,13.493798796298,0.272897778280804
1264,422,0.035,1,0.123898171657611,0.385670199706627,66.0903600201385,13.4842481290286,0.272897778280804
1265,422,0.05,1,0.123913912409572,0.381771487276436,66.0915222367815,13.4846828564366,0.272897778280804
1266,422,0.075,1,0.123940186397836,0.374945641027298,66.0935113666859,13.4854269371016,0.272897778280804
1267,423,0.035,1,0.123891180997064,0.372424682893805,66.0687224273029,13.4761582124146,0.272897778280804
1268,423,0.05,1,0.123906924517233,0.36863479261493,66.0696568878823,13.4765074485776,0.272897778280804
1269,423,0.075,1,0.123933203151301,0.361966044952226,66.0712652543069,13.4771085737823,0.272897778280804
1270,424,0.035,1,0.125496188548208,0.544938491317744,67.2782991498471,13.9393464896843,0.265460556197554
1271,424,0.05,1,0.125510443827332,0.5397642151589,67.2807546736988,13.9403102820053,0.265460556197554
1272,424,0.075,1,0.125534234953935,0.53042261775579,67.2848795155555,13.9419295031715,0.265460556197554
1273,425,0.035,1,0.125491713191757,0.545792079081126,67.2612570695296,13.932660195198,0.265460556197554
1274,425,0.05,1,0.125505970966555,0.540762482746769,67.2636008269177,13.9335794641232,0.265460556197554
1275,425,0.075,1,0.125529766274323,0.531651334241198,67.2675390081165,13.9351243003155,0.265460556197554
1276,426,0.035,1,0.125487241458368,0.544620481292181,67.2442532832576,13.9259936526565,0.265460556197554
1277,426,0.05,1,0.125501501724815,0.539746759069246,67.2464855933675,13.9268685881322,0.265460556197554
1278,426,0.075,1,0.125525301207008,0.530887480295158,67.2502376458538,13.9283393571872,0.265460556197554
1279,427,0.035,1,0.125431470222093,0.457181314978359,67.1764203303401,13.8994457648475,0.265460556197554
1280,427,0.05,1,0.125445791313145,0.452320805563209,67.1789704938233,13.9004424742374,0.265460556197554
1281,427,0.075,1,0.125469692402414,0.443692602937759,67.1832540801491,13.9021169142826,0.265460556197554
1282,428,0.035,1,0.125425919412392,0.451458323815219,67.1551462141882,13.8911350652898,0.265460556197554
1283,428,0.05,1,0.125440243557409,0.446788084836789,67.1575556081136,13.8920759232804,0.265460556197554
1284,428,0.075,1,0.125464149763491,0.438461105427854,67.1616040911945,13.8936570500809,0.265460556197554
1285,429,0.035,1,0.125420374196629,0.443773038007139,67.1339322005056,13.882855135206,0.265460556197554
1286,429,0.05,1,0.125434701389445,0.439293458157212,67.1362013283643,13.8837404392715,0.265460556197554
1287,429,0.075,1,0.125458612702055,0.4312676738562,67.1400155473184,13.8852287506047,0.265460556197554
1288,430,0.035,1,0.125367021550474,0.389780044923407,67.0739362101354,13.8594777041939,0.265460556197554
1289,430,0.05,1,0.125381407904996,0.385376350054313,67.0764029157092,13.860437714153,0.267916832481903
1290,430,0.075,1,0.125405418041649,0.377627057547295,67.0804338264177,13.8620067029147,0.267916832481903
1291,431,0.035,1,0.12536041213455,0.380178254602863,67.04844265962,13.8495616630827,0.265460556197554
1292,431,0.05,1,0.125374802076378,0.375948033616716,67.0509168874957,13.8505235888621,0.265460556197554
1293,431,0.075,1,0.125398818223801,0.368464253641269,67.0546805725694,13.8519870155801,0.267916832481903
1294,432,0.035,1,0.125353810678754,0.369243391000121,67.0230360440117,13.8396897965197,0.265460556197554
1295,432,0.05,1,0.125368204199235,0.365168504127826,67.0253407981194,13.8405848942347,0.265460556197554
1296,432,0.075,1,0.125392226342946,0.357917537001832,67.0290190728977,13.8420136023344,0.267916832481903
1297,433,0.035,1,0.121663624451052,0.666631519425642,64.0697185186907,12.7568581634332,0.280543363795171
1298,433,0.05,1,0.121681140834686,0.662786962762306,64.0667321088198,12.7558228758087,0.283139199579938
1299,433,0.075,1,0.121710383719178,0.655947208628248,64.0609310011562,12.7538121444392,0.283139199579938
1300,434,0.035,1,0.121662477411449,0.661929407155239,64.065194401964,12.7552898479586,0.280543363795171
1301,434,0.05,1,0.121679992331965,0.658237140399651,64.0622038507834,12.7542532930754,0.280543363795171
1302,434,0.075,1,0.121709232782312,0.651657281443571,64.0565556085126,12.7522958593388,0.283139199579938
1303,435,0.035,1,0.121661331241194,0.652807278451964,64.0607123528355,12.753736366574,0.280543363795171
1304,435,0.05,1,0.121678844698837,0.649302418276534,64.0575424267279,12.7526378187754,0.280543363795171
1305,435,0.075,1,0.121708082715532,0.643044819100977,64.0522247650279,12.7507952470381,0.283139199579938
1306,436,0.035,1,0.121598085487438,0.550919696378899,63.9384036679933,12.7114402089222,0.283139199579938
1307,436,0.05,1,0.121615653323774,0.547712059748331,63.9349259298773,12.7102402574772,0.283139199579938
1308,436,0.075,1,0.121644982223443,0.542143372403113,63.9292211778235,12.7082722242502,0.283139199579938
1309,437,0.035,1,0.121596676779741,0.535898577748188,63.9337210705119,12.7098245700658,0.283139199579938
1310,437,0.05,1,0.121614242769314,0.532832697239968,63.9300127353953,12.7085452729404,0.283139199579938
1311,437,0.075,1,0.121643568596446,0.527492486247161,63.9239214645132,12.7064442806722,0.283139199579938
1312,438,0.035,1,0.121595269408948,0.518804270413771,63.9287597321587,12.7081130515974,0.280543363795171
1313,438,0.05,1,0.121612833552209,0.515845685831435,63.925166585131,12.7068737087432,0.283139199579938
1314,438,0.075,1,0.121642156307529,0.510669822906949,63.9186914292155,12.7046407086787,0.283139199579938
1315,439,0.035,1,0.12153280115526,0.467676672320958,63.8056376599273,12.6657362095982,0.283139199579938
1316,439,0.05,1,0.121550420018542,0.464866402204206,63.8022138424789,12.6645604289997,0.283139199579938
1317,439,0.075,1,0.121579834222445,0.460050000147301,63.7961018221207,12.6624618417463,0.285759054337495
1318,440,0.035,1,0.121531140511421,0.448729539853394,63.8002316818467,12.6638797961712,0.283139199579938
1319,440,0.05,1,0.121548757137719,0.445978069981054,63.7965288473462,12.6626084478274,0.283139199579938
1320,440,0.075,1,0.121578167619596,0.44123716269675,63.7904494437685,12.6605214792743,0.283139199579938
1321,441,0.035,1,0.121529481762337,0.429172634939254,63.7949200106822,12.6620561144246,0.283139199579938
1322,441,0.05,1,0.121547096152309,0.426443356942741,63.7909404471265,12.6606900167027,0.283139199579938
1323,441,0.075,1,0.121576502913206,0.421711237089913,63.7843971686056,12.6584442702812,0.283139199579938
1324,442,0.035,1,0.123682165284552,0.649332848438676,65.6825724249154,13.3329286920758,0.275422870333817
1325,442,0.05,1,0.123698088739253,0.644692739851203,65.683137199858,13.3331366111777,0.275422870333817
1326,442,0.075,1,0.123724668173607,0.636349875594239,65.6841357660217,13.3335042394714,0.275422870333817
1327,443,0.035,1,0.123680898804561,0.646067933597353,65.6723388078133,13.3291620219768,0.275422870333817
1328,443,0.05,1,0.123696821405209,0.641625101134685,65.6727689038314,13.3293202967295,0.275422870333817
1329,443,0.075,1,0.123723399422482,0.633618060664706,65.6735422086107,13.3296048784525,0.275422870333817
1330,444,0.035,1,0.123679633188387,0.638642196315191,65.6621402226124,13.3254097261828,0.275422870333817
1331,444,0.05,1,0.123695554934913,0.63443516211186,65.66243615341,13.3255185851757,0.275422870333817
1332,444,0.075,1,0.123722131534944,0.626832523868482,65.6629850551639,13.3257205035518,0.275422870333817
1333,445,0.035,1,0.123623950282353,0.534849256544301,65.576080682943,13.2938050931776,0.275422870333817
1334,445,0.05,1,0.123639926441229,0.530880309331187,65.5766911774441,13.2940289236495,0.277971326775929
1335,445,0.075,1,0.123666593958769,0.523889743908619,65.5771069271366,13.2941813562839,0.277971326775929
1336,446,0.035,1,0.123622389510179,0.522401411016468,65.5633598301567,13.2891423397759,0.275422870333817
1337,446,0.05,1,0.123638364580101,0.51864133422818,65.5638486885315,13.289321485824,0.275422870333817
1338,446,0.075,1,0.123665030290504,0.511991727634447,65.5643438712593,13.2895029529112,0.277971326775929
1339,447,0.035,1,0.123620830068702,0.507819098054582,65.5506938802573,13.2845019736992,0.275422870333817
1340,447,0.05,1,0.123636804049596,0.504235063675302,65.5510139264586,13.2846191997722,0.275422870333817
1341,447,0.075,1,0.123663467952671,0.497866123485262,65.5516043580066,13.2848354659895,0.275422870333817
1342,448,0.035,1,0.123565944310343,0.453333757868685,65.4678458472769,13.2542048406504,0.277971326775929
1343,448,0.05,1,0.123581972786503,0.449830129640591,65.468147980974,13.2543151549935,0.277971326775929
1344,448,0.075,1,0.123608727741365,0.443726496513072,65.4687133318361,13.2545215779911,0.277971326775929
1345,449,0.035,1,0.123564097931433,0.437310867592356,65.4531799419122,13.2488515917505,0.277971326775929
1346,449,0.05,1,0.123580125075706,0.433937356236918,65.4532728028003,13.2488854777598,0.277971326775929
1347,449,0.075,1,0.123606877819897,0.428028155829941,65.453488051614,13.2489640249976,0.277971326775929
1348,450,0.035,1,0.123562253441799,0.420467911331022,65.4385946289439,13.2435307348926,0.277971326775929
1349,450,0.05,1,0.123578279254085,0.417183494267425,65.4384794631602,13.2434887331459,0.277971326775929
1350,450,0.075,1,0.1236050297874,0.411394556179773,65.4383466927172,13.2434403110892,0.277971326775929
1351,451,0.035,1,0.125164793564863,0.636344324348599,66.6988802079747,13.714635131573,0.270395836410884
1352,451,0.05,1,0.125179369757102,0.631150865819083,66.7007880168992,13.7153663164162,0.270395836410884
1353,451,0.075,1,0.125203697193128,0.62173438263345,66.7040059998543,13.716599765294,0.270395836410884
1354,452,0.035,1,0.125163481142825,0.634216855868831,66.6859769415084,13.7096913227788,0.270395836410884
1355,452,0.05,1,0.125178056919898,0.629256947209924,66.6877810495317,13.7103824005144,0.270395836410884
1356,452,0.075,1,0.125202383671167,0.620238471389833,66.6908257601511,13.711548815342,0.270395836410884
1357,453,0.035,1,0.125162169554414,0.62815765938138,66.6731011056202,13.7047605984133,0.270395836410884
1358,453,0.05,1,0.125176744916023,0.623471668646775,66.6748018213392,13.7054117300174,0.270395836410884
1359,453,0.075,1,0.125201070981989,0.614923187408035,66.6776737745785,13.7065113803411,0.270395836410884
1360,454,0.035,1,0.125112365228116,0.522959846550015,66.6068682914258,13.6794376686143,0.270395836410884
1361,454,0.05,1,0.125126993971879,0.518448962962934,66.6088699854257,13.680201988157,0.270395836410884
1362,454,0.075,1,0.125151409215897,0.510419227110906,66.6122455335701,13.681491034997,0.270395836410884
1363,455,0.035,1,0.125110744668112,0.512686658283484,66.5907702566,13.6732930969676,0.270395836410884
1364,455,0.05,1,0.125125372870154,0.508439372272077,66.5926414381611,13.6740071164993,0.270395836410884
1365,455,0.075,1,0.125149787220089,0.500841951494374,66.5957989104798,13.6752120906796,0.270395836410884
1366,456,0.035,1,0.125109125393892,0.500265944059125,66.5747152326877,13.6671689129235,0.270395836410884
1367,456,0.05,1,0.125123753053729,0.496253375200768,66.576456387914,13.6678328845409,0.270395836410884
1368,456,0.075,1,0.125148166508856,0.489036203339101,66.5793965955805,13.6689542081966,0.270395836410884
1369,457,0.035,1,0.125060112896872,0.443090081303339,66.5143625071708,13.6441827561849,0.270395836410884
1370,457,0.05,1,0.125074793842268,0.439093794191068,66.5161676158932,13.6448694475127,0.272897778280804
1371,457,0.075,1,0.125099296310332,0.432049207685615,66.5192054449184,13.6460251971642,0.272897778280804
1372,458,0.035,1,0.12505819198361,0.429608413983831,66.4950830357149,13.6368516505238,0.270395836410884
1373,458,0.05,1,0.125072872252077,0.425804127147572,66.4969833823889,13.6375740138404,0.272897778280804
1374,458,0.075,1,0.125097373602285,0.419056842052692,66.4997515895641,13.6386263684927,0.272897778280804
1375,459,0.035,1,0.125056272898142,0.415154260757215,66.4758657172052,13.6295498212546,0.270395836410884
1376,459,0.05,1,0.125070952488994,0.411500374060037,66.4776464007525,13.6302261747882,0.270395836410884
1377,459,0.075,1,0.125095452720331,0.404976126205912,66.4803634635326,13.6312582844723,0.272897778280804
1378,460,0.035,1,0.121357706470716,0.669404944760651,63.4460970341989,12.5430381938077,0.285759054337495
1379,460,0.05,1,0.121375441926644,0.670238992547415,63.4410215630517,12.5413171829973,0.285759054337495
1380,460,0.075,1,0.121405051164785,0.671656661828942,63.4326577115657,12.5384818004734,0.285759054337495
1381,461,0.035,1,0.121359364901648,0.668821357288096,63.4460176298863,12.5430112667309,0.285759054337495
1382,461,0.05,1,0.121377097146043,0.66964139465001,63.4407816029649,12.5412358239337,0.285759054337495
1383,461,0.075,1,0.121406701024503,0.671034899847398,63.4321484007315,12.5383091685933,0.285759054337495
1384,462,0.035,1,0.121361022999785,0.668246576001526,63.4454392036058,12.5428151168053,0.283139199579938
1385,462,0.05,1,0.121378752033094,0.669052870690647,63.4405644833738,12.5411622095844,0.285759054337495
1386,462,0.075,1,0.121408350552624,0.67042267734295,63.4316633735441,12.5381447705543,0.285759054337495
1387,463,0.035,1,0.121303479551125,0.592574880052093,63.32475649407,12.5019768274419,0.285759054337495
1388,463,0.05,1,0.121321257272577,0.590244860770079,63.3197421018404,12.5002836960017,0.285759054337495
1389,463,0.075,1,0.12135093716651,0.586243340226154,63.3114833229429,12.4974957258978,0.285759054337495
1390,464,0.035,1,0.12130556033818,0.572621243770681,63.3248138914113,12.5019962096121,0.285759054337495
1391,464,0.05,1,0.121323334050399,0.570369248319923,63.3195972505992,12.5002347907296,0.285759054337495
1392,464,0.075,1,0.121353007253325,0.566478912365202,63.3109991538364,12.4973323065684,0.285759054337495
1393,465,0.035,1,0.121307640605873,0.551919765513596,63.3249055168434,12.502027150145,0.285759054337495
1394,465,0.05,1,0.121325410309538,0.549693365666646,63.3194879839039,12.5001978998211,0.285759054337495
1395,465,0.075,1,0.121355076822589,0.545816211576625,63.3105528459341,12.4971816687871,0.285759054337495
1396,466,0.035,1,0.121249425057272,0.502918951644183,63.2026531892578,12.4608316943358,0.285759054337495
1397,466,0.05,1,0.121267244759679,0.500771562156093,63.1973943560058,12.45906352917,0.288403150312661
1398,466,0.075,1,0.121296994834231,0.497131704721391,63.187794188727,12.4558365157796,0.288403150312661
1399,467,0.035,1,0.121251931197889,0.481055622402652,63.2029127261976,12.460918966152,0.285759054337495
1400,467,0.05,1,0.121269746095557,0.478901596040362,63.1977133446292,12.459170772814,0.285759054337495
1401,467,0.075,1,0.121299488151369,0.47521536474858,63.1883965492231,12.4560389626019,0.288403150312661
1402,468,0.035,1,0.121254436591565,0.459633361122268,63.2032213762994,12.4610227537647,0.285759054337495
1403,468,0.05,1,0.121272246685454,0.457438245784181,63.1977793954559,12.4591929791811,0.285759054337495
1404,468,0.075,1,0.121301980724113,0.453643535437734,63.1888058625123,12.4561765307573,0.285759054337495
1405,469,0.035,1,0.123408339273533,0.720417010654525,65.1630243535366,13.1435529271057,0.277971326775929
1406,469,0.05,1,0.123424493808952,0.716701541429419,65.1624811441364,13.1433568774423,0.280543363795171
1407,469,0.075,1,0.12345145954916,0.709975547248873,65.1614778024976,13.142994772046,0.280543363795171
1408,470,0.035,1,0.12340960990434,0.706884062388819,65.1561976406965,13.1410893905268,0.277971326775929
1409,470,0.05,1,0.123425761650217,0.703576420813463,65.1558680575755,13.1409704708403,0.280543363795171
1410,470,0.075,1,0.123452722736273,0.697582185668137,65.1546579509979,13.1405338546739,0.280543363795171
1411,471,0.035,1,0.123410880271763,0.688987817254257,65.1493936777991,13.1386346943862,0.277971326775929
1412,471,0.05,1,0.123427029228569,0.685984118362533,65.1490074202068,13.1384953613868,0.277971326775929
1413,471,0.075,1,0.123453985661249,0.680532589147199,65.1478622599028,13.1380822846753,0.280543363795171
1414,472,0.035,1,0.123360161625029,0.578618000110992,65.0646406308475,13.1081105873137,0.280543363795171
1415,472,0.05,1,0.123376359450052,0.575524885509196,65.0640935552607,13.1079138718146,0.280543363795171
1416,472,0.075,1,0.12340339753874,0.570089610864224,65.0632478774809,13.1076097939468,0.280543363795171
1417,473,0.035,1,0.123361757611593,0.561141506232877,65.0565992816596,13.1052195141297,0.280543363795171
1418,473,0.05,1,0.123377951950796,0.558217335882845,65.0558967029453,13.1049669603385,0.280543363795171
1419,473,0.075,1,0.123404984223601,0.553052167433915,65.0547907372264,13.1045694157617,0.280543363795171
1420,474,0.035,1,0.123363353186194,0.54263304405997,65.0485937160315,13.1023421725136,0.280543363795171
1421,474,0.05,1,0.123379544040328,0.539813947425712,65.0477363976613,13.1020340883805,0.280543363795171
1422,474,0.075,1,0.123406570498453,0.534800379932392,65.046371421594,13.1015435938848,0.280543363795171
1423,475,0.035,1,0.123312125893584,0.490218412008776,64.9656174044737,13.0725697997212,0.280543363795171
1424,475,0.05,1,0.123328366749583,0.487391128646828,64.9651633386776,13.0724071324937,0.280543363795171
1425,475,0.075,1,0.123355476755001,0.482485255455938,64.9641366465611,13.0720393343884,0.283139199579938
1426,476,0.035,1,0.12331405022838,0.470950955396882,64.9560538030409,13.0691442613568,0.280543363795171
1427,476,0.05,1,0.123330286902875,0.468195729938942,64.9554118197244,13.0689143564103,0.280543363795171
1428,476,0.075,1,0.123357389931596,0.463377275759639,64.9544085402284,13.0685550763083,0.280543363795171
1429,477,0.035,1,0.123315973969431,0.451816106575971,64.9465418107187,13.0657384222288,0.280543363795171
1430,477,0.05,1,0.123332206463447,0.449086258919982,64.9457130183818,13.0654417243016,0.280543363795171
1431,477,0.075,1,0.123359302517174,0.444270936286104,64.9443970380585,13.0649706376565,0.280543363795171
1432,478,0.035,1,0.124916825529405,0.705867385914872,66.2466468921946,13.5428865823112,0.272897778280804
1433,478,0.05,1,0.12493163665019,0.701401124373711,66.2481851492626,13.5434655363714,0.272897778280804
1434,478,0.075,1,0.124956356719146,0.693232762691052,66.2506914747559,13.5444089181661,0.275422870333817
1435,479,0.035,1,0.124917827478858,0.694648292412945,66.2368521188818,13.5392009501392,0.272897778280804
1436,479,0.05,1,0.124932636157659,0.690657100215018,66.2382958686537,13.5397441224579,0.272897778280804
1437,479,0.075,1,0.124957352153259,0.683333720164583,66.240744464464,13.540665412359,0.272897778280804
1438,480,0.035,1,0.124918829217399,0.67897705445797,66.2270764215992,13.5355239225841,0.272897778280804
1439,480,0.05,1,0.124933635454674,0.675378651380869,66.2284259458869,13.5360314474571,0.272897778280804
1440,480,0.075,1,0.124958347377658,0.668755698792105,66.2307170403916,13.5368931372648,0.272897778280804
1441,481,0.035,1,0.12487342469383,0.56703899001176,66.1628731956499,13.5114098735712,0.275422870333817
1442,481,0.05,1,0.124888278988369,0.563316862143019,66.1641761220724,13.5118986305326,0.275422870333817
1443,481,0.075,1,0.124913071196065,0.55667457316104,66.1663924971211,13.5127301003859,0.275422870333817
1444,482,0.035,1,0.124874684538485,0.55187741024737,66.1508857621569,13.5069142980729,0.275422870333817
1445,482,0.05,1,0.124889535779116,0.548409203914612,66.1520672918871,13.5073573055705,0.275422870333817
1446,482,0.075,1,0.124914322892685,0.542185462322439,66.1540807200067,13.5081122760051,0.275422870333817
1447,483,0.035,1,0.124875944052614,0.535452398533701,66.1389072965078,13.5024242104477,0.272897778280804
1448,483,0.05,1,0.124890792240046,0.532168644710715,66.1399893680489,13.502829734123,0.275422870333817
1449,483,0.075,1,0.12491557426062,0.526236265056324,66.141800631825,13.5035085730419,0.275422870333817
1450,484,0.035,1,0.124830143669883,0.480132320619026,66.0779034346643,13.4795899889194,0.275422870333817
1451,484,0.05,1,0.124845040904047,0.47675536897222,66.0793006662499,13.4801123699745,0.275422870333817
1452,484,0.075,1,0.124869904859752,0.470800103131405,66.0816754079115,13.4810002772689,0.275422870333817
1453,485,0.035,1,0.124831664298502,0.46331564297539,66.0635586265941,13.4742285753992,0.275422870333817
1454,485,0.05,1,0.124846557866386,0.460089946439858,66.0648092592633,13.474695882633,0.275422870333817
1455,485,0.075,1,0.124871415706395,0.454357884320184,66.0669389163638,13.475491696092,0.275422870333817
1456,486,0.035,1,0.124833184449788,0.446355390790897,66.0492577632269,13.4688865955042,0.275422870333817
1457,486,0.05,1,0.12484807435239,0.443225670110992,66.0503624763732,13.4692991457885,0.275422870333817
1458,486,0.075,1,0.124872926078356,0.437617695758873,66.0522481839874,13.4700033964108,0.275422870333817
1459,487,0.035,1,0.124206397646439,0.597514058199688,65.7964794382847,13.3749550810913,0.277971326775929
1460,487,0.05,1,0.124221336260653,0.593677565262718,65.7971613388574,13.3752072298208,0.277971326775929
1461,487,0.075,1,0.124246269480694,0.58666221709521,65.7983462096713,13.3756453794732,0.277971326775929
1462,488,0.035,1,0.124211596584332,0.598090520478076,65.7845922688797,13.3705605936681,0.277971326775929
1463,488,0.05,1,0.124226534292968,0.594395591199367,65.7851227616307,13.3707566647312,0.277971326775929
1464,488,0.075,1,0.124251466010197,0.587597993220746,65.7860544407165,13.3711010247465,0.277971326775929
1465,489,0.035,1,0.124216794739001,0.59566585717249,65.7725626864623,13.3661155218541,0.275422870333817
1466,489,0.05,1,0.124231731541175,0.592098551641845,65.7731297300759,13.3663250045386,0.277971326775929
1467,489,0.075,1,0.124256661754075,0.585494625853297,65.7738094815941,13.3665761309291,0.277971326775929
1468,490,0.035,1,0.124156951671742,0.507909124859965,65.6597712167203,13.3245383253722,0.277971326775929
1469,490,0.05,1,0.12417196049282,0.504169922671002,65.6605784214751,13.3248352337447,0.277971326775929
1470,490,0.075,1,0.124197011024422,0.497447871657432,65.6619740558837,13.3253486018199,0.277971326775929
1471,491,0.035,1,0.124163449714804,0.499688112702661,65.6450345789853,13.3191194776491,0.277971326775929
1472,491,0.05,1,0.124178457402703,0.496088443823927,65.6456507403668,13.3193459862819,0.277971326775929
1473,491,0.075,1,0.124203506053702,0.489569698780417,65.6467268903303,13.3197416053798,0.277971326775929
1474,492,0.035,1,0.124169946542427,0.488711777090874,65.6303681430572,13.3137295001087,0.277971326775929
1475,492,0.05,1,0.124184953095713,0.485225614724455,65.630794455839,13.3138861288812,0.277971326775929
1476,492,0.075,1,0.124209999863717,0.478864552956582,65.6315531183566,13.3141648704455,0.277971326775929
1477,493,0.035,1,0.124107678276077,0.43724175319464,65.5212223554378,13.2737133525067,0.280543363795171
1478,493,0.05,1,0.124122756852543,0.433815989977454,65.5217577075389,13.2739092197623,0.280543363795171
1479,493,0.075,1,0.124147923942556,0.427711599961129,65.5227031323211,13.2742551285823,0.280543363795171
1480,494,0.035,1,0.12411547511539,0.423720409684638,65.50430090846,13.2675244370415,0.280543363795171
1481,494,0.05,1,0.124130552330784,0.420379308111054,65.5046002702622,13.2676338919224,0.280543363795171
1482,494,0.075,1,0.124155717161853,0.414375855755933,65.5051509747014,13.2678352478394,0.280543363795171
1483,495,0.035,1,0.124123270216391,0.408758330237003,65.4870868418813,13.2612326125867,0.277971326775929
1484,495,0.05,1,0.124138346068608,0.405463372762375,65.4875473531248,13.2614008776942,0.280543363795171
1485,495,0.075,1,0.124163508637312,0.399494523502377,65.4877064056488,13.2614589942066,0.280543363795171
1486,496,0.035,1,0.125877225590024,0.594490659758177,66.8865185056824,13.7868213328849,0.270395836410884
1487,496,0.05,1,0.125890512989308,0.590470580652345,66.8885743084025,13.7876152816399,0.270395836410884
1488,496,0.075,1,0.125912686754967,0.583022390600645,66.8920296020622,13.7889498626516,0.270395836410884
1489,497,0.035,1,0.125882277005143,0.596746768990396,66.8706301618962,13.7806875221606,0.270395836410884
1490,497,0.05,1,0.125895563969121,0.592928172942399,66.8725763738748,13.7814386573959,0.270395836410884
1491,497,0.075,1,0.125917737016179,0.585804968729987,66.8758486148703,13.7827017046026,0.270395836410884
1492,498,0.035,1,0.125887327557439,0.595958125249324,66.8547759143624,13.7745708425663,0.270395836410884
1493,498,0.05,1,0.125900614085285,0.592322633885323,66.8566129478693,13.7752793800909,0.270395836410884
1494,498,0.075,1,0.125922786412367,0.585492219408373,66.8597028242527,13.7764712547049,0.270395836410884
1495,499,0.035,1,0.125836597613178,0.503845314481126,66.7702963327352,13.7420446310625,0.270395836410884
1496,499,0.05,1,0.125849953268284,0.499877031502121,66.7723969953744,13.7428520694844,0.272897778280804
1497,499,0.075,1,0.125872241054175,0.492646438304743,66.7756575155316,13.7441054626842,0.272897778280804
1498,500,0.035,1,0.125842910448717,0.49833457857484,66.750486130573,13.734433510479,0.270395836410884
1499,500,0.05,1,0.12585626555614,0.49457919480397,66.7525208157291,13.7352149583965,0.270395836410884
1500,500,0.075,1,0.125878552437757,0.487675743584325,66.7556815084693,13.7364289926404,0.272897778280804
1501,501,0.035,1,0.125849221943377,0.48998488275303,66.7307294269064,13.7268490421822,0.270395836410884
1502,501,0.05,1,0.125862576501768,0.486413036046315,66.7326266439068,13.7275771072558,0.270395836410884
1503,501,0.075,1,0.125884862476972,0.479785689347657,66.7357621672078,13.7287805005358,0.272897778280804
1504,502,0.035,1,0.125796097427495,0.434133400571377,66.6519343996012,13.6966605162001,0.272897778280804
1505,502,0.05,1,0.125809520960824,0.430490510110062,66.6539873784954,13.6974458472025,0.272897778280804
1506,502,0.075,1,0.125831922137234,0.423904810473141,66.6574408272148,13.6987670504148,0.272897778280804
1507,503,0.035,1,0.125803671076734,0.424046919624582,66.6284839806286,13.6876945924548,0.272897778280804
1508,503,0.05,1,0.125817093948656,0.420568792953197,66.630366007744,13.6884138444308,0.272897778280804
1509,503,0.075,1,0.125839494033033,0.414215069509277,66.6335338725403,13.6896246268818,0.272897778280804
1510,504,0.035,1,0.125811242805419,0.412239489302112,66.6051128471624,13.6787674269746,0.272897778280804
1511,504,0.05,1,0.125824665014071,0.408881171995983,66.6068249213937,13.6794211090425,0.272897778280804
1512,504,0.075,1,0.125847064003243,0.402682407573116,66.6097088696364,13.6805223230038,0.272897778280804
1513,505,0.035,1,0.127083978158369,0.59632679810841,67.5753784717676,14.056672461437,0.265460556197554
1514,505,0.05,1,0.127095933526662,0.592426084404966,67.5777438360512,14.0576125174404,0.265460556197554
1515,505,0.075,1,0.127115881895706,0.585117824682149,67.5817049743081,14.0591869853156,0.265460556197554
1516,506,0.035,1,0.127088955356723,0.599808777003369,67.5577712764023,14.0496778675145,0.265460556197554
1517,506,0.05,1,0.127100910605651,0.596160705595054,67.5600520620675,14.0505836337112,0.265460556197554
1518,506,0.075,1,0.127120858782497,0.589275541030516,67.563872009345,14.0521008412446,0.265460556197554
1519,507,0.035,1,0.127093931630714,0.600222881559407,67.5401902575881,14.0426988630016,0.265460556197554
1520,507,0.05,1,0.127105886759489,0.596803715719931,67.5423867260096,14.0435704952797,0.265460556197554
1521,507,0.075,1,0.127125834742887,0.590298912410465,67.5460659182151,14.0450307031742,0.265460556197554
1522,508,0.035,1,0.127050108108213,0.504884284256981,67.4709702128902,14.0152713548396,0.265460556197554
1523,508,0.05,1,0.127062128932216,0.500993572562024,67.4734376854647,14.0162476835166,0.265460556197554
1524,508,0.075,1,0.12708218661971,0.493825221069281,67.4775696326278,14.0178828379512,0.265460556197554
1525,509,0.035,1,0.127056327439248,0.501506847721254,67.4489817024376,14.0065754222624,0.265460556197554
1526,509,0.05,1,0.127068348109638,0.497895882988629,67.4513426662798,14.0075087420369,0.265460556197554
1527,509,0.075,1,0.127088405549514,0.491174307548903,67.4552968110493,14.0090720744844,0.265460556197554
1528,510,0.035,1,0.127062545332466,0.495242411570263,67.4270342759616,13.9979037478178,0.265460556197554
1529,510,0.05,1,0.127074565848039,0.491877724952189,67.42928914278,13.9987943025941,0.265460556197554
1530,510,0.075,1,0.12709462303833,0.485544464556841,67.4330661717879,14.0002862209639,0.265460556197554
1531,511,0.035,1,0.127016335469635,0.436059623595601,67.3653231234768,13.9735637284762,0.267916832481903
1532,511,0.05,1,0.127028421431047,0.432499737602843,67.3677328624402,13.9745129936987,0.267916832481903
1533,511,0.075,1,0.127048587906396,0.425987492593471,67.3717698039794,13.9761034752458,0.267916832481903
1534,512,0.035,1,0.127023796048434,0.428766507579479,67.3390439041026,13.9632178018532,0.267916832481903
1535,512,0.05,1,0.127035881820348,0.425447768197009,67.3413217411226,13.9641141187517,0.267916832481903
1536,512,0.075,1,0.127056047989924,0.4192992204369,67.3451384719864,13.965616173649,0.267916832481903
1537,513,0.035,1,0.127031254566087,0.419545424842181,67.3128259323468,13.9529073076869,0.267916832481903
1538,513,0.05,1,0.127043340146741,0.416416899111957,67.3149724996583,13.9537510436313,0.267916832481903
1539,513,0.075,1,0.127063506007705,0.410544499377197,67.3185700743797,13.9551652863286,0.267916832481903
1540,514,0.035,1,0.124038744559904,0.687690998159627,65.3366609389219,13.2064268933202,0.280543363795171
1541,514,0.05,1,0.124053883789304,0.68378914409569,65.336823382564,13.2064859082992,0.280543363795171
1542,514,0.075,1,0.124079152310207,0.676622988273988,65.3371475352749,13.2066036724793,0.280543363795171
1543,515,0.035,1,0.124046989425152,0.684092893957482,65.329647706813,13.2038793678669,0.280543363795171
1544,515,0.05,1,0.124062124352625,0.68040477922204,65.3296798299072,13.2038910348906,0.280543363795171
1545,515,0.075,1,0.124087385692233,0.673593656832474,65.3297859314449,13.2039295707926,0.280543363795171
1546,516,0.035,1,0.124055234368025,0.674228782410126,65.3226574408086,13.2013408602148,0.280543363795171
1547,516,0.05,1,0.124070364990766,0.670757521201943,65.3225598788324,13.2013054354568,0.280543363795171
1548,516,0.075,1,0.124095619144363,0.664306543185672,65.3224489926945,13.2012651728546,0.280543363795171
1549,517,0.035,1,0.124001058112046,0.567336792476896,65.2167578875872,13.1629657681511,0.283139199579938
1550,517,0.05,1,0.124016252789888,0.563916062186759,65.2166235286644,13.1629171778335,0.283139199579938
1551,517,0.075,1,0.124041613959698,0.557748210805924,65.2164558214382,13.1628565275938,0.283139199579938
1552,518,0.035,1,0.124011352176965,0.552949084920534,65.2085563328113,13.160000163835,0.280543363795171
1553,518,0.05,1,0.124026541503379,0.549700171051913,65.2082762966049,13.1598989216298,0.283139199579938
1554,518,0.075,1,0.124051893739847,0.543791779116337,65.2078290240012,13.1597372202447,0.283139199579938
1555,519,0.035,1,0.124021646367577,0.53605075083958,65.1999273016978,13.1568809801555,0.280543363795171
1556,519,0.05,1,0.12403683033815,0.532908336966281,65.1998992252295,13.1568708328585,0.280543363795171
1557,519,0.075,1,0.124062173633949,0.527144047489307,65.1992406523345,13.1566328168776,0.283139199579938
1558,520,0.035,1,0.123963470255843,0.483213150297246,65.0947669644483,13.118949549383,0.283139199579938
1559,520,0.05,1,0.123978720116951,0.480151720008066,65.0947659042438,13.1189491677228,0.283139199579938
1560,520,0.075,1,0.124004173493273,0.474686263068345,65.0948224582434,13.1189695264659,0.283139199579938
1561,521,0.035,1,0.12397580875538,0.4648149612352,65.0850839073011,13.1154644059032,0.283139199579938
1562,521,0.05,1,0.123991052225741,0.461808611636335,65.0848806504182,13.1153912629064,0.283139199579938
1563,521,0.075,1,0.124016494933782,0.456388005735999,65.0845988106602,13.1152898423967,0.283139199579938
1564,522,0.035,1,0.123988147442125,0.446031917992828,65.0754521267445,13.111998975719,0.283139199579938
1565,522,0.05,1,0.124003384515428,0.4430269302894,65.0750482028889,13.1118536748482,0.283139199579938
1566,522,0.075,1,0.124028816544611,0.437559584341861,65.0744305301276,13.1116314877526,0.283139199579938
1567,523,0.035,1,0.125735405335862,0.677360080201653,66.4925457775443,13.6358872690957,0.272897778280804
1568,523,0.05,1,0.12574889206613,0.673047621170188,66.4943508376469,13.6365733407324,0.275422870333817
1569,523,0.075,1,0.125771398880583,0.665039532594507,66.4970173362001,13.6375869209273,0.275422870333817
1570,524,0.035,1,0.125743054983896,0.675517955264596,66.4811835793066,13.6315698376217,0.272897778280804
1571,524,0.05,1,0.125756537809047,0.671483840816091,66.4829262986097,13.6322319119384,0.272897778280804
1572,524,0.075,1,0.125779038105889,0.66394695738537,66.4855684312302,13.6332357695154,0.275422870333817
1573,525,0.035,1,0.125750704485882,0.667625694081112,66.4698415559339,13.6272620338648,0.272897778280804
1574,525,0.05,1,0.125764183403658,0.663870753229897,66.471488672225,13.6278875020624,0.272897778280804
1575,525,0.075,1,0.125786677179104,0.656804961585837,66.4741410045285,13.6288947730601,0.275422870333817
1576,526,0.035,1,0.125704673298081,0.5583826996452,66.3906614584299,13.5972431492386,0.275422870333817
1577,526,0.05,1,0.125718213827262,0.554529671327688,66.3923636512755,13.597887488252,0.275422870333817
1578,526,0.075,1,0.125740810510478,0.547481317377441,66.3952346798649,13.5989743713686,0.275422870333817
1579,527,0.035,1,0.125714225480103,0.547112801733285,66.37672416845,13.5919690484429,0.275422870333817
1580,527,0.05,1,0.125727761148237,0.543526825310882,66.3783030334859,13.5925663697084,0.275422870333817
1581,527,0.075,1,0.12575034971829,0.536900533859533,66.3809679635335,13.5935746599398,0.275422870333817
1582,528,0.035,1,0.125723777437698,0.533062804845938,66.3628189482947,13.5867100057426,0.275422870333817
1583,528,0.05,1,0.125737308241245,0.52967240200765,66.3642750780466,13.5872605865505,0.275422870333817
1584,528,0.075,1,0.125759888692242,0.523343213325452,66.3667348995963,13.5881907483685,0.275422870333817
1585,529,0.035,1,0.125674013670527,0.476324111901251,66.2879600717567,13.5584479091318,0.275422870333817
1586,529,0.05,1,0.125687607777728,0.472872557656619,66.2897842926172,13.5591356223372,0.275422870333817
1587,529,0.075,1,0.125710293961312,0.466608291685382,66.2925322690963,13.5601716763895,0.277971326775929
1588,530,0.035,1,0.125685464466803,0.461484692447818,66.2712927577058,13.5521668041768,0.275422870333817
1589,530,0.05,1,0.125699052765034,0.458189063826567,66.2729678824535,13.552797889789,0.275422870333817
1590,530,0.075,1,0.125721729253315,0.452137448547958,66.275749205091,13.5538458165281,0.277971326775929
1591,531,0.035,1,0.125696914945317,0.445762662571817,66.2546717390948,13.5459072838194,0.275422870333817
1592,531,0.05,1,0.125710497429458,0.442554859998028,66.256198627699,13.546482141966,0.275422870333817
1593,531,0.075,1,0.12573316421392,0.436600116313614,66.2587772512128,13.5474530467661,0.275422870333817
1594,532,0.035,1,0.126962268424344,0.671877304190217,67.222357790864,13.9174162006657,0.267916832481903
1595,532,0.05,1,0.126974417776035,0.667487195395888,67.2246268752985,13.918304740717,0.267916832481903
1596,532,0.075,1,0.126994690177644,0.659268585721014,67.2284297230868,13.9197940678657,0.267916832481903
1597,533,0.035,1,0.126969488275954,0.67133925704088,67.2089969547925,13.9121859928357,0.267916832481903
1598,533,0.05,1,0.126981634069675,0.667278646880247,67.2111913253394,13.9130447977592,0.267916832481903
1599,533,0.075,1,0.127001900533906,0.659629938394707,67.2148694161682,13.914484457917,0.267916832481903
1600,534,0.035,1,0.126976707836492,0.664955658739226,67.1956525575549,13.9069651166371,0.267916832481903
1601,534,0.05,1,0.126988850070346,0.661220844038051,67.1977724453684,13.9077943105461,0.267916832481903
1602,534,0.075,1,0.127009110594085,0.654131482736829,67.2013261650773,13.9091845113791,0.267916832481903
1603,535,0.035,1,0.12693685709446,0.554162485467199,67.1318992365227,13.8820620414827,0.270395836410884
1604,535,0.05,1,0.12694905797503,0.550200799133695,67.1340982052747,13.8829198994282,0.270395836410884
1605,535,0.075,1,0.126969416434696,0.542876634130929,67.137785420769,13.8843585248839,0.270395836410884
1606,536,0.035,1,0.126945873369875,0.545439201136118,67.1153047581735,13.8755907480142,0.270395836410884
1607,536,0.05,1,0.126958069819356,0.541825177869004,67.117407624762,13.8764105501531,0.270395836410884
1608,536,0.075,1,0.126978420884619,0.535066500151183,67.1209343553485,13.8777856054517,0.270395836410884
1609,537,0.035,1,0.126954889193697,0.533756386652641,67.0987366482101,13.8691341655705,0.270395836410884
1610,537,0.05,1,0.126967081209165,0.530414244193137,67.1007437957139,13.8699161144129,0.270395836410884
1611,537,0.075,1,0.12698742487511,0.524088819823028,67.1041106808936,13.8712279384259,0.270395836410884
1612,538,0.035,1,0.126911500458626,0.474021491917234,67.0401501451451,13.8463384296426,0.270395836410884
1613,538,0.05,1,0.126923752682331,0.470487787326787,67.0424544083201,13.8472339676438,0.270395836410884
1614,538,0.075,1,0.126944196890492,0.463995093253885,67.0463177852259,13.8487356365999,0.270395836410884
1615,539,0.035,1,0.126922309767692,0.462200297302447,67.0202629125034,13.8386129075522,0.270395836410884
1616,539,0.05,1,0.12693455669369,0.458914913634065,67.0224510881936,13.8394626306483,0.270395836410884
1617,539,0.075,1,0.12695499206119,0.452794010754544,67.0261206031053,13.8408877664486,0.270395836410884
1618,540,0.035,1,0.126933118431127,0.449100757438629,67.0004137685268,13.8309084843634,0.270395836410884
1619,540,0.05,1,0.126945360055161,0.4459844009629,67.0024864121542,13.8317126845951,0.270395836410884
1620,540,0.075,1,0.126965786574927,0.440100341377208,67.0059629922863,13.83306177594,0.270395836410884
1621,541,0.035,1,0.123916487167574,0.746829549422933,64.9934831857874,13.0825578892481,0.283139199579938
1622,541,0.05,1,0.123931771161784,0.74380100978707,64.9930912281668,13.0824173254681,0.283139199579938
1623,541,0.075,1,0.123957281644953,0.738176152337277,64.9923412504721,13.0821483743316,0.285759054337495
1624,542,0.035,1,0.123926925757913,0.73041048593397,64.9901306774864,13.0813556798366,0.283139199579938
1625,542,0.05,1,0.12394220306217,0.727725484227976,64.9896253250097,13.0811744735261,0.283139199579938
1626,542,0.075,1,0.123967702371147,0.72270792985465,64.9888397183,13.0808927821082,0.283139199579938
1627,543,0.035,1,0.123937366061031,0.708896844345226,64.9867872239075,13.080156867614,0.283139199579938
1628,543,0.05,1,0.123952636668998,0.706383440912507,64.9861690196032,13.0799352237524,0.283139199579938
1629,543,0.075,1,0.123978124793181,0.70165177127686,64.9851944787007,13.0795858334727,0.283139199579938
1630,544,0.035,1,0.123887291528924,0.601098848596735,64.8861630568554,13.0441475268905,0.285759054337495
1631,544,0.05,1,0.123902620515179,0.598407499219208,64.8854469805136,13.0438917558868,0.285759054337495
1632,544,0.075,1,0.12392820617272,0.593541087521143,64.8843138472174,13.0434870327502,0.285759054337495
1633,545,0.035,1,0.123900324178743,0.5812140756414,64.882530835119,13.0428502258733,0.285759054337495
1634,545,0.05,1,0.123915644837459,0.578613485678801,64.8816699338601,13.0425427681385,0.285759054337495
1635,545,0.075,1,0.123941216585446,0.57385668234698,64.880294283327,13.0420514960152,0.285759054337495
1636,546,0.035,1,0.123913359500269,0.560721877765856,64.8785549393563,13.0414303777555,0.283139199579938
1637,546,0.05,1,0.123928671821568,0.558128061693702,64.8779068672699,13.0411989620448,0.285759054337495
1638,546,0.075,1,0.123954229643528,0.553332546910802,64.8762901987157,13.0406217010547,0.285759054337495
1639,547,0.035,1,0.123858153569935,0.511692420273578,64.7770983457021,13.0052697049384,0.285759054337495
1640,547,0.05,1,0.123873527386433,0.509171866540949,64.7765273497456,13.0050665783058,0.285759054337495
1641,547,0.075,1,0.123899187948437,0.504668599578666,64.7756381843496,13.0047502743371,0.285759054337495
1642,548,0.035,1,0.123873774098602,0.489787454844553,64.7728552824741,13.0037603763512,0.285759054337495
1643,548,0.05,1,0.123889137963746,0.487233066986187,64.7721090768436,13.0034949630528,0.285759054337495
1644,548,0.075,1,0.123914781903779,0.482609435769555,64.7709265008979,13.0030743549027,0.285759054337495
1645,549,0.035,1,0.123889398468127,0.469099436003553,64.7686309185675,13.0022579350812,0.285759054337495
1646,549,0.05,1,0.123904752367716,0.466468409676912,64.7677108021695,13.0019307167883,0.285759054337495
1647,549,0.075,1,0.123930379662158,0.461655957605528,64.7662369928107,13.0014066135279,0.285759054337495
1648,550,0.035,1,0.125631871555447,0.73424275529369,66.1986289716015,13.5248318049093,0.277971326775929
1649,550,0.05,1,0.125645502548289,0.730524795110898,66.1999267578317,13.5253193223271,0.277971326775929
1650,550,0.075,1,0.125668250408925,0.723530966826251,66.2021254664422,13.5261453311715,0.277971326775929
1651,551,0.035,1,0.125641396993475,0.720921871766998,66.1907041183822,13.5218553523318,0.275422870333817
1652,551,0.05,1,0.1256550216244,0.717680022470188,66.1920600308321,13.5223645459561,0.277971326775929
1653,551,0.075,1,0.12567775886109,0.71153095559063,66.1941137683874,13.5231358498819,0.277971326775929
1654,552,0.035,1,0.12565092358724,0.70202536866523,66.1827544007908,13.5188704983382,0.275422870333817
1655,552,0.05,1,0.125664541851061,0.69908507610481,66.1841638104522,13.5193996162588,0.275422870333817
1656,552,0.075,1,0.125687268455113,0.693460510763358,66.1861141248109,13.52013184824,0.277971326775929
1657,553,0.035,1,0.125608299529403,0.591742204879139,66.1080533955738,13.4908684949286,0.277971326775929
1658,553,0.05,1,0.125621974025064,0.588487626185501,66.1094795917791,13.4914023386114,0.277971326775929
1659,553,0.075,1,0.125644794552917,0.582487344554896,66.1118934336985,13.4923059392175,0.277971326775929
1660,554,0.035,1,0.125620193896699,0.57496779771172,66.0983701882652,13.4872447382639,0.277971326775929
1661,554,0.05,1,0.125633860468281,0.571935065484661,66.099687238841,13.4877375382525,0.277971326775929
1662,554,0.075,1,0.125656667763472,0.566275367474373,66.1019186113792,13.4885725078611,0.277971326775929
1663,555,0.035,1,0.12563209006706,0.557003359925821,66.0887044454174,13.4836288952622,0.277971326775929
1664,555,0.05,1,0.125645748706479,0.554082664738972,66.0899128700355,13.4840808777261,0.277971326775929
1665,555,0.075,1,0.125668542755442,0.548569562733174,66.0919626423187,13.484847595428,0.277971326775929
1666,556,0.035,1,0.125584769332588,0.504134428625483,66.017006317003,13.4568503196216,0.277971326775929
1667,556,0.05,1,0.125598487197157,0.501123704690566,66.0185611111434,13.457430221023,0.277971326775929
1668,556,0.075,1,0.125621380169018,0.495630204685747,66.0207371892675,13.458241906046,0.280543363795171
1669,557,0.035,1,0.125599027696091,0.485514605668964,66.0054374714304,13.4525365245886,0.277971326775929
1670,557,0.05,1,0.12561273608565,0.482587330690912,66.0068603875723,13.4530669964836,0.277971326775929
1671,557,0.075,1,0.125635613234753,0.477172313284755,66.0091049289877,13.4539038355104,0.280543363795171
1672,558,0.035,1,0.12561328865208,0.467452815982335,65.9938937861107,13.4482340613365,0.277971326775929
1673,558,0.05,1,0.125626987554984,0.464538829951346,65.9951855777756,13.4487154300995,0.277971326775929
1674,558,0.075,1,0.125649848861857,0.459086068120879,65.9973751878081,13.4495314144497,0.277971326775929
1675,559,0.035,1,0.126873339198984,0.724960587472488,66.9595574558228,13.8150699234797,0.270395836410884
1676,559,0.05,1,0.126885629252481,0.720881797539763,66.9616899823229,13.8158959721314,0.270395836410884
1677,559,0.075,1,0.126906136691317,0.713158236275675,66.9652671104896,13.8172817594302,0.270395836410884
1678,560,0.035,1,0.12688218116988,0.714193381743292,66.9493839887907,13.8111301565522,0.270395836410884
1679,560,0.05,1,0.126894465218253,0.710678206926337,66.9514495350473,13.8119299249543,0.270395836410884
1680,560,0.075,1,0.126914962630806,0.703958314819507,66.9549147890267,13.8132718048755,0.270395836410884
1681,561,0.035,1,0.126891023928264,0.697606540717928,66.9392206593563,13.8071959566926,0.270395836410884
1682,561,0.05,1,0.126903301967162,0.694492615373808,66.9412194326996,13.8079695474353,0.270395836410884
1683,561,0.075,1,0.126923789346125,0.688481308852103,66.9445731588254,13.8092676917167,0.270395836410884
1684,562,0.035,1,0.126854057944332,0.585751435495459,66.8796010533837,13.7841503104397,0.272897778280804
1685,562,0.05,1,0.126866389568819,0.582215463938788,66.8816516945432,13.784942041761,0.272897778280804
1686,562,0.075,1,0.126886966433317,0.575614096761199,66.8850936151907,13.7862710809015,0.272897778280804
1687,563,0.035,1,0.126865100046373,0.571747688229678,66.8670063830394,13.7792890936783,0.272897778280804
1688,563,0.05,1,0.126877424187909,0.568550295069594,66.868971090534,13.7800472552297,0.272897778280804
1689,563,0.075,1,0.126897988558602,0.562499782330981,66.8722694662749,13.7813202032727,0.272897778280804
1690,564,0.035,1,0.12687614337706,0.5560756786129,66.854427781512,13.7744365749095,0.272897778280804
1691,564,0.05,1,0.12688846002882,0.553088926571049,66.8563068975498,13.7751613338425,0.272897778280804
1692,564,0.075,1,0.12690901189432,0.547363573396201,66.8594623000951,13.7763784706318,0.272897778280804
1693,565,0.035,1,0.126834807839412,0.500101672003936,66.7986351108639,13.7529431137586,0.272897778280804
1694,565,0.05,1,0.126847180922821,0.496873351729856,66.8007950359858,13.7537742900482,0.272897778280804
1695,565,0.075,1,0.126867827026216,0.490896389826217,66.8044197755657,13.7551693164114,0.272897778280804
1696,566,0.035,1,0.126848045957589,0.484473691684532,66.7835458588265,13.7471385486896,0.272897778280804
1697,566,0.05,1,0.126860410089469,0.481443566412728,66.7856020393977,13.7479293147651,0.272897778280804
1698,566,0.075,1,0.126881041246984,0.475745033181278,66.7890534799949,13.7492568188024,0.272897778280804
1699,567,0.035,1,0.126861285842376,0.46881712117092,66.7684797868,13.7413464550951,0.272897778280804
1700,567,0.05,1,0.126873641012911,0.465891489098136,66.7704327185528,13.742097052022,0.272897778280804
1701,567,0.075,1,0.126894257208208,0.460313968509042,66.7737116883717,13.7433574373339,0.272897778280804
1702,568,0.035,1,0.122774718447999,0.583735613202493,65.4021944987215,13.2302645475762,0.277971326775929
1703,568,0.05,1,0.122790787791399,0.579679624151011,65.4019860149323,13.2301886177857,0.277971326775929
1704,568,0.075,1,0.1228176112591,0.572401299818597,65.4017026304693,13.2300854101395,0.277971326775929
1705,569,0.035,1,0.122775821933778,0.583114634608624,65.392223740028,13.2266338731072,0.277971326775929
1706,569,0.05,1,0.122791893233997,0.57915877716403,65.3918352043881,13.226492422691,0.277971326775929
1707,569,0.075,1,0.122818719985198,0.57203283290877,65.3912505467335,13.2262795759747,0.277971326775929
1708,570,0.035,1,0.12277692582644,0.580034002065704,65.382201162776,13.2229857198566,0.275422870333817
1709,570,0.05,1,0.122792999081512,0.576180722214253,65.381744283359,13.2228194518991,0.277971326775929
1710,570,0.075,1,0.122819829112994,0.569212406568447,65.3808599100452,13.2224976182091,0.277971326775929
1711,571,0.035,1,0.122714281444291,0.496106226915032,65.2600385549242,13.1786308918215,0.277971326775929
1712,571,0.05,1,0.122730422939525,0.492282955990304,65.259924271266,13.1785894938784,0.277971326775929
1713,571,0.075,1,0.122757366997628,0.485541499942942,65.2595561800672,13.1784561582857,0.280543363795171
1714,572,0.035,1,0.122715679661858,0.486952592381123,65.2477433236681,13.1741781125367,0.277971326775929
1715,572,0.05,1,0.122731823565695,0.483250284237023,65.2474018743599,13.1740544845474,0.277971326775929
1716,572,0.075,1,0.122758771665686,0.476692228622916,65.2468978075455,13.1738719808259,0.277971326775929
1717,573,0.035,1,0.122717078501083,0.475433399612101,65.2355404866553,13.1697608430081,0.277971326775929
1718,573,0.05,1,0.122733224810566,0.47184057497626,65.2349733448671,13.1695555945978,0.277971326775929
1719,573,0.075,1,0.122760176947483,0.465444521919568,65.2340916157188,13.16923650588,0.277971326775929
1720,574,0.035,1,0.122654087137338,0.426374296787309,65.1160727885764,13.1266224489557,0.280543363795171
1721,574,0.05,1,0.122670300221801,0.422917924086083,65.1155345959926,13.1264285531103,0.280543363795171
1722,574,0.075,1,0.122697363931406,0.41688194669881,65.1147074865995,13.126130576214,0.280543363795171
1723,575,0.035,1,0.122655787366304,0.41206348851592,65.1022790734069,13.1216541951967,0.277971326775929
1724,575,0.05,1,0.122672003297042,0.408691057470714,65.1015511159396,13.1213920693084,0.280543363795171
1725,575,0.075,1,0.12269907178326,0.402769226279502,65.1002547066268,13.1209252707324,0.280543363795171
1726,576,0.035,1,0.122657488470623,0.396418444188106,65.0878643374887,13.1164650135785,0.277971326775929
1727,576,0.05,1,0.122673707243424,0.393101970219601,65.0872943543555,13.1162598823053,0.277971326775929
1728,576,0.075,1,0.122700780499175,0.387244117592238,65.0859430326453,13.1157735725876,0.280543363795171
1729,577,0.035,1,0.124600692749744,0.574358409069045,66.6976924545622,13.7141799430002,0.270395836410884
1730,577,0.05,1,0.124615129563957,0.569808032709504,66.6996082634604,13.7149141586829,0.270395836410884
1731,577,0.075,1,0.124639224166255,0.561549634902165,66.7028403889987,13.7161529695153,0.270395836410884
1732,578,0.035,1,0.124602049213059,0.575229985402001,66.6829255004357,13.7085225592486,0.270395836410884
1733,578,0.05,1,0.124616488579978,0.570825944907208,66.6847118338982,13.7092067434989,0.270395836410884
1734,578,0.075,1,0.12464058745853,0.562798571445706,66.6877276176935,13.7103619323039,0.270395836410884
1735,579,0.035,1,0.124603405833058,0.573647220991323,66.6682026146491,13.7028854253051,0.270395836410884
1736,579,0.05,1,0.12461784775061,0.569392108687715,66.6698599569352,13.7035198247334,0.270395836410884
1737,579,0.075,1,0.124641950901974,0.561601779122119,66.67266020703,13.7045918044397,0.270395836410884
1738,580,0.035,1,0.124549719131911,0.485760939327955,66.5790671664131,13.6688285653208,0.270395836410884
1739,580,0.05,1,0.124564227781244,0.481430006718064,66.5808373863488,13.6695037392332,0.272897778280804
1740,580,0.075,1,0.124588442411173,0.473701841078844,66.5837470433886,13.6706136068447,0.272897778280804
1741,581,0.035,1,0.12455142891106,0.479054572963717,66.5606809399228,13.6618187797256,0.270395836410884
1742,581,0.05,1,0.124565940714957,0.474901658369204,66.5625394597504,13.6625271083513,0.270395836410884
1743,581,0.075,1,0.124590160629541,0.467450417702433,66.5652406116071,13.6635566797228,0.272897778280804
1744,582,0.035,1,0.124553138926222,0.469996040156719,66.5423638596991,13.6548405135346,0.270395836410884
1745,582,0.05,1,0.12456765388147,0.466011041016565,66.5440599523818,13.655486458686,0.270395836410884
1746,582,0.075,1,0.124591879075427,0.458818454595808,66.5468072266624,13.6565328325766,0.272897778280804
1747,583,0.035,1,0.124498930733179,0.41691939616435,66.4581806867292,13.6228351708096,0.272897778280804
1748,583,0.05,1,0.124513510732399,0.41298411554528,66.4600038760461,13.6235271791545,0.272897778280804
1749,583,0.075,1,0.124537844580505,0.406023185118369,66.4630852742666,13.6246968672255,0.272897778280804
1750,584,0.035,1,0.124500999325895,0.405723093964985,66.4366051448287,13.6146498103156,0.272897778280804
1751,584,0.05,1,0.124515583067641,0.401935074929198,66.4382262868576,13.6152645959118,0.272897778280804
1752,584,0.075,1,0.124539923185649,0.395190682367203,66.4409700273406,13.616305195343,0.272897778280804
1753,585,0.035,1,0.124503068245988,0.393056905889583,66.4151320977217,13.6065103486009,0.272897778280804
1754,585,0.05,1,0.124517655725758,0.38938739518997,66.4165523717525,13.6070484944541,0.272897778280804
1755,585,0.075,1,0.124542002106092,0.382808686491382,66.4189604227042,13.6079609816111,0.272897778280804
1756,586,0.035,1,0.12592971379976,0.570223374344368,67.5134887771224,14.0321092795148,0.265460556197554
1757,586,0.05,1,0.125942805745179,0.565467850241315,67.5159737867962,14.0330943102238,0.265460556197554
1758,586,0.075,1,0.125964652991725,0.556752819711058,67.5201410965338,14.0347464180333,0.265460556197554
1759,587,0.035,1,0.125931318471352,0.572195676953807,67.4967602742814,14.0254809682346,0.265460556197554
1760,587,0.05,1,0.125944413317414,0.567625274454872,67.4991461187103,14.0264260223608,0.265460556197554
1761,587,0.075,1,0.125966265418867,0.559210397987871,67.5031478493047,14.0280113566476,0.265460556197554
1762,588,0.035,1,0.125932923094556,0.571729682173369,67.4800651533127,14.0188705395607,0.265460556197554
1763,588,0.05,1,0.125946020839254,0.567346405472715,67.4823521280893,14.0197757919453,0.265460556197554
1764,588,0.075,1,0.125967877792212,0.559236981048486,67.4861887723348,14.0212946451993,0.265460556197554
1765,589,0.035,1,0.125886107952577,0.48085693641869,67.4084285319228,13.9905586655873,0.265460556197554
1766,589,0.05,1,0.125899270028576,0.476300716315955,67.4110114777691,13.9915780052329,0.265460556197554
1767,589,0.075,1,0.125921234427932,0.468090294139671,67.415342835542,13.9932875900896,0.265460556197554
1768,590,0.035,1,0.125888124474324,0.476079132272119,67.387551764194,13.9823238615473,0.265460556197554
1769,590,0.05,1,0.12590129014244,0.471749098569847,67.3900098186236,13.9832930624999,0.265460556197554
1770,590,0.075,1,0.125923260554178,0.463896707970799,67.3941326379554,13.9849188977313,0.265460556197554
1771,591,0.035,1,0.125890140915283,0.468983340371426,67.36672738916,13.9741168973229,0.265460556197554
1772,591,0.05,1,0.125903310172401,0.464870729917998,67.369061018166,13.975036233229,0.265460556197554
1773,591,0.075,1,0.125925286591274,0.457361169931324,67.3729760759424,13.9765787766282,0.265460556197554
1774,592,0.035,1,0.125842647427217,0.412837220956444,67.302407058709,13.9488131090167,0.267916832481903
1775,592,0.05,1,0.125855879214759,0.408692570964617,67.3048848824437,13.9497866328247,0.267916832481903
1776,592,0.075,1,0.125877960068165,0.401285100965453,67.3090426057262,13.9514204064659,0.267916832481903
1777,593,0.035,1,0.125845079943455,0.404160583593639,67.2775744081614,13.9390620476588,0.267916832481903
1778,593,0.05,1,0.125858316001638,0.400217419430101,67.279897458476,13.939973814099,0.267916832481903
1779,593,0.075,1,0.12588040400329,0.393115652014597,67.2837967227125,13.9415044220828,0.267916832481903
1780,594,0.035,1,0.125847512336028,0.393933180902749,67.2528025713472,13.9293449158803,0.265460556197554
1781,594,0.05,1,0.125860752660355,0.390163549760403,67.254988881764,13.9302021263008,0.267916832481903
1782,594,0.075,1,0.12588284780277,0.383318821258867,67.2586308854285,13.9316302594067,0.267916832481903
1783,595,0.035,1,0.122508986936411,0.68015393394494,64.7539569081891,12.997040788484,0.280543363795171
1784,595,0.05,1,0.122525332126373,0.676242641827018,64.7525439101576,12.9965385656566,0.283139199579938
1785,595,0.075,1,0.122552616744869,0.66919028978484,64.7497794968402,12.9955560843489,0.283139199579938
1786,596,0.035,1,0.12251332525886,0.675782738558428,64.7487768925241,12.9951997804145,0.280543363795171
1787,596,0.05,1,0.122529669280223,0.672056075580358,64.7474908380513,12.9947427637647,0.280543363795171
1788,596,0.075,1,0.122556951955371,0.665315630125579,64.7447043700361,12.9937526297075,0.283139199579938
1789,597,0.035,1,0.122517663119457,0.666164711005943,64.7436300830821,12.9933709235019,0.280543363795171
1790,597,0.05,1,0.122534005971604,0.662650651653757,64.7421879254961,12.9928585325857,0.280543363795171
1791,597,0.075,1,0.122561286702369,0.656271903220487,64.7396645268143,12.9919620482193,0.283139199579938
1792,598,0.035,1,0.122461335045979,0.561961504409736,64.6259499148364,12.9516493959634,0.283139199579938
1793,598,0.05,1,0.12247773793455,0.558648955926229,64.6243443156057,12.9510814083548,0.283139199579938
1794,598,0.075,1,0.122505118987021,0.552805530531851,64.621743154415,12.9501613076517,0.283139199579938
1795,599,0.035,1,0.122466758042509,0.547049289036251,64.6202909855719,12.9496476747601,0.283139199579938
1796,599,0.05,1,0.122483159471881,0.543895788716515,64.6184844566569,12.9490087428236,0.283139199579938
1797,599,0.075,1,0.122510538097736,0.53830334460597,64.6155467712048,12.9479698348614,0.283139199579938
1798,600,0.035,1,0.122472180322469,0.529887222716798,64.6146837130454,12.9476646369997,0.283139199579938
1799,600,0.05,1,0.122488580291685,0.526845464898399,64.6126775708173,12.9469552548957,0.283139199579938
1800,600,0.075,1,0.122515956489303,0.52141789658581,64.6094055655946,12.9457983694818,0.283139199579938
1801,601,0.035,1,0.122413832086668,0.478290330107125,64.4967927923299,12.9060663627887,0.283139199579938
1802,601,0.05,1,0.122430292325783,0.475363071660419,64.4952823138354,12.9055345498404,0.283139199579938
1803,601,0.075,1,0.122457769231371,0.470259150736969,64.4920280420152,12.9043888777436,0.285759054337495
1804,602,0.035,1,0.122420339747875,0.459473089489654,64.4901876592033,12.903741028119,0.283139199579938
1805,602,0.05,1,0.122436798237954,0.456607787846467,64.4884340217526,12.903123755078,0.283139199579938
1806,602,0.075,1,0.122464272234834,0.451576142994391,64.4855867998332,12.9021216291956,0.283139199579938
1807,603,0.035,1,0.122426846384521,0.440128927309273,64.4836569213427,12.9014424365222,0.283139199579938
1808,603,0.05,1,0.122443303124147,0.437280638734869,64.4816620398963,12.9007404173779,0.283139199579938
1809,603,0.075,1,0.122470774209991,0.43224114900214,64.4784107523082,12.899596365809,0.283139199579938
1810,604,0.035,1,0.124372086788441,0.665249018516841,66.1486014445658,13.5060578654647,0.275422870333817
1811,604,0.05,1,0.124386804420623,0.660668127489037,66.149790196406,13.5065035407186,0.275422870333817
1812,604,0.075,1,0.12441136833369,0.65231886625204,66.1518166455874,13.5072633255143,0.275422870333817
1813,605,0.035,1,0.124376247561263,0.662471357935144,66.1384505786833,13.5022530533097,0.275422870333817
1814,605,0.05,1,0.124390964469671,0.658127134931395,66.1395220048385,13.5026545801354,0.275422870333817
1815,605,0.075,1,0.12441552718175,0.650179313353168,66.1413523033196,13.5033405406292,0.275422870333817
1816,606,0.035,1,0.124380407821225,0.654721090628679,66.1283281176608,13.498460405268,0.275422870333817
1817,606,0.05,1,0.124395124005293,0.650644010711851,66.1292826671465,13.4988179878428,0.275422870333817
1818,606,0.075,1,0.124419685515453,0.643151935174857,66.1309175651542,13.4994304661915,0.275422870333817
1819,607,0.035,1,0.124332020659003,0.548447307652146,66.0425764716934,13.4663918780409,0.275422870333817
1820,607,0.05,1,0.124346795749682,0.544476601164603,66.043873190385,13.4668760066882,0.275422870333817
1821,607,0.075,1,0.124371455669393,0.537370927797927,66.0459571214823,13.4676540919754,0.277971326775929
1822,608,0.035,1,0.124337221329263,0.536364261830828,66.0299553458009,13.4616810806658,0.275422870333817
1823,608,0.05,1,0.124351995514105,0.532631226527306,66.0311043049261,13.4621098296325,0.275422870333817
1824,608,0.075,1,0.124376653930656,0.525909012364138,66.0330650935277,13.4628415679402,0.275422870333817
1825,609,0.035,1,0.124342421202529,0.521896818070301,66.0173787254168,13.4569892159207,0.275422870333817
1826,609,0.05,1,0.124357194480641,0.518354138105641,66.0183806326308,13.4573629049962,0.275422870333817
1827,609,0.075,1,0.124381851392568,0.511930657084059,66.0200955653189,13.4580025707842,0.275422870333817
1828,610,0.035,1,0.12429206794029,0.466662050167002,65.9353009064803,13.4264257916665,0.277971326775929
1829,610,0.05,1,0.124306900189483,0.463135739176626,65.9363464743454,13.4268145141544,0.277971326775929
1830,610,0.075,1,0.124331655615376,0.456887173212678,65.9381381065431,13.4274806462767,0.277971326775929
1831,611,0.035,1,0.124298308358587,0.451055348903975,65.9206700895102,13.4209879944007,0.277971326775929
1832,611,0.05,1,0.124313139519528,0.447674667187387,65.921533341649,13.4213087507817,0.277971326775929
1833,611,0.075,1,0.124337893139539,0.441637867551854,65.923020113467,13.4218612121224,0.277971326775929
1834,612,0.035,1,0.124304547635468,0.434608508401566,65.9058691808386,13.4154901402783,0.275422870333817
1835,612,0.05,1,0.124319377706862,0.431321357939818,65.9067865425054,13.4158308054431,0.277971326775929
1836,612,0.075,1,0.124344129518831,0.425404330936543,65.9079702671548,13.4162704033706,0.277971326775929
1837,613,0.035,1,0.12573046377546,0.654978580259685,67.0280113660209,13.8416221693351,0.270395836410884
1838,613,0.05,1,0.125743834009971,0.650016149702143,67.03009227682,13.8424304948229,0.270395836410884
1839,613,0.075,1,0.125766146221304,0.640895014075072,67.0335903632382,13.8437894753374,0.270395836410884
1840,614,0.035,1,0.125734525270726,0.653422502681338,67.0153868659344,13.8367196925079,0.267916832481903
1841,614,0.05,1,0.125747895098717,0.648737737977599,67.0174255026798,13.8375111846249,0.270395836410884
1842,614,0.075,1,0.12577020663811,0.640091292097093,67.0207718773264,13.8388105444338,0.270395836410884
1843,615,0.035,1,0.1257385862125,0.647139347915941,67.0027045000029,13.8317973081921,0.267916832481903
1844,615,0.05,1,0.125751955633449,0.64276309793031,67.0047817849632,13.8326033852998,0.270395836410884
1845,615,0.075,1,0.125774266500027,0.634646029321189,67.0079769150045,13.8338433694564,0.270395836410884
1846,616,0.035,1,0.125696302853496,0.539417110235631,66.9346594135706,13.8054308425515,0.270395836410884
1847,616,0.05,1,0.125709729209689,0.53505580056334,66.9368395694555,13.8062744796541,0.270395836410884
1848,616,0.075,1,0.125732135172942,0.527168182844541,66.9405039381573,13.8076926203306,0.270395836410884
1849,617,0.035,1,0.125701378977465,0.52968346851091,66.9189727463157,13.799362922774,0.270395836410884
1850,617,0.05,1,0.125714804823142,0.52562365858792,66.9210386064244,13.8001618162534,0.270395836410884
1851,617,0.075,1,0.125737209942427,0.518228149732832,66.9245120513413,13.8015051924639,0.270395836410884
1852,618,0.035,1,0.125706454240537,0.517498112480067,66.9033217859996,13.7933126990563,0.270395836410884
1853,618,0.05,1,0.125719879574797,0.513695030323525,66.9052737909928,13.7940670780488,0.270395836410884
1854,618,0.075,1,0.125742283848793,0.506712887457718,66.9085570475972,13.7953360733633,0.270395836410884
1855,619,0.035,1,0.125662230689327,0.45940717210143,66.8408125915409,13.7691869733179,0.270395836410884
1856,619,0.05,1,0.125675712908144,0.455529849552693,66.8430918366128,13.7700655773584,0.270395836410884
1857,619,0.075,1,0.1256982121913,0.448577443266878,66.8467220469449,13.7714651206121,0.272897778280804
1858,620,0.035,1,0.125668321123712,0.446551806310627,66.822029439249,13.761949547947,0.270395836410884
1859,620,0.05,1,0.125681802727089,0.442892800522495,66.8241706042233,13.7627742904467,0.270395836410884
1860,620,0.075,1,0.125704300992862,0.436274191320843,66.8277703518036,13.7641610179139,0.270395836410884
1861,621,0.035,1,0.125674410323943,0.432621353747435,66.8032978759876,13.7547375173203,0.270395836410884
1862,621,0.05,1,0.125687891310665,0.429125715136509,66.8053016002153,13.7555087288042,0.270395836410884
1863,621,0.075,1,0.125710388557051,0.422745129751023,66.8086717568525,13.7568060071151,0.270395836410884
1864,622,0.035,1,0.122312836498247,0.712421287683463,64.2585203256716,12.8225358165573,0.285759054337495
1865,622,0.05,1,0.122329381833558,0.713475315136491,64.2557998057225,12.8215862595011,0.285759054337495
1866,622,0.075,1,0.122357001063189,0.715267809259706,64.251343537691,12.8200310673646,0.285759054337495
1867,623,0.035,1,0.122319517641444,0.711737992150214,64.2575024217887,12.8221805213871,0.285759054337495
1868,623,0.05,1,0.12233605963284,0.712777503709621,64.2546427137505,12.8211824220849,0.285759054337495
1869,623,0.075,1,0.122363673280787,0.71454512152181,64.2499531635318,12.8195458922798,0.285759054337495
1870,624,0.035,1,0.12232619879639,0.706545690450588,64.2560127912097,12.8216605955465,0.283139199579938
1871,624,0.05,1,0.122342737442093,0.704201518275247,64.2535018058173,12.8207842496288,0.285759054337495
1872,624,0.075,1,0.122370345505409,0.699931858573955,64.2485801706615,12.8190668063988,0.285759054337495
1873,625,0.035,1,0.122274478620854,0.599355623986651,64.1420671716822,12.7819729788289,0.285759054337495
1874,625,0.05,1,0.122291071460963,0.596891566091219,64.1394522433117,12.7810641043584,0.285759054337495
1875,625,0.075,1,0.12231877008584,0.592566136985999,64.1351747000566,12.7795775368763,0.285759054337495
1876,626,0.035,1,0.122282821660773,0.579289985709781,64.1409278046428,12.7815769568433,0.285759054337495
1877,626,0.05,1,0.122299410339763,0.576908760607843,64.1381375067198,12.7806071717707,0.285759054337495
1878,626,0.075,1,0.122327102018863,0.572693999934632,64.1335660245586,12.7790185357931,0.285759054337495
1879,627,0.035,1,0.122291164722859,0.558557259928376,64.1398125004758,12.7811893143839,0.285759054337495
1880,627,0.05,1,0.122307749237939,0.556194113073326,64.1368479585688,12.7801590143584,0.285759054337495
1881,627,0.075,1,0.122335433966588,0.551971383097769,64.1319844252004,12.7784689749957,0.285759054337495
1882,628,0.035,1,0.122236215612661,0.510081032287665,64.0249014926718,12.7413332613622,0.285759054337495
1883,628,0.05,1,0.12225285573194,0.507788257705431,64.0219220616222,12.7403020514358,0.288403150312661
1884,628,0.075,1,0.122280633375497,0.503813879133157,64.0167003004251,12.7384950147678,0.288403150312661
1885,629,0.035,1,0.122246217215898,0.488115482761385,64.0236961182338,12.7409160563452,0.285759054337495
1886,629,0.05,1,0.122262852364263,0.485807679504753,64.0209739318985,12.7399739176438,0.285759054337495
1887,629,0.075,1,0.122290621710265,0.48176235209237,64.0157469862642,12.7381651484443,0.288403150312661
1888,630,0.035,1,0.12225621885641,0.466893087430151,64.0225252315462,12.7405108055001,0.285759054337495
1889,630,0.05,1,0.122272849029856,0.464530472922048,64.0195925673954,12.7394958675924,0.285759054337495
1890,630,0.075,1,0.122300610071629,0.46034488386148,64.0147842263892,12.7378320251378,0.285759054337495
1891,631,0.035,1,0.124203071979532,0.729306114658021,65.7291151912416,13.3500784154612,0.277971326775929
1892,631,0.05,1,0.124217994275215,0.725597060234469,65.7298272606261,13.350341033216,0.277971326775929
1893,631,0.075,1,0.124242900242804,0.718765875438259,65.7310636380245,13.3507970377969,0.277971326775929
1894,632,0.035,1,0.124209270856695,0.715402628610793,65.7222951226224,13.3475634778655,0.277971326775929
1895,632,0.05,1,0.124224190123186,0.712130886402988,65.7229023512754,13.3477873698339,0.277971326775929
1896,632,0.075,1,0.124249091035471,0.706082330318052,65.723963369289,13.3481785916218,0.277971326775929
1897,633,0.035,1,0.124215469604988,0.696803737233759,65.715492280096,13.3450555535832,0.277971326775929
1898,633,0.05,1,0.124230385840869,0.693833188754742,65.7159950653611,13.3452408869509,0.277971326775929
1899,633,0.075,1,0.124255281695447,0.688317755621262,65.7168813885936,13.3455676063169,0.277971326775929
1900,634,0.035,1,0.124170958807584,0.587098586304566,65.6336117028272,13.314921259734,0.280543363795171
1901,634,0.05,1,0.124185928344552,0.583924085813032,65.6340430340842,13.3150797521346,0.280543363795171
1902,634,0.075,1,0.124210913246117,0.578229868255294,65.6348138645555,13.3153629998702,0.280543363795171
1903,635,0.035,1,0.12417870056165,0.569776275693452,65.625302730198,13.3118686469856,0.277971326775929
1904,635,0.05,1,0.124193666326822,0.566792727604415,65.6257993666756,13.3120510775669,0.280543363795171
1905,635,0.075,1,0.124218644933731,0.561398952322561,65.6263454448511,13.3122516737056,0.280543363795171
1906,636,0.035,1,0.124186442117597,0.551394633485485,65.6168644029279,13.3087695107729,0.277971326775929
1907,636,0.05,1,0.124201404108743,0.548520914119593,65.6174265969517,13.3089759559102,0.277971326775929
1908,636,0.075,1,0.124226376417217,0.543279928391261,65.617905772396,13.3091519190468,0.280543363795171
1909,637,0.035,1,0.124138917566263,0.499252637947006,65.5363693267682,13.2792566705789,0.280543363795171
1910,637,0.05,1,0.124153934150679,0.496329954745502,65.5369115659769,13.2794551728925,0.280543363795171
1911,637,0.075,1,0.124178997662818,0.491149500140222,65.5378688071458,13.2798056087316,0.280543363795171
1912,638,0.035,1,0.12414819947709,0.480178882860401,65.5267165302668,13.2757236766366,0.280543363795171
1913,638,0.05,1,0.124163211552886,0.47733635595145,65.5270964206,13.2758626945479,0.280543363795171
1914,638,0.075,1,0.124188267540653,0.472247078288786,65.5277820580409,13.2761136033599,0.280543363795171
1915,639,0.035,1,0.124157481107186,0.461413353988242,65.5171026368691,13.2722062210744,0.280543363795171
1916,639,0.05,1,0.124172488671142,0.458593884757829,65.5173211327042,13.2722861482137,0.280543363795171
1917,639,0.075,1,0.124197537129155,0.453495592123763,65.5177367631233,13.2724381902613,0.280543363795171
1918,640,0.035,1,0.125582966558264,0.716751593717427,66.6571417384076,13.6986526192101,0.272897778280804
1919,640,0.05,1,0.12559654029042,0.712412486576386,66.6589694447876,13.699351920231,0.272897778280804
1920,640,0.075,1,0.125619192519836,0.704347919710721,66.6620486275045,13.7005301670943,0.272897778280804
1921,641,0.035,1,0.125588818549269,0.705325163126397,66.6476534826709,13.6950231363178,0.272897778280804
1922,641,0.05,1,0.125602389529572,0.701503679708612,66.6493991650148,13.695690796708,0.272897778280804
1923,641,0.075,1,0.125625037167207,0.694360358787313,66.6523412885719,13.6968161592464,0.272897778280804
1924,642,0.035,1,0.125594670320401,0.689020781863925,66.6381802196426,13.691400777042,0.272897778280804
1925,642,0.05,1,0.125608238547661,0.685599300686267,66.6398441304308,13.6920369181046,0.272897778280804
1926,642,0.075,1,0.125630881591556,0.679167446984229,66.6426496165898,13.6931095994834,0.272897778280804
1927,643,0.035,1,0.125555708712866,0.577612499398379,66.5736428483934,13.6667599933891,0.272897778280804
1928,643,0.05,1,0.12556932855255,0.573920322322672,66.5755730974612,13.6674960450014,0.272897778280804
1929,643,0.075,1,0.125592057804636,0.567202087543207,66.5788240807814,13.6687358545696,0.272897778280804
1930,644,0.035,1,0.125563017817894,0.562807158589684,66.5618128124684,13.6622501584959,0.272897778280804
1931,644,0.05,1,0.125576634229577,0.559404269391211,66.5636398996876,13.6629465386559,0.272897778280804
1932,644,0.075,1,0.125599357761652,0.553159913058051,66.5667185003309,13.6641200393643,0.272897778280804
1933,645,0.035,1,0.125570326582125,0.546621486088566,66.5500062562249,13.6577514154597,0.272897778280804
1934,645,0.05,1,0.125583939563942,0.543417522663353,66.5517305786851,13.6584083140347,0.272897778280804
1935,645,0.075,1,0.125606657372866,0.537484565031721,66.5546374599884,13.6595158238931,0.272897778280804
1936,646,0.035,1,0.125528506908984,0.491420170072871,66.4893311952503,13.6346655858702,0.275422870333817
1937,646,0.05,1,0.125542172689065,0.488054006663881,66.4910992369001,13.6353375002734,0.275422870333817
1938,646,0.075,1,0.125564978685196,0.481995142883318,66.4940816040332,13.6364710066119,0.275422870333817
1939,647,0.035,1,0.125537270788324,0.475033116166724,66.4754039875868,13.6293744512846,0.275422870333817
1940,647,0.05,1,0.125550932468944,0.471840546781993,66.477044868705,13.6299976906512,0.275422870333817
1941,647,0.075,1,0.125573731624565,0.46603395760064,66.4798147259416,13.6310498306933,0.275422870333817
1942,648,0.035,1,0.125546034180863,0.458568103105441,66.461460489477,13.6240800865605,0.272897778280804
1943,648,0.05,1,0.125559691759318,0.455479169988968,66.4630255316273,13.6246741877541,0.275422870333817
1944,648,0.075,1,0.12558248406999,0.449802664674281,66.4655838917998,13.6256454398071,0.275422870333817
1945,649,0.035,1,0.121600778338264,0.575062230724224,65.0550173348702,13.1046508660062,0.277971326775929
1946,649,0.05,1,0.121617676309151,0.570930658544875,65.0537728458964,13.1042035445168,0.277971326775929
1947,649,0.075,1,0.12164588530558,0.563610327041293,65.0517773940623,13.1034863390993,0.277971326775929
1948,650,0.035,1,0.121598754323605,0.573615828318053,65.0469738600796,13.1017600727978,0.277971326775929
1949,650,0.05,1,0.121615655902669,0.56955853504057,65.045523667902,13.101238972233,0.277971326775929
1950,650,0.075,1,0.121643870945488,0.562351121536325,65.043183819275,13.1003982493258,0.277971326775929
1951,651,0.035,1,0.121596732738956,0.570014445002747,65.0383609626093,13.0986655981156,0.275422870333817
1952,651,0.05,1,0.121613637921842,0.566040750843945,65.0373051304168,13.0982863234583,0.275422870333817
1953,651,0.075,1,0.12164185900379,0.558963505628334,65.0346645452968,13.0973378416543,0.277971326775929
1954,652,0.035,1,0.121531855944402,0.488587364486299,64.9081490216022,13.0520038826178,0.277971326775929
1955,652,0.05,1,0.12154882620647,0.4847661687708,64.9069647954515,13.0515805531017,0.277971326775929
1956,652,0.075,1,0.121577156048012,0.478117183738391,64.905072679674,13.0509042105481,0.277971326775929
1957,653,0.035,1,0.121529363358013,0.478730603242504,64.8983087371143,13.0484868085671,0.277971326775929
1958,653,0.05,1,0.121546338063705,0.475016232288114,64.8968650276269,13.0479709123222,0.277971326775929
1959,653,0.075,1,0.121574675352013,0.468533861137664,64.8945384485016,13.0471395891537,0.277971326775929
1960,654,0.035,1,0.121526874516427,0.466726000833996,64.8885801483909,13.0450109236495,0.277971326775929
1961,654,0.05,1,0.121543853659145,0.463113821510866,64.8868787291071,13.0444031603738,0.277971326775929
1962,654,0.075,1,0.121572198383059,0.456788084447778,64.884120652481,13.0434180307631,0.277971326775929
1963,655,0.035,1,0.121463237352179,0.419367137980359,64.7601586886637,12.9992454021155,0.280543363795171
1964,655,0.05,1,0.121480279261725,0.415940331796543,64.7583980416728,12.9986194745369,0.280543363795171
1965,655,0.075,1,0.121508728873773,0.410038503118093,64.7555487887565,12.9976066231147,0.280543363795171
1966,656,0.035,1,0.1214602906679,0.404415640636581,64.7486430134867,12.9951522036945,0.277971326775929
1967,656,0.05,1,0.121477337831328,0.401067801168457,64.7472021333498,12.9946401716785,0.277971326775929
1968,656,0.075,1,0.121505796248281,0.395279931313106,64.7442146097788,12.9935786105126,0.280543363795171
1969,657,0.035,1,0.121457349302545,0.388186841421473,64.7372579099151,12.991107130709,0.277971326775929
1970,657,0.05,1,0.121474401710494,0.384896049947297,64.7355053968264,12.9904846224505,0.277971326775929
1971,657,0.075,1,0.121502868916635,0.37918172464257,64.7326642255232,12.9894754988164,0.277971326775929
1972,658,0.035,1,0.123545796180059,0.561370902285624,66.5322985072748,13.6510081002129,0.270395836410884
1973,658,0.05,1,0.123561095421145,0.55655999402039,66.5339818591213,13.6516489335055,0.270395836410884
1974,658,0.075,1,0.123586631570033,0.547947938892625,66.5368364946976,13.6527357606074,0.270395836410884
1975,659,0.035,1,0.123544284890363,0.561294229904682,66.5186142525942,13.6458002655116,0.270395836410884
1976,659,0.05,1,0.123559588517672,0.556596548743759,66.5201501332087,13.6463846349409,0.270395836410884
1977,659,0.075,1,0.123585132009418,0.548162050146201,66.5227582757012,13.6473770594929,0.270395836410884
1978,660,0.035,1,0.123542775468101,0.559089854235658,66.5049829160143,13.6406154156784,0.270395836410884
1979,660,0.05,1,0.123558083477013,0.554516478626906,66.5063718869176,13.6411435983215,0.270395836410884
1980,660,0.075,1,0.123583634303928,0.54628036282886,66.5087344731983,13.6420420844266,0.270395836410884
1981,661,0.035,1,0.12348671218116,0.473993649536812,66.4115992725786,13.6051718836659,0.270395836410884
1982,661,0.05,1,0.123502084781943,0.469503512434062,66.4132518297826,13.6057979567534,0.272897778280804
1983,661,0.075,1,0.123527743527866,0.461602688655088,66.4156580677392,13.6067096365676,0.272897778280804
1984,662,0.035,1,0.123484852544847,0.466412042538553,66.39458785985,13.5987294943301,0.270395836410884
1985,662,0.05,1,0.123500230564216,0.462077714251472,66.3961789529492,13.5993318713506,0.270395836410884
1986,662,0.075,1,0.123525898381512,0.45442295053127,66.3985715839824,13.6002377772496,0.272897778280804
1987,663,0.035,1,0.12348299578921,0.456737532083674,66.3776594694461,13.5923228899606,0.270395836410884
1988,663,0.05,1,0.123498379220092,0.452556907105109,66.3790655737347,13.5928548698501,0.270395836410884
1989,663,0.075,1,0.12352405609696,0.445143133530986,66.381457956921,13.5937600631748,0.270395836410884
1990,664,0.035,1,0.123427864563472,0.405633368825025,66.2888313443736,13.5587763640639,0.272897778280804
1991,664,0.05,1,0.123443309955629,0.40157904499479,66.2903322293063,13.5593421987812,0.272897778280804
1992,664,0.075,1,0.123469090350173,0.39451069936923,66.2928870804945,13.5603054571755,0.272897778280804
1993,665,0.035,1,0.123425668014389,0.393584196714014,66.2690620460145,13.5513264721959,0.272897778280804
1994,665,0.05,1,0.123441119832991,0.389663852211119,66.2703328262001,13.5518051790073,0.272897778280804
1995,665,0.075,1,0.123466910986522,0.382798349668202,66.272502991462,13.5526227427943,0.272897778280804
1996,666,0.035,1,0.123423475560775,0.380188785287914,66.2494157168942,13.5439287107404,0.272897778280804
1997,666,0.05,1,0.123438933795827,0.376381144444862,66.2504577650511,13.5443209457863,0.272897778280804
1998,666,0.075,1,0.123464735691603,0.369679594059714,66.2522455353189,13.544993914215,0.272897778280804
1999,667,0.035,1,0.124969958797035,0.553017393098536,67.4605340334669,14.011143091703,0.265460556197554
2000,667,0.05,1,0.124983918381292,0.547795528424258,67.4630686374637,14.012145544137,0.265460556197554
2001,667,0.075,1,0.125007215489906,0.538365576143735,67.4673253161992,14.0138293288431,0.265460556197554
2002,668,0.035,1,0.124968912075846,0.553966942565924,67.4446216721925,14.0048520889018,0.265460556197554
2003,668,0.05,1,0.124982876497061,0.548890458406349,67.4470439600864,14.0058094766559,0.265460556197554
2004,668,0.075,1,0.125006181698096,0.539692717527832,67.4511130605022,14.007417971815,0.265460556197554
2005,669,0.035,1,0.124967866766949,0.552823587846418,67.4287490379506,13.9985809816799,0.265460556197554
2006,669,0.05,1,0.124981836020515,0.54790492993664,67.4310593420635,13.9994934980574,0.265460556197554
2007,669,0.075,1,0.125005149306409,0.538963125708432,67.4349414180276,14.0010270271304,0.265460556197554
2008,670,0.035,1,0.124918628293773,0.464921449067599,67.354932162833,13.9694715276351,0.265460556197554
2009,670,0.05,1,0.124932660530798,0.460020212386155,67.3575598963301,13.9705062218329,0.265460556197554
2010,670,0.075,1,0.124956079026896,0.451317757492764,67.3619727975698,13.9722440981956,0.265460556197554
2011,671,0.035,1,0.124917343376667,0.459149119737925,67.3350880107656,13.9616613814124,0.265460556197554
2012,671,0.05,1,0.124931381600168,0.454443194838185,67.3375742825842,13.962639558803,0.265460556197554
2013,671,0.075,1,0.124954810112193,0.44605104974653,67.3417509249206,13.9642830098777,0.265460556197554
2014,672,0.035,1,0.124916060639323,0.451352442089159,67.3153062054293,13.9538822177768,0.265460556197554
2015,672,0.05,1,0.124930104842314,0.446842604071311,67.3176515398322,13.9548041809895,0.265460556197554
2016,672,0.075,1,0.124953543358621,0.438761388219789,67.3215927970487,13.9563537131908,0.265460556197554
2017,673,0.035,1,0.124867486538027,0.397364191872389,67.2487088038848,13.9277400378833,0.265460556197554
2018,673,0.05,1,0.124881590927832,0.392925679170698,67.2512729486512,13.9287452265151,0.267916832481903
2019,673,0.075,1,0.124905129977382,0.385113145806666,67.2554360633548,13.930377467245,0.267916832481903
2020,674,0.035,1,0.124865972557187,0.387675846835965,67.2249528490296,13.9184323941149,0.265460556197554
2021,674,0.05,1,0.124880084060105,0.383415804376487,67.2275021619613,13.9194307810312,0.265460556197554
2022,674,0.075,1,0.124903635010839,0.375877597385934,67.2314778995842,13.9209880095821,0.267916832481903
2023,675,0.035,1,0.124864461677047,0.376615535653993,67.2012870680753,13.9091692156734,0.265460556197554
2024,675,0.05,1,0.124878580283185,0.372515205692691,67.2036661014592,13.9100999970733,0.265460556197554
2025,675,0.075,1,0.124902143118581,0.365217503037772,67.2076148389012,13.9116451180195,0.267916832481903
2026,676,0.035,1,0.121238313663209,0.675598969792387,64.2276803673942,12.8117770610874,0.280543363795171
2027,676,0.05,1,0.121255546852665,0.671738845376775,64.2245408364731,12.8106824844748,0.283139199579938
2028,676,0.075,1,0.121284316359492,0.664869023516537,64.2189827721257,12.8087450067833,0.283139199579938
2029,677,0.035,1,0.121239649951417,0.670671276929844,64.2244553645025,12.8106526869764,0.280543363795171
2030,677,0.05,1,0.12125688383369,0.666976195876936,64.2216039103201,12.8096586571044,0.280543363795171
2031,677,0.075,1,0.12128565451039,0.660389651572368,64.2159461897254,12.8076866532356,0.283139199579938
2032,678,0.035,1,0.121240986418128,0.661080614264128,64.2212726537316,12.8095431861951,0.280543363795171
2033,678,0.05,1,0.121258220992352,0.657589145940755,64.2182410642741,12.8084864853344,0.280543363795171
2034,678,0.075,1,0.121286992837464,0.651354364580333,64.2129543698638,12.8066440145256,0.283139199579938
2035,679,0.035,1,0.121182920667309,0.558649077928766,64.0933275009144,12.7650465106712,0.283139199579938
2036,679,0.05,1,0.121200211958981,0.555453246571362,64.0899930376018,12.7638895914124,0.283139199579938
2037,679,0.075,1,0.121229078593464,0.54990433938661,64.0845273480336,12.7619935255621,0.283139199579938
2038,680,0.035,1,0.121184603767866,0.543298895455957,64.0903437904575,12.7640112814551,0.283139199579938
2039,680,0.05,1,0.121201895905862,0.540249992629941,64.0867777867946,12.762774165152,0.283139199579938
2040,680,0.075,1,0.121230763969765,0.534939169189825,64.0809239964757,12.7607437145348,0.283139199579938
2041,681,0.035,1,0.121186287140659,0.525866199618676,64.087220929337,12.7629278913296,0.280543363795171
2042,681,0.05,1,0.121203580123656,0.522926730286077,64.0836298100416,12.7616822022371,0.283139199579938
2043,681,0.075,1,0.12123244961476,0.517784280746549,64.0773906152942,12.7595183295551,0.283139199579938
2044,682,0.035,1,0.12112772180758,0.475181044604978,63.9578170017769,12.7181412821027,0.283139199579938
2045,682,0.05,1,0.12114507079165,0.472379300967447,63.9545338586694,12.7170076840054,0.283139199579938
2046,682,0.075,1,0.121174033869666,0.467577368953768,63.9484387522523,12.7149035283499,0.285759054337495
2047,683,0.035,1,0.121129756651368,0.455979281939126,63.9544773856573,12.7169881862622,0.283139199579938
2048,683,0.05,1,0.121147106627855,0.453237809626266,63.9509141178955,12.7157580200775,0.283139199579938
2049,683,0.075,1,0.121176071382394,0.448514091412521,63.945067567191,12.7137399228345,0.283139199579938
2050,684,0.035,1,0.121131791877774,0.436181846990878,63.9512322916181,12.7158678585469,0.283139199579938
2051,684,0.05,1,0.121149142844781,0.433462415445212,63.9473912414497,12.7145419522622,0.283139199579938
2052,684,0.075,1,0.121178109272662,0.428747173357407,63.941079048686,12.7123634180049,0.283139199579938
2053,685,0.035,1,0.123230223029669,0.657753344991663,65.8384741777944,13.390496090872,0.275422870333817
2054,685,0.05,1,0.123245870390139,0.653083015432033,65.8391336632732,13.3907403493511,0.275422870333817
2055,685,0.075,1,0.123271988432103,0.644683586749888,65.8402901585469,13.3911687041297,0.275422870333817
2056,686,0.035,1,0.12323165625723,0.654297845970368,65.8293919210339,13.3871328660451,0.275422870333817
2057,686,0.05,1,0.123247304886937,0.649837126304044,65.8299161008359,13.3873269412819,0.275422870333817
2058,686,0.075,1,0.123273425060253,0.641796039836058,65.8308462866102,13.3876713481613,0.275422870333817
2059,687,0.035,1,0.123233089543198,0.646475086907129,65.8203453377093,13.3837840320314,0.275422870333817
2060,687,0.05,1,0.123248739441119,0.642266435925829,65.8207347410785,13.3839281558137,0.275422870333817
2061,687,0.075,1,0.123274861744041,0.634659194222606,65.8214395016805,13.3841890033866,0.275422870333817
2062,688,0.035,1,0.123182785392932,0.542212445571175,65.7289559536099,13.3500196881447,0.275422870333817
2063,688,0.05,1,0.123198491840341,0.538241437096093,65.7295773444285,13.3502488609935,0.277971326775929
2064,688,0.075,1,0.123224708629213,0.531245198987477,65.7301543447088,13.3504616672678,0.277971326775929
2065,689,0.035,1,0.123184586940705,0.529483245677137,65.7176916739642,13.3458663061601,0.275422870333817
2066,689,0.05,1,0.12320029495374,0.525728119621419,65.7182723263856,13.3460803609363,0.275422870333817
2067,689,0.075,1,0.123226514371841,0.519085732369748,65.7188936801255,13.3463094253877,0.277971326775929
2068,690,0.035,1,0.123186388575284,0.514599592298108,65.7064832869082,13.3417353290843,0.275422870333817
2069,690,0.05,1,0.123202098152374,0.51102463289052,65.7068943719219,13.3418868074575,0.275422870333817
2070,690,0.075,1,0.123228320197023,0.504670567436233,65.7076365941358,13.3421603107884,0.275422870333817
2071,691,0.035,1,0.123135498886878,0.460508903472808,65.6176458759757,13.3090564793014,0.277971326775929
2072,691,0.05,1,0.123151264058786,0.457002068138361,65.6180424064037,13.3092020944761,0.277971326775929
2073,691,0.075,1,0.123177578989787,0.450891383767912,65.6187651588314,13.3094675116589,0.277971326775929
2074,692,0.035,1,0.123137672641672,0.444262045447667,65.6048071512696,13.3043430026543,0.277971326775929
2075,692,0.05,1,0.123153439667625,0.440888598566978,65.6049934886082,13.3044113959612,0.277971326775929
2076,692,0.075,1,0.123179757712342,0.434978334190014,65.6053645991136,13.3045476099221,0.277971326775929
2077,693,0.035,1,0.123139846515183,0.427199473411505,65.5920503577,13.2996619114175,0.277971326775929
2078,693,0.05,1,0.123155615392905,0.423916499847395,65.5920277852679,13.2996536305245,0.277971326775929
2079,693,0.075,1,0.123181936547529,0.418128985476677,65.5920493987973,13.2996615596356,0.277971326775929
2080,694,0.035,1,0.124691920220897,0.644230844580643,66.8530138247699,13.7738912605865,0.270395836410884
2081,694,0.05,1,0.124706229938287,0.638994616788168,66.8549898380153,13.7746533494516,0.270395836410884
2082,694,0.075,1,0.12473011215339,0.62949917685687,66.858321517156,13.7759384171113,0.270395836410884
2083,695,0.035,1,0.124693478489256,0.641937663219504,66.8411491402378,13.7693167010637,0.270395836410884
2084,695,0.05,1,0.1247077898539,0.636946539666574,66.8430209364912,13.7700382455279,0.270395836410884
2085,695,0.075,1,0.124731674830113,0.627870136121028,66.8461784811486,13.7712555482488,0.270395836410884
2086,696,0.035,1,0.124695036708532,0.63553622876343,66.8293126838743,13.7647552313763,0.270395836410884
2087,696,0.05,1,0.124709349719342,0.630834691392296,66.8310805829558,13.7654363948952,0.270395836410884
2088,696,0.075,1,0.124733237454813,0.622256482729247,66.8340645268251,13.7665862063798,0.270395836410884
2089,697,0.035,1,0.124650758958101,0.529942624497292,66.7578110087469,13.7372470298099,0.270395836410884
2090,697,0.05,1,0.124665127304968,0.525416986785543,66.7598790766883,13.7380415358086,0.270395836410884
2091,697,0.075,1,0.124689107480176,0.517358527460299,66.763365264082,13.7393810031427,0.270395836410884
2092,698,0.035,1,0.124652714629669,0.519430999333854,66.7430254294496,13.731568681448,0.270395836410884
2093,698,0.05,1,0.124667085015045,0.515176989586043,66.7449623386776,13.7323123503401,0.270395836410884
2094,698,0.075,1,0.124691068607311,0.507565456252679,66.7482293705132,13.733566847288,0.270395836410884
2095,699,0.035,1,0.124654670221747,0.506746197304735,66.7282841053412,13.7259107223469,0.270395836410884
2096,699,0.05,1,0.124669042643947,0.502732453823378,66.7300903596578,13.7266038100366,0.270395836410884
2097,699,0.075,1,0.12469302965046,0.495511353898033,66.7331390766621,13.7277737651165,0.270395836410884
2098,700,0.035,1,0.124609718392078,0.449931548564092,66.6621022045117,13.7005506695933,0.270395836410884
2099,700,0.05,1,0.12462414504893,0.445921254685402,66.6640242572246,13.7012862175572,0.272897778280804
2100,700,0.075,1,0.124648222651327,0.438849919791297,66.667174568872,13.7024919301141,0.272897778280804
2101,701,0.035,1,0.124612074514632,0.43625754321839,66.6444149350554,13.6937846337004,0.270395836410884
2102,701,0.05,1,0.124626503593372,0.432443812679791,66.6464162457565,13.6945499664533,0.270395836410884
2103,701,0.075,1,0.1246505852556,0.425678039915235,66.649364614047,13.6956775817548,0.272897778280804
2104,702,0.035,1,0.124614430518803,0.421608251172733,66.6267916072458,13.687047866894,0.270395836410884
2105,702,0.05,1,0.124628862016998,0.417947584079397,66.6286351881411,13.6877523772231,0.270395836410884
2106,702,0.075,1,0.124652947735027,0.411409644911012,66.6316222360085,13.6888939660616,0.272897778280804
2107,703,0.035,1,0.120967944502608,0.6704889022581,63.5832168672192,12.5896491862948,0.285759054337495
2108,703,0.05,1,0.120985421752517,0.671328653496602,63.5782659899913,12.5879623378455,0.285759054337495
2109,703,0.075,1,0.121014599369617,0.672756200637978,63.5701100071927,12.5851840947512,0.285759054337495
2110,704,0.035,1,0.120971724689791,0.66991390892481,63.5843617974781,12.5900393253658,0.285759054337495
2111,704,0.05,1,0.12098920062762,0.670739585111369,63.5792496985385,12.5882974807982,0.285759054337495
2112,704,0.075,1,0.121018376060525,0.672142850252903,63.5708232471528,12.5854270201091,0.285759054337495
2113,705,0.035,1,0.120975504578465,0.669347728449963,63.5851261536655,12.5902997912003,0.283139199579938
2114,705,0.05,1,0.120992979203756,0.670159604981929,63.5802558410217,12.5886402788238,0.285759054337495
2115,705,0.075,1,0.121022152451733,0.671539067266858,63.5715603958832,12.5856780950479,0.285759054337495
2116,706,0.035,1,0.120922439213378,0.59829058711949,63.4594944514285,12.5475825088115,0.285759054337495
2117,706,0.05,1,0.120939964614157,0.596004278467786,63.4546018496496,12.5459227242204,0.285759054337495
2118,706,0.075,1,0.12096922272335,0.592081158537909,63.4464582941384,12.5431607028843,0.288403150312661
2119,707,0.035,1,0.120927164672384,0.578026087359804,63.4611003724742,12.5481273693522,0.285759054337495
2120,707,0.05,1,0.120944688436217,0.575812848137699,63.4560047093359,12.5463986065921,0.285759054337495
2121,707,0.075,1,0.120973943820404,0.571992042539291,63.4476084239916,12.5435507407756,0.285759054337495
2122,708,0.035,1,0.120931889668417,0.557095629630487,63.4627398191999,12.5486836361051,0.285759054337495
2123,708,0.05,1,0.12094941179461,0.554902569508156,63.4574424808671,12.5468863560704,0.285759054337495
2124,708,0.075,1,0.120978664452615,0.551085010301805,63.4487078393417,12.5439235947532,0.285759054337495
2125,709,0.035,1,0.120877063210902,0.50902795695737,63.3350055793287,12.5054383935486,0.285759054337495
2126,709,0.05,1,0.120894636488228,0.506905210242379,63.3297399620353,12.5036598094099,0.288403150312661
2127,709,0.075,1,0.120923974631551,0.503309301180231,63.3203470203672,12.5004879337431,0.288403150312661
2128,710,0.035,1,0.120882733994821,0.486941488601429,63.3371453055661,12.5061612286272,0.285759054337495
2129,710,0.05,1,0.120900305311687,0.484809050832216,63.3320637685673,12.5044446887406,0.285759054337495
2130,710,0.075,1,0.120929640191408,0.481161172130385,63.3228864117479,12.5013453514935,0.288403150312661
2131,711,0.035,1,0.120888404117007,0.465347107706893,63.3393330782247,12.506900350171,0.285759054337495
2132,711,0.05,1,0.120905973472395,0.463170331782386,63.334008034888,12.5051014248322,0.285759054337495
2133,711,0.075,1,0.120935305086808,0.459407941713124,63.3252295436904,12.5021365699365,0.285759054337495
2134,712,0.035,1,0.122994355394658,0.726446612785817,65.2979567535527,13.1923762276418,0.277971326775929
2135,712,0.05,1,0.123010257724235,0.722821888163424,65.2974407854576,13.1921890566901,0.280543363795171
2136,712,0.075,1,0.123036801979395,0.716253449310158,65.2965761933504,13.1918754282102,0.280543363795171
2137,713,0.035,1,0.122997939657798,0.712079862076601,65.292176086639,13.1902794606312,0.277971326775929
2138,713,0.05,1,0.123013841081323,0.708866993585143,65.2919074324409,13.1901820253982,0.280543363795171
2139,713,0.075,1,0.123040383830276,0.703042074545898,65.2908351380446,13.1897931366412,0.280543363795171
2140,714,0.035,1,0.123001523587471,0.69355075671535,65.2864183208576,13.188191457324,0.277971326775929
2141,714,0.05,1,0.123017424104552,0.69063053256797,65.2861104262757,13.1880798148942,0.277971326775929
2142,714,0.075,1,0.123043965346629,0.685330101268773,65.2851183942214,13.1877201134062,0.280543363795171
2143,715,0.035,1,0.122955461941709,0.584303975746213,65.1969042578348,13.1557884642166,0.280543363795171
2144,715,0.05,1,0.122971413250332,0.581248344946732,65.1964379865235,13.1556199667363,0.280543363795171
2145,715,0.075,1,0.122998039360281,0.575879221881934,65.1957270257459,13.1553630510013,0.280543363795171
2146,716,0.035,1,0.122959942371991,0.566516119807816,65.1902275794136,13.1533759812809,0.280543363795171
2147,716,0.05,1,0.122975892548549,0.563626768249332,65.1896051117992,13.1531510961698,0.280543363795171
2148,716,0.075,1,0.123002516776534,0.558523397882875,65.1886327026203,13.1527997947405,0.280543363795171
2149,717,0.035,1,0.122964422284177,0.54776617947268,65.1835868496322,13.1509770908237,0.280543363795171
2150,717,0.05,1,0.122980371328023,0.544977649787602,65.1828089700553,13.150696129741,0.280543363795171
2151,717,0.075,1,0.123006993672974,0.540018292036158,65.1815764249729,13.1502509656394,0.280543363795171
2152,718,0.035,1,0.122916669012644,0.496212177441716,65.0952604906133,13.1191272141884,0.280543363795171
2153,718,0.05,1,0.122932669057904,0.493403079050939,65.0948846772099,13.1189919245773,0.280543363795171
2154,718,0.075,1,0.122959376618094,0.488528957474726,65.0940004068795,13.1186736023602,0.283139199579938
2155,719,0.035,1,0.122922045624207,0.476721447883351,65.0873518326928,13.1162805679893,0.280543363795171
2156,719,0.05,1,0.12293804431165,0.473982740289232,65.0867872789465,13.1160773945907,0.280543363795171
2157,719,0.075,1,0.122964749614544,0.469193104142503,65.0859130727632,13.1157627909924,0.280543363795171
2158,720,0.035,1,0.122927421493864,0.45740785690123,65.0794949986716,13.1134534128924,0.280543363795171
2159,720,0.05,1,0.122943418822544,0.454692067697249,65.0787428433419,13.1131828056848,0.280543363795171
2160,720,0.075,1,0.122970121866596,0.44990104282955,65.0775546091994,13.1127553234979,0.280543363795171
2161,721,0.035,1,0.12448377004656,0.711827183319068,66.3796320959648,13.5930692140485,0.272897778280804
2162,721,0.05,1,0.124498337348191,0.707425446777025,66.3812267839267,13.5936725917038,0.272897778280804
2163,721,0.075,1,0.124522650035302,0.699364730721181,66.3838589442088,13.5946685988949,0.275422870333817
2164,722,0.035,1,0.124487238096583,0.699872300658198,66.3707778835564,13.5897197686564,0.272897778280804
2165,722,0.05,1,0.124501804795945,0.695958841170655,66.3722775898736,13.5902870068472,0.272897778280804
2166,722,0.075,1,0.124526116483775,0.688770869554061,66.374819445087,13.591248497498,0.272897778280804
2167,723,0.035,1,0.124490705784968,0.683594262013752,66.3619431191543,13.5863788592265,0.272897778280804
2168,723,0.05,1,0.12450527188169,0.680070168168274,66.3633481349972,13.5869100941321,0.272897778280804
2169,723,0.075,1,0.124529582569582,0.673579502107822,66.3657317118098,13.5878113899224,0.272897778280804
2170,724,0.035,1,0.12445009237176,0.572607562711203,66.2931114634483,13.5603900612035,0.275422870333817
2171,724,0.05,1,0.12446470829692,0.568912198279396,66.2944715584346,13.5609029038053,0.275422870333817
2172,724,0.075,1,0.124489102226559,0.56231555187721,66.2967832143315,13.5617746092037,0.275422870333817
2173,725,0.035,1,0.124454427280972,0.5571517420216,66.2823509308526,13.5563336307971,0.275422870333817
2174,725,0.05,1,0.124469042452342,0.553710417395662,66.2835890396868,13.5568002761234,0.275422870333817
2175,725,0.075,1,0.124493435131276,0.547533257206891,66.2856967632645,13.5575947335274,0.275422870333817
2176,726,0.035,1,0.124458761627704,0.540488646885939,66.271457624363,13.5522289140918,0.272897778280804
2177,726,0.05,1,0.124473376044675,0.537229412136278,66.2727379964875,13.5527112801866,0.275422870333817
2178,726,0.075,1,0.124497767471864,0.531339692639282,66.274642595957,13.5534288624333,0.275422870333817
2179,727,0.035,1,0.124416494872382,0.485959419510385,66.2053609541566,13.5273609669582,0.275422870333817
2180,727,0.05,1,0.124431159207394,0.482591700711724,66.2068132198111,13.5279066620889,0.275422870333817
2181,727,0.075,1,0.12445563402312,0.476651357704996,66.2092796769697,13.5288335159706,0.275422870333817
2182,728,0.035,1,0.124421696560732,0.468931978315191,66.1925026457795,13.5225307696134,0.275422870333817
2183,728,0.05,1,0.12443635999013,0.465715619400617,66.1938076073829,13.5230208637451,0.275422870333817
2184,728,0.075,1,0.124460833303168,0.459998874690199,66.1960278010889,13.5238547425192,0.275422870333817
2185,729,0.035,1,0.124426897442765,0.451797486796079,66.179689071221,13.5177198198802,0.275422870333817
2186,729,0.05,1,0.124441559965653,0.448675882612463,66.1808474304076,13.5181546340448,0.275422870333817
2187,729,0.075,1,0.124466031774546,0.443081046947192,66.1828225329005,13.5188960756882,0.275422870333817
