caseID,plantCaseID,aileronTau_s,isDynamicStable,neutralHeadingPoleMagnitude,minimumDynamicDecayRate_per_s,minimumOscillatoryDampingRatio,balancedDiskMargin,balancedDiskPhaseMargin_deg,balancedDiskGainMargin_dB,diskMarginCriticalFrequency_radps
1,1,0.035,1,0,0.493339437449446,0.602710166688227,1.52423190202197,74.6232069277578,17.393383211465,0.496592321450336
2,1,0.05,1,0,0.496701122600108,0.599565958098538,1.51765301301182,74.3843811428862,17.2578685540668,0.505824662003114
3,1,0.075,1,0,0.502530739108549,0.59373734242209,1.50610451424279,73.9633157889533,17.0237960247214,0.524807460249773
4,2,0.035,1,0,0.490939036801572,0.602154590504544,1.53239285954702,74.9184139349109,17.5637572780014,0.487528490103386
5,2,0.05,1,0,0.494264939923709,0.599189773188991,1.52610033328801,74.6908964628346,17.4321652497922,0.496592321450336
6,2,0.075,1,0,0.500032990367573,0.593656967757266,1.51508096561603,74.2908051228019,17.2053220246589,0.510504999975406
7,3,0.035,1,0,0.48856129367338,0.598776599702559,1.54021103394146,75.2001326877049,17.7294121280556,0.478630092322638
8,3,0.05,1,0,0.491850743099452,0.595976886575937,1.5341758694413,74.9827562886097,17.6013235048791,0.483058802039773
9,3,0.075,1,0,0.497555883963893,0.590715508460376,1.5236315623958,74.6014448744626,17.3809502485419,0.501187233627272
10,4,0.035,1,0,0.495894253491513,0.510367780819125,1.51087482717967,74.1375279129224,17.1199066306729,0.510504999975406
11,4,0.05,1,0,0.499362984532566,0.507129940822479,1.5039557376201,73.8847117591097,16.9807636169845,0.519995996533516
12,4,0.075,1,0,0.505384757105026,0.501250929820017,1.48163410045966,73.0633568384326,16.5429340681588,1.99526231496888
13,5,0.035,1,0,0.492815199367408,0.50132668289428,1.52151011682809,74.5244929208224,17.337123611684,0.496592321450336
14,5,0.05,1,0,0.496236069897631,0.49826781165838,1.5149849026546,74.2873079229336,17.2033641331391,0.505824662003114
15,5,0.075,1,0,0.502175324329487,0.492669522354083,1.5025344591427,73.8326756148279,16.9523882783028,2.12813904598271
16,6,0.035,1,0,0.489773865919028,0.489770643934853,1.53155553782171,74.8881789153359,17.546158624419,0.483058802039773
17,6,0.05,1,0,0.493145835609261,0.486869191811319,1.52536968650594,74.664433849163,17.4169838745339,0.492039535681451
18,6,0.075,1,0,0.499000464445193,0.481514397008196,1.51455447258591,74.2716360063434,17.1945954953658,0.505824662003114
19,7,0.035,1,0,0.498622189851986,0.436878403254578,1.49238115730799,73.4599064444145,16.7516780348693,1.90546071796325
20,7,0.05,1,0,0.502208170465744,0.433864694822675,1.450548831725,71.9048327659325,15.9591815344401,1.92309172891016
21,7,0.075,1,0,0.508440912032601,0.428452500154081,1.38337289094049,69.3421688703284,14.7865450266406,1.94088587759278
22,8,0.035,1,0,0.494823670648082,0.422724867964211,1.50761287140653,74.0184442819254,17.0540992697606,2.03235701093622
23,8,0.05,1,0,0.498347933133654,0.419841339220758,1.46322567633348,72.3793630260741,16.1937811855382,2.05116217882557
24,8,0.075,1,0,0.504474025905599,0.414615857785861,1.39227895290558,69.6865999867704,14.9357456076177,2.07014134879104
25,9,0.035,1,0,0.49108328456327,0.407348617555851,1.51641708548177,74.3394301895896,17.2325886627585,2.14783047413053
26,9,0.05,1,0,0.494544355311059,0.404563836676033,1.46976282464123,72.6229495161734,16.3165923287576,2.14783047413053
27,9,0.075,1,0,0.500560767379536,0.399471526608326,1.39551944139512,69.8115656466515,14.9904776766181,2.16770410481969
28,10,0.035,1,0,0.561418559417544,0.603639389486754,1.59907866338993,77.2874210429221,19.0626433874031,0.519995996533516
29,10,0.05,1,0,0.565450580204447,0.600430419559955,1.59286431548586,77.0698867786851,18.9140329483121,0.529663443891658
30,10,0.075,1,0,0.572455938911872,0.594381447082399,1.57646451197781,76.4926371992592,18.5312822867691,2.14783047413053
31,11,0.035,1,0,0.559075264219122,0.604635878903436,1.60675554988579,77.5552428721869,19.2490821324931,0.505824662003114
32,11,0.05,1,0,0.563094015808952,0.601675055541584,1.59850804355349,77.2674738743278,19.0489125760514,14.3218789927354
33,11,0.075,1,0,0.570079160946431,0.596050913387354,1.57143538306943,76.3146944820407,18.4165296984156,11.2719745617551
34,12,0.035,1,0,0.556721184479148,0.602750537149729,1.61260279484065,77.7585620244098,19.3932746071827,17.0608238900312
35,12,0.05,1,0,0.56072451533638,0.600018420735418,1.58755453626728,76.8834944352228,18.7886396066698,14.3218789927354
36,12,0.075,1,0,0.567685546524193,0.594785344864566,1.55930314987651,75.8836337734298,18.144500650524,11.2719745617551
37,13,0.035,1,0,0.565897564785846,0.50949099108164,1.584140511195,76.7633950493242,18.7087682370838,2.03235701093622
38,13,0.05,1,0,0.570090013531838,0.506105466932529,1.53548767929603,75.030059381962,17.6290418086876,2.07014134879104
39,13,0.075,1,0,0.577382371167406,0.4998623301861,1.45652330077253,72.1288307816286,16.0691711954735,2.12813904598271
40,14,0.035,1,0,0.562881488602439,0.503002277711174,1.59676308683911,77.2064409360663,19.0070310193668,0.515228644581756
41,14,0.05,1,0,0.567056225579272,0.499883065872961,1.55939577100234,75.8869342422072,18.146552376796,2.2080047330189
42,14,0.075,1,0,0.574321776027098,0.494074866023824,1.47524888276589,72.8267848546406,16.4206508098127,2.24905460583578
43,15,0.035,1,0,0.559847464449957,0.493895953167848,1.60618472968444,77.5353633102441,19.235108359962,0.501187233627272
44,15,0.05,1,0,0.564000825126535,0.491017417557122,1.57928907624696,76.5923864885705,18.5962597275205,2.333458062281
45,15,0.075,1,0,0.571232896710359,0.485600526363525,1.49024980370043,73.3814249915846,16.7099821929326,2.37684028662488
46,16,0.035,1,0,0.570731158638851,0.436374392935761,1.47224325718723,72.7151764991581,16.3635270499838,1.99526231496888
47,16,0.05,1,0,0.575101145633044,0.433218048825026,1.42720049845942,71.0233268686424,15.5387376189327,2.01372424986239
48,16,0.075,1,0,0.582711531318563,0.427458478499386,1.35441375421759,68.2122548172845,14.3132472196966,2.05116217882557
49,17,0.035,1,0,0.566996746674076,0.425478394052518,1.48579842935418,73.2172562525021,16.623377420073,2.10862814993329
50,17,0.05,1,0,0.571344055099963,0.422546905297322,1.4380125557805,71.4327443243946,15.7316169127358,2.12813904598271
51,17,0.075,1,0,0.578920425230205,0.417136009591204,1.36110386319286,68.4746417317134,14.4210334185533,2.16770410481969
52,18,0.035,1,0,0.563234605245253,0.413079973624515,1.4939272893417,73.516788509259,16.7820188734013,2.2284351492703
53,18,0.05,1,0,0.567553436377566,0.41033495087673,1.44377324736272,71.6500280685778,15.8356534959382,2.24905460583578
54,18,0.075,1,0,0.575085183788011,0.405208000747059,1.36336847501892,68.5632753584586,14.457726176327,2.26986485188382
55,19,0.035,1,0,0.449648088104252,0.608965761974407,1.56782768733052,76.1867774204827,18.3349386253811,17.5388050184176
56,19,0.05,1,0,0.447538407566301,0.605993431827213,1.54289168135772,75.2964818866064,17.7867749960078,14.8593564228701
57,19,0.075,1,0,0.444199582114614,0.60030153012102,1.51670758416193,74.3499980946944,17.238525561879,11.6949939101987
58,20,0.035,1,0,0.451120293173292,0.61104280197007,1.55763201875215,75.8240590806124,18.107546801436,17.2186857498601
59,20,0.05,1,0,0.448941649236678,0.608374140528014,1.53030493703642,74.8429979564297,17.5199244955374,14.4543977074593
60,20,0.075,1,0,0.445500373412999,0.603218984897946,1.50026148833564,73.7493832838855,16.9071534130178,11.4815362149688
61,21,0.035,1,0,0.452640021636574,0.610203261265986,1.54612709409431,75.4126045011612,17.8564007721067,17.2186857498601
62,21,0.05,1,0,0.450387820428576,0.60781263777593,1.5179162312554,74.3939509928776,17.2632596864034,14.4543977074593
63,21,0.075,1,0,0.446837765460477,0.60314806903014,1.48667633008616,73.2496613448349,16.6404068591609,11.4815362149688
64,22,0.035,1,0,0.449394807868099,0.513226306686734,1.58169635244815,76.67729118541,18.6519422610233,2.10862814993329
65,22,0.05,1,0,0.447314723503026,0.509996841649358,1.53056701119858,74.8524682741607,17.5254170624587,2.16770410481969
66,22,0.075,1,0,0.444018621729247,0.503961579286279,1.44683427736108,71.7652436397473,15.8913028462808,2.2284351492703
67,23,0.035,1,0,0.451207787165985,0.508718229519439,1.58468203834101,76.7824583419038,18.7213985175345,14.9968483550237
68,23,0.05,1,0,0.449044224371068,0.505832489549761,1.54856599302778,75.5000192480685,17.90917228896,12.5892541179417
69,23,0.075,1,0,0.445623795690969,0.500376643013195,1.46346206226191,72.3881844482621,16.1981999842186,2.37684028662488
70,24,0.035,1,0,0.453092848795142,0.501527734012474,1.57388657171191,76.4014777809802,18.4723108839886,14.9968483550237
71,24,0.05,1,0,0.450838950310833,0.498955214211865,1.53673711803336,75.0750855485183,17.6555055152018,12.5892541179417
72,24,0.075,1,0,0.447284715142151,0.494026588598643,1.47700262804201,72.8918329609777,16.454110247583,2.51188643150958
73,25,0.035,1,0,0.449119312084166,0.440451783364005,1.46797226229044,72.5563052805745,16.2828268006412,2.07014134879104
74,25,0.05,1,0,0.447069219872482,0.437449460373541,1.42073194519752,70.7773809074805,15.4247892902902,2.10862814993329
75,25,0.075,1,0,0.443816602237167,0.431896968005672,1.34377738133649,67.7934140194966,14.1437232029528,2.14783047413053
76,26,0.035,1,0,0.451261653567652,0.432181007778284,1.48005582131049,73.0049488491893,16.5125898008416,2.18776162394955
77,26,0.05,1,0,0.449114648516277,0.429491612393195,1.42993789150893,71.1271812032319,15.5872816241776,2.2284351492703
78,26,0.075,1,0,0.445717327762966,0.424446224931319,1.34862450058182,67.9845408054927,14.2207006264265,2.26986485188382
79,27,0.035,1,0,0.453504633187998,0.422196864878206,1.48761784501703,73.2843994323209,16.6586979044101,2.29086765276777
80,27,0.05,1,0,0.451251300716798,0.419775496198033,1.4350945245428,71.3224543922025,15.6792581586471,2.333458062281
81,27,0.075,1,0,0.447696215659347,0.415161483968345,1.35012266749834,68.0435282355863,14.2445864037815,2.37684028662488
82,28,0.035,1,0,0.493740820869783,0.695900786255828,1.50465424330451,73.9102725783461,16.9947346288796,0.501187233627272
83,28,0.05,1,0,0.497280735672013,0.692668964356127,1.4978219833916,73.6598871927565,16.8588001167206,0.510504999975406
84,28,0.075,1,0,0.503430378756081,0.68663133017201,1.48585099650023,73.2191969955802,16.6243964148407,0.524807460249773
85,29,0.035,1,0,0.491657309864325,0.691488694010059,1.51164551773076,74.1656361034962,17.1355098304939,0.492039535681451
86,29,0.05,1,0,0.495158404310269,0.688482765826012,1.50503913399247,73.924353439249,17.0024401676182,0.501187233627272
87,29,0.075,1,0,0.501240640552936,0.682835212208797,1.49348940854109,73.5006831913509,16.7734179949145,0.515228644581756
88,30,0.035,1,0,0.489595253035393,0.681266110340779,1.51842208309445,74.4123388895165,17.2736274802538,0.483058802039773
89,30,0.05,1,0,0.493057330566014,0.678485132465318,1.51202037985478,74.1793040968919,17.1431068556788,0.492039535681451
90,30,0.075,1,0,0.4990716769619,0.67322590968064,1.50085757458477,73.7712354787137,16.9189991544808,0.505824662003114
91,31,0.035,1,0,0.496816105073604,0.570412932772845,1.49132256413234,73.4209365732421,16.7309500360458,0.510504999975406
92,31,0.05,1,0,0.500471442617001,0.567398045437974,1.48414195358309,73.1560752792946,16.5913126389182,0.524807460249773
93,31,0.075,1,0,0.506828403995436,0.561904811330735,1.47152081133159,72.6883259204954,16.3498376706165,0.539510622515128
94,32,0.035,1,0,0.494135005493524,0.555828846109991,1.50041599301701,73.7550479410751,16.9102226483652,0.501187233627272
95,32,0.05,1,0,0.497738734511694,0.553021829741305,1.49354569871667,73.5027537413726,16.7745232933978,0.510504999975406
96,32,0.075,1,0,0.504005942385589,0.54785793695981,1.48152011240214,73.0591399150724,16.5407398820409,0.524807460249773
97,33,0.035,1,0,0.491489400662536,0.539008693762893,1.50914363677661,74.0743509157035,17.0849343966851,0.492039535681451
98,33,0.05,1,0,0.495041233226917,0.536358854469673,1.50255683621362,73.8334951640637,16.9528344895343,0.501187233627272
99,33,0.075,1,0,0.501217947238114,0.531435357478346,1.49104060177988,73.4105533902967,16.7254352308902,0.515228644581756
100,34,0.035,1,0,0.500082934778201,0.483239506387007,1.47766447459999,72.9163673248063,16.4667622914819,0.524807460249773
101,34,0.05,1,0,0.503864841504672,0.480517575731483,1.47011492125075,72.6360477571384,16.3232433506197,0.534564359396972
102,34,0.075,1,0,0.510449692974202,0.475617975571518,1.45681308613025,72.1396793914888,16.074531974701,0.554625712957911
103,35,0.035,1,0,0.496764624000309,0.46484257694427,1.48904254299767,73.3369352439851,16.686430465331,0.510504999975406
104,35,0.05,1,0,0.500480375262488,0.462225081619482,1.48190091760969,73.0732266882386,16.5480717078275,0.519995996533516
105,35,0.075,1,0,0.506949971456785,0.457461043941069,1.46937709607754,72.6085976166602,16.3093103005862,0.539510622515128
106,36,0.035,1,0,0.493500679617606,0.446216411276581,1.4998428567538,73.7340327416986,16.8988413829473,0.496592321450336
107,36,0.05,1,0,0.497149900912715,0.443661083591817,1.49305710064009,73.4847795284927,16.764932813966,0.505824662003114
108,36,0.075,1,0,0.503503214002586,0.438961817114522,1.48120322782777,73.0474157424294,16.5346422437976,0.519995996533516
109,37,0.035,1,0,0.565411694321392,0.690057289584334,1.58103654480118,76.6540296423944,18.6366522101329,0.524807460249773
110,37,0.05,1,0,0.569672861752221,0.686493659504953,1.57450976891413,76.4235253382892,18.4865378964263,0.539510622515128
111,37,0.075,1,0,0.577077927517783,0.67974577601129,1.56290760832936,76.0119660215845,18.2246262729033,0.55975760149511
112,38,0.035,1,0,0.563261915958063,0.687208624286055,1.58767271045112,76.8876480211819,18.7914147597119,0.515228644581756
113,38,0.05,1,0,0.567504703342384,0.683954512182445,1.58141496255405,76.6673716874865,18.645418870114,0.524807460249773
114,38,0.075,1,0,0.574880796955578,0.677755462203671,1.57028506384342,76.2739322712873,18.3904488756446,11.2719745617551
115,39,0.035,1,0,0.561107272871909,0.678676955536768,1.59404583300637,77.1112967449509,18.9421321495706,0.505824662003114
116,39,0.05,1,0,0.565329906942774,0.675728002527151,1.58740680696737,76.8783017099338,18.7851713832205,14.3218789927354
117,39,0.075,1,0,0.572673751964706,0.670068802511973,1.55893673070318,75.8705753093704,18.1363875019232,11.2719745617551
118,40,0.035,1,0,0.570384195015738,0.564587567652326,1.56844457830214,76.2086662394818,18.3488475801163,0.539510622515128
119,40,0.05,1,0,0.574809769685379,0.561214749624631,1.56147648015631,75.9610393428686,18.1927437855545,0.554625712957911
120,40,0.075,1,0,0.582507997168822,0.554970740238966,1.54905259967531,75.5174478050653,17.9197309675078,0.580764417521312
121,41,0.035,1,0,0.567612257604355,0.552920268817514,1.57719849834408,76.518571052707,18.5481303731268,0.524807460249773
122,41,0.05,1,0,0.57201383372438,0.549867198470694,1.57061966834556,76.2857915197706,18.3980289160994,0.539510622515128
123,41,0.075,1,0,0.579674529797869,0.544151268645886,1.55895127274657,75.8710936036225,18.1367093751449,0.55975760149511
124,42,0.035,1,0,0.564831796584261,0.538758105032265,1.58548772627527,76.8108115459757,18.7402169124839,0.515228644581756
125,42,0.05,1,0,0.569206334805958,0.535964816054394,1.57924727570248,76.5909113038853,18.5952953287785,0.524807460249773
126,42,0.075,1,0,0.576823863361781,0.530672821384026,1.56072576726287,75.9343110935435,18.1760559699489,9.46237161365793
127,43,0.035,1,0,0.575730001235601,0.478852639180523,1.55539958500371,75.7443989932796,18.0583710729907,0.55975760149511
128,43,0.05,1,0,0.580337250313614,0.475811862313543,1.53694559856304,75.08259593973,17.6599272679518,2.24905460583578
129,43,0.075,1,0,0.588359659135728,0.470240465157666,1.45436486082641,72.0479788135349,16.0293175173457,2.31206479017559
130,44,0.035,1,0,0.572291735581208,0.463833646883025,1.5664978681271,76.1395698377368,18.3050146234082,0.539510622515128
131,44,0.05,1,0,0.57686892369387,0.461012290883906,1.54711536943362,75.4480385915583,17.8777546336106,2.44343055269397
132,44,0.075,1,0,0.584844808077815,0.455774769138203,1.45941339691059,72.2369595396431,16.1227436839095,2.48885731828239
133,45,0.035,1,0,0.56883960819701,0.448116348676415,1.57686097227401,76.50664643339,18.5403795245167,0.519995996533516
134,45,0.05,1,0,0.573381893414316,0.445456951159712,1.55266130230407,75.6465709092233,17.9983467267127,2.5822601906346
135,45,0.075,1,0,0.58130223841433,0.440457029340797,1.46083091442186,72.2899395429249,16.1491079697207,2.6061535499989
136,46,0.035,1,0,0.453932343052173,0.688205928948687,1.56701426928472,76.1579053106506,18.3166252499074,17.5388050184176
137,46,0.05,1,0,0.451680625585178,0.684620898786388,1.54175756368632,75.2557340903658,17.7624704951311,14.7231250243272
138,46,0.075,1,0,0.448126467434824,0.677760865658958,1.51499761513426,74.2877707337123,17.2036232112694,11.6949939101987
139,47,0.035,1,0,0.455133691197925,0.686508630200847,1.55710196539825,75.8051529529256,18.0958512295286,17.2186857498601
140,47,0.05,1,0,0.452822030668024,0.683299862710022,1.5295053860186,74.8140979607313,17.5031838557641,14.4543977074593
141,47,0.075,1,0,0.449179402827008,0.677123492774647,1.49900331285095,73.7032387294516,16.8821899915389,11.4815362149688
142,48,0.035,1,0,0.45636886238848,0.679269380662396,1.54609590675292,75.4114860196623,17.8557275612878,17.2186857498601
143,48,0.05,1,0,0.453993876979989,0.676427708497435,1.51776011693024,74.3882752763107,17.2600619079108,14.4543977074593
144,48,0.075,1,0,0.450258157248084,0.670914703243576,1.48628501395681,73.2352187571093,16.6328130791873,11.4815362149688
145,49,0.035,1,0,0.453104053285352,0.56288591915414,1.59357040184351,77.0946366441276,18.9308165945077,15.2756605823807
146,49,0.05,1,0,0.45090791420115,0.559462056566676,1.55969100290076,75.8974535705852,18.1530948230885,12.8233058265602
147,49,0.075,1,0,0.447434881613288,0.553047106330989,1.51801839499587,74.3976650426572,17.2653528481825,10
148,50,0.035,1,0,0.45456886377399,0.553620043918971,1.58420142380621,76.7655395969456,18.7101882032316,14.9968483550237
149,50,0.05,1,0,0.452301619589508,0.550612791761656,1.54782177680279,75.4733560704715,17.8930430427331,12.4738351424294
150,50,0.075,1,0,0.448723213200026,0.544905401100551,1.50177287974059,73.8047778922997,16.9372122176598,9.72747223776965
151,51,0.035,1,0,0.456083993009516,0.541671755561658,1.57387120677742,76.4009341138382,18.4719603483897,14.9968483550237
152,51,0.05,1,0,0.453740750987329,0.539013605285672,1.53659140359933,75.0698358206585,17.6524160220215,12.4738351424294
153,51,0.075,1,0,0.450050242490698,0.533896676862236,1.48916799378197,73.341559531046,16.6888755966263,9.72747223776965
154,52,0.035,1,0,0.452278904480307,0.478559775675358,1.57669058041327,76.5006258348271,18.5364687667498,2.31206479017559
155,52,0.05,1,0,0.450136445551323,0.475496135035793,1.52178864078691,74.5346004071629,17.3428680082188,2.35504928389601
156,52,0.075,1,0,0.446742131446367,0.469806666238258,1.43323501205104,71.2520926719773,15.6460103809672,2.42102904673618
157,53,0.035,1,0,0.453993803043103,0.466412182827757,1.58837858038435,76.9124529586997,18.808005790016,2.48885731828239
158,53,0.05,1,0,0.451770337280223,0.463674404058777,1.52952643111741,74.8148587846222,17.5036241724877,2.53512863049791
159,53,0.075,1,0,0.448255502269611,0.458509525194467,1.43531899741861,71.3309439854243,15.683277878647,2.6061535499989
160,54,0.035,1,0,0.455777706710868,0.453180197784206,1.59475402100242,77.1361059740393,18.9590092773076,13.0617088813184
161,54,0.05,1,0,0.453466708733739,0.450698081525695,1.53395144484513,74.974660666902,17.5965882451658,2.67916832481903
162,54,0.075,1,0,0.449822325963467,0.445939895938269,1.43527932117062,71.329443490264,15.6825672840563,2.75422870333817
163,55,0.035,1,0,0.49368645710497,0.751681356789683,1.49052304386163,73.3914908167986,16.7153192806456,0.501187233627272
164,55,0.05,1,0,0.497366148075023,0.748941902244293,1.48351333646006,73.1328449715801,16.5791673136635,0.510504999975406
165,55,0.075,1,0,0.503769642244783,0.74378576148171,1.4712515441473,72.6783159090929,16.3447394774016,0.529663443891658
166,56,0.035,1,0,0.49188567360678,0.735861906453237,1.49664053040217,73.6165065400765,16.8354548791516,0.496592321450336
167,56,0.05,1,0,0.495525365343951,0.733472126339383,1.48982301865053,73.3657001282664,16.7016508618843,0.505824662003114
168,56,0.075,1,0,0.501858798394821,0.728934831199676,1.47790441662827,72.9252599548123,16.471352455102,0.519995996533516
169,57,0.035,1,0,0.490103321755308,0.715440999695767,1.50262038137493,73.8358224263833,16.9541017092688,0.492039535681451
170,57,0.05,1,0,0.493703115105365,0.71329144714459,1.49597456632638,73.5920427986692,16.8223162490477,0.496592321450336
171,57,0.075,1,0,0.49996656690609,0.709167699043842,1.48438537865894,73.1650690839825,16.5960191694297,0.510504999975406
172,58,0.035,1,0,0.497203258559815,0.602402880734375,1.47720358663952,72.8992832291416,16.4579503894065,0.515228644581756
173,58,0.05,1,0,0.501007614933365,0.599943399309964,1.46984230168912,72.625906310448,16.3180933043799,0.524807460249773
174,58,0.075,1,0,0.507635240714145,0.595446066349256,1.45693632824058,72.1442927169836,16.0768125780582,0.544502652842421
175,59,0.035,1,0,0.494876966966645,0.583329436991869,1.48516431039289,73.1938411660453,16.6110922488019,0.505824662003114
176,59,0.05,1,0,0.498628166864638,0.581023626480142,1.47805951733066,72.931007688815,16.4743205325827,0.515228644581756
177,59,0.075,1,0,0.505162557576911,0.576749831215766,1.46562917582895,72.4690102310155,16.238787056433,0.529663443891658
178,60,0.035,1,0,0.492581252816077,0.563704265617373,1.49287310457715,73.4780097155,16.7613232833094,0.496592321450336
179,60,0.05,1,0,0.496279486874869,0.561485541592377,1.48600300751923,73.2248088636308,16.6273435923213,0.505824662003114
180,60,0.075,1,0,0.502720810758886,0.557320099325447,1.47400742536732,72.7807050456139,16.3970225811318,0.519995996533516
181,61,0.035,1,0,0.500930059788027,0.510953831958209,1.46353440680536,72.3908839948007,16.1995526607433,0.529663443891658
182,61,0.05,1,0,0.504871187568156,0.508673183573249,1.45579136653865,72.1014229112435,16.0556417612831,0.539510622515128
183,61,0.075,1,0,0.51174532043312,0.504561015446094,1.44218411558115,71.5901479378129,15.8068643808629,0.55975760149511
184,62,0.035,1,0,0.498039491587698,0.489771093954993,1.47347298201659,72.7608594240795,16.3868652764318,0.515228644581756
185,62,0.05,1,0,0.501912507885286,0.487523678707362,1.46607060127191,72.4854636273387,16.2470714096817,0.524807460249773
186,62,0.075,1,0,0.50866698864649,0.483411379774836,1.45309082116887,72.0002161964465,16.0058557763011,0.544502652842421
187,63,0.035,1,0,0.495195881623519,0.469791329665923,1.48301716505138,73.1145042102282,16.5695898205748,0.505824662003114
188,63,0.05,1,0,0.49900112274513,0.467543752336921,1.47592018332985,72.8516904798521,16.4334472159078,0.515228644581756
189,63,0.075,1,0,0.505636277986265,0.463380551749412,1.4635059282492,72.3898213246882,16.1990201588647,0.529663443891658
190,64,0.035,1,0,0.568564157170336,0.742866495796956,1.56790260403339,76.1894360003648,18.3366268305575,0.529663443891658
191,64,0.05,1,0,0.573035288271958,0.739589914020657,1.56114991104342,75.949413429817,18.185481310015,0.539510622515128
192,64,0.075,1,0,0.580810079946309,0.733333528759961,1.54917802430293,75.5219394133604,17.9224541172558,0.55975760149511
193,65,0.035,1,0,0.566590990018168,0.729677738428771,1.57375524264451,76.3968307510358,18.4693151017896,0.519995996533516
194,65,0.05,1,0,0.571038932580603,0.72688811088571,1.56723450274287,76.1657235786037,18.3215806215453,0.529663443891658
195,65,0.075,1,0,0.578776271006486,0.721509805766811,1.55569799410116,75.7550521369088,18.0649318554257,0.549540873857625
196,66,0.035,1,0,0.564616554393545,0.71158860120555,1.57942885812077,76.5973193184329,18.5994853108775,0.515228644581756
197,66,0.05,1,0,0.56903990435596,0.70916413412361,1.57311449901034,76.3741540233072,18.454710576317,0.524807460249773
198,66,0.075,1,0,0.576737137409806,0.704436760331505,1.55867174567345,75.8611303144932,18.1305239575215,11.2719745617551
199,67,0.035,1,0,0.573994091499057,0.59571546224372,1.55520437985112,75.7374293757907,18.0540814028969,0.544502652842421
200,67,0.05,1,0,0.578635746805942,0.592793535428833,1.54800530420017,75.4799322340559,17.8970184413469,0.55975760149511
201,67,0.075,1,0,0.58671362521904,0.587343843462856,1.53517693016142,75.0188566593294,17.6224695973784,0.580764417521312
202,68,0.035,1,0,0.571442589626246,0.579567488373064,1.56291387163811,76.0121888236493,18.2247660072092,0.534564359396972
203,68,0.05,1,0,0.576054170810675,0.576935547019666,1.55603877240283,75.7672159683229,18.0724288791143,0.544502652842421
204,68,0.075,1,0,0.584083850226586,0.571955067486144,1.54384810694819,75.3308280041426,17.8073123550044,0.564936974812303
205,69,0.035,1,0,0.568888428801055,0.562360995611779,1.5703048101445,76.2746321847584,18.3908960588536,0.524807460249773
206,69,0.05,1,0,0.573467502607165,0.559928360461687,1.56371923192894,76.0408319285618,18.2427482345696,0.534564359396972
207,69,0.075,1,0,0.581444372484946,0.555259327475192,1.55208448267593,75.625946856861,17.9857435665358,0.554625712957911
208,70,0.035,1,0,0.579817515502675,0.505630262619177,1.54199747059594,75.2643555868869,17.7676074046843,0.564936974812303
209,70,0.05,1,0,0.584647217732512,0.502942290442092,1.5342956252149,74.9870758546861,17.6038511092182,0.575439937337157
210,70,0.075,1,0,0.593059344407542,0.497989597907155,1.52050480447368,74.4879993837481,17.3164136276371,0.602559586074358
211,71,0.035,1,0,0.576643529131613,0.487588591511725,1.55176965200888,75.6146877282142,17.9788706891772,0.544502652842421
212,71,0.05,1,0,0.581435820664526,0.485059488638451,1.54451256753508,75.354680039318,17.821602437131,0.55975760149511
213,71,0.075,1,0,0.589788598866603,0.480324927203806,1.52548272540987,74.6685285093679,17.419331273217,2.85759054337495
214,72,0.035,1,0,0.573464528751255,0.470145733663232,1.56101684178582,75.9446756146955,18.1825233802099,0.534564359396972
215,72,0.05,1,0,0.578215488697644,0.46771684877103,1.55415037425814,75.6997856994025,18.0309478442519,0.544502652842421
216,72,0.075,1,0,0.586501463084521,0.463105973519726,1.52414947465758,74.6202193442416,17.3916753471022,3.01995172040202
217,73,0.035,1,0,0.457245297791792,0.736742405410176,1.56618805465758,76.1285673144267,18.2980546896674,17.3780082874938
218,73,0.05,1,0,0.454879236801275,0.733194145071286,1.54061242405355,75.21456760669,17.7379828673533,14.7231250243272
219,73,0.075,1,0,0.451152456051201,0.72635907481844,1.51332637146101,74.2269031154087,17.169613637586,11.6949939101987
220,74,0.035,1,0,0.458224091202832,0.725796355768659,1.55658025069151,75.7865395067924,18.0843516095221,17.2186857498601
221,74,0.05,1,0,0.455806426326594,0.722845123367696,1.52872723070539,74.7859606102255,17.4869148485498,14.4543977074593
222,74,0.075,1,0,0.45200390187717,0.717102579592983,1.49781634958765,73.6596803887903,16.8586886825096,11.4815362149688
223,75,0.035,1,0,0.459227297971062,0.709770425962623,1.54608778714351,75.4111948207696,17.8555522977906,17.2186857498601
224,75,0.05,1,0,0.456755536004589,0.7072896717859,1.5176471874156,74.3841693274259,17.2577492652181,14.4543977074593
225,75,0.075,1,0,0.452873879986727,0.702403257074587,1.48599987420779,73.2246931937017,16.6272828364296,11.4815362149688
226,76,0.035,1,0,0.455955758472374,0.591955415954553,1.59282109919885,77.0683716770577,18.913006537242,15.2756605823807
227,76,0.05,1,0,0.453667592760664,0.588825912163542,1.55862581598826,75.8594930961918,18.1295079467575,12.8233058265602
228,76,0.075,1,0,0.450054664618409,0.582908997207911,1.51634901929287,74.3369538302669,17.2311980441273,10
229,77,0.035,1,0,0.457139195495087,0.578424497039478,1.58372691319043,76.7488318409838,18.6991314942689,14.9968483550237
230,77,0.05,1,0,0.454790810215089,0.575712159751196,1.54707949226643,75.446752531092,17.8769787179081,12.4738351424294
231,77,0.075,1,0,0.451089013274505,0.570501326731817,1.50052528584628,73.7590547271955,16.9123942417479,9.72747223776965
232,78,0.035,1,0,0.458358412553116,0.563399145519597,1.57387499209188,76.4010680523777,18.4720467055163,14.9968483550237
233,78,0.05,1,0,0.455946287830948,0.560993167250394,1.53648039514417,75.0658362146873,17.6500629447543,12.4738351424294
234,78,0.075,1,0,0.452150799269535,0.556294824422612,1.48880278241318,73.3280965686653,16.681758774135,9.72747223776965
235,79,0.035,1,0,0.454695271308538,0.503428535760885,1.60122242092711,77.3623108255583,19.1143842574517,0.586138164514029
236,79,0.05,1,0,0.452480585034085,0.500587519575607,1.57185686514285,76.3296242359573,18.4261012493284,11.0662378397767
237,79,0.075,1,0,0.448975659349586,0.495270777595883,1.49652560485504,73.612285385492,16.8331864813857,2.75422870333817
238,80,0.035,1,0,0.456069993337751,0.488248977276152,1.60409667590682,77.4625968862147,19.1841456746181,13.0617088813184
239,80,0.05,1,0,0.453787724751161,0.485692628312294,1.56008556912811,75.9115099025736,18.1618445588206,10.7646521362983
240,80,0.075,1,0,0.45018255831016,0.480820522595252,1.49274011858295,73.4731163569253,16.7587151362168,3.01995172040202
241,81,0.035,1,0,0.457493120779766,0.473115540345218,1.59475844738943,77.1362610122195,18.9591148466687,13.0617088813184
242,81,0.05,1,0,0.455138679038382,0.470761406059664,1.54983617726171,75.5455042003421,17.9367544191442,10.7646521362983
243,81,0.075,1,0,0.45142693223647,0.466197921109755,1.48686121546673,73.2564841022658,16.6439964145015,8.01678063387679
244,82,0.035,1,0,0.440561350355423,0.589456739942242,1.47407601103149,72.7832514879006,16.3983267124369,0.474241985260245
245,82,0.05,1,0,0.443243273039821,0.586026493089863,1.46750417425885,72.5388737853879,16.2740156977795,0.483058802039773
246,82,0.075,1,0,0.447875108661047,0.579800026097871,1.45605924875779,72.1114550854786,16.0605916486995,0.496592321450336
247,83,0.035,1,0,0.438398054895279,0.587803408293626,1.4821079816769,73.080885339975,16.5520603372886,0.465586093522959
248,83,0.05,1,0,0.441043691547715,0.584493993883916,1.47577541576715,72.8463201980694,16.4306864638871,0.474241985260245
249,83,0.075,1,0,0.44561243088953,0.578461658740584,1.46477128994383,72.4370240613161,16.2227034159312,0.487528490103386
250,84,0.035,1,0,0.43626895919977,0.58379306583515,1.48984734156742,73.366596390725,16.702125513027,0.457088189614875
251,84,0.05,1,0,0.438878608834275,0.580604706443736,1.48372949418673,73.1408337868122,16.5833422118958,0.465586093522959
252,84,0.075,1,0,0.443384701546197,0.574768071261609,1.47311736348337,72.7476513435111,16.3801114529209,0.474241985260245
253,85,0.035,1,0,0.441017733037365,0.498992983442945,1.46227729063254,72.3439612882275,16.1760693796184,0.483058802039773
254,85,0.05,1,0,0.443743490344051,0.495616272997002,1.45548335717912,72.0898863973799,16.049952947066,0.492039535681451
255,85,0.075,1,0,0.448453814716969,0.489611856270866,1.44362449734721,71.6444249292779,15.8329557800388,0.505824662003114
256,86,0.035,1,0,0.438284595012032,0.488925327120489,1.47258922240313,72.728031438162,16.3700882541257,0.469894108605215
257,86,0.05,1,0,0.440963211310523,0.485687320943675,1.46610313094919,72.4866759797466,16.2476821323022,0.478630092322638
258,86,0.075,1,0,0.445591436976067,0.479901272014245,1.45482967820415,72.065397200194,16.037888723564,0.492039535681451
259,87,0.035,1,0,0.4356065019663,0.476685114315966,1.4824240215167,73.0925732020173,16.558150761108,0.461317574560379
260,87,0.05,1,0,0.438238535836205,0.473577502102479,1.47621739603625,72.8627146860938,16.4391171635508,0.465586093522959
261,87,0.075,1,0,0.442785528758809,0.467994275205135,1.46544772290128,72.4622458717619,16.2353833578589,0.478630092322638
262,88,0.035,1,0,0.441505249889527,0.426549438644722,1.45040641876317,71.8994855739683,15.9565720228901,0.487528490103386
263,88,0.05,1,0,0.444277289188225,0.423454920346279,1.44337050098089,71.6348564393018,15.8283507240346,0.496592321450336
264,88,0.075,1,0,0.449070606076118,0.418015097892456,1.38942453401582,69.576365239352,14.8877323829222,1.85353162341481
265,89,0.035,1,0,0.438188184515526,0.411455710440509,1.46310738741949,72.3749483612754,16.1915706098717,0.474241985260245
266,89,0.05,1,0,0.440901339766073,0.408468147875028,1.45647301105651,72.1269479478602,16.0682411244153,0.483058802039773
267,89,0.075,1,0,0.445591940171365,0.403185340080479,1.40651561175435,70.2342054769256,15.1780216879183,1.95884467350599
268,90,0.035,1,0,0.434952889567689,0.395229552196973,1.47509335407754,72.821013513892,16.4176880878988,0.461317574560379
269,90,0.05,1,0,0.437608110101242,0.392327122380253,1.46880196095702,72.5871935138632,16.298460858037,0.469894108605215
270,90,0.075,1,0,0.442197501123404,0.387162175181619,1.41822667087426,70.6819238682844,15.3809410185719,2.05116217882557
271,91,0.035,1,0,0.504669016147154,0.584115069675252,1.55351345105862,75.6770287477674,18.016991680856,0.501187233627272
272,91,0.05,1,0,0.507960050799731,0.58027918984761,1.54717494236884,75.450174006177,17.8790431362692,0.510504999975406
273,91,0.075,1,0,0.513653586740999,0.573220708527355,1.53601197476475,75.0489567870487,17.640139096262,0.524807460249773
274,92,0.035,1,0,0.502366747863391,0.58387233473496,1.56122087332251,75.951939854998,18.1870590164417,0.487528490103386
275,92,0.05,1,0,0.505633497427459,0.580211279884368,1.55517590411408,75.7364126211166,18.0534557808635,0.496592321450336
276,92,0.075,1,0,0.511286218278725,0.573443032617429,1.54457256612823,75.3568334218311,17.8228936783334,0.515228644581756
277,93,0.035,1,0,0.50007747851203,0.581254097589682,1.56857602696242,76.2133295160456,18.3518135933194,0.478630092322638
278,93,0.05,1,0,0.503318857642564,0.577767737345666,1.56279351288046,76.0079072333614,18.2220811129026,0.487528490103386
279,93,0.075,1,0,0.508928720867436,0.571291373369811,1.5526657743885,75.6467307850579,17.9984444945291,0.501187233627272
280,94,0.035,1,0,0.506354085726241,0.491971378372283,1.54236307544998,75.2774923471262,17.77544027813,0.510504999975406
281,94,0.05,1,0,0.50972617848812,0.488148569254361,1.52052305669208,74.4886621095248,17.3167892988301,1.97696964011186
282,94,0.075,1,0,0.515564752519938,0.481259694026163,1.44770653381663,71.7980442713962,15.9072077300351,1.99526231496888
283,95,0.035,1,0,0.503424300442901,0.484209344015157,1.55236991180826,75.6361530296597,17.9919782464538,0.496592321450336
284,95,0.05,1,0,0.506764039938958,0.480593368691791,1.54614036765303,75.4130805298796,17.8566873077521,0.501187233627272
285,95,0.075,1,0,0.512548112768302,0.4740391189963,1.47353713672635,72.7632419648394,16.3880840996123,2.10862814993329
286,96,0.035,1,0,0.500516233385631,0.474264878500366,1.56177214543191,75.9715634859913,18.1993230912838,0.483058802039773
287,96,0.05,1,0,0.503821905276357,0.470848015883384,1.55588141388573,75.7615994211699,18.0689664118561,0.487528490103386
288,96,0.075,1,0,0.509548232005984,0.464614763725743,1.49651506728202,73.6118983343597,16.8329785132001,2.2080047330189
289,97,0.035,1,0,0.508149706163214,0.41988766494141,1.45900752884262,72.2217835517422,16.1152057220836,1.90546071796325
290,97,0.05,1,0,0.511608878883808,0.416372062357753,1.41704538223402,70.63687473432,15.3603199985396,1.92309172891016
291,97,0.075,1,0,0.517603505056891,0.410105466954074,1.34960711918496,68.0232341397939,14.2363618417917,1.94088587759278
292,98,0.035,1,0,0.504566384246899,0.407739679084623,1.48115932991362,73.0457914565803,16.5337977899765,2.01372424986239
293,98,0.05,1,0,0.507984094555257,0.404404985040467,1.43681397347646,71.3874611514604,15.7100830934141,2.03235701093622
294,98,0.075,1,0,0.513908711516049,0.398419229162326,1.36575354982843,68.6565227823078,14.4964853464594,2.05116217882557
295,99,0.035,1,0,0.501016562237231,0.394318007408816,1.49822185029642,73.6745639579237,16.8667120478347,2.10862814993329
296,99,0.05,1,0,0.504390313982525,0.391140736238831,1.4515970015524,71.9441773568895,15.9784052473602,2.12813904598271
297,99,0.075,1,0,0.510240166864148,0.385394564540729,1.37708528191627,69.0981373402722,14.6822687131478,2.12813904598271
298,100,0.035,1,0,0.556441283706745,0.583414836425317,1.61295907701327,77.7709318302091,19.4021231154,0.515228644581756
299,100,0.05,1,0,0.560137100830103,0.579452140739391,1.60696303760008,77.5624675310328,19.2541659444688,0.529663443891658
300,100,0.075,1,0,0.566533856784385,0.572070872347628,1.54749481230548,75.4616388135074,17.8859641309569,2.12813904598271
301,101,0.035,1,0,0.554296701765234,0.584190141470069,1.61406937217975,77.8094664980513,19.4297447728214,19.2309172891016
302,101,0.05,1,0,0.557987244131488,0.580446731186099,1.59899881825806,77.2846302291523,19.060721031448,16.2929603263972
303,101,0.075,1,0,0.564377506486089,0.57343884510539,1.58067691174541,76.6413476212297,18.6283272055498,2.2284351492703
304,102,0.035,1,0,0.552140970645606,0.582586960756303,1.60345063156334,77.4400679100435,19.1684262785085,19.2309172891016
305,102,0.05,1,0,0.555824421906701,0.579061779683374,1.58767561489624,76.8877501036035,18.7914829753477,16.2929603263972
306,102,0.075,1,0,0.562204948619295,0.572427696466969,1.5743434251748,76.4176410596555,18.4827386286671,13.0617088813184
307,103,0.035,1,0,0.55929420169218,0.489800294789697,1.55534404779726,75.7424161563449,18.0571504646976,2.01372424986239
308,103,0.05,1,0,0.563099418101575,0.48580444338157,1.5075163461312,74.0149176054485,17.0521576668643,2.05116217882557
309,103,0.075,1,0,0.569690731090951,0.478522755832032,1.43002486556837,71.1304787204363,15.5888271747992,2.08929613085404
310,104,0.035,1,0,0.556558408774169,0.483853330134474,1.58780953208472,76.8924567290986,18.7946287011362,2.12813904598271
311,104,0.05,1,0,0.560356332924937,0.480122316895434,1.53701712307127,75.0851723947321,17.6614446604552,2.14783047413053
312,104,0.075,1,0,0.566938593446923,0.473277218545454,1.45501554711977,72.0723613021703,16.0413178585212,2.18776162394955
313,105,0.035,1,0,0.553804786025664,0.475738221408681,1.61777930099505,77.9380742644374,19.5225573447321,2.2284351492703
314,105,0.05,1,0,0.557592405029848,0.472265171654102,1.56397489044646,76.0499222313973,18.24846271453,2.24905460583578
315,105,0.075,1,0,0.564160215310185,0.465845463708071,1.47743261588208,72.9077733061452,16.4623284660463,2.29086765276777
316,106,0.035,1,0,0.562337725851986,0.418075179278692,1.44539645020215,71.7111454276944,15.8651311385814,1.97696964011186
317,106,0.05,1,0,0.566260872771408,0.414400050745024,1.4011383056688,70.0278005803959,15.0859551593441,1.99526231496888
318,106,0.075,1,0,0.573062076940471,0.407774237158748,1.32963167770418,67.233178582487,13.9216542166598,2.01372424986239
319,107,0.035,1,0,0.558983358243776,0.408313787300091,1.46699179628788,72.5197884805837,16.2643784112417,2.07014134879104
320,107,0.05,1,0,0.562896890938084,0.404883702234646,1.4202210379726,70.7579232624134,15.4158344323844,2.08929613085404
321,107,0.075,1,0,0.569686124545416,0.398648482701309,1.34492534689917,67.8387182413613,14.1619126790654,2.12813904598271
322,108,0.035,1,0,0.555602608609864,0.39718821804936,1.4839487776364,73.1489372790743,16.5875790024232,2.16770410481969
323,108,0.05,1,0,0.559501901092162,0.39397977910531,1.43484614909064,71.3130597484353,15.6748119612934,2.18776162394955
324,108,0.075,1,0,0.566270843657438,0.388095116254564,1.35596862268865,68.2733097256332,14.338217297588,2.2080047330189
325,109,0.035,1,0,0.43561001454166,0.687754737453466,1.45085769566726,71.9164284638636,15.9648429741314,0.474241985260245
326,109,0.05,1,0,0.438365316031438,0.684438999891321,1.44412322507582,71.6632095248507,15.8420030446859,0.478630092322638
327,109,0.075,1,0,0.443132075498092,0.678372041495467,1.43240758775968,71.22076400783,15.6312454465516,0.492039535681451
328,110,0.035,1,0,0.433811093813225,0.682381593006371,1.45766022616416,72.1713849469743,16.0902171711479,0.465586093522959
329,110,0.05,1,0,0.436530114793862,0.679235885454712,1.45109214455259,71.9252292563276,15.9691421824496,0.474241985260245
330,110,0.075,1,0,0.441233265785406,0.673461958377105,1.43971747916001,71.4971130652106,15.7623139866059,0.487528490103386
331,111,0.035,1,0,0.432040286297746,0.672081410215816,1.46427096144624,72.418363334789,16.2133333205839,0.461317574560379
332,111,0.05,1,0,0.434723593731591,0.669128075699428,1.45788771154261,72.1798967698465,16.0944326879804,0.465586093522959
333,111,0.075,1,0,0.439364098610605,0.663687344790298,1.44680942640769,71.7643089368629,15.8908500180449,0.478630092322638
334,112,0.035,1,0,0.436464096938365,0.564648990996926,1.43939279141308,71.4848586117757,15.7564619768873,0.483058802039773
335,112,0.05,1,0,0.439266886809635,0.561680842441322,1.43241998695923,71.2212335677737,15.6314665708524,0.487528490103386
336,112,0.075,1,0,0.444118639915995,0.556396270496412,1.42031348001623,70.76144421898,15.4174542121359,0.501187233627272
337,113,0.035,1,0,0.434185865463157,0.54927378192361,1.44810806211804,71.8131389127686,15.914536361611,0.474241985260245
338,113,0.05,1,0,0.436941687005964,0.546474410558827,1.44137688858991,71.5597134936925,15.7922667671531,0.478630092322638
339,113,0.075,1,0,0.441710991088088,0.541460045591012,1.42970696660129,71.1184253037441,15.5831789850613,0.492039535681451
340,114,0.035,1,0,0.431952809643359,0.5319312804412,1.45652641456586,72.1289473597526,16.06922878516,0.465586093522959
341,114,0.05,1,0,0.434662619250404,0.529267392501069,1.45002280524194,71.8850802029262,15.9495456868466,0.469894108605215
342,114,0.075,1,0,0.439351105736596,0.52446227599909,1.43875240320431,71.4606833753301,15.7449282499484,0.483058802039773
343,115,0.035,1,0,0.437352852115611,0.478199522155304,1.42780577796017,71.0463022309997,15.5494547693796,0.487528490103386
344,115,0.05,1,0,0.440205781164147,0.475554093668527,1.42061262872957,70.7728372197491,15.4226973999473,0.496592321450336
345,115,0.075,1,0,0.4451474151312,0.470907645521994,1.40810086079307,70.2949547990656,15.2052946119834,0.510504999975406
346,116,0.035,1,0,0.434581325610839,0.459128639737221,1.43853532514146,71.4524868155782,15.7410210596175,0.478630092322638
347,116,0.05,1,0,0.437375786855016,0.45657034194746,1.43165236822944,71.192158510078,15.6177846401105,0.483058802039773
348,116,0.075,1,0,0.442214648772534,0.452041321765527,1.41969164540237,70.7377566610424,15.4065624857972,0.496592321450336
349,117,0.035,1,0,0.431876802401646,0.439717076941451,1.44882991695923,71.8402683405289,15.9277228137956,0.469894108605215
350,117,0.05,1,0,0.434614286452867,0.437212501730832,1.44220705508575,71.5910126432992,15.8072794694977,0.474241985260245
351,117,0.075,1,0,0.439352931695168,0.432741689435112,1.43075135877383,71.1580175393151,15.6017448274616,0.487528490103386
352,118,0.035,1,0,0.503556861879734,0.677512310237673,1.53182002211595,74.8977305527374,17.5517145497855,0.501187233627272
353,118,0.05,1,0,0.507033815168889,0.673601230064302,1.52524783167978,74.6600195957697,17.41445394365,0.510504999975406
354,118,0.075,1,0,0.513059715834274,0.666354658180805,1.51370580005038,74.2407264100416,17.1773261155816,0.524807460249773
355,119,0.035,1,0,0.501496412531394,0.67352754413991,1.53840760527505,75.1352426407947,17.6909843023317,0.492039535681451
356,119,0.05,1,0,0.504944114375084,0.669853958066351,1.53206587949426,74.9066084004319,17.5568816285637,0.501187233627272
357,119,0.075,1,0,0.510920176039374,0.663023072708619,1.52095137352511,74.5042123327809,17.3256085588783,0.515228644581756
358,120,0.035,1,0,0.499451556293908,0.664802202168211,1.54477153509912,75.3639740803493,17.8271767889211,0.483058802039773
359,120,0.05,1,0,0.502869386166887,0.661390594209988,1.538638553771,75.1435556694781,17.6958981017683,0.492039535681451
360,120,0.075,1,0,0.508794375508281,0.65501959769493,1.52791636663653,74.7566293009903,17.4699867392067,0.505824662003114
361,121,0.035,1,0,0.505636695524234,0.554495216371982,1.52083159861513,74.4998641773758,17.3231416470655,0.510504999975406
362,121,0.05,1,0,0.509198759135557,0.550941974977859,1.51397082957277,74.2503804352078,17.1827163302168,0.519995996533516
363,121,0.075,1,0,0.515377062794883,0.544518317018496,1.50189469237977,73.8092407456923,16.9396382514995,0.539510622515128
364,122,0.035,1,0,0.50301080522543,0.541712851052485,1.52937281488629,74.809305062205,17.5004105245708,0.496592321450336
365,122,0.05,1,0,0.506534410487459,0.53841767383654,1.52282159125925,74.5720737869488,17.3641972974084,0.505824662003114
366,122,0.075,1,0,0.512647094902339,0.532419303741979,1.51132566392946,74.1539718410997,17.1290315826435,0.524807460249773
367,123,0.035,1,0,0.50041040787543,0.526839399449336,1.53752377211045,75.1034203515649,17.6721990572849,0.487528490103386
368,123,0.05,1,0,0.503894575434952,0.523766073752489,1.53125076517827,74.8771707842985,17.5397597493665,0.496592321450336
369,123,0.075,1,0,0.509939679351938,0.518127991194732,1.52027984483471,74.4798307719612,17.3117844726492,0.510504999975406
370,124,0.035,1,0,0.507833811502487,0.469312347140696,1.50964714751906,74.0927311510733,17.0950949918574,0.519995996533516
371,124,0.05,1,0,0.51148745195703,0.466135160495107,1.50248518044403,73.8308707756308,16.9514056943777,0.529663443891658
372,124,0.075,1,0,0.517829999353934,0.460459742191822,1.48091693808992,73.0368219970534,16.5291360500179,2.14783047413053
373,125,0.035,1,0,0.504617391758809,0.453239666189632,1.52026151390535,74.4791651102365,17.3114073466615,0.505824662003114
374,125,0.05,1,0,0.508222363143368,0.450240933599526,1.51350218013351,74.2333084686295,17.1731865788132,0.515228644581756
375,125,0.075,1,0,0.514481745333651,0.44483861350318,1.49838252683422,73.6804606567055,16.8698927810085,2.29086765276777
376,126,0.035,1,0,0.501439492154895,0.436542172810959,1.5302954286769,74.8426543396213,17.5197252686882,0.492039535681451
377,126,0.05,1,0,0.504994370839969,0.43368062594677,1.52388586512346,74.6106640078768,17.3862151727126,0.501187233627272
378,126,0.075,1,0,0.511167712305158,0.428479033228463,1.51082085955064,74.135559245651,17.1188148091366,2.42102904673618
379,127,0.035,1,0,0.558494400323217,0.670968875584027,1.59289895052673,77.0711010109805,18.9148556197084,0.519995996533516
380,127,0.05,1,0,0.562417321398339,0.666717365061087,1.58662255454432,76.8507287669132,18.7667779619869,0.529663443891658
381,127,0.075,1,0,0.569210556207319,0.658760255988262,1.57549206021928,76.458263420736,18.5090000099849,0.549540873857625
382,128,0.035,1,0,0.556494545983763,0.668066198726061,1.59916368346757,77.2903926162436,19.0646907096704,0.510504999975406
383,128,0.05,1,0,0.560406886377876,0.66410848035825,1.59314737785459,77.0798097542785,18.9207582280937,0.519995996533516
384,128,0.075,1,0,0.567184630021882,0.656673200249511,1.58252082527331,76.7063475117022,18.6710781471595,0.539510622515128
385,129,0.035,1,0,0.554489613086828,0.660605911442949,1.60341350784932,77.4387731092853,19.1675236858701,19.2309172891016
386,129,0.05,1,0,0.558389797511265,0.656967425046437,1.58754110676735,76.8830224000633,18.78832427845,16.2929603263972
387,129,0.075,1,0,0.565149182371353,0.650099697918362,1.57401523560158,76.4060302169923,18.4752466588481,13.0617088813184
388,130,0.035,1,0,0.561709748348894,0.54816122666918,1.58253346341898,76.7067928184363,18.6713717362562,0.529663443891658
389,130,0.05,1,0,0.565744135849143,0.544265706641257,1.5759250208779,76.4735695223002,18.5189150932536,0.544502652842421
390,130,0.075,1,0,0.572735293126716,0.537140927645278,1.55708663863017,75.8046062001559,18.0955132283322,2.333458062281
391,131,0.035,1,0,0.559157101706721,0.537573050485098,1.59071246615359,76.9944072278605,18.863042248963,0.515228644581756
392,131,0.05,1,0,0.56317764286335,0.534012804326355,1.58446597643675,76.7748529520655,18.7163574642387,0.529663443891658
393,131,0.075,1,0,0.570148650514898,0.52744994189228,1.57339610286481,76.3841212096203,18.4611268181662,0.549540873857625
394,132,0.035,1,0,0.556596122860771,0.524817226214585,1.59845474833951,77.2656105490365,19.0476310200917,0.505824662003114
395,132,0.05,1,0,0.560600201663557,0.5215554958771,1.59252019986615,77.0578216893785,18.9058626855489,0.515228644581756
396,132,0.075,1,0,0.567546282008169,0.515490051320817,1.57660894687115,76.4977412316764,18.5345956419266,11.3762728582343
397,133,0.035,1,0,0.565123506804794,0.464263863320898,1.57190264156743,76.3312455461595,18.4271412977763,0.544502652842421
398,133,0.05,1,0,0.569278116245702,0.460785172718982,1.53588408409447,75.044347610428,17.6374311460836,2.2080047330189
399,133,0.075,1,0,0.576482840780572,0.454491735166937,1.45411471895144,72.0386034996136,16.0247074597222,2.24905460583578
400,134,0.035,1,0,0.561991804480114,0.450788597829376,1.58216412545476,76.6937780169771,18.6627951064137,0.524807460249773
401,134,0.05,1,0,0.566129036524672,0.447571197582682,1.55701487192759,75.8020460079808,18.0939306935504,2.35504928389601
402,134,0.075,1,0,0.573308674698698,0.441694327527711,1.47024209898272,72.6407783170114,16.3256466285057,2.37684028662488
403,135,0.035,1,0,0.558847436168778,0.436462100689294,1.59174342922201,77.030579778618,18.8874424523111,0.510504999975406
404,135,0.05,1,0,0.562963267881825,0.433460282954254,1.57332663805165,76.3816626742083,18.4595437411005,2.46603933723434
405,135,0.075,1,0,0.57011044678767,0.427921097358263,1.48200350298794,73.0770210951029,16.5500476177057,2.51188643150958
406,136,0.035,1,0,0.431185990723158,0.747807270490716,1.43401516383917,71.2816202237223,15.6599482565839,0.474241985260245
407,136,0.05,1,0,0.433976200204915,0.745158405977292,1.4271581138256,71.0217177749286,15.5379875050416,0.478630092322638
408,136,0.075,1,0,0.438809384207931,0.740292826098179,1.41527298531668,70.5692362369992,15.3294452792327,0.492039535681451
409,137,0.035,1,0,0.429698725649168,0.731075608378624,1.43992572497807,71.5049717426576,15.7660687996217,0.465586093522959
410,137,0.05,1,0,0.432454767853439,0.728711423091852,1.43320514642346,71.2509620868744,15.6454771322202,0.474241985260245
411,137,0.075,1,0,0.437227672883083,0.724351619607964,1.42159145180547,70.8101041970673,15.4398689911032,0.487528490103386
412,138,0.035,1,0,0.428233123010214,0.710614984624403,1.4457033566409,71.7226958754853,15.8707127461629,0.461317574560379
413,138,0.05,1,0,0.43095561576402,0.708459519118727,1.43913035507655,71.4749522893334,15.751734028297,0.469894108605215
414,138,0.075,1,0,0.435669325196578,0.704460752042433,1.42776787515774,71.0448636992063,15.5487833807795,0.478630092322638
415,139,0.035,1,0,0.432357565036219,0.599738180690219,1.4227917917401,70.8557815333952,15.4609596685154,0.478630092322638
416,139,0.05,1,0,0.435199287568326,0.597420413001983,1.41571384239873,70.5860655789237,15.3371176446031,0.487528490103386
417,139,0.075,1,0,0.440124659213027,0.593303073372945,1.40344689384291,70.1164783882598,15.1253973413863,0.501187233627272
418,140,0.035,1,0,0.430468881172604,0.580129616107091,1.43035001618936,71.142805214632,15.5946069244383,0.474241985260245
419,140,0.05,1,0,0.433266352490736,0.577932419516954,1.4234733946751,70.8817074990585,15.4729520675312,0.478630092322638
420,140,0.075,1,0,0.43811356691522,0.573992041682765,1.41154687712693,70.4268554554718,15.2647894244185,0.492039535681451
421,141,0.035,1,0,0.42861509864212,0.559972871680945,1.43771918883566,71.421663119016,15.7263427126243,0.465586093522959
422,141,0.05,1,0,0.431369344265058,0.557849024967347,1.43101754505385,71.168105361495,15.6064812826165,0.474241985260245
423,141,0.075,1,0,0.436140204172466,0.554000082216212,1.419429133752,70.7277547123665,15.4019673794471,0.483058802039773
424,142,0.035,1,0,0.433568209296998,0.508769756814504,1.41143319214226,70.4225074319484,15.2628220841619,0.487528490103386
425,142,0.05,1,0,0.436464274400909,0.506643002386022,1.40414242208527,70.1431762542383,15.1373050964963,0.496592321450336
426,142,0.075,1,0,0.441487057152892,0.502921338186503,1.39147809143832,69.6556864182298,14.9222559440605,0.510504999975406
427,143,0.035,1,0,0.431264355324932,0.487214732675114,1.4207297350506,70.7772967452519,15.4247505381107,0.478630092322638
428,143,0.05,1,0,0.434105315560971,0.485117277913845,1.41368154583703,70.5084552823679,15.3017888142991,0.487528490103386
429,143,0.075,1,0,0.43903065259143,0.481402797493993,1.40145958642148,70.0401474256629,15.0914367195515,0.496592321450336
430,144,0.035,1,0,0.429012395893937,0.466454479604972,1.42973636289788,71.1195399660443,15.5837011661855,0.469894108605215
431,144,0.05,1,0,0.431799824747513,0.464356675625438,1.42290838214133,70.860216846065,15.4630101723388,0.478630092322638
432,144,0.075,1,0,0.436630489324226,0.460598912418253,1.41109537185448,70.4095857010562,15.2569778947339,0.487528490103386
433,145,0.035,1,0,0.502131104141452,0.736578829310657,1.51594874432313,74.3223895300949,17.2230236843451,0.501187233627272
434,145,0.05,1,0,0.50575282153064,0.733229898427898,1.5092142527862,74.0769289619154,17.0863588518093,0.510504999975406
435,145,0.075,1,0,0.512040984289593,0.726982227008529,1.49740934227218,73.6447386086996,16.8506410845297,0.524807460249773
436,146,0.035,1,0,0.500301329755396,0.722179208469083,1.52171435621427,74.5319047921844,17.3413356489406,0.492039535681451
437,146,0.05,1,0,0.503890698248379,0.719227384955558,1.51516344650319,74.2938077343104,17.2070033621589,0.501187233627272
438,146,0.075,1,0,0.510123091481215,0.713692101945748,1.50371231586275,73.8758020716759,16.9758988370826,0.519995996533516
439,147,0.035,1,0,0.498487056591526,0.703851642564333,1.52731579611256,74.7348975230283,17.4574650781193,0.487528490103386
440,147,0.05,1,0,0.502043817786395,0.701216147235929,1.52094695821559,74.5040520494758,17.3255176106806,0.496592321450336
441,147,0.075,1,0,0.508219863278792,0.696241620208111,1.50981265739385,74.0987719778445,17.0984368584629,0.510504999975406
442,148,0.035,1,0,0.504555383137082,0.590281644433638,1.50508922717594,73.9261858593877,17.0034434150825,0.510504999975406
443,148,0.05,1,0,0.508267452412439,0.587356626078721,1.49806742662306,73.6688963057496,16.8636559176545,0.519995996533516
444,148,0.075,1,0,0.5147175146823,0.582054199626554,1.48573900211764,73.2150621807615,16.6222255519176,0.539510622515128
445,149,0.035,1,0,0.502218230957653,0.573180351919142,1.51254057856101,74.1982671808271,17.1536576285483,0.501187233627272
446,149,0.05,1,0,0.505887971793323,0.570481054676496,1.50577258781647,73.9511789442236,17.0171382227234,0.510504999975406
447,149,0.075,1,0,0.512264987343376,0.565541645531185,1.49391825687392,73.5164563279654,16.7818413929096,0.524807460249773
448,150,0.035,1,0,0.499906307052888,0.555220605328326,1.51973659715091,74.4601010075739,17.3006134033583,0.492039535681451
449,150,0.05,1,0,0.503533313485611,0.552686189819443,1.51320020785007,74.2223061794734,17.1670503129554,0.501187233627272
450,150,0.075,1,0,0.509836360826589,0.548000280466885,1.501774744497,73.8048462134047,16.9372493525175,0.515228644581756
451,151,0.035,1,0,0.507103978684427,0.500341048762372,1.49400853414022,73.5197763326155,16.7836153880068,0.519995996533516
452,151,0.05,1,0,0.510913286550045,0.497666185981453,1.48668593552663,73.2500158257577,16.6405933219277,0.529663443891658
453,151,0.075,1,0,0.517537880181772,0.4928832708311,1.47379086372697,72.7726640172674,16.3929056877273,0.549540873857625
454,152,0.035,1,0,0.504234762495525,0.481493370015215,1.5032678564569,73.8595313459631,16.9670216043116,0.510504999975406
455,152,0.05,1,0,0.507990754547513,0.478943808752023,1.49627296235048,73.6030051417758,16.8282013872638,0.519995996533516
456,152,0.075,1,0,0.514523241627412,0.474333024291792,1.4839975017877,73.1507377362716,16.5885206133195,0.534564359396972
457,153,0.035,1,0,0.501403494964404,0.463064813791947,1.51213168282871,74.1833618832918,17.1453635098358,0.496592321450336
458,153,0.05,1,0,0.505105585799698,0.460596284246696,1.50542899243707,73.9386133866022,17.0102504088564,0.505824662003114
459,153,0.075,1,0,0.511544614725851,0.45608147386676,1.49370823382544,73.5087320389552,16.7777153779529,0.524807460249773
460,154,0.035,1,0,0.559884218464944,0.727468368089446,1.57811922558106,76.5510899149169,18.5693014588178,0.519995996533516
461,154,0.05,1,0,0.564010912841805,0.723597665069185,1.57164968111527,76.3222857375372,18.4213952151876,0.529663443891658
462,154,0.075,1,0,0.571163602189517,0.716297835134877,1.56019402096355,75.9153730032949,18.1642507464119,0.549540873857625
463,155,0.035,1,0,0.558026767115324,0.715141656948055,1.5836265030801,76.7452958561472,18.6967932374391,0.510504999975406
464,155,0.05,1,0,0.562137916017502,0.711763515144961,1.57737422984349,76.5247787799231,18.5521679792828,0.519995996533516
465,155,0.075,1,0,0.569266464691742,0.705353626940799,1.56632731350042,76.1335130712851,18.3011825875733,0.539510622515128
466,156,0.035,1,0,0.556168223633754,0.698776810007216,1.58895609492509,76.9327410249907,18.8215986513752,0.505824662003114
467,156,0.05,1,0,0.560262528113753,0.695812287658625,1.5829004079519,76.7197209635699,18.6798994279235,0.515228644581756
468,156,0.075,1,0,0.567364517752356,0.690146322418803,1.57223413051565,76.3429851515661,18.4346757075246,0.529663443891658
469,157,0.035,1,0,0.563437241011153,0.583222925017007,1.56779992714132,76.1857922660726,18.334313130658,0.534564359396972
470,157,0.05,1,0,0.567678995733647,0.579858459460111,1.56098460228668,75.9435277093646,18.1818068628501,0.544502652842421
471,157,0.075,1,0,0.575035631452038,0.573669483408106,1.54889010440037,75.5116282462857,17.9162039434824,0.564936974812303
472,158,0.035,1,0,0.56106290399767,0.568439262881922,1.5749745298611,76.4399633691105,18.4971599112717,0.519995996533516
473,158,0.05,1,0,0.565284610328493,0.565402452099831,1.56846950203111,76.2095504572975,18.3494098991832,0.529663443891658
474,158,0.075,1,0,0.572610308838219,0.559760307180813,1.5569507506099,75.799758480526,18.0925169377684,0.549540873857625
475,159,0.035,1,0,0.55868652920506,0.55252682446591,1.58185246722716,76.682793925374,18.6555631023166,0.510504999975406
476,159,0.05,1,0,0.562886017163137,0.549746690450838,1.57561226042664,76.4625130826994,18.5117517796092,0.519995996533516
477,159,0.075,1,0,0.570176726862831,0.544524943611238,1.56460315959842,76.0722564457866,18.2625182918679,0.539510622515128
478,160,0.035,1,0,0.567196933807275,0.494540464563244,1.55717412321907,75.8077269888665,18.0974426634657,0.544502652842421
479,160,0.05,1,0,0.571562755441244,0.491485804356068,1.55000077673882,75.5513964159533,17.9403336786724,0.55975760149511
480,160,0.075,1,0,0.579139342699603,0.485937178844424,1.53720357732699,75.09188842919,17.6654012456784,0.580764417521312
481,161,0.035,1,0,0.564279698127094,0.478218392227977,1.56617481650762,76.12809714612,18.2977573930094,0.529663443891658
482,161,0.05,1,0,0.568620705383058,0.475387052014843,1.5594043258517,75.8872390789313,18.1467419013213,0.544502652842421
483,161,0.075,1,0,0.576159298809245,0.470182838283462,1.54737798095774,75.4574515394697,17.8834357678426,0.564936974812303
484,162,0.035,1,0,0.561358974827503,0.461968936446694,1.57470883566055,76.4305665422127,18.4910862734167,0.515228644581756
485,162,0.05,1,0,0.565671809904838,0.459304228931004,1.56827584517896,76.2026798219234,18.3450414424771,0.529663443891658
486,162,0.075,1,0,0.573166120644739,0.454347128155188,1.55692170568023,75.7987222795138,18.0918766100403,0.549540873857625
487,163,0.035,1,0,0.4040820586196,0.581272979103343,1.43300500092459,71.2433850205489,15.6419041532174,0.457088189614875
488,163,0.05,1,0,0.406331136483057,0.577732290387024,1.42644819793434,70.9947616761777,15.5254304356239,0.465586093522959
489,163,0.075,1,0,0.410204417103637,0.571393282849598,1.41509917134053,70.562600075546,15.3264216612362,0.474241985260245
490,164,0.035,1,0,0.402125773572623,0.578856181120908,1.44092411418062,71.542637682204,15.784086685127,0.448745389933132
491,164,0.05,1,0,0.404340743051904,0.575400081295356,1.43456398756433,71.3023858268575,15.6697629358485,0.457088189614875
492,164,0.075,1,0,0.408154530950052,0.569194563937071,1.42358936427953,70.8861177758619,15.4749936573467,0.465586093522959
493,165,0.035,1,0,0.400205944205022,0.574345283229787,1.44857273677411,71.8306038196764,15.923023123078,0.444631267469109
494,165,0.05,1,0,0.402387490599333,0.570980009450921,1.44240900734042,71.5986248350233,15.8109343980202,0.448745389933132
495,165,0.075,1,0,0.406142959177233,0.564920024993971,1.43177872228858,71.1969451430658,15.6200356968398,0.461317574560379
496,166,0.035,1,0,0.403557968486181,0.49190748210879,1.42223947450032,70.8347670532159,15.4512506069805,0.461317574560379
497,166,0.05,1,0,0.405823038858773,0.488503797104657,1.41550918897336,70.5782535445848,15.3335554043924,0.469894108605215
498,166,0.075,1,0,0.409725034610242,0.482535780814148,1.40386705991902,70.1326075159484,15.1325894025286,0.483058802039773
499,167,0.035,1,0,0.401110189603527,0.481095392352662,1.43230583785678,71.2169106163788,15.6294310158739,0.452897579903621
500,167,0.05,1,0,0.403331804247494,0.477804044905657,1.42585599164584,70.9722681871281,15.5149653229835,0.461317574560379
501,167,0.075,1,0,0.407157931038977,0.472014246800772,1.41468942532482,70.5469539526997,15.3192967828283,0.469894108605215
502,168,0.035,1,0,0.39871987298806,0.468294951774861,1.44196493063233,71.5818852784099,15.8028989665547,0.444631267469109
503,168,0.05,1,0,0.400899164537964,0.465113638002686,1.43575858320218,71.3475665620476,15.6911535756105,0.448745389933132
504,168,0.075,1,0,0.4046513703373,0.459496329619558,1.42502596973784,70.9407312621864,15.5003127874542,0.461317574560379
505,169,0.035,1,0,0.403032132898726,0.420043568547298,1.41146369164915,70.4236739463501,15.2633498530564,0.469894108605215
506,169,0.05,1,0,0.405313671978588,0.416951736976153,1.40457459373877,70.159760773968,15.1447098458202,0.474241985260245
507,169,0.075,1,0,0.409245264832228,0.411594765569931,1.38104167356457,69.2517744954266,14.7477822835207,1.80301774085957
508,170,0.035,1,0,0.40009132736848,0.404236933234907,1.42376425517971,70.8927683485815,15.4780731747155,0.457088189614875
509,170,0.05,1,0,0.402319689101685,0.401234619865171,1.41721288993386,70.6432642662268,15.3632419657481,0.461317574560379
510,170,0.075,1,0,0.406158349638947,0.396011170909366,1.40042542094201,70.0003977050158,15.0738008600425,1.90546071796325
511,171,0.035,1,0,0.397234037438418,0.387335681976144,1.43546046889649,71.3362939913147,15.6858119474725,0.444631267469109
512,171,0.05,1,0,0.399410945638328,0.384406358176099,1.42920239826648,71.0992904327622,15.5742195814641,0.452897579903621
513,171,0.075,1,0,0.403159650952567,0.379285578398242,1.41541547419651,70.5746760107263,15.3319245305332,1.99526231496888
514,172,0.035,1,0,0.465618209823055,0.571770137077093,1.51559331647862,74.309454673069,17.2157700708302,0.483058802039773
515,172,0.05,1,0,0.468451774695439,0.567626928277699,1.50916786956545,74.075235615171,17.0854231968531,0.492039535681451
516,172,0.075,1,0,0.473341910695666,0.560118241807308,1.49792177262286,73.6635501329372,16.8607740821099,0.510504999975406
517,173,0.035,1,0,0.463406919939367,0.570659349050817,1.52331947446331,74.5901293328774,17.3744922965485,0.474241985260245
518,173,0.05,1,0,0.466211846277826,0.566646173679971,1.51715985232172,74.3664479885442,17.2477746609665,0.483058802039773
519,173,0.075,1,0,0.471052924312667,0.559349620849168,1.50640255328486,73.9742118966902,17.0297773876135,0.496592321450336
520,174,0.035,1,0,0.461220493624197,0.567455115903675,1.53072365958409,74.8581283517482,17.5287013788909,0.465586093522959
521,174,0.05,1,0,0.46399642250356,0.563579641125768,1.52480404660086,74.6439410618379,17.4052448940408,0.474241985260245
522,174,0.075,1,0,0.468787708266104,0.556510488137056,1.51448682157378,74.2691725443759,17.1932179315271,0.487528490103386
523,175,0.035,1,0,0.465914399174769,0.480811744374385,1.50529759578779,73.9338075577501,17.0076174794498,0.492039535681451
524,175,0.05,1,0,0.468790039242748,0.476793976190676,1.49523542532272,73.5648818012478,16.8077513146127,1.92309172891016
525,175,0.075,1,0,0.473755592781186,0.469661679465412,1.427171521153,71.0222267752921,15.5382247799631,1.94088587759278
526,176,0.035,1,0,0.463126280112797,0.472137721628206,1.5152217305595,74.2959294191723,17.2081916063326,0.478630092322638
527,176,0.05,1,0,0.465964560839215,0.468290495404613,1.50892791540019,74.0664748269159,17.0805839901324,0.487528490103386
528,176,0.075,1,0,0.470865990306946,0.461434296209705,1.45456123106047,72.0553379855825,16.0329378229651,2.03235701093622
529,177,0.035,1,0,0.460378374406817,0.461505591565976,1.52462022052528,74.6372799522965,17.4014324714189,0.465586093522959
530,177,0.05,1,0,0.463178800090685,0.457828339334761,1.51862311072056,74.4196450724097,17.2777502947471,0.474241985260245
531,177,0.075,1,0,0.468015069400574,0.451246095292786,1.47993657022051,73.0005338862869,16.510300244331,2.12813904598271
532,178,0.035,1,0,0.466246082727525,0.409295269172604,1.43343065839539,71.2594986115687,15.6495042134975,1.8706821403658
533,178,0.05,1,0,0.469165975309344,0.405628178792776,1.39408718009155,69.7563555845616,14.9662570391553,1.88799134909629
534,178,0.075,1,0,0.474210934161525,0.399190592719911,1.33095246579165,67.2856429291226,13.9422292143875,1.88799134909629
535,179,0.035,1,0,0.462869356398331,0.396223728752614,1.45785540783332,72.1786881177535,16.0938339791786,1.95884467350599
536,179,0.05,1,0,0.465742421457339,0.392709608134054,1.4163679670863,70.6110297830613,15.3485104161325,1.97696964011186
537,179,0.075,1,0,0.470706844007062,0.386511016050712,1.3500370269471,68.0401574083066,14.243219812673,1.97696964011186
538,180,0.035,1,0,0.459552620958504,0.381980432789396,1.47820158311959,72.9362720000911,16.4770398258975,2.05116217882557
539,180,0.05,1,0,0.462378244924527,0.378602350339941,1.43463500767464,71.3050725893018,15.6710335782661,2.05116217882557
540,180,0.075,1,0,0.467260811107486,0.372611605422862,1.36517789443868,68.6340263081088,14.4871197241615,2.07014134879104
541,181,0.035,1,0,0.515580616676577,0.566896799125734,1.57813692198132,76.551714785659,18.5697087666147,0.501187233627272
542,181,0.05,1,0,0.518803657366622,0.562401802439906,1.57197269207766,76.3337265265424,18.428733047255,0.515228644581756
543,181,0.075,1,0,0.524367800787922,0.554168587992919,1.51600981765027,74.324611909616,17.2242705383919,2.05116217882557
544,182,0.035,1,0,0.513401382969172,0.566757174684649,1.58552347680124,76.8120693957374,18.7410526841869,0.492039535681451
545,182,0.05,1,0,0.516609623991323,0.562429849122098,1.57966596804746,76.6056860379236,18.6049589844803,0.501187233627272
546,182,0.075,1,0,0.522149830749215,0.554475899175578,1.54967441170639,75.5397129739195,17.9332378972543,2.12813904598271
547,183,0.035,1,0,0.511227212263726,0.564537413359773,1.59255104941055,77.0589033924372,18.9065948899334,0.478630092322638
548,183,0.05,1,0,0.5144193863662,0.560386768278089,1.5869566730159,76.8624770751348,18.7746104127406,0.487528490103386
549,183,0.075,1,0,0.519933339371216,0.552730422609737,1.57714509602564,76.5166845070745,18.5469036948749,0.505824662003114
550,184,0.035,1,0,0.516735166852129,0.474561235792398,1.5193099631277,74.4446028184404,17.2918479654467,1.97696964011186
551,184,0.05,1,0,0.520024635509466,0.470172259370371,1.47408366191407,72.7835355440003,16.398472200117,1.99526231496888
552,184,0.075,1,0,0.52570731526373,0.462301746451891,1.40122620416838,70.0311787120753,15.0874546066031,2.03235701093622
553,185,0.035,1,0,0.513973545267536,0.467599933004421,1.55286154317535,75.6537291279473,18.0027251901692,2.07014134879104
554,185,0.05,1,0,0.517243071088089,0.463430046003642,1.50505970628325,73.9251059837,17.0028521711789,2.08929613085404
555,185,0.075,1,0,0.522893357664004,0.455918157656849,1.42833980329895,71.066567448848,15.5589181301313,2.10862814993329
556,186,0.035,1,0,0.511220865708023,0.458728080121124,1.58490789757544,76.7904077432217,18.7266706368463,2.16770410481969
557,186,0.05,1,0,0.51446844128672,0.45477918722275,1.53444653767827,74.9925188803886,17.607037120577,2.18776162394955
558,186,0.075,1,0,0.520082648262383,0.447628917723394,1.45368102108058,72.0223458658551,16.0167187204718,2.2080047330189
559,187,0.035,1,0,0.517969525680106,0.403417681171471,1.41075350881411,70.3965072401288,15.2510665898945,1.94088587759278
560,187,0.05,1,0,0.521329387798565,0.39940613396539,1.36891699806541,68.7800419741737,14.548076568683,1.94088587759278
561,187,0.075,1,0,0.527137812669453,0.392290140569983,1.30158217542885,66.1114393000245,13.4921359316853,1.95884467350599
562,188,0.035,1,0,0.514607243933476,0.39258894423744,1.43512753770278,71.3237030108035,15.6798492539686,2.01372424986239
563,188,0.05,1,0,0.5179413196758,0.388783614546395,1.39104349221177,69.6389058576588,14.9149416772379,2.03235701093622
564,188,0.075,1,0,0.523707692956274,0.381995477029453,1.32038362425485,66.864931721914,13.7784885681428,2.05116217882557
565,189,0.035,1,0,0.511259408580535,0.380550690865435,1.45578916948551,72.1013406264387,16.0556011729536,2.10862814993329
566,189,0.05,1,0,0.514564764856081,0.37693634776091,1.40958102888604,70.3516363393957,15.2308142462953,2.10862814993329
567,189,0.075,1,0,0.520283675284523,0.370448702797168,1.33561245638885,67.4704919090277,14.0150821114649,2.12813904598271
568,190,0.035,1,0,0.395151903382747,0.682895843721812,1.40637602301391,70.2288540379792,15.1756230602814,0.452897579903621
569,190,0.05,1,0,0.397393236854856,0.679584918198781,1.39970674169423,69.9727627993247,15.0615598100109,0.461317574560379
570,190,0.075,1,0,0.40125732588913,0.673612110489772,1.38819913755853,69.5289964189289,14.8671768542018,0.469894108605215
571,191,0.035,1,0,0.393588699096377,0.676876461108418,1.41300193409577,70.4824853561344,15.2899972818112,0.448745389933132
572,191,0.05,1,0,0.395798406520591,0.673701501037983,1.40649558824443,70.2334378535755,15.1776775846696,0.452897579903621
573,191,0.075,1,0,0.399606974871706,0.667964675847979,1.39525730026405,69.8014635407742,14.9860411456229,0.465586093522959
574,192,0.035,1,0,0.392052770485516,0.666428023380464,1.41948345917865,70.729824665546,15.402918171335,0.444631267469109
575,192,0.05,1,0,0.39423160259107,0.663420810015757,1.41311196129297,70.4866903772692,15.2919055299547,0.448745389933132
576,192,0.075,1,0,0.397985972609299,0.657976736096759,1.40214330076192,70.0664164185437,15.1031100480187,0.457088189614875
577,193,0.035,1,0,0.394980932960631,0.561158105196183,1.39611998335118,69.8347039861901,15.0006473383251,0.461317574560379
578,193,0.05,1,0,0.397240183205043,0.558266655943981,1.38928833074536,69.5711015206945,14.8854459587319,0.465586093522959
579,193,0.075,1,0,0.401136267094233,0.55320153770833,1.37752108996592,69.1150748434773,14.6894685535171,0.474241985260245
580,194,0.035,1,0,0.393020990622368,0.545207860376666,1.40454279454344,70.1585405996966,15.1441648531709,0.452897579903621
581,194,0.05,1,0,0.395240031334336,0.542458788948627,1.39792069353605,69.9040446368214,15.0311907526989,0.457088189614875
582,194,0.075,1,0,0.399065476340286,0.537624071619552,1.3865022016752,69.4633548991061,14.838767075786,0.469894108605215
583,195,0.035,1,0,0.391104041666021,0.527446068825423,1.41273044473799,70.4721086388296,15.2852899938777,0.444631267469109
584,195,0.05,1,0,0.393284083624425,0.524814951998209,1.40630113030822,70.2259827178089,15.1743363310188,0.452897579903621
585,195,0.075,1,0,0.397041026276403,0.520164263166511,1.39519811230772,69.7991824486016,14.9850396550853,0.461317574560379
586,196,0.035,1,0,0.394807252256796,0.475094272932817,1.3858304791408,69.4373566588105,14.8275390018072,0.465586093522959
587,196,0.05,1,0,0.397084910643321,0.472537322308438,1.37885155786324,69.1667616099865,14.711474242473,0.469894108605215
588,196,0.075,1,0,0.401013901308894,0.468123532670808,1.36680659171561,68.6976598015468,14.513635673994,0.483058802039773
589,197,0.035,1,0,0.392447867234875,0.455507489411534,1.39612279896303,69.8348124538144,15.0006950378695,0.457088189614875
590,197,0.05,1,0,0.394676421814358,0.453022998752166,1.3893855368486,69.5748581871259,14.8870777005154,0.461317574560379
591,197,0.075,1,0,0.398519085161404,0.448708554060943,1.37778537461828,69.1253444799155,14.6938367156365,0.469894108605215
592,198,0.035,1,0,0.390150966772805,0.435513083924147,1.40604874453935,70.2163057253606,15.1700010855343,0.448745389933132
593,198,0.05,1,0,0.392332218854074,0.433073727585424,1.39953880246199,69.966303796268,15.0587010906485,0.452897579903621
594,198,0.075,1,0,0.396091739268766,0.428808584651121,1.38833687897881,69.5343222961013,14.8694857264729,0.461317574560379
595,199,0.035,1,0,0.460143375831677,0.669912257677513,1.49042076698495,73.3877232191113,16.7133212622859,0.483058802039773
596,199,0.05,1,0,0.463090871602802,0.665869069861122,1.4838247941296,73.1443556452082,16.5851833202345,0.492039535681451
597,199,0.075,1,0,0.468188094548344,0.658488426914538,1.47230488640694,72.7174665953831,16.3646955764089,0.505824662003114
598,200,0.035,1,0,0.458219141925961,0.665147736206422,1.49696104947632,73.6282778067389,16.8417836205261,0.474241985260245
599,200,0.05,1,0,0.461134547402788,0.661297804813373,1.49055979032796,73.3928444100553,16.7160372207302,0.483058802039773
600,200,0.075,1,0,0.466176156840353,0.654255099504404,1.47941193815115,72.9811077518794,16.5002328921986,0.496592321450336
601,201,0.035,1,0,0.456319105786521,0.6561638001199,1.50331011645629,73.8610785452494,16.9678653742171,0.469894108605215
602,201,0.05,1,0,0.459202501885056,0.652542890342123,1.49708725422032,73.632912259537,16.8442765168498,0.474241985260245
603,201,0.075,1,0,0.464188558274683,0.645902236236316,1.48627785271002,73.2349544265765,16.6326741558416,0.487528490103386
604,202,0.035,1,0,0.460777369953622,0.548296732357639,1.48048156327409,73.0207087896332,16.5207674622505,0.487528490103386
605,202,0.05,1,0,0.463768558143149,0.544707313489277,1.47366680676326,72.7680573533243,16.3905479800428,0.496592321450336
606,202,0.075,1,0,0.468944107842843,0.538324165137405,1.46177577040507,72.3252338640985,16.1667137821201,0.510504999975406
607,203,0.035,1,0,0.45834839241701,0.534707044738139,1.4888636682498,73.3303411961423,16.6829449463578,0.478630092322638
608,203,0.05,1,0,0.461298113451659,0.531335879512345,1.48231515324003,73.0885472085004,16.5560523962618,0.487528490103386
609,203,0.075,1,0,0.466401699668768,0.525313584706704,1.47090648294613,72.6654863731512,16.3382094479135,0.501187233627272
610,204,0.035,1,0,0.455958189552647,0.519244656295826,1.49692316016105,73.6268863918897,16.8410353051934,0.469894108605215
611,204,0.05,1,0,0.458866619905166,0.516066381661842,1.49061608403723,73.3949179995576,16.7171371540453,0.478630092322638
612,204,0.075,1,0,0.463898424986668,0.510357563542811,1.47965011154761,72.989927466752,16.5048022166314,0.492039535681451
613,205,0.035,1,0,0.461447188781051,0.463374838711739,1.4704471545021,72.6484050493046,16.3295225929009,0.496592321450336
614,205,0.05,1,0,0.464484405262522,0.460181913939226,1.46342171921716,72.3866790016036,16.1974457290377,0.505824662003114
615,205,0.075,1,0,0.469742570712681,0.454576919461046,1.45113291866133,71.9267597434409,15.9698900356198,0.519995996533516
616,206,0.035,1,0,0.458502041345793,0.446510677697393,1.48076650338492,73.031254792969,16.5262437837021,0.483058802039773
617,206,0.05,1,0,0.461487748367606,0.443467284645069,1.47407238858162,72.7831169959985,16.3982578292684,0.492039535681451
618,206,0.075,1,0,0.466656393784855,0.438092291689097,1.46240538944415,72.3487439487352,16.1784601775658,0.505824662003114
619,207,0.035,1,0,0.455614231232475,0.429047671277769,1.49059418528344,73.3941113614377,16.7167092578616,0.474241985260245
620,207,0.05,1,0,0.458548761533717,0.426121201151009,1.48420391560817,73.1583646841429,16.5925104713658,0.478630092322638
621,207,0.075,1,0,0.463628287905712,0.420917058282423,1.47307881055094,72.7462193085798,16.3793794970619,0.492039535681451
622,208,0.035,1,0,0.513581934024831,0.660283478394087,1.55463402329477,75.7170615504515,18.0415571393834,0.501187233627272
623,208,0.05,1,0,0.517005016964896,0.655713179198874,1.54824685107338,75.4885864642771,17.902252750926,0.510504999975406
624,208,0.075,1,0,0.522924716059553,0.647289529311527,1.53699346123508,75.0843200581996,17.6609426520307,0.529663443891658
625,209,0.035,1,0,0.511579471046899,0.656541757328121,1.56094045527061,75.9419558011393,18.1808257777924,0.492039535681451
626,209,0.05,1,0,0.514981755939884,0.652214424606184,1.55478649437157,75.7225069488664,18.0449038246532,0.501187233627272
627,209,0.075,1,0,0.520866920237953,0.644218984902967,1.54398147858801,75.3356162395075,17.8101792285291,0.519995996533516
628,210,0.035,1,0,0.509586822822346,0.648778858796276,1.56701820952916,76.158045196318,18.3167138880749,0.483058802039773
629,210,0.05,1,0,0.512967414281844,0.644733263685452,1.56107557721977,75.9467668764094,18.1838288837917,0.492039535681451
630,210,0.075,1,0,0.518816347657861,0.637235731071626,1.5506741940596,75.5754980424745,17.9549892357216,0.510504999975406
631,211,0.035,1,0,0.515049661781439,0.538914499931736,1.54515881044746,75.3778707642441,17.8355181623497,0.510504999975406
632,211,0.05,1,0,0.518540769935071,0.534818612661073,1.53851942144185,75.139267597772,17.6933631034756,0.519995996533516
633,211,0.075,1,0,0.524582016496687,0.527450955468939,1.52679420010462,74.7160183466483,17.4466011790016,0.539510622515128
634,212,0.035,1,0,0.512511116183611,0.527373858992475,1.55330625506714,75.669624223372,18.0124553866334,0.501187233627272
635,212,0.05,1,0,0.515974896407408,0.523563099100148,1.54698112131961,75.4432261909312,17.8748515238737,0.510504999975406
636,212,0.075,1,0,0.521970677570808,0.51667207383515,1.53585257937822,75.043212137513,17.6367641664318,0.524807460249773
637,213,0.035,1,0,0.50998867729526,0.513932405229302,1.56105483122733,75.9460282268912,18.18336774827,0.487528490103386
638,213,0.05,1,0,0.513423714599539,0.510382748022698,1.55500891108894,75.7304496857155,18.0497875900061,0.496592321450336
639,213,0.075,1,0,0.519371337539145,0.503924539711917,1.54441747748906,75.3512670772319,17.819556289651,0.510504999975406
640,214,0.035,1,0,0.516599807478344,0.455191262700913,1.53554329040422,75.0320640237454,17.630218362687,0.519995996533516
641,214,0.05,1,0,0.520163194073173,0.451542861620709,1.52697224654435,74.7224632745075,17.450308397368,2.14783047413053
642,214,0.075,1,0,0.52633372584146,0.445057673875196,1.45036685469978,71.897999994372,15.9558471695562,2.16770410481969
643,215,0.035,1,0,0.513507866048202,0.440735848936495,1.5456344240661,75.3949337471024,17.8457706941757,0.505824662003114
644,215,0.05,1,0,0.51703673319972,0.437307779784734,1.53913574659381,75.1614490573865,17.7064839398701,0.515228644581756
645,215,0.075,1,0,0.523149725690203,0.431173414820532,1.47213400552071,72.7111166224266,16.3614558581794,2.29086765276777
646,216,0.035,1,0,0.510440317806035,0.425530319205099,1.55513410976419,75.7349202866404,18.0525376076365,0.492039535681451
647,216,0.05,1,0,0.513932602709517,0.422287802043715,1.54898794510847,75.5151323399453,17.9183274817647,0.501187233627272
648,216,0.075,1,0,0.519984110611956,0.416442172483608,1.49008408877586,73.3753196193984,16.7067465414604,2.39883291901949
649,217,0.035,1,0,0.387669454988425,0.745496759413868,1.38696147434185,69.4811258081409,14.8464497724407,0.452897579903621
650,217,0.05,1,0,0.389875866211536,0.742942862154631,1.38022281081624,69.2199991993406,14.734194802706,0.457088189614875
651,217,0.075,1,0,0.393681396823961,0.738333063317589,1.36863098746318,68.7688819622219,14.5434035267579,0.465586093522959
652,218,0.035,1,0,0.386424690273296,0.728167216434619,1.39268233333136,69.7021662348521,14.9425456502198,0.448745389933132
653,218,0.05,1,0,0.388603413298386,0.725859563722119,1.38606277298439,69.4463482469984,14.8314207358187,0.452897579903621
654,218,0.075,1,0,0.392360147705011,0.721690752326523,1.37468076992576,69.0046249511492,14.6426182451722,0.461317574560379
655,219,0.035,1,0,0.385199315655451,0.70762265317171,1.39830284485233,69.9187527476118,15.0376824185919,0.444631267469109
656,219,0.05,1,0,0.387350997407198,0.705499754336897,1.39179896785324,69.6680737681202,14.9276590171499,0.448745389933132
657,219,0.075,1,0,0.391060090239723,0.701653252868504,1.38062016742976,69.2354198154959,14.7407863527906,0.457088189614875
658,220,0.035,1,0,0.387770128465464,0.598107566135929,1.37707507026394,69.0977404271993,14.6821000590899,0.457088189614875
659,220,0.05,1,0,0.389996703261481,0.595909100147495,1.37019502566351,68.8298918926237,14.5689789356915,0.461317574560379
660,220,0.075,1,0,0.393838123547314,0.592084500926313,1.35835142076255,68.3667893577098,14.3765780430721,0.474241985260245
661,221,0.035,1,0,0.386206059470706,0.578107849449658,1.38434829101063,69.3799613605602,14.8027992307006,0.448745389933132
662,221,0.05,1,0,0.388397399914489,0.576006814571871,1.37761621216545,69.1187712707846,14.6910405824686,0.457088189614875
663,221,0.075,1,0,0.392176686754674,0.572326167089338,1.36603650061052,68.6675782203295,14.5010913416009,0.465586093522959
664,222,0.035,1,0,0.384672637494289,0.55757929063164,1.39144525914038,69.6544188308798,14.9217032297232,0.444631267469109
665,222,0.05,1,0,0.386829782938703,0.555539435579965,1.38487930349811,69.4005285233589,14.8116569554382,0.448745389933132
666,222,0.075,1,0,0.390548793515723,0.551934918381698,1.3735555404539,68.9608282782542,14.624105839632,0.461317574560379
667,223,0.035,1,0,0.387868736580892,0.507392092320344,1.36715393488709,68.7112243170711,14.5192977442168,0.461317574560379
668,223,0.05,1,0,0.390115978099139,0.505385703398021,1.36013218430255,68.4365829915591,14.4053219205382,0.465586093522959
669,223,0.075,1,0,0.393994220698931,0.50194984225132,1.34802021956554,67.9607368099725,14.2110788958357,0.478630092322638
670,224,0.035,1,0,0.385981923234747,0.485545952542856,1.37601428217859,69.0564987194503,14.6645925168736,0.452897579903621
671,224,0.05,1,0,0.388186102368074,0.48356204240367,1.36918201714614,68.790381578026,14.5524081729254,0.461317574560379
672,224,0.075,1,0,0.3919883581333,0.480130282323737,1.35740548739453,68.3296918009802,14.3613356661873,0.469894108605215
673,225,0.035,1,0,0.384139765248062,0.464265146030152,1.3846355570949,69.3910883781862,14.8075902886281,0.448745389933132
674,225,0.05,1,0,0.386302422246335,0.462278704228904,1.37797877506821,69.132858877595,14.6970342453035,0.452897579903621
675,225,0.075,1,0,0.390031446727964,0.458806297510312,1.366533286754,68.6869850980753,14.5091822794097,0.461317574560379
676,226,0.035,1,0,0.455030186795817,0.73286670464581,1.47190985348049,72.70278629568,16.3572075241521,0.478630092322638
677,226,0.05,1,0,0.458043021546956,0.729544208610575,1.46518323224959,72.4523849121777,16.2304237853772,0.487528490103386
678,226,0.075,1,0,0.463262075000745,0.723451099069265,1.45348812820192,72.015113990199,16.0131673379769,0.501187233627272
679,227,0.035,1,0,0.453374339178539,0.717662443483682,1.47758297475427,72.9133465799519,16.4652035824524,0.474241985260245
680,227,0.05,1,0,0.456354331430916,0.714683155502532,1.47102581401523,72.669923396816,16.3404672922196,0.483058802039773
681,227,0.075,1,0,0.461515945208915,0.709207043172021,1.4596262702225,72.2449180049706,16.1266991706569,0.496592321450336
682,228,0.035,1,0,0.451739565130137,0.699084456899508,1.48313083971833,73.1187065295947,16.5717833674222,0.469894108605215
683,228,0.05,1,0,0.454687039146136,0.696384599176912,1.476726004376,72.8815763424138,16.448826262875,0.474241985260245
684,228,0.075,1,0,0.459791735472373,0.691404327290285,1.46559227526166,72.4676346671388,16.2380947954905,0.487528490103386
685,229,0.035,1,0,0.45594876014889,0.587016868509857,1.46222907284729,72.3421609672026,16.1751695819063,0.487528490103386
686,229,0.05,1,0,0.459007974249769,0.584153695213378,1.45531104813229,72.0834318115292,16.0467716477186,0.496592321450336
687,229,0.075,1,0,0.464310151553803,0.579068561405716,1.44324984112205,71.6303105660596,15.8261637295859,0.510504999975406
688,230,0.035,1,0,0.453854721670304,0.569231228447864,1.46950065932371,72.6131953529445,16.3116425175251,0.478630092322638
689,230,0.05,1,0,0.456871621394284,0.5665514618004,1.46278732645778,72.3630021070188,16.1855913935294,0.487528490103386
690,230,0.075,1,0,0.462099713295881,0.561760779434669,1.45111377262488,71.9260410861277,15.9695388651901,0.501187233627272
691,231,0.035,1,0,0.451794406283341,0.550703117402455,1.47656081972554,72.8754509995301,16.445672085255,0.474241985260245
692,231,0.05,1,0,0.454769538832642,0.548161106334414,1.47003832723059,72.6331985931362,16.3217961890481,0.478630092322638
693,231,0.075,1,0,0.459924433502551,0.543580183504646,1.45871916004364,72.2109992474707,16.1098529072698,0.492039535681451
694,232,0.035,1,0,0.456904200873918,0.497101594646405,1.45245886790661,71.9765140899504,15.9942352716733,0.492039535681451
695,232,0.05,1,0,0.460012236709805,0.494490817991803,1.44532290065585,71.7083771347817,15.8637939018752,0.501187233627272
696,232,0.075,1,0,0.465402034323827,0.489920628355545,1.43289264092487,71.2391310045514,15.6398987743123,0.515228644581756
697,233,0.035,1,0,0.454360557120731,0.477647563298974,1.46139112138018,72.3108675320051,16.1595433432011,0.483058802039773
698,233,0.05,1,0,0.457416183022584,0.475136526350157,1.45452197493846,72.0538668778956,16.0322140045398,0.492039535681451
699,233,0.075,1,0,0.462714114128733,0.470701981038061,1.44257493590537,71.6048786390716,15.8139382006717,0.505824662003114
700,234,0.035,1,0,0.451866714183329,0.458502473584513,1.47000194010642,72.6318450190718,16.3211087555908,0.474241985260245
701,234,0.05,1,0,0.454870782852238,0.456056136308783,1.46337571317027,72.3849621982475,16.1965856566256,0.483058802039773
702,234,0.075,1,0,0.460078242017193,0.451694488560803,1.45187380615163,71.9545643516549,15.9834870747374,0.496592321450336
703,235,0.035,1,0,0.511282055932888,0.721918066672616,1.53721876054214,75.0924352980646,17.6657234966145,0.501187233627272
704,235,0.05,1,0,0.514863298080026,0.717944215977046,1.53067174965999,74.8562527705168,17.5276129213839,0.510504999975406
705,235,0.075,1,0,0.521068153785769,0.710571268755008,1.51918081443917,74.4399106498962,17.2891958569174,0.529663443891658
706,236,0.035,1,0,0.509462205845519,0.708658137486314,1.54273267752107,75.2907703730847,17.7833643305369,0.492039535681451
707,236,0.05,1,0,0.513018165674422,0.705113206730318,1.53637309440782,75.0619699929918,17.6477889264109,0.501187233627272
708,236,0.075,1,0,0.519180274918091,0.698513217056995,1.52522906699687,74.6593398124893,17.4140644041609,0.519995996533516
709,237,0.035,1,0,0.507654164549916,0.691939830143824,1.54807514009903,75.4824344443097,17.898531531153,0.487528490103386
710,237,0.05,1,0,0.511184299564704,0.688763859115335,1.54189792412904,75.2607783227102,17.765475621972,0.496592321450336
711,237,0.075,1,0,0.517302581797225,0.682825101127099,1.53108373113844,74.8711369685315,17.5362543051818,0.510504999975406
712,238,0.035,1,0,0.513032948374635,0.577911183848123,1.52792282361638,74.7568629140348,17.470121439666,0.510504999975406
713,238,0.05,1,0,0.516685062963508,0.574492774152289,1.52112842105211,74.5106391805597,17.329256046974,0.519995996533516
714,238,0.075,1,0,0.523016642382837,0.568327918396352,1.50917759828514,74.0755907919077,17.0856194409321,0.539510622515128
715,239,0.035,1,0,0.510723108993641,0.562227743068883,1.53502134651389,75.0132471288106,17.619180503253,0.501187233627272
716,239,0.05,1,0,0.514342342614658,0.559079580288201,1.52848362850336,74.7771500165701,17.4818266055638,0.510504999975406
717,239,0.075,1,0,0.520618269523423,0.553363332599802,1.51700864891819,74.3609488181731,17.2446816480948,0.524807460249773
718,240,0.035,1,0,0.508432359200025,0.545611158621688,1.54185832206735,75.2593551501244,17.764627657903,0.492039535681451
719,240,0.05,1,0,0.512017853171052,0.542680869851879,1.53555467933147,75.0324745595308,17.6304593312244,0.501187233627272
720,240,0.075,1,0,0.518236407719754,0.537317343433613,1.5245116853142,74.6333468003576,17.3991821267856,0.515228644581756
721,241,0.035,1,0,0.514868887511637,0.489046905477714,1.51847338777756,74.4142035830423,17.2746795312075,0.519995996533516
722,241,0.05,1,0,0.518596376738737,0.485943914387205,1.5114180154495,74.1573398526696,17.1309016749055,0.529663443891658
723,241,0.075,1,0,0.525062885894327,0.480423495766122,1.49898127102417,73.7024300801054,16.8817531393763,0.549540873857625
724,242,0.035,1,0,0.512052072911733,0.471874866722299,1.52725761870872,74.7327920262428,17.4562528340746,0.505824662003114
725,242,0.05,1,0,0.515738435400952,0.468953387849709,1.52053382561911,74.4890531192904,17.3170109530605,0.515228644581756
726,242,0.075,1,0,0.522135260909856,0.463710559946882,1.5087192274229,74.0588547534285,17.0763769884575,0.534564359396972
727,243,0.035,1,0,0.509263754714174,0.454769075545358,1.53564647485452,75.0357834232375,17.6324017413477,0.496592321450336
728,243,0.05,1,0,0.512907737100767,0.451985720637504,1.5292175459141,74.8036911695158,17.4971632250249,0.505824662003114
729,243,0.075,1,0,0.519232353204646,0.446943343555101,1.51794742518756,74.3950850331556,17.2638987565697,0.519995996533516
730,244,0.035,1,0,0.493367749834887,0.61149759936387,1.52359238485202,74.6000244864235,17.3801393573394,0.496592321450336
731,244,0.05,1,0,0.496719354503204,0.60830650686149,1.51698355687654,74.3600361980511,17.2441684467612,0.505824662003114
732,244,0.075,1,0,0.502529926571194,0.602389418367111,1.5053706080326,73.9364780160621,17.0090804265112,0.524807460249773
733,245,0.035,1,0,0.49094993666855,0.611083297052971,1.53178331867956,74.8964051105475,17.550943371383,0.487528490103386
734,245,0.05,1,0,0.494265701171619,0.608072086236104,1.52546131555362,74.6677529874313,17.4188866327836,0.496592321450336
735,245,0.075,1,0,0.500014663532231,0.60245203464192,1.51439639518229,74.2658796084227,17.1913768555821,0.510504999975406
736,246,0.035,1,0,0.488556033632726,0.607746011828134,1.53963142320199,75.1792835987781,17.7170473882992,0.478630092322638
737,246,0.05,1,0,0.491835294234514,0.604900703779058,1.53357031112527,74.9609100992496,17.5885510257882,0.487528490103386
738,246,0.075,1,0,0.497521313457569,0.599553920031548,1.52297834854271,74.5777589978537,17.3674376500377,0.501187233627272
739,247,0.035,1,0,0.495878299792569,0.518630453190269,1.5101812434481,74.1122230096966,17.1058825954917,0.510504999975406
740,247,0.05,1,0,0.499334659221063,0.515346590952662,1.50322837883545,73.8580859851595,16.9662334434626,0.519995996533516
741,247,0.075,1,0,0.505333163146736,0.509383283738139,1.48623491649534,73.2333695784439,16.6318412569352,1.99526231496888
742,248,0.035,1,0,0.492777552408013,0.509510545703953,1.52086700387315,74.5011495107824,17.3238708064999,0.496592321450336
743,248,0.05,1,0,0.496186022774755,0.506409805069704,1.51430904220422,74.2626984567361,17.1895986347009,0.505824662003114
744,248,0.075,1,0,0.50210203954769,0.500734659597228,1.50281104863105,73.842804950726,16.9579048359667,0.519995996533516
745,249,0.035,1,0,0.489716533700033,0.497797048979007,1.5309623997818,74.8667537781142,17.5337086749735,0.483058802039773
746,249,0.05,1,0,0.493076088033593,0.494857683581734,1.52474512501953,74.6418060475945,17.4040227632491,0.492039535681451
747,249,0.075,1,0,0.498907527490672,0.489433036487018,1.51388105725915,74.2471105065545,17.1808902423494,0.505824662003114
748,250,0.035,1,0,0.49855525750887,0.444891310139803,1.49653885191511,73.6127719548707,16.8334479289459,0.524807460249773
749,250,0.05,1,0,0.50212624400481,0.441837639259413,1.45610369151681,72.113119340668,16.0614130539695,1.92309172891016
750,250,0.075,1,0,0.508330867313948,0.436352798544322,1.38877858612407,69.551398922283,14.8768926590704,1.94088587759278
751,251,0.035,1,0,0.494730955699816,0.430614311448984,1.50990833495677,74.1022638256259,17.1003691597449,0.505824662003114
752,251,0.05,1,0,0.498240253900161,0.42769451688946,1.46949322278698,72.6129186502146,16.3115021422486,2.05116217882557
753,251,0.075,1,0,0.504338389972473,0.422402727097546,1.39830075017654,69.9186721356313,15.037646826751,2.07014134879104
754,252,0.035,1,0,0.490967756531134,0.415083492001527,1.52235684022011,74.5552158560758,17.3545957667766,0.487528490103386
755,252,0.05,1,0,0.494413913724107,0.412265103078971,1.4768208175136,72.8850919650842,16.4506370884715,2.14783047413053
756,252,0.075,1,0,0.500402558242848,0.407110908928023,1.40223872699177,70.0700821190174,15.1047401731121,2.16770410481969
757,253,0.035,1,0,0.561029989009181,0.61189052585706,1.59845974562016,77.2657852677098,19.0477511800859,0.519995996533516
758,253,0.05,1,0,0.565028420751791,0.608618556865357,1.59220224928002,77.046672177831,18.898319088886,0.534564359396972
759,253,0.075,1,0,0.571971379467836,0.602451255221606,1.58041303654635,76.6320409727763,18.6222228706869,2.14783047413053
760,254,0.035,1,0,0.558674243028143,0.613015525232214,1.60617750257351,77.5351115811119,19.2349315547971,0.510504999975406
761,254,0.05,1,0,0.562659830011398,0.609992035697757,1.59849014307963,77.2668480373099,19.0484821179378,14.3218789927354
762,254,0.075,1,0,0.569583385283718,0.604250621181499,1.5713961519602,76.313304680686,18.4156392099772,11.2719745617551
763,255,0.035,1,0,0.556308582887428,0.61116037553358,1.61259024848007,77.7581263864767,19.3929631422997,17.0608238900312
764,255,0.05,1,0,0.560279155773578,0.608366330616981,1.58753255327914,76.8827217508356,18.7881234450153,14.3218789927354
765,255,0.075,1,0,0.567179374955115,0.60301782753052,1.5592583704195,75.8820380454368,18.1435088396525,11.2719745617551
766,256,0.035,1,0,0.565412131286233,0.517212811070092,1.58596201457935,76.8274971676965,18.7513099614674,0.534564359396972
767,256,0.05,1,0,0.56956603141366,0.513766775561107,1.54036321144591,75.2056056732269,17.732660753227,2.07014134879104
768,256,0.075,1,0,0.57678678879712,0.507412692869202,1.46119595999361,72.3035774042923,16.1559068935191,2.12813904598271
769,257,0.035,1,0,0.56238125017161,0.510664286563343,1.59614264153268,77.1847272492433,18.9921781884574,0.519995996533516
770,257,0.05,1,0,0.566518041798432,0.507489197526292,1.56469251566725,76.0754323937224,18.264518803204,2.2080047330189
771,257,0.075,1,0,0.573713134820126,0.501578285575998,1.48022708074586,73.0112888460793,16.5158786709602,2.26986485188382
772,258,0.035,1,0,0.559333830725937,0.501425817883637,1.60562227390314,77.5157696305308,19.2213569865995,0.501187233627272
773,258,0.05,1,0,0.563449822510348,0.498496096309735,1.58503675620919,76.7949426942244,18.7296796560588,2.333458062281
774,258,0.075,1,0,0.570612531262708,0.492984777586259,1.49554365406527,73.5762093627463,16.8138228092181,2.39883291901949
775,259,0.035,1,0,0.570135827889135,0.443911703626244,1.47800005241445,72.9288040836484,16.4731824963448,1.99526231496888
776,259,0.05,1,0,0.574461538748951,0.440702866831929,1.4328246013306,71.2365548752909,15.6386845784142,2.01372424986239
777,259,0.075,1,0,0.581989670435253,0.43484743302505,1.35978222988774,68.4228717566171,14.3996680868884,2.05116217882557
778,260,0.035,1,0,0.566384810832776,0.432923519080014,1.49221195149817,73.4536788175215,16.748362387418,2.12813904598271
779,260,0.05,1,0,0.570688666077575,0.429943947460731,1.44418864863163,71.6656733752674,15.8431903780334,2.14783047413053
780,260,0.075,1,0,0.578184328815606,0.424444661670921,1.36695958974891,68.7036349820506,14.516129396926,2.16770410481969
781,261,0.035,1,0,0.562608178793089,0.420400899322135,1.50099222811466,73.7761709374628,16.9216767399796,2.2284351492703
782,261,0.05,1,0,0.566884343767347,0.417611316754365,1.45055442066021,71.9050426067925,15.9592839551901,2.24905460583578
783,261,0.075,1,0,0.574336866648222,0.412401855405761,1.36976239658614,68.8130203676498,14.5618993533721,2.26986485188382
784,262,0.035,1,0,0.449581536453151,0.61675352688966,1.56782095851465,76.1865386292867,18.3347870079411,17.5388050184176
785,262,0.05,1,0,0.447473455035252,0.613705446348048,1.54287823818983,75.2959990169203,17.7864865972673,14.8593564228701
786,262,0.075,1,0,0.44413716141985,0.607871456133317,1.516673780814,74.3487684557201,17.2378345672439,11.6949939101987
787,263,0.035,1,0,0.451065863115965,0.618945139615344,1.55762134290078,75.8236783385612,18.1073111188374,17.2186857498601
788,263,0.05,1,0,0.448888200611953,0.616200791451595,1.53028514222535,74.8422826020441,17.519509742562,14.4543977074593
789,263,0.075,1,0,0.445448548713188,0.610904291646492,1.50021965664966,73.7478495224142,16.9063225665512,11.4815362149688
790,264,0.035,1,0,0.452598212891455,0.618124235470415,1.5461131768738,75.4121053855608,17.8561003496137,17.2186857498601
791,264,0.05,1,0,0.450346304210417,0.615658449727906,1.517891910238,74.3930668022636,17.2627614464158,14.4543977074593
792,264,0.075,1,0,0.446796870510709,0.61085414877758,1.48662840135114,73.2478925497149,16.6394765012562,11.4815362149688
793,265,0.035,1,0,0.449343614507291,0.520500019521785,1.58666440578156,76.8522004491498,18.7677587374654,2.10862814993329
794,265,0.05,1,0,0.44726428064719,0.517199900656095,1.53538968274514,75.0265267196041,17.6269688113952,2.16770410481969
795,265,0.075,1,0,0.4439694565058,0.511034905247277,1.45135033176907,71.9349200086754,15.9738784796333,2.24905460583578
796,266,0.035,1,0,0.451172821014974,0.515945839908804,1.58466968521676,76.7820235328697,18.7211102378461,14.9968483550237
797,266,0.05,1,0,0.449009158579909,0.512994236075232,1.5485429559076,75.4991940367938,17.9086726622395,12.5892541179417
798,266,0.075,1,0,0.445588761762419,0.507417162686554,1.46818752479985,72.5643203026123,16.2868810196133,2.37684028662488
799,267,0.035,1,0,0.453074968889482,0.508643302324182,1.57387029818864,76.4009019645426,18.4719396201947,14.9968483550237
800,267,0.05,1,0,0.450819999866492,0.506009981383046,1.53670823214724,75.07404489141,17.6548929984904,12.5892541179417
801,267,0.075,1,0,0.44726439015218,0.500969092452568,1.48194878022175,73.0749970438564,16.5489935541744,2.51188643150958
802,268,0.035,1,0,0.449084959407581,0.447613625825971,1.4736225749245,72.7664148062337,16.3897074661607,2.07014134879104
803,268,0.05,1,0,0.447034746401716,0.444550918969505,1.42616590280664,70.984040180361,15.5204407647977,2.10862814993329
804,268,0.075,1,0,0.443782109452478,0.438887724258847,1.34888388203851,67.9947563825021,14.2248328614719,2.14783047413053
805,269,0.035,1,0,0.451248049279384,0.439274913758526,1.48624932397052,73.233901386295,16.6321207339763,2.18776162394955
806,269,0.05,1,0,0.449099814253114,0.436529848320972,1.43581572498494,71.3497270775784,15.692177714512,2.2284351492703
807,269,0.075,1,0,0.445700851662877,0.431381691431487,1.35407169896357,68.1988174419614,14.3077605757305,2.26986485188382
808,270,0.035,1,0,0.453513120348157,0.429191493434372,1.49440824455287,73.5344742140532,16.7914731587972,2.29086765276777
809,270,0.05,1,0,0.451257262605066,0.426718478341077,1.44146403034344,71.5629995134009,15.7938417572708,2.333458062281
810,270,0.075,1,0,0.447698665373915,0.422008425815228,1.35595368255541,68.272723282248,14.3379771380828,2.37684028662488
811,271,0.035,1,0,0.493763375076047,0.704183397281156,1.50424715258268,73.8953767167397,16.986590236278,0.501187233627272
812,271,0.05,1,0,0.497295776408187,0.700899312362014,1.49739606961127,73.6442513025303,16.8503787433241,0.510504999975406
813,271,0.075,1,0,0.503431038310118,0.694765122816572,1.48539620295001,73.2024047121965,16.6155833473126,0.524807460249773
814,272,0.035,1,0,0.491666966419399,0.699458214200358,1.51125652469118,74.151450271357,17.1276317316777,0.492039535681451
815,272,0.05,1,0,0.495160435076049,0.696409367393373,1.50463158825139,73.9094436835653,16.9942812333538,0.501187233627272
816,272,0.075,1,0,0.501228140103373,0.690683093271506,1.49305331322202,73.4846401830947,16.7648585032529,0.515228644581756
817,273,0.035,1,0,0.489593065507171,0.688655940917123,1.51804549280314,74.3986501228064,17.2659081005441,0.487528490103386
818,273,0.05,1,0,0.493047421919608,0.685844671280517,1.51163117058426,74.1651129376474,17.1352191683374,0.492039535681451
819,273,0.075,1,0,0.49904711383483,0.680530079943607,1.50044029015105,73.7559387168578,16.9107053849519,0.505824662003114
820,274,0.035,1,0,0.496804181742143,0.577316544911826,1.49088982782763,73.4050006069595,16.7224873655712,0.515228644581756
821,274,0.05,1,0,0.500449979007318,0.574280585707973,1.4836855433361,73.1392095064112,16.58249321892,0.524807460249773
822,274,0.075,1,0,0.506788789790811,0.568748523759378,1.47103195468692,72.6701517153081,16.3405834905775,0.539510622515128
823,275,0.035,1,0,0.494106904457881,0.562433572160561,1.50001141547121,73.740213887867,16.902187439127,0.501187233627272
824,275,0.05,1,0,0.497700992666558,0.559610258704981,1.49312062329073,73.4871165945521,16.766179225453,0.510504999975406
825,275,0.075,1,0,0.503949941751251,0.554416066715727,1.4810543912187,73.0419084360028,16.5317793554124,0.529663443891658
826,276,0.035,1,0,0.491446814103705,0.545332444279289,1.50875787731978,74.060266080985,17.0771560270018,0.492039535681451
827,276,0.05,1,0,0.494988932259441,0.542668462726611,1.50215088654887,73.8186260875182,16.9447423037514,0.501187233627272
828,276,0.075,1,0,0.501147321449347,0.537718330766809,1.49060341238107,73.3944512415674,16.7168895511312,0.515228644581756
829,277,0.035,1,0,0.500030552597139,0.49006979654463,1.47721317198272,72.8996385748971,16.4581335882087,0.524807460249773
830,277,0.05,1,0,0.503800567834093,0.487328028348977,1.46964043724382,72.6183961036487,16.3142813360352,0.534564359396972
831,277,0.075,1,0,0.510362883843177,0.482392087256837,1.4562880684616,72.1200233580918,16.0648213717044,0.554625712957911
832,278,0.035,1,0,0.496692903453817,0.471457691908019,1.48862340868438,73.3214833661467,16.6782649325174,0.510504999975406
833,278,0.05,1,0,0.500396702185863,0.46882200920476,1.48145915683266,73.0568848040992,16.539566700712,0.519995996533516
834,278,0.075,1,0,0.506843751420906,0.464024299924211,1.46888568512511,72.5903097394607,16.3000396254604,0.539510622515128
835,279,0.035,1,0,0.493412126218025,0.452650692188238,1.49945585626549,73.7198393165104,16.8911626982531,0.496592321450336
836,279,0.05,1,0,0.497049373283939,0.450077382086117,1.49264828129952,73.4697369260557,16.7569143467679,0.505824662003114
837,279,0.075,1,0,0.503380189059842,0.445344441523888,1.48074877693011,73.0305987557873,16.5259030208174,0.524807460249773
838,280,0.035,1,0,0.565084451901333,0.697660939706156,1.58064262122438,76.6401382919522,18.6275337569584,0.524807460249773
839,280,0.05,1,0,0.569315864653387,0.694022583354543,1.57408653330641,76.4085527776662,18.4768738231083,0.539510622515128
840,280,0.075,1,0,0.576665146258066,0.687137024081201,1.56244383604896,75.9954665628593,18.2142843989556,0.55975760149511
841,281,0.035,1,0,0.562925535378628,0.694527197696027,1.58729596475915,76.8744053307151,18.7825698752514,0.515228644581756
842,281,0.05,1,0,0.567138971163714,0.691208711834981,1.58102008740688,76.6534493408968,18.6362711066258,0.524807460249773
843,281,0.075,1,0,0.574460071613806,0.684891624481096,1.56991049522907,76.2606543046967,18.3819696555564,0.544502652842421
844,282,0.035,1,0,0.560762585499597,0.685481247549827,1.5936861976935,77.098694728163,18.9335715252493,0.505824662003114
845,282,0.05,1,0,0.564956257455165,0.682482229476963,1.58738569897138,76.8775597276022,18.7846759230091,14.3218789927354
846,282,0.075,1,0,0.572245873675674,0.676731316140326,1.55889465729506,75.8690757467355,18.135456302527,11.2719745617551
847,283,0.035,1,0,0.569971873571868,0.571028227799,1.56801741740312,76.1935102113725,18.3392145836677,0.544502652842421
848,283,0.05,1,0,0.574362841637197,0.567617291963741,1.56101926254627,75.9447618064958,18.1825771830595,0.554625712957911
849,283,0.075,1,0,0.581996235578211,0.561302815197744,1.54853569562365,75.4989339646984,17.9085152065505,0.580764417521312
850,284,0.035,1,0,0.567189363482838,0.559110822736197,1.57679775243767,76.5044126920729,18.5389283691299,0.529663443891658
851,284,0.05,1,0,0.571556931506469,0.556026259272037,1.57019282874877,76.2706628822161,18.3883603194804,0.539510622515128
852,284,0.075,1,0,0.579153955756477,0.550251661460399,1.55847944081728,75.8542751357298,18.1262705987411,0.55975760149511
853,285,0.035,1,0,0.564399655878764,0.544706782427055,1.58511102418568,76.797556294679,18.731414286706,0.515228644581756
854,285,0.05,1,0,0.568740762401021,0.541886023994123,1.57885074395989,76.576915794538,18.5861509732106,0.524807460249773
855,285,0.075,1,0,0.57629573798869,0.536542419551671,1.56066714714673,75.9322235836054,18.1747539389764,9.46237161365793
856,286,0.035,1,0,0.57522013545327,0.485291852210815,1.55493005893053,75.7276338894618,18.0480559316338,0.55975760149511
857,286,0.05,1,0,0.579787142534294,0.482216860761469,1.54075102763614,75.2195514622743,17.7409439337334,2.24905460583578
858,286,0.075,1,0,0.58773418449215,0.476582253299707,1.45795685718766,72.1824838105466,16.0957143170477,2.31206479017559
859,287,0.035,1,0,0.571770491592394,0.470093854068529,1.5660731033797,76.1244845851891,18.2954734292576,0.539510622515128
860,287,0.05,1,0,0.576308287143953,0.467241645600316,1.55128769925883,75.5974485717365,17.9683576376381,2.44343055269397
861,287,0.075,1,0,0.58421043637318,0.46194658875807,1.46327459941346,72.3811888133516,16.1946955772634,2.48885731828239
862,288,0.035,1,0,0.56830893951417,0.454222329329849,1.57647051540125,76.4928493550498,18.5314199862371,0.524807460249773
863,288,0.05,1,0,0.572812649084961,0.451533745374779,1.55722215104217,75.8094402022139,18.0985020384306,2.5822601906346
864,288,0.075,1,0,0.580660828495668,0.446478887077151,1.46499492590392,72.4453635612154,16.2268940399103,2.63026799189538
865,289,0.035,1,0,0.453896673617844,0.695173220612264,1.56700756335031,76.1576672374679,18.316474397511,17.5388050184176
866,289,0.05,1,0,0.451645489561726,0.691494894481119,1.5417434800484,75.2552279378254,17.762169007705,14.7231250243272
867,289,0.075,1,0,0.448092251037957,0.684463447364996,1.51496423475993,74.2865554811189,17.2029429375251,11.6949939101987
868,290,0.035,1,0,0.455107177962416,0.693215074183185,1.55709148106309,75.8047789450114,18.0956200173924,17.2186857498601
869,290,0.05,1,0,0.452795545006444,0.689923931579481,1.52948604650992,74.8133987906422,17.5027792393527,14.4543977074593
870,290,0.075,1,0,0.44915310123074,0.683596814449104,1.49896306954329,73.7017623152282,16.8813924123476,11.4815362149688
871,291,0.035,1,0,0.456351704521773,0.685518515388095,1.54608244248432,75.4110031411175,17.8554369336766,17.2186857498601
872,291,0.05,1,0,0.453976199777031,0.682609760278752,1.51773675917073,74.3874260412939,17.2595835344705,14.4543977074593
873,291,0.075,1,0,0.450239875566507,0.676974042194594,1.486239882447,73.2335528817649,16.6319375859994,11.4815362149688
874,292,0.035,1,0,0.453079739897954,0.568899654469269,1.59356274576338,77.0943683275066,18.9306344711474,15.2756605823807
875,292,0.05,1,0,0.45088349029417,0.565424072340635,1.55967510671077,75.8968872160746,18.152742459834,12.8233058265602
876,292,0.075,1,0,0.447410425733518,0.558913523758031,1.51797706964036,74.3961627270761,17.2645061156227,10
877,293,0.035,1,0,0.4545565379577,0.559427303955592,1.58418923674176,76.7651105325918,18.709904089402,14.9968483550237
878,293,0.05,1,0,0.452288517423414,0.556376061478673,1.54779826036992,75.47251338616,17.8925337535499,12.4738351424294
879,293,0.075,1,0,0.448709110614415,0.5505867715273,1.50171958326909,73.8028251857504,16.9361509192975,9.72747223776965
880,294,0.035,1,0,0.456083994069132,0.547274930299882,1.57385538387383,76.4003742378446,18.4715993763188,14.9968483550237
881,294,0.05,1,0,0.453739243421547,0.544578193132474,1.53656252757393,75.0687954455616,17.6518038817059,12.4738351424294
882,294,0.075,1,0,0.450046679884379,0.539388920040839,1.48910702756742,73.3393122679099,16.6876872546783,9.72747223776965
883,295,0.035,1,0,0.452266873402442,0.484654323616925,1.58061501977513,76.6391648525823,18.6268951284518,2.31206479017559
884,295,0.05,1,0,0.450123663453522,0.481545632208901,1.52555567877152,74.6711710140376,17.4208465008502,2.35504928389601
885,295,0.075,1,0,0.446728361632855,0.475772664393375,1.43670428039095,71.3833155947448,15.7081142540018,2.42102904673618
886,296,0.035,1,0,0.45399678431122,0.472361944641458,1.59267929452555,77.0633999825369,18.9096392749963,2.48885731828239
887,296,0.05,1,0,0.45177173285021,0.469583636387746,1.53357208823113,74.9609742196653,17.5885884875667,2.53512863049791
888,296,0.075,1,0,0.448254694857216,0.464342916052764,1.43893310797133,71.4675058877326,15.7481817215428,2.6061535499989
889,297,0.035,1,0,0.455796224860919,0.459002765661218,1.59473418780946,77.1354112945371,18.9585362680793,13.0617088813184
890,297,0.05,1,0,0.45348270843233,0.456482947054887,1.53828882453421,75.1309667473792,17.6884578841361,2.67916832481903
891,297,0.075,1,0,0.449834779496461,0.451653583562333,1.43906486169098,71.4724798838725,15.7505544142219,2.75422870333817
892,298,0.035,1,0,0.493703380444312,0.755829449537147,1.49025612389356,73.3816578344694,16.7101056150616,0.501187233627272
893,298,0.05,1,0,0.497377357958342,0.753133910524979,1.48323409208047,73.1225233596427,16.5737761541883,0.510504999975406
894,298,0.075,1,0,0.503769804268777,0.748057367652988,1.47094558654359,72.6669403692527,16.3389492733548,0.529663443891658
895,299,0.035,1,0,0.491893217334094,0.739385639663983,1.49637723620541,73.6068355392907,16.8302586398248,0.496592321450336
896,299,0.05,1,0,0.495527071052106,0.737035667352993,1.48954730619447,73.3555398138092,16.6962718035781,0.505824662003114
897,299,0.075,1,0,0.501849272227929,0.732571062372324,1.4776096704567,72.9143360537496,16.465714123021,0.519995996533516
898,300,0.035,1,0,0.490102356884424,0.718638608056724,1.50236065524334,73.8263098324903,16.9489231181317,0.492039535681451
899,300,0.05,1,0,0.493696208465194,0.716519600022651,1.49570982818575,73.5823156506544,16.8170974267656,0.496592321450336
900,300,0.075,1,0,0.499948279042409,0.712451306752298,1.48409755189143,73.1544346609453,16.5904543532867,0.515228644581756
901,301,0.035,1,0,0.497192917090132,0.607279813331131,1.47692325271265,72.8888900308954,16.4525938003051,0.515228644581756
902,301,0.05,1,0,0.500989793531817,0.60483043391721,1.46954822318625,72.6149651119568,16.3125403929474,0.524807460249773
903,301,0.075,1,0,0.507603059266614,0.600351214443596,1.4566123020746,72.1321628565829,16.0708173864333,0.544502652842421
904,302,0.035,1,0,0.494854767546314,0.58797485462483,1.48489474518832,73.183885214246,16.6058737047988,0.505824662003114
905,302,0.05,1,0,0.498598363831529,0.585676264817945,1.47777628995166,72.9205115049822,16.4689011299945,0.515228644581756
906,302,0.075,1,0,0.505118230303034,0.581414994130747,1.46532369771412,72.4576220168165,16.2330574524534,0.534564359396972
907,303,0.035,1,0,0.492548602304586,0.568218786982264,1.49261429379582,73.4684862152484,16.756247974149,0.496592321450336
908,303,0.05,1,0,0.496239142158198,0.566003804513023,1.48573069821858,73.2147555932993,16.6220646078709,0.505824662003114
909,303,0.075,1,0,0.502665832354685,0.561844115123636,1.47371431213361,72.7698214242024,16.3914507658404,0.519995996533516
910,304,0.035,1,0,0.500887147462087,0.516432180646602,1.4632404599495,72.3799147484437,16.1940574897468,0.529663443891658
911,304,0.05,1,0,0.504818715523665,0.5141498351422,1.4554820754598,72.0898383869534,16.0499292798685,0.539510622515128
912,304,0.075,1,0,0.511674578058301,0.510034395095618,1.44184121748098,71.577221259364,15.8006613693898,0.55975760149511
913,305,0.035,1,0,0.497982307286829,0.495075304287081,1.4731983052084,72.7506578092571,16.3816483391127,0.515228644581756
914,305,0.05,1,0,0.501845665576216,0.492823856945171,1.46578090566273,72.474666097809,16.2416339590259,0.524807460249773
915,305,0.075,1,0,0.508581781278161,0.488703584782437,1.45276802795172,71.9881103694682,15.9999187680681,0.544502652842421
916,306,0.035,1,0,0.495126519383769,0.474993463569668,1.48275293902338,73.1047354326496,16.5644927145253,0.505824662003114
917,306,0.05,1,0,0.498922052543033,0.472739425300728,1.47564103473819,72.8413348815902,16.4281243648899,0.515228644581756
918,306,0.075,1,0,0.505538827322985,0.468563385357131,1.46320370826079,72.3785431736621,16.193370616477,0.529663443891658
919,307,0.035,1,0,0.568285513685041,0.746879760062617,1.56763772503062,76.1800357673362,18.3306590859066,0.529663443891658
920,307,0.05,1,0,0.57273019983308,0.743628877746461,1.56087277792195,75.9395460014406,18.1793219428976,0.539510622515128
921,307,0.075,1,0,0.58045496441826,0.737416192180738,1.54886884038715,75.5108666691927,17.9157424817496,0.564936974812303
922,308,0.035,1,0,0.566305819079862,0.733117474898351,1.57350072376679,76.3878238513056,18.4635115177805,0.519995996533516
923,308,0.05,1,0,0.570727694469308,0.730355876306592,1.56696787961482,76.1562583749556,18.3155817396804,0.529663443891658
924,308,0.075,1,0,0.578415764984628,0.725026759746708,1.55540499569243,75.7445921674718,18.0584899973659,0.549540873857625
925,309,0.035,1,0,0.564325633550595,0.714703597662756,1.57917759907158,76.5884522764584,18.5936879764952,0.515228644581756
926,309,0.05,1,0,0.568723284759427,0.712301434799436,1.57285106251563,76.3648286241091,18.4487116443271,0.524807460249773
927,309,0.075,1,0,0.576371988527186,0.707613174976377,1.55863273132535,75.8597396039455,18.1296609150364,11.2719745617551
928,310,0.035,1,0,0.573640086002823,0.600393671877269,1.55492379507623,75.7274102037499,18.0479183837393,0.544502652842421
929,310,0.05,1,0,0.578250563131755,0.597469657101886,1.54770250760313,75.4690820969061,17.8904602997212,0.55975760149511
930,310,0.075,1,0,0.586269525880559,0.592014574956847,1.53484351002595,75.0068347612491,17.6154221465058,0.580764417521312
931,311,0.035,1,0,0.571081295574395,0.584028325937535,1.56264351423557,76.0025708966033,18.2187359364082,0.534564359396972
932,311,0.05,1,0,0.575662281178795,0.581393608400046,1.55575473572628,75.7570776269823,18.0661798054555,0.544502652842421
933,311,0.075,1,0,0.583634199646063,0.576406334938364,1.54353119077288,75.3194490145369,17.8005030510734,0.570164272280748
934,312,0.035,1,0,0.568521077003366,0.566693732479617,1.57004476017753,76.2654140989558,18.385008303639,0.524807460249773
935,312,0.05,1,0,0.573070120668685,0.564256199587387,1.56344564511763,76.0311029105336,18.2366362754561,0.534564359396972
936,312,0.075,1,0,0.580990347701116,0.559576219599095,1.55178109330974,75.6150969276868,17.9791203834021,0.554625712957911
937,313,0.035,1,0,0.579376161846558,0.510876909235064,1.54169140481307,75.253356373504,17.761054306934,0.564936974812303
938,313,0.05,1,0,0.584169143801055,0.508175549577135,1.53397313130248,74.9754429962561,17.5970457334101,0.580764417521312
939,313,0.075,1,0,0.592511930146931,0.503197219812129,1.52012748745079,74.4742979508307,17.3086503708961,0.608135001278718
940,314,0.035,1,0,0.57619479153705,0.492674253487464,1.55148434127503,75.6044828229049,17.9726458860868,0.549540873857625
941,314,0.05,1,0,0.580951217958827,0.490131070288988,1.54420980909603,75.3438129189296,17.815088975081,0.55975760149511
942,314,0.075,1,0,0.589236329981218,0.485369188083401,1.52799407297584,74.7594406621766,17.4716078940035,2.85759054337495
943,315,0.035,1,0,0.573010201300554,0.475135237446794,1.56074857560197,75.9351233009817,18.1765626147463,0.534564359396972
944,315,0.05,1,0,0.577726122836011,0.472690931499867,1.55386706059918,75.6896639092584,18.0247377675314,0.544502652842421
945,315,0.075,1,0,0.585946046116705,0.468049861764596,1.52674329401209,74.7141755453553,17.4455414528318,3.04789498962798
946,316,0.035,1,0,0.4572278807749,0.740523600525813,1.56618101476049,76.1283172846624,18.297896589705,17.3780082874938
947,316,0.05,1,0,0.454861714109279,0.736979498849428,1.54059848939864,75.2140665311254,17.737685216488,14.7231250243272
948,316,0.075,1,0,0.45113489003903,0.730146781271281,1.51329372457497,74.2257136102414,17.1689502807578,11.6949939101987
949,317,0.035,1,0,0.458213554357961,0.729073247064038,1.55656999996499,75.7861737399408,18.0841257819806,17.2186857498601
950,317,0.05,1,0,0.455795382800802,0.726134283506525,1.52870845618382,74.7852816109886,17.4865226145412,14.4543977074593
951,317,0.075,1,0,0.451992236404858,0.720410284059247,1.49777807239555,73.6582753064355,16.8579316045154,11.4815362149688
952,318,0.035,1,0,0.459223661792921,0.712746103751293,1.54607481583099,75.4107296196839,17.8552723149216,17.2186857498601
953,318,0.05,1,0,0.456750971107278,0.710276168352532,1.51762489804203,74.3833588926294,17.2572928644049,14.4543977074593
954,318,0.075,1,0,0.452868088730865,0.705406589914055,1.48595790075813,73.2231436770153,16.6264689885194,11.4815362149688
955,319,0.035,1,0,0.455946830162859,0.596404799009444,1.5928134740069,77.0681043453489,18.912825444679,15.2756605823807
956,319,0.05,1,0,0.453658076266085,0.593260265350075,1.55861001262671,75.8589297581268,18.1291583819437,12.8233058265602
957,319,0.075,1,0,0.450044389031567,0.58731319368241,1.51630841643702,74.3354765932946,17.2303685924108,10
958,320,0.035,1,0,0.457139125005123,0.582681202739847,1.58371493468454,76.7484100218701,18.6988525238306,14.9968483550237
959,320,0.05,1,0,0.454789640395095,0.579955500357508,1.54705652477653,75.445929221905,17.8764820280182,12.4738351424294
960,320,0.075,1,0,0.451086344816317,0.574717530080107,1.50047427043746,73.7571844766574,16.9113805406195,9.72747223776965
961,321,0.035,1,0,0.458367244135009,0.567540289091268,1.57385966133962,76.4005255916788,18.4716969581092,14.9968483550237
962,321,0.05,1,0,0.455953476000553,0.565120541833738,1.53645263986573,75.0648361656527,17.6494746848795,12.4738351424294
963,321,0.075,1,0,0.452155708388263,0.560394222295435,1.48874557852672,73.3259876209379,16.6806444431791,9.72747223776965
964,322,0.035,1,0,0.454695462243348,0.508441600525576,1.60091874564481,77.3517070284893,19.1070398617935,0.591561634175474
965,322,0.05,1,0,0.452479717778113,0.505576262010311,1.57183621732347,76.3288929193309,18.4256321592555,11.0662378397767
966,322,0.075,1,0,0.448973327626801,0.500212954382541,1.49881940436342,73.6964914096348,16.8785455702342,2.75422870333817
967,323,0.035,1,0,0.456081106102475,0.493122182021094,1.60408158763987,77.4620708064281,19.1837782902181,13.0617088813184
968,323,0.05,1,0,0.45379715678664,0.490542558545667,1.56005552688476,75.9104397490908,18.1611781127431,10.7646521362983
969,323,0.075,1,0,0.450189622404581,0.485625375272425,1.49495619909752,73.5546186512689,16.8022538498456,3.04789498962798
970,324,0.035,1,0,0.457515234405034,0.477905443418544,1.5947391717641,77.1355858636881,18.9586551303432,13.0617088813184
971,324,0.05,1,0,0.455158442203239,0.475527990443501,1.54979971965206,75.5441990531052,17.9359617932938,10.7646521362983
972,324,0.075,1,0,0.451443364768633,0.47091895971085,1.48677419926735,73.2532730505903,16.6423068549478,8.01678063387679
973,325,0.035,1,0,0.440872159919623,0.598607497040479,1.47315361205228,72.7489977596348,16.3807997001811,0.474241985260245
974,325,0.05,1,0,0.443556764257156,0.595144472329529,1.46654389075548,72.5031008558685,16.2559602031666,0.483058802039773
975,325,0.075,1,0,0.448192924719995,0.58885525180904,1.45504096631396,72.0733136559493,16.0417868991778,0.496592321450336
976,326,0.035,1,0,0.438689009805676,0.597088817179074,1.4812265086846,73.0482771537185,16.5350901168244,0.465586093522959
977,326,0.05,1,0,0.44133695408033,0.593746964460815,1.4748566421944,72.8122288134949,16.4131803080714,0.474241985260245
978,326,0.075,1,0,0.445909383295804,0.587652867310881,1.46379524354635,72.4006163807734,16.2044309880027,0.487528490103386
979,327,0.035,1,0,0.436541220718167,0.593126336006609,1.48900658549944,73.3356097503043,16.6857297208009,0.457088189614875
980,327,0.05,1,0,0.439152826327796,0.589906511693303,1.48285217870766,73.1084045967807,16.5664068578405,0.465586093522959
981,327,0.075,1,0,0.443662010997707,0.584010339756835,1.47219310095288,72.7133126808496,16.3625761435457,0.478630092322638
982,328,0.035,1,0,0.441321830594022,0.507672548359249,1.46128701480761,72.3069787824741,16.1576033829753,0.483058802039773
983,328,0.05,1,0,0.444049672297727,0.504265197322385,1.4544512300948,72.0512156734259,16.0309096965454,0.492039535681451
984,328,0.075,1,0,0.448763233545675,0.49820437738635,1.44252820726012,71.6031174985016,15.813092196824,0.505824662003114
985,329,0.035,1,0,0.438563497942978,0.497526811020008,1.47166611571361,72.6937270785041,16.3525897183932,0.469894108605215
986,329,0.05,1,0,0.44124373324986,0.494262245075402,1.46513940612411,72.4507508301724,16.2296021840927,0.478630092322638
987,329,0.075,1,0,0.445874407599928,0.488427232148551,1.45380343814026,72.0269351414337,16.0189731086341,0.492039535681451
988,330,0.035,1,0,0.435862051510278,0.485135107548277,1.48154525142265,73.0600699386005,16.5412237543719,0.461317574560379
989,330,0.05,1,0,0.438495275068393,0.482004964568328,1.47531610567723,72.8292792220165,16.4219315939787,0.469894108605215
990,330,0.075,1,0,0.443043988309581,0.476380025746075,1.46449129547967,72.4265816704203,16.2174587993293,0.478630092322638
991,331,0.035,1,0,0.441800054376926,0.434968400864278,1.44935347084738,71.8599392149741,15.9372958930689,0.492039535681451
992,331,0.05,1,0,0.444573515441831,0.431848441624453,1.44228360093507,71.5938979738703,15.8086646644781,0.501187233627272
993,331,0.075,1,0,0.449368862274317,0.426362276026304,1.39619501931402,69.8375945958054,15.0019185921124,1.85353162341481
994,332,0.035,1,0,0.438452359963298,0.419752004201077,1.46214521003966,72.339029659418,16.1736047705964,0.474241985260245
995,332,0.05,1,0,0.441166382057975,0.416742650095521,1.45546681657829,72.089266820091,16.0496475252473,0.483058802039773
996,332,0.075,1,0,0.445858075079544,0.411419924219058,1.41405233040865,70.5226205240723,15.3082268466793,1.95884467350599
997,333,0.035,1,0,0.435189127043258,0.403370161592291,1.4741978912859,72.7877764410627,16.4006445770366,0.465586093522959
998,333,0.05,1,0,0.437844713223836,0.400448680071046,1.46786901739967,72.552460798126,16.2808827959636,0.469894108605215
999,333,0.075,1,0,0.44243434883926,0.395248530894709,1.42659775632251,71.0004412852241,15.5280747641256,2.07014134879104
1000,334,0.035,1,0,0.504835119692509,0.592754550721746,1.55260347150782,75.6445034423711,17.9970825183475,0.501187233627272
1001,334,0.05,1,0,0.508117916814102,0.588870916989935,1.5462270079084,75.4161876282571,17.8585577861335,0.510504999975406
1002,334,0.075,1,0,0.51379563298749,0.581722228636384,1.53498569529086,75.0119616732828,17.6184269582115,0.529663443891658
1003,335,0.035,1,0,0.50251289531223,0.592635215444783,1.56037088648222,75.9216725927941,18.1681759232346,0.487528490103386
1004,335,0.05,1,0,0.505771395959729,0.588926797468571,1.55428921360754,75.7047454286774,18.0339923851295,0.496592321450336
1005,335,0.075,1,0,0.511408336037968,0.58206951528853,1.543607455805,75.322187497401,17.8021413154873,0.515228644581756
1006,336,0.035,1,0,0.500204629139742,0.590056162922266,1.56776529094594,76.1845630771338,18.3335327547423,0.478630092322638
1007,336,0.05,1,0,0.503437738482795,0.586523611969733,1.56194684913491,75.9777813180491,18.2032125236819,0.487528490103386
1008,336,0.075,1,0,0.509031839771685,0.579960895326917,1.55176362690304,75.6144722386831,17.9787391998878,0.501187233627272
1009,337,0.035,1,0,0.506488646223682,0.500130470706046,1.5413807770118,75.242191548472,17.7544074273576,0.510504999975406
1010,337,0.05,1,0,0.509850795860998,0.496263225678461,1.52668383602178,74.7120231079518,17.4443038243959,1.95884467350599
1011,337,0.075,1,0,0.515670423328659,0.489292882455425,1.45372235659391,72.0238955168592,16.0174798927324,1.99526231496888
1012,338,0.035,1,0,0.503533801501108,0.492310151078122,1.55145358817308,75.6033827713599,17.9719751329629,0.496592321450336
1013,338,0.05,1,0,0.506863608041064,0.488654516301694,1.54518347375353,75.3787556747296,17.8360495853824,0.505824662003114
1014,338,0.075,1,0,0.512628830049291,0.48202744187884,1.4800122028789,73.0033340188745,16.5117522987141,2.10862814993329
1015,339,0.035,1,0,0.500602207245436,0.482239978595462,1.56092086539453,75.9412582689827,18.1803904570523,0.483058802039773
1016,339,0.05,1,0,0.50389794207059,0.478788374118114,1.55499658398102,75.7300094940259,18.0495168588572,0.492039535681451
1017,339,0.075,1,0,0.509605483049515,0.472491117882656,1.50348250751091,73.8673897040712,16.9713080000212,2.2284351492703
1018,340,0.035,1,0,0.508248413765794,0.427835196471659,1.4663560196242,72.4961002765035,16.2524310195269,1.90546071796325
1019,340,0.05,1,0,0.511695762477733,0.424281724357126,1.42429842752889,70.9130779075092,15.4874838143992,1.92309172891016
1020,340,0.075,1,0,0.517667986401171,0.417946135760391,1.35666874791248,68.3007870993886,14.3494767161999,1.94088587759278
1021,341,0.035,1,0,0.50463494686234,0.415595870028195,1.48930903169865,73.3467580492597,16.6916251451258,2.01372424986239
1022,341,0.05,1,0,0.508040878133325,0.412227925259917,1.44478762915791,71.6882274191026,15.8540663732491,2.03235701093622
1023,341,0.075,1,0,0.513943271034756,0.406181263036662,1.37343821195275,68.9562602428086,14.6221770970493,2.05116217882557
1024,342,0.035,1,0,0.501057239286148,0.402049165345061,1.50723597786419,74.004673058254,17.0465199222806,2.10862814993329
1025,342,0.05,1,0,0.504419237395632,0.398842440580225,1.46034943392932,72.2719481231223,16.1401464018996,2.12813904598271
1026,342,0.075,1,0,0.510247001790719,0.393041924840929,1.38549194217721,69.4242508800909,14.8218840492352,2.14783047413053
1027,343,0.035,1,0,0.556316749882105,0.591590579562937,1.61209730288105,77.7410080896494,19.3807328310593,0.519995996533516
1028,343,0.05,1,0,0.559987760001198,0.587567957196269,1.60605105763173,77.5307072050932,19.231838653642,0.529663443891658
1029,343,0.075,1,0,0.566338392180645,0.580074230778809,1.55260618662589,75.6446005098837,17.9971418689079,2.12813904598271
1030,344,0.035,1,0,0.554156681400585,0.592477025189021,1.61406065139674,77.8091639100196,19.42952754289,19.2309172891016
1031,344,0.05,1,0,0.557822756914263,0.588673915181825,1.59898330161956,77.2840878660242,19.0603474914449,16.2929603263972
1032,344,0.075,1,0,0.564167541738935,0.581554547937871,1.58605040374677,76.8306063023917,18.7533785231617,2.2284351492703
1033,345,0.035,1,0,0.551986030675457,0.590903829932587,1.60343932797536,77.4396736660283,19.1681514452609,19.2309172891016
1034,345,0.05,1,0,0.555645332378768,0.587320103906606,1.58765661791685,76.8870824148804,18.7910368079765,16.2929603263972
1035,345,0.075,1,0,0.561980987765097,0.580577289256304,1.57430703096019,76.4163535795782,18.481907564281,13.0617088813184
1036,346,0.035,1,0,0.559108378775782,0.497503717293712,1.56173639886419,75.9702911746639,18.1985274322429,2.01372424986239
1037,346,0.05,1,0,0.562885764248015,0.493453089012113,1.51382943290705,74.2452300415809,17.179840266181,2.05116217882557
1038,346,0.075,1,0,0.569425399519501,0.486071170269183,1.43613061182542,71.3616318156991,15.6978229139685,2.08929613085404
1039,347,0.035,1,0,0.556353406225776,0.491513446941635,1.59475191438185,77.1360321876443,18.9589590347515,2.12813904598271
1040,347,0.05,1,0,0.560123958396253,0.487732672649645,1.54379939616454,75.3290791393271,17.8062654804802,2.14783047413053
1041,347,0.075,1,0,0.566655409061213,0.480796372081017,1.46148471623287,72.3143634669132,16.1612876944673,2.2080047330189
1042,348,0.035,1,0,0.553581518063515,0.483293942343386,1.62009526937737,78.0182410441418,19.5809059690375,0.496592321450336
1043,348,0.05,1,0,0.557342188470744,0.479776499465635,1.57129537031569,76.30973426852,18.4133519437392,2.24905460583578
1044,348,0.075,1,0,0.563859994581327,0.47327519108276,1.4843096664765,73.1622718649502,16.5945551006112,2.31206479017559
1045,349,0.035,1,0,0.562083976735736,0.425622517984179,1.45286703368981,71.9918236138695,16.0017394281157,1.97696964011186
1046,349,0.05,1,0,0.565975944666849,0.421900645826586,1.4084603544416,70.3087248766225,15.2114878017191,1.99526231496888
1047,349,0.075,1,0,0.572719310269955,0.415189619913334,1.33670353187616,67.5137144380591,14.0321987247861,2.01372424986239
1048,350,0.035,1,0,0.558706883756811,0.415794810429521,1.47516291295008,72.8235947495667,16.4190130477412,2.07014134879104
1049,350,0.05,1,0,0.562589831801763,0.412323021454095,1.42818044581373,71.0605206794993,15.5560934158975,2.08929613085404
1050,350,0.075,1,0,0.569322345116094,0.406011350263768,1.35248484427949,68.136451170972,14.2823377047716,2.12813904598271
1051,351,0.035,1,0,0.55530477254767,0.404570298407709,1.49288390993044,73.4784072960593,16.7615352256726,2.16770410481969
1052,351,0.05,1,0,0.559174024058442,0.401324566060844,1.44348616062691,71.6392136846641,15.830447461301,2.18776162394955
1053,351,0.075,1,0,0.565887276387934,0.395371063877998,1.36418474982811,68.5952002774296,14.4709779486702,2.2080047330189
1054,352,0.035,1,0,0.435836354766502,0.696489053311792,1.45024902960133,71.8935756482932,15.9536887553488,0.474241985260245
1055,352,0.05,1,0,0.438594582242209,0.693141173841966,1.44349047983288,71.6393763974604,15.8305257691537,0.483058802039773
1056,352,0.075,1,0,0.44336627095271,0.687014393223719,1.43175093179685,71.1958923887455,15.6195405603898,0.496592321450336
1057,353,0.035,1,0,0.434023625638447,0.690808383016618,1.4570756298388,72.149506871993,16.0793908885824,0.469894108605215
1058,353,0.05,1,0,0.436745224241315,0.687640140439354,1.45048619240102,71.9024808863278,15.9580336893816,0.474241985260245
1059,353,0.075,1,0,0.441452698276017,0.681824662678702,1.4390749831021,71.4728619768175,15.7507367053909,0.487528490103386
1060,354,0.035,1,0,0.432239853503246,0.679955940466755,1.46370210285798,72.3971412380383,16.2026887840674,0.461317574560379
1061,354,0.05,1,0,0.434925415745671,0.676992863001393,1.45730144590191,72.1579585887993,16.0835716661405,0.469894108605215
1062,354,0.075,1,0,0.439569681905674,0.671534242856202,1.44619436774682,71.7411716168563,15.8796480013207,0.478630092322638
1063,355,0.035,1,0,0.436688073477126,0.571988208974088,1.43874510908765,71.4604079735253,15.7447969425367,0.483058802039773
1064,355,0.05,1,0,0.439493370763604,0.569015445940098,1.4317608369994,71.1962676174032,15.6197170366634,0.487528490103386
1065,355,0.075,1,0,0.444349282028956,0.563721904794345,1.41961418427535,70.7348054458072,15.4052063965443,0.501187233627272
1066,356,0.035,1,0,0.434392144383551,0.55630735315851,1.44748926856018,71.7898754247453,15.9032441041314,0.474241985260245
1067,356,0.05,1,0,0.437150034102978,0.553507684664804,1.4407467972867,71.5359494015772,15.7808846883816,0.478630092322638
1068,356,0.075,1,0,0.441922733482402,0.548492184956695,1.42903714117886,71.0930223539855,15.5712866174258,0.492039535681451
1069,357,0.035,1,0,0.432142736628199,0.538669980128711,1.45593641726908,72.106855211786,16.0583217319775,0.465586093522959
1070,357,0.05,1,0,0.434854216084474,0.536007711394812,1.44942173420383,71.8625036331971,15.9385446386183,0.469894108605215
1071,357,0.075,1,0,0.439545406160772,0.531204812256494,1.43811222439147,71.4365087071908,15.733409295882,0.483058802039773
1072,358,0.035,1,0,0.437572348556104,0.485414132000212,1.42713505500293,71.0208423543499,15.5375794345034,0.487528490103386
1073,358,0.05,1,0,0.440427304089833,0.482763471930879,1.41991313673156,70.7461947317577,15.4104408990833,0.496592321450336
1074,358,0.075,1,0,0.445372211447558,0.478107191564548,1.40735733589278,70.2664673589012,15.1924953654115,0.510504999975406
1075,359,0.035,1,0,0.434779102597713,0.466126040324054,1.43789540395914,71.4283193910322,15.7295104615046,0.478630092322638
1076,359,0.05,1,0,0.437575059866143,0.463563921365034,1.43099196044007,71.1671358211356,15.6060259558247,0.487528490103386
1077,359,0.075,1,0,0.442416275816763,0.459027458293887,1.41899662868602,70.7112731465385,15.3944004027292,0.496592321450336
1078,360,0.035,1,0,0.43205483723816,0.446521703060644,1.44822088100438,71.8173795916926,15.9165963201404,0.469894108605215
1079,360,0.05,1,0,0.434793347314028,0.444013395135379,1.44158614041569,71.5676039214464,15.7960491071552,0.474241985260245
1080,360,0.075,1,0,0.439533532399192,0.439535049186681,1.43008806073061,71.1328746041437,15.5899502918731,0.487528490103386
1081,361,0.035,1,0,0.503689649460928,0.685674466919326,1.5312198196398,74.8760529669622,17.5391102319825,0.501187233627272
1082,361,0.05,1,0,0.507160978065256,0.681713024309785,1.52462326071077,74.6373901210584,17.4014955123397,0.510504999975406
1083,361,0.075,1,0,0.51317579756375,0.674373399562181,1.5130402875498,74.2164788734181,17.1638019603224,0.529663443891658
1084,362,0.035,1,0,0.501613311759176,0.681410962291594,1.53783344128782,75.1145714936702,17.6787773005156,0.492039535681451
1085,362,0.05,1,0,0.50505527664179,0.6776975915919,1.53146774197566,74.8850079694263,17.5443149305112,0.501187233627272
1086,362,0.075,1,0,0.511020111778876,0.67079365039239,1.52031645935318,74.4811603587193,17.3125377879462,0.515228644581756
1087,363,0.035,1,0,0.499553460207606,0.672196898104726,1.54422318239786,75.3442929698037,17.8153766050266,0.483058802039773
1088,363,0.05,1,0,0.50296544405484,0.668759784294243,1.53806671493745,75.1229705420535,17.6837352190777,0.492039535681451
1089,363,0.075,1,0,0.508879063440331,0.66234200175929,1.52730841160819,74.7346302739124,17.4573111998548,0.505824662003114
1090,364,0.035,1,0,0.505745299781303,0.561447966295494,1.52018950071871,74.4765499964954,17.3099259250095,0.510504999975406
1091,364,0.05,1,0,0.509300210008559,0.557875865298061,1.51330177990248,74.2260071117524,17.1691139545673,0.519995996533516
1092,364,0.075,1,0,0.51546460486647,0.551416930222974,1.50116806490478,73.7826154068073,16.9251741875318,0.539510622515128
1093,365,0.035,1,0,0.503099368472183,0.548404312638571,1.52876224123418,74.787226784376,17.4876463185366,0.501187233627272
1094,365,0.05,1,0,0.50661570477206,0.545096441906733,1.52218796227133,74.549089204877,17.3511088307779,0.510504999975406
1095,365,0.075,1,0,0.512714347464473,0.539073965810708,1.51064432680553,74.1291192091269,17.1152440912406,0.524807460249773
1096,366,0.035,1,0,0.500480352657465,0.533271229771973,1.53695260666053,75.0828483892705,17.6600759357441,0.487528490103386
1097,366,0.05,1,0,0.503957140694141,0.530188913301381,1.53065397846438,74.8556106605156,17.5272403154412,0.496592321450336
1098,366,0.075,1,0,0.50998807279715,0.524533350665336,1.51964356584652,74.456721762541,17.2987014493975,0.510504999975406
1099,367,0.035,1,0,0.507914339348007,0.476189561996792,1.50896242455745,74.0677348273458,17.0812798184242,0.519995996533516
1100,367,0.05,1,0,0.511559122986092,0.472994881576185,1.50176701317097,73.8045629520201,16.9370953912594,0.534564359396972
1101,367,0.075,1,0,0.517884605128547,0.467286946857913,1.48575783933722,73.2157576634237,16.6225906583002,2.14783047413053
1102,368,0.035,1,0,0.504673716632094,0.459930998848442,1.51962337784248,74.4559884387079,17.2982865932751,0.505824662003114
1103,368,0.05,1,0,0.508269726355214,0.456917880619043,1.51283515688296,74.2090034987584,17.1596366251868,0.515228644581756
1104,368,0.075,1,0,0.514511950466709,0.451488501873894,1.50090298483627,73.7728999373014,16.9199020681277,0.534564359396972
1105,369,0.035,1,0,0.501473704679465,0.443063675757748,1.52970333759729,74.8212540146692,17.5073261787631,0.492039535681451
1106,369,0.05,1,0,0.505019524193916,0.440189239967932,1.52326595723657,74.588188758748,17.3733852461697,0.501187233627272
1107,369,0.075,1,0,0.511175618734593,0.434963052920556,1.51200298868826,74.1786700453389,17.1427542919457,0.519995996533516
1108,370,0.035,1,0,0.558389897790814,0.67856672561545,1.59232151991675,77.050854820581,18.9011482555834,0.519995996533516
1109,370,0.05,1,0,0.562291500042045,0.674248381407212,1.58602133210072,76.8295837069665,18.7526981195998,0.529663443891658
1110,370,0.075,1,0,0.569044635370317,0.66616844263334,1.57484014974781,76.4352108891437,18.4940876304591,0.549540873857625
1111,371,0.035,1,0,0.556377184449594,0.675410870299715,1.59861117158178,77.2710793337924,19.0513928591026,0.510504999975406
1112,371,0.05,1,0,0.560268480748445,0.671397399693084,1.59257147391817,77.0596195448731,18.9070796863412,0.519995996533516
1113,371,0.075,1,0,0.567006672477306,0.66386012418249,1.58189489012543,76.684289177164,18.6565472422647,0.539510622515128
1114,372,0.035,1,0,0.554360006410487,0.66751775927197,1.60340250899716,77.4383894868563,19.1672562840967,19.2309172891016
1115,372,0.05,1,0,0.558239403575246,0.663838635931403,1.5875226990155,76.8823753786938,18.7878920743181,16.2929603263972
1116,372,0.075,1,0,0.564959750964696,0.656896571577649,1.57398036539607,76.404796453877,18.474450934434,13.0617088813184
1117,373,0.035,1,0,0.561552204995801,0.554727580669552,1.58191325600102,76.6849364974404,18.6569733270718,0.529663443891658
1118,373,0.05,1,0,0.565562318756443,0.550800185483516,1.57526313817612,76.4501692262764,18.5037611462213,0.544502652842421
1119,373,0.075,1,0,0.572507917224386,0.543616235628345,1.56131647218218,75.9553432633066,18.1891848224316,2.333458062281
1120,374,0.035,1,0,0.558983719454959,0.543920206573115,1.59012812535903,76.9738968758312,18.8492365991535,0.519995996533516
1121,374,0.05,1,0,0.562980375849538,0.540335499618788,1.58384675138264,76.7530517678281,18.7019228267208,0.529663443891658
1122,374,0.075,1,0,0.569906591875962,0.53372681335762,1.57272082342603,76.3602178442974,18.4457470646863,0.549540873857625
1123,375,0.035,1,0,0.556407877608745,0.530941093715457,1.59790273899578,77.2463081628265,19.0343660844263,0.505824662003114
1124,375,0.05,1,0,0.560388432182442,0.527660049571279,1.59194311371837,77.0375838436089,18.892174774609,0.515228644581756
1125,375,0.075,1,0,0.567290435620334,0.521558012767102,1.57656614894352,76.4962288782001,18.5336137480482,11.3762728582343
1126,376,0.035,1,0,0.564906612122255,0.470814950945701,1.57122214414909,76.307139960321,18.4116903531732,0.544502652842421
1127,376,0.05,1,0,0.569033661238569,0.467307927177478,1.5410546487788,75.2304677903292,17.7474330821142,2.2080047330189
1128,376,0.075,1,0,0.576186745451008,0.460961953405274,1.45907442829755,72.2242852199695,16.1164478799763,2.24905460583578
1129,377,0.035,1,0,0.561756278585481,0.457186072232732,1.58154505747343,76.6719579352722,18.6484343462785,0.524807460249773
1130,377,0.05,1,0,0.565866476904475,0.453944741416827,1.56263177268837,76.0021531641076,18.2184741262017,2.35504928389601
1131,377,0.075,1,0,0.572995503350255,0.448023074283404,1.47556537239984,72.8385277916967,16.4266820375386,2.39883291901949
1132,378,0.035,1,0,0.558594712227988,0.442715458803134,1.59116882950852,77.0104215137535,18.8738364511773,0.510504999975406
1133,378,0.05,1,0,0.562683995363659,0.439692442971254,1.57943914163593,76.5976822051083,18.5997226489287,2.48885731828239
1134,378,0.075,1,0,0.569781515038079,0.434113147162743,1.48770269580448,73.2875293134594,16.6603477297413,2.51188643150958
1135,379,0.035,1,0,0.431352310690131,0.752424128885837,1.43359158906522,71.2655899199163,15.6523788522416,0.474241985260245
1136,379,0.05,1,0,0.434145171999294,0.749836073430889,1.42672753676586,71.0053694843025,15.5303698659887,0.478630092322638
1137,379,0.075,1,0,0.438982913239661,0.745081371375635,1.41481773061901,70.5518536064085,15.3215273779115,0.492039535681451
1138,380,0.035,1,0,0.429855495608534,0.73503556516467,1.43951083186285,71.4893139448564,15.7585891506756,0.469894108605215
1139,380,0.05,1,0,0.432613907067407,0.732726091646375,1.43278320902827,71.2349876307389,15.6379459744158,0.474241985260245
1140,380,0.075,1,0,0.437390870215281,0.728466706994001,1.42114479614105,70.7931007000386,15.4320302737805,0.487528490103386
1141,381,0.035,1,0,0.428380942953011,0.714195741572598,1.44530618270413,71.7077478830567,15.8634899661806,0.461317574560379
1142,381,0.05,1,0,0.431105544632032,0.712084672225514,1.4387170070941,71.4593469259668,15.7442910687148,0.469894108605215
1143,381,0.075,1,0,0.435822852644971,0.708167224392538,1.42733953455285,71.028605019907,15.5411985736095,0.478630092322638
1144,382,0.035,1,0,0.432523866156469,0.604930290180257,1.42235548296863,70.8391813801249,15.453289253697,0.478630092322638
1145,382,0.05,1,0,0.435367958659287,0.60263443856519,1.41525976576117,70.5687315377501,15.3292152894725,0.487528490103386
1146,382,0.075,1,0,0.44029736340789,0.59855676406506,1.40296574737955,70.0980044614853,15.1171665968525,0.501187233627272
1147,383,0.035,1,0,0.430622823472034,0.585089546967465,1.42992276907576,71.1266078404585,15.5870129148523,0.474241985260245
1148,383,0.05,1,0,0.433422303139691,0.582911121743493,1.42303864795222,70.8651721074836,15.4653015963573,0.478630092322638
1149,383,0.075,1,0,0.438272912911381,0.579004487649305,1.41108533438894,70.4092017334254,15.2568042920346,0.492039535681451
1150,384,0.035,1,0,0.428757645489256,0.564783402560787,1.43731098327158,71.4062416072786,15.719007752739,0.465586093522959
1151,384,0.05,1,0,0.431513573749062,0.562674743325668,1.43059180007536,71.1519700378239,15.5989065635384,0.474241985260245
1152,384,0.075,1,0,0.436287255135019,0.558852701065992,1.41898248360455,70.710734059988,15.394153003673,0.487528490103386
1153,385,0.035,1,0,0.433732785981041,0.514536651199967,1.41097520206601,70.4049886734803,15.2548996623464,0.487528490103386
1154,385,0.05,1,0,0.436630883186426,0.512419417738335,1.40366503792955,70.124852793394,15.1291308327584,0.496592321450336
1155,385,0.075,1,0,0.441657072453904,0.508714878816194,1.390971114843,69.6361109213721,14.9137239885265,0.510504999975406
1156,386,0.035,1,0,0.431413622737233,0.492811635963976,1.42029205690947,70.7606282638038,15.417078814985,0.478630092322638
1157,386,0.05,1,0,0.434256172034486,0.49072150018611,1.41322464890377,70.4909968481198,15.293860225865,0.487528490103386
1158,386,0.075,1,0,0.439184135535242,0.487019853456651,1.40097649658636,70.0215815384105,15.0831953566692,0.501187233627272
1159,387,0.035,1,0,0.429147778830314,0.471936682817191,1.42931888829395,71.103708518688,15.5762874585967,0.469894108605215
1160,387,0.05,1,0,0.431936407154949,0.469843823278826,1.42247197925201,70.8436140258718,15.4553368154089,0.478630092322638
1161,387,0.075,1,0,0.436769013247088,0.466094245378738,1.41063418005062,70.3919416512651,15.2490038915261,0.492039535681451
1162,388,0.035,1,0,0.502235617374216,0.741188277392475,1.51553179673411,74.3072155998736,17.2145150345274,0.501187233627272
1163,388,0.05,1,0,0.505853455589816,0.737889092416155,1.50878076915963,74.0611019798891,17.0776174664292,0.510504999975406
1164,388,0.075,1,0,0.512133789905885,0.731730049565939,1.49695064120126,73.6278955846558,16.8415780519141,0.524807460249773
1165,389,0.035,1,0,0.500393449550881,0.726167875607458,1.52131406249075,74.5173773996209,17.3330818362139,0.496592321450336
1166,389,0.05,1,0,0.503978778659903,0.723265436576889,1.51474778614464,74.2786749356907,17.1985328122861,0.501187233627272
1167,389,0.075,1,0,0.510203101456891,0.717819487594597,1.50326186821533,73.8593121052965,16.9669020471061,0.519995996533516
1168,390,0.035,1,0,0.498567564046311,0.707452411167828,1.52692466713461,74.7207410484651,17.449317597883,0.487528490103386
1169,390,0.05,1,0,0.502120136921091,0.704858771446875,1.52053960020321,74.4892627882546,17.317129811705,0.496592321450336
1170,390,0.075,1,0,0.508287886899578,0.699960190573137,1.50938043883718,74.0829957296622,17.0897118266517,0.510504999975406
1171,391,0.035,1,0,0.504641228477419,0.595361737242578,1.504647418248,73.9100228666292,16.9945980371653,0.510504999975406
1172,391,0.05,1,0,0.508348081791672,0.592451318227055,1.49760740976554,73.6520102943793,16.8545566989431,0.519995996533516
1173,391,0.075,1,0,0.514787820614363,0.587174486861289,1.48524002071841,73.1966371725637,16.612558352624,0.539510622515128
1174,392,0.035,1,0,0.502288345482475,0.578033730487134,1.51211766784616,74.1828509492819,17.1450793333875,0.501187233627272
1175,392,0.05,1,0,0.50595269073384,0.575347484502585,1.50533170356384,73.9350550778827,17.0083008742088,0.510504999975406
1176,392,0.075,1,0,0.512319122553314,0.570430841531936,1.4934474161375,73.4991385271235,16.7725935119662,0.529663443891658
1177,393,0.035,1,0,0.499961938587287,0.559921341563056,1.51933242617454,74.4454189053432,17.2923093139149,0.492039535681451
1178,393,0.05,1,0,0.503583387367311,0.557397289781898,1.5127783814112,74.2069343558506,17.1584840227225,0.501187233627272
1179,393,0.075,1,0,0.509875616748018,0.552729048801441,1.5013258090437,73.7883963123037,16.9283126664477,0.515228644581756
1180,394,0.035,1,0,0.507167670948376,0.505945290726858,1.49354187664454,73.5026131539267,16.7744482409114,0.519995996533516
1181,394,0.05,1,0,0.510970253982887,0.503272114186899,1.48619930066149,73.2320549132001,16.6311504075956,0.529663443891658
1182,394,0.075,1,0,0.517581703890334,0.498491510484338,1.47326129637991,72.752997446712,16.3828445266346,0.549540873857625
1183,395,0.035,1,0,0.504279347891169,0.486933695479011,1.50282122929442,73.8431777640916,16.9581079388137,0.510504999975406
1184,395,0.05,1,0,0.508028428896661,0.484384832135684,1.49580652596455,73.5858687144826,16.8190033725874,0.519995996533516
1185,395,0.075,1,0,0.514547519609559,0.479774342448371,1.48350067702618,73.1323770752143,16.578922853859,0.534564359396972
1186,396,0.035,1,0,0.50143081170847,0.468391187062125,1.51171298793921,74.1680963428383,17.1368768236259,0.501187233627272
1187,396,0.05,1,0,0.505125830504509,0.465921742913673,1.50499430688737,73.9227136160735,17.0015424611198,0.505824662003114
1188,396,0.075,1,0,0.511551247416869,0.461403988544213,1.49323207103239,73.4912167038631,16.768366323168,0.524807460249773
1189,397,0.035,1,0,0.559794203567384,0.731949918871451,1.57771828730346,76.5369310974034,18.560077330844,0.519995996533516
1190,397,0.05,1,0,0.563902537668568,0.728111601181935,1.57123257965932,76.3075096825655,18.4119271323046,0.529663443891658
1191,397,0.075,1,0,0.57102030973911,0.720866730418794,1.5597424227426,75.8992855431567,18.1542346985311,0.549540873857625
1192,398,0.035,1,0,0.557926206506825,0.719061531981939,1.58324243170776,76.7317690244221,18.6878539384399,0.510504999975406
1193,398,0.05,1,0,0.562019208561803,0.71572115028464,1.57697000065503,76.5104985629726,18.5428826236847,0.524807460249773
1194,398,0.075,1,0,0.569113288935898,0.70937764089708,1.5658933280707,76.1180990414355,18.2914377324787,0.539510622515128
1195,399,0.035,1,0,0.556057735271899,0.702324464661691,1.58857987049871,76.9195249214693,18.8127416030884,0.505824662003114
1196,399,0.05,1,0,0.560134094302703,0.699394136086143,1.5825083359541,76.7059074461978,18.6707880230736,0.515228644581756
1197,399,0.075,1,0,0.56720204045494,0.693788951470978,1.57181772353403,76.3282378891774,18.425212022684,0.529663443891658
1198,400,0.035,1,0,0.56330110170505,0.588138635040635,1.56736323595952,76.1702932091012,18.3244782146271,0.534564359396972
1199,400,0.05,1,0,0.567521637581992,0.584778558770846,1.56052973655682,75.9273300482919,18.1717024632793,0.544502652842421
1200,400,0.075,1,0,0.57483803571812,0.578595662634532,1.54839629455469,75.4939402736447,17.9054924073744,0.564936974812303
1201,401,0.035,1,0,0.560913817351528,0.57314593649039,1.57456616673038,76.4255202585881,18.4878263116939,0.519995996533516
1202,401,0.05,1,0,0.565114625020058,0.570114027511678,1.568036127955,76.1941741433305,18.3396363539346,0.534564359396972
1203,401,0.075,1,0,0.572400746231374,0.56447905081483,1.55647646827389,75.7828362542921,18.0820654530325,0.554625712957911
1204,402,0.035,1,0,0.558525472402844,0.557088428170122,1.58146213026961,76.6690345287108,18.6465120771232,0.510504999975406
1205,402,0.05,1,0,0.562704361907617,0.554311949318943,1.57520463603466,76.4481005710139,18.5024227283025,0.519995996533516
1206,402,0.075,1,0,0.569956114805206,0.549095055491999,1.56415817024064,76.0564383116178,18.2525611950568,0.539510622515128
1207,403,0.035,1,0,0.567008661611594,0.499954626532106,1.55671056290834,75.7911891543618,18.0872228373408,0.544502652842421
1208,403,0.05,1,0,0.571350063847602,0.49689245891145,1.54950531578722,75.5336588346985,17.9295632039455,0.55975760149511
1209,403,0.075,1,0,0.578880449515814,0.491328729543005,1.53665430905272,75.0721021926848,17.6537496639419,0.586138164514029
1210,404,0.035,1,0,0.564076276631863,0.48348423086333,1.56574177793649,76.1127156112054,18.2880367903096,0.529663443891658
1211,404,0.05,1,0,0.568393320015979,0.480645937721859,1.55894020713855,75.8706992136429,18.1364644484105,0.544502652842421
1212,404,0.075,1,0,0.575886635792515,0.475427474957965,1.54687085981105,75.4392734058051,17.8724676846906,0.564936974812303
1213,405,0.035,1,0,0.561141829583916,0.467129772687212,1.57429581646696,76.415956851587,18.4816514931736,0.519995996533516
1214,405,0.05,1,0,0.565431125904281,0.464457621002371,1.56784288530663,76.1873167610805,18.3352810823083,0.529663443891658
1215,405,0.075,1,0,0.572881022895959,0.459485130109811,1.55644705426994,75.7817866449042,18.0814175959161,0.549540873857625
1216,406,0.035,1,0,0.404493329816555,0.590680254065577,1.43183319661289,71.1990086892717,15.6210063112888,0.461317574560379
1217,406,0.05,1,0,0.40674946238596,0.587116062682714,1.42523278203366,70.9485903130953,15.5039620369841,0.465586093522959
1218,406,0.075,1,0,0.410635013387046,0.580730933978614,1.41382332090927,70.5138718684779,15.3042500947462,0.478630092322638
1219,407,0.035,1,0,0.402517986184933,0.588394012343036,1.43978326386883,71.4995956997887,15.7635000031632,0.452897579903621
1220,407,0.05,1,0,0.404739541830013,0.584914611323268,1.43339839536261,71.2582773833847,15.6489279941822,0.457088189614875
1221,407,0.075,1,0,0.408564781823473,0.578663722952139,1.42236398825541,70.8395050117777,15.4534387326833,0.469894108605215
1222,408,0.035,1,0,0.40058012969978,0.583934751071965,1.44747632723207,71.789388823684,15.9030080534629,0.444631267469109
1223,408,0.05,1,0,0.40276782260772,0.580547148671832,1.44129312797379,71.5565548449345,15.7907530812993,0.448745389933132
1224,408,0.075,1,0,0.406533975076999,0.574444034408361,1.43059671231705,71.1521562255792,15.5989939336369,0.461317574560379
1225,409,0.035,1,0,0.403976952176382,0.500873548993077,1.4209778175865,70.7867431612622,15.4291011241008,0.465586093522959
1226,409,0.05,1,0,0.406248991080035,0.49744920002381,1.41422115650054,70.529069439291,15.3111593377286,0.469894108605215
1227,409,0.075,1,0,0.410163096039285,0.491442607883908,1.40250495547291,70.0803081430606,15.1092891736829,0.483058802039773
1228,410,0.035,1,0,0.401504929137971,0.489982276641506,1.43112000038764,71.1719878344736,15.6083048410189,0.452897579903621
1229,410,0.05,1,0,0.403732921002257,0.48667414133379,1.42462223157558,70.9253866398695,15.4931918829069,0.461317574560379
1230,410,0.075,1,0,0.407570124588646,0.480852884699771,1.41341010357062,70.4980836875899,15.2970778267355,0.469894108605215
1231,411,0.035,1,0,0.399091991443924,0.477033173686181,1.44083272341962,71.5391905509809,15.782436240304,0.444631267469109
1232,411,0.05,1,0,0.401277114656905,0.473838994690146,1.43458835136831,71.3033075443329,15.6701988210596,0.452897579903621
1233,411,0.075,1,0,0.40503944424189,0.468197338893895,1.42380182994228,70.894197131605,15.4787349008268,0.461317574560379
1234,412,0.035,1,0,0.403457148104029,0.428741904523314,1.41012788405025,70.3725676134669,15.2402559782832,0.469894108605215
1235,412,0.05,1,0,0.405745548132132,0.425634116280228,1.40320783552167,70.1073001132019,15.1213071999856,0.478630092322638
1236,412,0.075,1,0,0.409689052009814,0.420247728858397,1.38875779335786,69.5505951424639,14.8765438893613,1.80301774085957
1237,413,0.035,1,0,0.40048679251348,0.412811009512215,1.42251549505818,70.845269725597,15.456101745898,0.457088189614875
1238,413,0.05,1,0,0.402721298895027,0.409796138860776,1.41592887786843,70.594273104622,15.340861711339,0.465586093522959
1239,413,0.075,1,0,0.406570620068098,0.404549321598842,1.40452472411306,70.1578472069058,15.1438551625842,0.474241985260245
1240,414,0.035,1,0,0.397602305376937,0.395752811945035,1.43429305919978,71.2921355034291,15.6649168980209,0.448745389933132
1241,414,0.05,1,0,0.399784708818101,0.392813554905166,1.42798953376455,71.0532759821777,15.5527102400984,0.452897579903621
1242,414,0.075,1,0,0.403542940606412,0.38767398540222,1.41712969821245,70.6400910056081,15.3617907007315,0.461317574560379
1243,415,0.035,1,0,0.466029058702578,0.580693804122868,1.51442610452524,74.2669615093071,17.1919817034421,0.487528490103386
1244,415,0.05,1,0,0.468865073492802,0.576513044097938,1.50796248218723,74.0312163969608,17.0611344195691,0.496592321450336
1245,415,0.075,1,0,0.47375886962326,0.568932539750169,1.49662734970271,73.6160224317682,16.835194696307,0.510504999975406
1246,416,0.035,1,0,0.463795110390559,0.579703199292613,1.52221353259229,74.5500168916983,17.3516367298599,0.474241985260245
1247,416,0.05,1,0,0.466602214334563,0.575652874898706,1.51600961735991,74.3246046214153,17.2242664491045,0.483058802039773
1248,416,0.075,1,0,0.471446514407245,0.568285702664071,1.50518437740218,73.9296663550424,17.0053492882461,0.496592321450336
1249,417,0.035,1,0,0.461587049100316,0.576542703360814,1.52966598323526,74.8199036871112,17.5065443879354,0.465586093522959
1250,417,0.05,1,0,0.464364885967872,0.572631400142897,1.52370293901197,74.6040325760045,17.3824277398083,0.474241985260245
1251,417,0.075,1,0,0.469158956774239,0.565494590515371,1.51331893620053,74.2266322097211,17.1694625560753,0.487528490103386
1252,418,0.035,1,0,0.466319401739238,0.489280843551567,1.5040432982659,73.8879163862572,16.9825140162363,0.492039535681451
1253,418,0.05,1,0,0.469196841494462,0.485229276414933,1.49734957177072,73.6425441083523,16.8494597355555,0.501187233627272
1254,418,0.075,1,0,0.474164871363171,0.478034622737278,1.43413420730944,71.2861248778061,15.6620764496377,1.94088587759278
1255,419,0.035,1,0,0.463502623371471,0.480547341793675,1.51404744740957,74.2531711043979,17.1842750684774,0.478630092322638
1256,419,0.05,1,0,0.466342367401536,0.476671012990286,1.50770510525992,74.0218140128457,17.0559548565581,0.487528490103386
1257,419,0.075,1,0,0.471245734099984,0.469761019834983,1.46205142395876,72.3355276837303,16.1718550432181,2.03235701093622
1258,420,0.035,1,0,0.460727679188901,0.469791794522417,1.52350596538386,74.5968912401053,17.378350863418,0.469894108605215
1259,420,0.05,1,0,0.46352923693934,0.466090325365708,1.51748075835188,74.3781178076302,17.2543418760762,0.474241985260245
1260,420,0.075,1,0,0.468366907714054,0.459463110446344,1.48801060031864,73.2988858834566,16.6663365351123,2.12813904598271
1261,421,0.035,1,0,0.466643008478878,0.417535354995085,1.44196162531051,71.5817606704482,15.8028391778649,1.8706821403658
1262,421,0.05,1,0,0.469564002414462,0.413840220764486,1.40251938921088,70.0808625165618,15.1095358482449,1.8706821403658
1263,421,0.075,1,0,0.474610165518472,0.407351316058064,1.33920750357943,67.6128259525693,14.0715660977915,1.88799134909629
1264,422,0.035,1,0,0.463231515926671,0.404369966426339,1.46725672022603,72.5296570790761,16.2693603702701,1.95884467350599
1265,422,0.05,1,0,0.466105283369262,0.400832294634313,1.42562920269597,70.9636525030685,15.5109600247154,1.97696964011186
1266,422,0.075,1,0,0.471070273441386,0.394590345987035,1.35904974129008,68.394165586691,14.3878421562977,1.97696964011186
1267,423,0.035,1,0,0.45988238222971,0.38999945414663,1.48856869402802,73.3194660172794,16.6771994085751,2.05116217882557
1268,423,0.05,1,0,0.462708318546112,0.386601577393089,1.44481159425081,71.6891296685501,15.8545017243936,2.05116217882557
1269,423,0.075,1,0,0.467590822957632,0.380574056407098,1.37500634036866,69.0172926560044,14.6479796292322,2.07014134879104
1270,424,0.035,1,0,0.515863329946736,0.575363824270362,1.57700542321747,76.5117500491246,18.5436959856154,0.505824662003114
1271,424,0.05,1,0,0.519078890819576,0.570819348531707,1.57079358887612,76.2919549516736,18.4019709177585,0.515228644581756
1272,424,0.075,1,0,0.524628489232522,0.562492644398635,1.52194721289374,74.5403542985725,17.3461397585532,2.05116217882557
1273,425,0.035,1,0,0.513663458389556,0.575333793508126,1.58445972119397,76.7746327552931,18.7162115544168,0.492039535681451
1274,425,0.05,1,0,0.51686430265298,0.57095736927746,1.57855888343514,76.5666129105743,18.5794252762036,0.501187233627272
1275,425,0.075,1,0,0.522390167204769,0.562911166801793,1.55591400748053,75.7627628090828,18.0696835028849,2.12813904598271
1276,426,0.035,1,0,0.511469322870231,0.573150190348553,1.59153711644629,77.0233425065668,18.882555200783,0.483058802039773
1277,426,0.05,1,0,0.514654162574165,0.568951901586097,1.58590797877546,76.8255963644387,18.7500455600401,0.492039535681451
1278,426,0.075,1,0,0.520153937577927,0.561206586877114,1.57601992848334,76.4769242822422,18.5210897318883,0.505824662003114
1279,427,0.035,1,0,0.516994347006248,0.482576279908435,1.52678478441492,74.715677501954,17.4464051625521,1.97696964011186
1280,427,0.05,1,0,0.520274960987554,0.478143009878583,1.48146865666693,73.0572362640941,16.5397495315454,1.99526231496888
1281,427,0.075,1,0,0.525940586704813,0.47019122530046,1.40844692019052,70.3082103317557,15.2112563067381,2.03235701093622
1282,428,0.035,1,0,0.514206755931627,0.475571594938056,1.56093832935102,75.9418801043359,18.1807785353789,2.07014134879104
1283,428,0.05,1,0,0.517467546448645,0.471362476404001,1.51299566378458,74.2148527563267,17.1628957120162,2.08929613085404
1284,428,0.075,1,0,0.523101062339022,0.463778487383212,1.43602387581307,71.357596710196,15.6959090867164,2.10862814993329
1285,429,0.035,1,0,0.511429182246862,0.46659826878344,1.58587390006769,76.8243975609884,18.7492482162666,0.483058802039773
1286,429,0.05,1,0,0.514668109770482,0.462615572476849,1.54298230618179,75.299736988342,17.7887193797235,2.18776162394955
1287,429,0.075,1,0,0.520265769329928,0.455402962980688,1.46188532214333,72.3293250518893,16.1687567837968,2.2080047330189
1288,430,0.035,1,0,0.518202123616585,0.411248948925638,1.41957900173027,70.7334649795973,15.4045905156631,1.94088587759278
1289,430,0.05,1,0,0.52155165187775,0.407199989073574,1.3775855076571,69.1175781184401,14.6905331255996,1.94088587759278
1290,430,0.075,1,0,0.527340318109937,0.400015721868025,1.31002414617444,66.4505657214079,13.6199453866788,1.95884467350599
1291,431,0.035,1,0,0.514808496056341,0.400352047017289,1.44473265189977,71.6861575698281,15.8530677130256,2.01372424986239
1292,431,0.05,1,0,0.518132401051128,0.396514357600602,1.40046020867823,70.0017351384614,15.0743936957841,2.03235701093622
1293,431,0.075,1,0,0.523879394043907,0.38966684182582,1.3294823535811,67.227245118812,13.9193301104771,2.05116217882557
1294,432,0.035,1,0,0.511430901290507,0.388213128147112,1.46627220678368,72.4929769842457,16.250856923491,2.10862814993329
1295,432,0.05,1,0,0.514726204069255,0.384570895414783,1.41984684678397,70.7436694014039,15.4092800032202,2.10862814993329
1296,432,0.075,1,0,0.520426026513148,0.378031684953971,1.34547082225468,67.860236874167,14.1705647022172,2.12813904598271
1297,433,0.035,1,0,0.395434104929915,0.691919143380876,1.40558935849791,70.1986889647907,15.1621140859393,0.457088189614875
1298,433,0.05,1,0,0.397681123296957,0.688587990073874,1.39889205787393,69.9414250077034,15.0476981270067,0.461317574560379
1299,433,0.075,1,0,0.401555195088836,0.682576788302504,1.38735726202848,69.4964371895961,14.8530742770597,0.469894108605215
1300,434,0.035,1,0,0.39385879695219,0.685595820175994,1.4122332647415,70.4531022557641,15.2766741795251,0.448745389933132
1301,434,0.05,1,0,0.396073828059657,0.682410373927218,1.40570890590165,70.2032737935796,15.1641660589515,0.457088189614875
1302,434,0.075,1,0,0.399891738893948,0.676653614120881,1.39443263244384,69.7696752970321,14.9720945949967,0.465586093522959
1303,435,0.035,1,0,0.39231140384877,0.674611451070318,1.41873196377939,70.701185843313,15.3897722120524,0.444631267469109
1304,435,0.05,1,0,0.394495222611396,0.671606604617135,1.41234782758065,70.457482201682,15.2786589458729,0.448745389933132
1305,435,0.075,1,0,0.398258337962661,0.666166353348367,1.40134833478071,70.0358722271216,15.0895383154125,0.461317574560379
1306,436,0.035,1,0,0.395272003719388,0.568778630781899,1.39527596249297,69.8021827662617,14.9863569368002,0.461317574560379
1307,436,0.05,1,0,0.39753696026767,0.565892573585242,1.38843040083277,69.5379381941171,14.8710536170016,0.465586093522959
1308,436,0.075,1,0,0.401443058105791,0.560836377074751,1.37661850413462,69.0799923864873,14.674561786987,0.478630092322638
1309,437,0.035,1,0,0.393296502330081,0.552518092635598,1.40373497523551,70.1275374578108,15.1303280338872,0.452897579903621
1310,437,0.05,1,0,0.395520788075553,0.549778348037222,1.39709915456613,69.8724165857019,15.0172466076023,0.457088189614875
1311,437,0.075,1,0,0.399355429725284,0.544959741044393,1.38563351389676,69.4297317975898,14.8242485659582,0.469894108605215
1312,438,0.035,1,0,0.39136500794613,0.534454287680567,1.41195864899623,70.4426022331781,15.2719178486785,0.444631267469109
1313,438,0.05,1,0,0.393549872091686,0.531834218253193,1.40549850259069,70.1952043270459,15.1605548163252,0.452897579903621
1314,438,0.075,1,0,0.397315262602904,0.527202696813749,1.39436640984135,69.7671220990437,14.970975333986,0.461317574560379
1315,439,0.035,1,0,0.395105900721744,0.482559801680533,1.38494564762414,69.4030978032614,14.81276406962,0.465586093522959
1316,439,0.05,1,0,0.397389265330629,0.480006549424299,1.37795178369876,69.1318101933764,14.6965879427105,0.469894108605215
1317,439,0.075,1,0,0.401328263664042,0.475598882074453,1.36585532815522,68.6604996274894,14.498141945972,0.483058802039773
1318,440,0.035,1,0,0.392727365337685,0.46275418529642,1.39527714040848,69.802228161853,14.9863768690571,0.457088189614875
1319,440,0.05,1,0,0.394961061370108,0.460274518175982,1.38852512285965,69.5416003337486,14.8726418286868,0.461317574560379
1320,440,0.075,1,0,0.39881273202372,0.455968135148078,1.37687991204902,69.0901545283061,14.6788772896624,0.474241985260245
1321,441,0.035,1,0,0.390412794245623,0.442561202341182,1.40524224297177,70.1853750833782,15.1561579467554,0.448745389933132
1322,441,0.05,1,0,0.392598679284668,0.440126632282004,1.39871781006327,69.934720799564,15.0447353430572,0.452897579903621
1323,441,0.075,1,0,0.39636630701994,0.435869301020625,1.38748495205248,69.5013763807177,14.8552122393968,0.461317574560379
1324,442,0.035,1,0,0.460454712555213,0.678441437352025,1.48962991248994,73.3585840896187,16.6978831646112,0.483058802039773
1325,442,0.05,1,0,0.463405660030633,0.674362955540766,1.48300429545353,73.1140284331801,16.5693415055874,0.492039535681451
1326,442,0.075,1,0,0.468508534396592,0.666916447512635,1.47143921912254,72.6852928648269,16.3482926050736,0.505824662003114
1327,443,0.035,1,0,0.458513307133785,0.673401740150637,1.49620317858215,73.6004415966618,16.8268248043484,0.474241985260245
1328,443,0.05,1,0,0.461431825172427,0.669527185826996,1.48977273547762,73.3638472367819,16.7006696688931,0.483058802039773
1329,443,0.075,1,0,0.466478512097343,0.662438730670047,1.47858029576573,72.9503036198406,16.4842918728071,0.496592321450336
1330,444,0.035,1,0,0.456596963001951,0.663943567909208,1.50256912589064,73.8339452637042,16.9530795598513,0.469894108605215
1331,444,0.05,1,0,0.45948314802281,0.660312240203914,1.49633343631169,73.605226616605,16.8293944531717,0.474241985260245
1332,444,0.075,1,0,0.464473732934866,0.653651964361306,1.48548019977346,73.2055063912822,16.6172105521771,0.487528490103386
1333,445,0.035,1,0,0.461087041695406,0.555591096501033,1.47963931756856,72.9895277804552,16.5045950971282,0.492039535681451
1334,445,0.05,1,0,0.464081187607334,0.551995230037789,1.47279869385496,72.7358136821186,16.3740626386868,0.496592321450336
1335,445,0.075,1,0,0.469261477401904,0.545599162017365,1.46084426553247,72.2904383733752,16.1493565638494,0.515228644581756
1336,446,0.035,1,0,0.458636199630193,0.541731579087092,1.48806396762755,73.3008540817911,16.6673748525543,0.478630092322638
1337,446,0.05,1,0,0.461588455880135,0.538359657657483,1.4814835861646,73.0577885990473,16.5400368657393,0.487528490103386
1338,446,0.075,1,0,0.466696069044534,0.532334830624756,1.4700261401783,72.6327452464366,16.321565944154,0.501187233627272
1339,447,0.035,1,0,0.456225500807532,0.525998934038512,1.49615933575801,73.5988309625102,16.825960026493,0.469894108605215
1340,447,0.05,1,0,0.459136068576841,0.522823283298021,1.48982098777906,73.365625293272,16.701611231185,0.478630092322638
1341,447,0.075,1,0,0.464171227284113,0.517118045294475,1.47880702595852,72.9587029472569,16.4886357193044,0.492039535681451
1342,448,0.035,1,0,0.461753260944204,0.470548903851456,1.46954809733838,72.6149604294548,16.3125380171944,0.496592321450336
1343,448,0.05,1,0,0.464792891459201,0.467349359706176,1.46248707497988,72.3517935840656,16.1799849832858,0.505824662003114
1344,448,0.075,1,0,0.47005479477977,0.461731482399552,1.45014390812383,71.8896281155292,15.9517633844443,0.519995996533516
1345,449,0.035,1,0,0.458781424722422,0.453492765894315,1.47992605206644,73.0001444667794,16.5100983228853,0.483058802039773
1346,449,0.05,1,0,0.461769040738336,0.45044544583171,1.47319732630127,72.7506214498322,16.3816297508542,0.492039535681451
1347,449,0.075,1,0,0.46694057395326,0.445062368996134,1.46147725237601,72.3140846842484,16.1611485792601,0.505824662003114
1348,450,0.035,1,0,0.455868925813787,0.43585057422094,1.48979277555145,73.3645857015405,16.7010607079081,0.474241985260245
1349,450,0.05,1,0,0.458804896499767,0.432921421420094,1.48337560038259,73.1277540536737,16.5765078374943,0.483058802039773
1350,450,0.075,1,0,0.463886519383349,0.427711284718256,1.47220641768295,72.7138075382467,16.36282860647,0.496592321450336
1351,451,0.035,1,0,0.51381427919995,0.668303477167335,1.55387251999376,75.6898589671529,18.0248574018109,0.501187233627272
1352,451,0.05,1,0,0.517232765636231,0.663683029334659,1.54745489464304,75.4602081779474,17.8851002033411,0.515228644581756
1353,451,0.075,1,0,0.523143104172837,0.655166649472219,1.53614115400849,75.0536121147583,17.6428749889995,0.529663443891658
1354,452,0.035,1,0,0.5117943815248,0.664312881501123,1.56021093176718,75.9159753550353,18.1646259880879,0.492039535681451
1355,452,0.05,1,0,0.515192016716328,0.659946604475861,1.55402829360695,75.6954243619607,18.028271481744,0.501187233627272
1356,452,0.075,1,0,0.52106778388077,0.651879438389146,1.54316249144129,75.3062085368277,17.7925863082347,0.519995996533516
1357,453,0.035,1,0,0.509785013984222,0.656130561215869,1.56631132173731,76.1329451432153,18.3008233511675,0.487528490103386
1358,453,0.05,1,0,0.513160893958325,0.652061018927283,1.56034962819254,75.9209154443891,18.1677040647923,0.492039535681451
1359,453,0.075,1,0,0.519000375027385,0.64451919744487,1.54988852729021,75.5473782405445,17.937892660526,0.510504999975406
1360,454,0.035,1,0,0.515264258979111,0.545859061261512,1.54433403611091,75.3482720785998,17.8177611047529,0.510504999975406
1361,454,0.05,1,0,0.518749514309826,0.541744574256988,1.5376598097401,75.1083192523537,17.67508840696,0.524807460249773
1362,454,0.075,1,0,0.52477908734322,0.534341706476477,1.52586674718314,74.6824374396825,17.4273095971877,0.544502652842421
1363,455,0.035,1,0,0.512703720613278,0.534088990018979,1.55251677610276,75.6414039493335,17.9951875836122,0.501187233627272
1364,455,0.05,1,0,0.51616159963651,0.530266658628939,1.54615971246593,75.4137742860921,17.8571049163425,0.510504999975406
1365,455,0.075,1,0,0.522145696669341,0.523353175430412,1.53498216861374,75.0118345127229,17.6183524190344,0.524807460249773
1366,456,0.035,1,0,0.510160423347036,0.520411862114586,1.56031750660012,75.9197713670598,18.1669911175932,0.487528490103386
1367,456,0.05,1,0,0.513589497549645,0.516855478749183,1.55424081754198,75.7030166239472,18.0329310370795,0.496592321450336
1368,456,0.075,1,0,0.519525396381175,0.51038357980507,1.54359205472778,75.3216344921234,17.8018104626487,0.515228644581756
1369,457,0.035,1,0,0.516793849062791,0.462061806027994,1.53465259053834,74.999950038277,17.6113886851681,0.519995996533516
1370,457,0.05,1,0,0.520350020794166,0.458396450891738,1.52770501147971,74.7489820855883,17.4655784941429,0.534564359396972
1371,457,0.075,1,0,0.526506367744747,0.451879377192647,1.45638466615761,72.1236402289266,16.0666074265199,2.16770410481969
1372,458,0.035,1,0,0.513675306185504,0.447444515607522,1.54480152639076,75.3650503572726,17.8278225387172,0.505824662003114
1373,458,0.05,1,0,0.517196923705536,0.444003535966676,1.53826802763147,75.1302180709694,17.6880156005857,0.515228644581756
1374,458,0.075,1,0,0.523295763952581,0.437844501297356,1.4786083144554,72.9513416347737,16.4848285863667,2.29086765276777
1375,459,0.035,1,0,0.510582816568043,0.432083710680255,1.5543581468319,75.7072077920047,18.0355042965863,0.492039535681451
1376,459,0.05,1,0,0.51406779750989,0.428830772668476,1.54817843709477,75.4861354057937,17.9007699753112,0.501187233627272
1377,459,0.075,1,0,0.520105143085989,0.422964818394278,1.49706214786037,73.631990333666,16.843780553417,2.39883291901949
1378,460,0.035,1,0,0.387866580864242,0.750401778770242,1.38639581620198,69.4592379178706,14.8369881352704,0.452897579903621
1379,460,0.05,1,0,0.390077313977504,0.747918292568242,1.37964843853278,69.1977038954536,14.724672925198,0.457088189614875
1380,460,0.075,1,0,0.393890473592941,0.74343678511052,1.36803816847827,68.7457456801336,14.5337231089648,0.465586093522959
1381,461,0.035,1,0,0.386614065759565,0.732394019642345,1.3921287170693,69.6808017087308,14.9332139326779,0.448745389933132
1382,461,0.05,1,0,0.388796858751193,0.730149502581484,1.38550046702037,69.4245809277673,14.8220264176977,0.452897579903621
1383,461,0.075,1,0,0.392560772130774,0.726096400176024,1.37410004036952,68.9820244139489,14.6330606302998,0.461317574560379
1384,462,0.035,1,0,0.385381330909677,0.71144050130365,1.39776121728101,69.8979059880123,15.0284827065043,0.444631267469109
1385,462,0.05,1,0,0.387536847378523,0.709369829201497,1.39124868869928,69.6468292432176,14.9183945822046,0.448745389933132
1386,462,0.075,1,0,0.391252699260528,0.705618904129448,1.38005151929161,69.2133508339382,14.7313543978057,0.457088189614875
1387,463,0.035,1,0,0.387975886559947,0.603496359387964,1.37648361372226,69.0747480832815,14.6723354998909,0.457088189614875
1388,463,0.05,1,0,0.390206860694693,0.601326405876792,1.36959418454821,68.8064595716679,14.5591477827264,0.461317574560379
1389,463,0.075,1,0,0.394056043674628,0.597553202053587,1.35771814952396,68.3419555695048,14.3663717647973,0.474241985260245
1390,464,0.035,1,0,0.386401763546609,0.583264310919282,1.38377440011269,69.3577276848927,14.7932332836062,0.452897579903621
1391,464,0.05,1,0,0.38859717731815,0.581188457668336,1.37702855330495,69.0959323521546,14.6813318207755,0.457088189614875
1392,464,0.075,1,0,0.392383644642453,0.577553015184864,1.36542889179914,68.6438359660744,14.4912024767,0.465586093522959
1393,465,0.035,1,0,0.38485891048033,0.562577302712222,1.39089207883445,69.6330587456528,14.9123944093669,0.444631267469109
1394,465,0.05,1,0,0.387019829997011,0.560559017345264,1.3843074744526,69.3783802430813,14.8021186356921,0.452897579903621
1395,465,0.075,1,0,0.390745487162465,0.55699288831444,1.37296111730754,68.9376825953145,14.6143372500057,0.461317574560379
1396,466,0.035,1,0,0.388082163548711,0.51334051913934,1.36653796789694,68.6871679448809,14.5092585436224,0.461317574560379
1397,466,0.05,1,0,0.390333863734817,0.511349965468653,1.35950616364685,68.4120538904566,14.3952097490986,0.465586093522959
1398,466,0.075,1,0,0.394219970987376,0.50794243613875,1.34735922518653,67.9346911112929,14.2005623607337,0.478630092322638
1399,467,0.035,1,0,0.386182868455509,0.491327676169433,1.37542553805587,69.0336004923063,14.6548861875814,0.452897579903621
1400,467,0.05,1,0,0.388391102133005,0.489357421591416,1.36857020248267,68.7665099664711,14.5424106007395,0.461317574560379
1401,467,0.075,1,0,0.392200501002864,0.485949831598893,1.35677217921809,68.3048456451145,14.3511409387163,0.469894108605215
1402,468,0.035,1,0,0.384329143976655,0.469926972526874,1.38406101691282,69.3688325365528,14.7980098677123,0.448745389933132
1403,468,0.05,1,0,0.386495490933021,0.467951880574147,1.377394345799,69.1101493383757,14.6873742312679,0.452897579903621
1404,468,0.075,1,0,0.390231008380094,0.464499201392586,1.36592768332522,68.6633266895048,14.4993197693848,0.461317574560379
1405,469,0.035,1,0,0.455265175699411,0.73785181011889,1.47135109208767,72.682016755094,16.3466240203418,0.483058802039773
1406,469,0.05,1,0,0.458281538172111,0.734593695732483,1.46460582626394,72.4308532633882,16.2196038116506,0.487528490103386
1407,469,0.075,1,0,0.463506557938386,0.728616163637536,1.45287984887752,71.9923042391328,16.0019751125025,0.501187233627272
1408,470,0.035,1,0,0.45359662308796,0.721995813005126,1.47703782441243,72.8931378704834,16.4547827286602,0.474241985260245
1409,470,0.05,1,0,0.456579817291025,0.719078863267512,1.47046040260572,72.6488977669685,16.3297730526127,0.483058802039773
1410,470,0.075,1,0,0.461746831911944,0.713716016034193,1.45903000741491,72.2226241344468,16.1156230792789,0.496592321450336
1411,471,0.035,1,0,0.451949817751222,0.702993306716864,1.48259757081938,73.0989906928681,16.561496587555,0.469894108605215
1412,471,0.05,1,0,0.454900187219314,0.700347146309819,1.47618266745725,72.8614266152874,16.4384545030491,0.478630092322638
1413,471,0.075,1,0,0.460009752017087,0.695464730108145,1.46501986582351,72.4462935285341,16.2273614707937,0.487528490103386
1414,472,0.035,1,0,0.456184543166784,0.59235544159314,1.46163202567089,72.3198654218081,16.1640336568562,0.487528490103386
1415,472,0.05,1,0,0.459246933893879,0.589516940851444,1.45469161379025,72.0602238298164,16.035342181258,0.496592321450336
1416,472,0.075,1,0,0.464554421174538,0.584475756297361,1.44259635524873,71.6056858926215,15.8143260093732,0.510504999975406
1417,473,0.035,1,0,0.454074202262777,0.574337036260593,1.46892901951077,72.5919226026521,16.3008568548048,0.478630092322638
1418,473,0.05,1,0,0.457093868030553,0.571679771392279,1.46219361927579,72.3408372008355,16.1745080221491,0.487528490103386
1419,473,0.075,1,0,0.462326558729919,0.566929118579897,1.45048640209121,71.9024887595512,15.958037531702,0.501187233627272
1420,474,0.035,1,0,0.451998657522492,0.555643026611435,1.47600217015552,72.8547316894906,16.4350110115231,0.474241985260245
1421,474,0.05,1,0,0.454976176196675,0.553120472240897,1.4694701715485,72.6120609408758,16.311067027715,0.478630092322638
1422,474,0.075,1,0,0.460135011116007,0.54857387995979,1.45811787915238,72.188508015775,16.0986994274467,0.492039535681451
1423,475,0.035,1,0,0.457139145428614,0.502938706409734,1.45182801293403,71.9528460717034,15.982646212729,0.496592321450336
1424,475,0.05,1,0,0.460249958289184,0.500338764406444,1.4446741774262,71.6839559939435,15.8520056170071,0.501187233627272
1425,475,0.075,1,0,0.465644320702934,0.49578750829436,1.43220018103842,71.2129090688983,15.6275472032943,0.519995996533516
1426,476,0.035,1,0,0.454575456912099,0.483318890949223,1.46079408502948,72.2885634894662,16.1484222431689,0.483058802039773
1427,476,0.05,1,0,0.45763336363007,0.480817370013728,1.45390103671803,72.0305938090805,16.0207707534056,0.492039535681451
1428,476,0.075,1,0,0.462935001955349,0.476399220627741,1.44191746927153,71.5800960047175,15.8020404847858,0.505824662003114
1429,477,0.035,1,0,0.452063144531867,0.464050834319191,1.46943218045933,72.6106473167638,16.3103499439227,0.474241985260245
1430,477,0.05,1,0,0.455069042857766,0.461612210555643,1.46278247547735,72.362821030478,16.1855007931336,0.483058802039773
1431,477,0.075,1,0,0.460279428948708,0.45726344755705,1.45124458859131,71.9309512071414,15.9719384547753,0.496592321450336
1432,478,0.035,1,0,0.511469973082709,0.726853003828047,1.53667142701047,75.0727189104503,17.6541126044807,0.501187233627272
1433,478,0.05,1,0,0.515048551965015,0.722929896519284,1.5301040938327,74.8357394712162,17.5157170089508,0.510504999975406
1434,478,0.075,1,0,0.521247634536399,0.715645757247498,1.51857023790748,74.4177235222828,17.2766657982788,0.529663443891658
1435,479,0.035,1,0,0.509635807118911,0.712992959169063,1.54220034528206,75.2716454818138,17.7719532053505,0.496592321450336
1436,479,0.05,1,0,0.513188964400556,0.709502341144114,1.53582784744678,75.0423207528869,17.6362405995234,0.505824662003114
1437,479,0.075,1,0,0.519345103118831,0.702999426699848,1.52464210530112,74.6380729985485,17.4018862792816,0.519995996533516
1438,480,0.035,1,0,0.50781412882699,0.695859671898868,1.54756196552965,75.4640455000544,17.8874176607981,0.487528490103386
1439,480,0.05,1,0,0.511341323615435,0.692733031087122,1.54136488244107,75.241620208401,17.7540674173729,0.496592321450336
1440,480,0.075,1,0,0.517453437294144,0.686883183909084,1.53052028259203,74.8507797759452,17.5244375266353,0.510504999975406
1441,481,0.035,1,0,0.513207598888132,0.58313639505725,1.52733390160321,74.7355527662759,17.4578423690513,0.510504999975406
1442,481,0.05,1,0,0.516855939771182,0.57973495913954,1.52051701147276,74.4884426123217,17.3166648734219,0.519995996533516
1443,481,0.075,1,0,0.523179681562191,0.573599305264954,1.50851852109335,74.0515254021169,17.0723323406942,0.539510622515128
1444,482,0.035,1,0,0.510879618774481,0.567232459063586,1.53445740544888,74.9929108377037,17.6072665917762,0.501187233627272
1445,482,0.05,1,0,0.514494921270833,0.564100877893263,1.52789753984346,74.7559481448812,17.4695939984962,0.510504999975406
1446,482,0.075,1,0,0.520762797206504,0.558413323091516,1.51638868248173,74.338396851841,17.2320083579316,0.524807460249773
1447,483,0.035,1,0,0.508571804840018,0.550453550952461,1.54131912030517,75.239975235904,17.7530885502477,0.492039535681451
1448,483,0.05,1,0,0.512153212465748,0.54753798922897,1.53499375697657,75.0122523507583,17.6185973503122,0.501187233627272
1449,483,0.075,1,0,0.518363500990539,0.542199765326764,1.52391745902088,74.6118092896721,17.3868694427867,0.515228644581756
1450,484,0.035,1,0,0.515027716859356,0.494731644922376,1.51784147091958,74.3912330477792,17.2617282164497,0.519995996533516
1451,484,0.05,1,0,0.518750215311168,0.491632090139475,1.51076131666934,74.1333871413067,17.1176103147009,0.529663443891658
1452,484,0.075,1,0,0.525206621906193,0.486116652408536,1.49827185896353,73.6763992842275,16.8677019197943,0.549540873857625
1453,485,0.035,1,0,0.512188868730776,0.477404851929367,1.52666642043512,74.7113926349933,17.4439413414106,0.505824662003114
1454,485,0.05,1,0,0.515870073484538,0.474486808838205,1.51991856081573,74.466710170883,17.3043539956597,0.515228644581756
1455,485,0.075,1,0,0.522256584361465,0.469248899387189,1.50805251368343,74.0345051145529,17.0629468016922,0.534564359396972
1456,486,0.035,1,0,0.509380091878243,0.46018167487561,1.5350821304222,75.0154387279942,17.6204653830997,0.496592321450336
1457,486,0.05,1,0,0.513018752337597,0.457400889866636,1.52862957786917,74.7824288311199,17.4848748505475,0.505824662003114
1458,486,0.075,1,0,0.519332838315838,0.452361678618893,1.51732316911219,74.3723872652484,17.2511164038265,0.519995996533516
1459,487,0.035,1,0,0.493398202831823,0.620300583188871,1.52294278684924,74.5764692981471,17.3667024683669,0.501187233627272
1460,487,0.05,1,0,0.496739682327506,0.617061278919649,1.51630419550978,74.3353230233813,17.2302823690317,0.510504999975406
1461,487,0.075,1,0,0.502531117437466,0.611053292454064,1.50464068432881,73.9097764885964,16.994463270991,0.524807460249773
1462,488,0.035,1,0,0.490962816885296,0.620026105929054,1.5311760764683,74.87447284397,17.5381921678961,0.487528490103386
1463,488,0.05,1,0,0.494268399814169,0.616967056140235,1.52482489161269,74.6446963630425,17.4056772853671,0.496592321450336
1464,488,0.075,1,0,0.499998185922557,0.611257160378335,1.51371072504564,74.2409058202575,17.1774262578731,0.515228644581756
1465,489,0.035,1,0,0.488552612996157,0.616720099562732,1.53905360140962,75.1584930448338,17.7047342845573,0.478630092322638
1466,489,0.05,1,0,0.491821643486616,0.613827739098618,1.53296387708888,74.9390259144887,17.5757744924935,0.487528490103386
1467,489,0.075,1,0,0.497488457006448,0.608392981168426,1.52232760369999,74.5541552325007,17.3539920245179,0.501187233627272
1468,490,0.035,1,0,0.495864304466561,0.526872340589967,1.5094903577076,74.0870081482132,17.0919300899677,0.510504999975406
1469,490,0.05,1,0,0.499308229296481,0.523541967506615,1.50250409634132,73.8315635780525,16.9517828547023,0.519995996533516
1470,490,0.075,1,0,0.505283340103872,0.517493529583304,1.49018448125701,73.3790183994268,16.7087066383551,0.539510622515128
1471,491,0.035,1,0,0.492741682535587,0.517660763997352,1.52022565359914,74.4778628770312,17.3106696211793,0.496592321450336
1472,491,0.05,1,0,0.4961376935629,0.514517947155029,1.51363525103331,74.2381563681314,17.1758917044745,0.505824662003114
1473,491,0.075,1,0,0.50203035657495,0.508765631480054,1.50208142500621,73.81608156788,16.9433582270991,0.524807460249773
1474,492,0.035,1,0,0.489660826335841,0.505774857081548,1.53037022911959,74.845357464631,17.5212926425902,0.483058802039773
1475,492,0.05,1,0,0.493007909746953,0.502797627430378,1.52412177264541,74.6192152569143,17.3911014291545,0.492039535681451
1476,492,0.075,1,0,0.498816051553186,0.497303281516062,1.51320925351591,74.2226357794087,17.1672340788996,0.505824662003114
1477,493,0.035,1,0,0.498490054978305,0.452873326785033,1.49579004047846,73.5852629833236,16.8186784159809,0.524807460249773
1478,493,0.05,1,0,0.502045966147058,0.449779571951036,1.4614679025812,72.3137354584793,16.1609743152676,1.92309172891016
1479,493,0.075,1,0,0.508222315659888,0.444221875145896,1.3940033477372,69.7531229092298,14.9648408275536,1.94088587759278
1480,494,0.035,1,0,0.494639781844704,0.438463013654573,1.50923306820722,74.0776158597204,17.0867384232891,0.505824662003114
1481,494,0.05,1,0,0.498134041265355,0.435506999739646,1.47555957004329,72.8383125187652,16.426571436336,2.05116217882557
1482,494,0.075,1,0,0.504204078931115,0.430149003274738,1.40413677723966,70.1429596118677,15.1372084080725,2.07014134879104
1483,495,0.035,1,0,0.490853620580755,0.422768490143037,1.52175394484259,74.5333413837647,17.3421522666857,0.487528490103386
1484,495,0.05,1,0,0.494284796002422,0.419916628369121,1.48359049290965,73.1356966351682,16.5806573524562,2.16770410481969
1485,495,0.075,1,0,0.500245544068446,0.414700818148634,1.40872823275849,70.318984197035,15.2161047078309,2.18776162394955
1486,496,0.035,1,0,0.560639474238469,0.62013734231454,1.59783533337383,77.2439508007903,19.0327474172732,0.524807460249773
1487,496,0.05,1,0,0.564604062554321,0.616800422929297,1.5915408075632,77.0234719941173,18.882642618786,0.534564359396972
1488,496,0.075,1,0,0.571484179092746,0.610511279882603,1.58033833269086,76.6294060158713,18.6204953308495,0.55975760149511
1489,497,0.035,1,0,0.558271208322204,0.621387699756751,1.60558947483038,77.5146268777503,19.2205556274968,0.510504999975406
1490,497,0.05,1,0,0.562223383210388,0.618299442393467,1.59847223476158,77.2662219205757,19.0480514882531,14.3218789927354
1491,497,0.075,1,0,0.569084917744607,0.612437014822966,1.57135695152943,76.3119159396902,18.4147494895347,11.2719745617551
1492,498,0.035,1,0,0.55589391359593,0.619552103043658,1.61257770466279,77.7576908341827,19.3926517495566,17.0608238900312
1493,498,0.05,1,0,0.559831487987237,0.61669401066648,1.58751058657975,76.8819496307224,18.7876076901403,14.3218789927354
1494,498,0.075,1,0,0.566670475923614,0.611226363169166,1.55921368558425,75.8804456547759,18.142519212545,11.2719745617551
1495,499,0.035,1,0,0.564924069715421,0.524897300833134,1.5852709151374,76.8031827741912,18.7351496916949,0.539510622515128
1496,499,0.05,1,0,0.569039159011822,0.521389875523207,1.54509753592796,75.3756722109816,17.834197982096,2.07014134879104
1497,499,0.075,1,0,0.576187872576589,0.514923351735234,1.46574261859555,72.4732389513456,16.2409155153542,2.12813904598271
1498,500,0.035,1,0,0.561878323433289,0.518277510093908,1.59551729252355,77.1628353004672,18.9772284503344,0.519995996533516
1499,500,0.05,1,0,0.565976915572989,0.515045948451639,1.56984629467435,76.2583782366411,18.3805169807676,2.2080047330189
1500,500,0.075,1,0,0.573101119983404,0.50903134315503,1.48507010162106,73.1903618645086,16.6092681856336,2.26986485188382
1501,501,0.035,1,0,0.558817472842937,0.508893874438994,1.60505364337286,77.4959553779159,19.2074723920963,0.505824662003114
1502,501,0.05,1,0,0.562895850100502,0.505912653187694,1.59064453592446,76.9920231778736,18.8614364310381,2.333458062281
1503,501,0.075,1,0,0.569988778378082,0.500306432684686,1.50071509677094,73.7660128889098,16.9161666573787,2.39883291901949
1504,502,0.035,1,0,0.569537168812868,0.451405410470397,1.48357372721218,73.1350769923714,16.5803335586082,1.99526231496888
1505,502,0.05,1,0,0.573818345170617,0.448143614597321,1.43827440933169,71.4426338884913,15.7363265054747,2.01372424986239
1506,502,0.075,1,0,0.581263803563674,0.442191511790246,1.36499414789397,68.626844267613,14.4841317115757,2.05116217882557
1507,503,0.035,1,0,0.565769507301455,0.440316504973275,1.49839974578774,73.6810925513807,16.8702336970885,2.12813904598271
1508,503,0.05,1,0,0.570029659244671,0.43728856249634,1.45017776418701,71.8908995034986,15.9523834473387,2.14783047413053
1509,503,0.075,1,0,0.577444206355914,0.431700404672956,1.37263098985287,68.9248253003471,14.6089152802977,2.18776162394955
1510,504,0.035,1,0,0.561978382456435,0.427661724526452,1.50787663952996,74.0280805589132,17.0594066265126,2.2284351492703
1511,504,0.05,1,0,0.566211640618531,0.424827408900467,1.45717113602031,72.1530815345714,16.0811589191339,2.24905460583578
1512,504,0.075,1,0,0.573584544716407,0.419535163658881,1.37589844323109,69.0519938529421,14.6626821485056,2.29086765276777
1513,505,0.035,1,0,0.44951428472087,0.624516676610769,1.56781420572574,76.1862989865544,18.3346348524127,17.5388050184176
1514,505,0.05,1,0,0.447407828020586,0.62139034353211,1.54286475782117,75.295514807855,17.7861974078696,14.8593564228701
1515,505,0.075,1,0,0.444074105418471,0.615409803633836,1.51663993005725,74.3475370721366,17.2371426452685,11.6949939101987
1516,506,0.035,1,0,0.451010836348609,0.626818130331958,1.55761065666596,75.8232972242225,18.1070752119989,17.2186857498601
1517,506,0.05,1,0,0.448834174575138,0.623995416120156,1.53026533835917,74.8415669135824,17.5190948150216,14.4543977074593
1518,506,0.075,1,0,0.445396176682052,0.618552837969495,1.50017785261718,73.7463167440926,16.9054923288801,11.4815362149688
1519,507,0.035,1,0,0.452555926394192,0.626004164912246,1.54609926224555,75.411606359567,17.8557999911085,17.2186857498601
1520,507,0.05,1,0,0.450304321360161,0.623460520078943,1.51786760678829,74.3921832399787,17.2622635879862,14.4543977074593
1521,507,0.075,1,0,0.446755527413075,0.618511779576033,1.48658056747596,73.2461272148985,16.6385480585489,11.4815362149688
1522,508,0.035,1,0,0.449291833036497,0.527720339523633,1.59149349504958,77.0218122128805,18.881522153129,2.10862814993329
1523,508,0.05,1,0,0.447213266277618,0.524348399051814,1.54008674963462,75.1956625679653,17.7267596498161,2.16770410481969
1524,508,0.075,1,0,0.443919746073548,0.518051698631077,1.45573583152831,72.0993429681615,16.0546158506197,2.24905460583578
1525,509,0.035,1,0,0.451137432970188,0.523109600567706,1.58465731989557,76.7815882919057,18.7208216811149,14.9968483550237
1526,509,0.05,1,0,0.448973676378893,0.520091224207513,1.54851990791597,75.4983684268843,17.9081728220069,12.5892541179417
1527,509,0.075,1,0,0.44555332187411,0.514391414390142,1.47277564952878,72.734957581752,16.3736253440262,2.39883291901949
1528,510,0.035,1,0,0.453056862309356,0.515683532611625,1.57385402863667,76.4003262840719,18.471568459485,14.9968483550237
1529,510,0.05,1,0,0.450800813497888,0.512988781255264,1.53667936914867,75.0730050443541,17.6542810002498,12.5892541179417
1530,510,0.075,1,0,0.447243819049198,0.507834614663027,1.48673583998796,73.2518574828422,16.6415621253865,2.53512863049791
1531,511,0.035,1,0,0.449050178549442,0.45471939572796,1.47910913422978,72.9698932767002,16.4944262059385,2.07014134879104
1532,511,0.05,1,0,0.446999849461491,0.451595568828588,1.43145228139655,71.1845780949178,15.6142208534985,2.10862814993329
1533,511,0.075,1,0,0.443747202411595,0.445820406317545,1.35386191808737,68.1905753072753,14.3043968033165,2.14783047413053
1534,512,0.035,1,0,0.451234265633101,0.446305099852607,1.49223047519764,73.454360607673,16.7487253198049,2.2080047330189
1535,512,0.05,1,0,0.449084787699569,0.443503784025674,1.44155223053054,71.566325307168,15.7954360870223,2.2284351492703
1536,512,0.075,1,0,0.44568416747553,0.438251867504277,1.35933758601381,68.4054473645173,14.3924880657123,2.29086765276777
1537,513,0.035,1,0,0.45352172594488,0.436115344516501,1.50093850745614,73.7742019512543,16.9206084303926,2.31206479017559
1538,513,0.05,1,0,0.451263306083468,0.433590215613355,1.44770407698093,71.7979519027839,15.907162902031,2.333458062281
1539,513,0.075,1,0,0.447701147630497,0.428783333072661,1.36158260395951,68.4933867367142,14.4287815030313,2.39883291901949
1540,514,0.035,1,0,0.493787451635776,0.712409574634163,1.50384145318067,73.8805288665686,16.9784793891636,0.501187233627272
1541,514,0.05,1,0,0.49731232580818,0.709073419643811,1.49697172118482,73.6286697008813,16.8419943958606,0.510504999975406
1542,514,0.075,1,0,0.503433171504875,0.702843290766484,1.48493349587869,73.185316486939,16.6066237406417,0.529663443891658
1543,515,0.035,1,0,0.49167804761577,0.707302438135099,1.51086863217343,74.1373019299371,17.1197812939547,0.492039535681451
1544,515,0.05,1,0,0.495163876340472,0.704213071031258,1.50422529668544,73.8945769049352,16.9861531423501,0.501187233627272
1545,515,0.075,1,0,0.501217015244009,0.698412638118185,1.49261387748926,73.4684708953997,16.7562398121121,0.519995996533516
1546,516,0.035,1,0,0.489592217112104,0.695849111354301,1.51766491572274,74.3848139170329,17.2581122858918,0.487528490103386
1547,516,0.05,1,0,0.493038837975553,0.693011829777438,1.51124293658516,74.1509546911402,17.1273566355379,0.492039535681451
1548,516,0.075,1,0,0.499023840813517,0.687649737789728,1.50001568282848,73.7403703678486,16.9022721629104,0.510504999975406
1549,517,0.035,1,0,0.496793709689968,0.584129307588949,1.49045566536315,73.3890087997395,16.7140029771117,0.515228644581756
1550,517,0.05,1,0,0.500429938514896,0.581074443095698,1.48323045559349,73.1223889363547,16.5737059636591,0.524807460249773
1551,517,0.075,1,0,0.506750537514412,0.575507433424786,1.47053762183742,72.6517696087953,16.3312330130103,0.544502652842421
1552,518,0.035,1,0,0.49408014107049,0.568931830169165,1.49960749551318,73.7254010714703,16.8941708476297,0.501187233627272
1553,518,0.05,1,0,0.497664560972916,0.566094333135063,1.49269635875639,73.4715061001845,16.7578570378204,0.510504999975406
1554,518,0.075,1,0,0.50389519251233,0.56087364899126,1.48058580005179,73.0245668947623,16.5227705134141,0.529663443891658
1555,519,0.035,1,0,0.491405470056273,0.551542898574462,1.50837245290752,74.0461908703358,17.0693896574545,0.492039535681451
1556,519,0.05,1,0,0.494937847126376,0.548866621383993,1.50174540066998,73.8037711046632,16.9366650118153,0.501187233627272
1557,519,0.075,1,0,0.501077855288993,0.54389319087491,1.49016690033394,73.3783706748521,16.7083633586383,0.515228644581756
1558,520,0.035,1,0,0.499979512215667,0.496836623068804,1.47676250990125,72.8829299674845,16.4495234448503,0.524807460249773
1559,520,0.05,1,0,0.50373759252242,0.494076171509335,1.46915513139771,72.6003377236671,16.3051219430764,0.539510622515128
1560,520,0.075,1,0,0.510277284824252,0.489105944050065,1.45575176912371,72.0999398817727,16.0549102603594,0.55975760149511
1561,521,0.035,1,0,0.496622402948941,0.478001559656226,1.4882043345631,73.3060306057384,16.670106280731,0.510504999975406
1562,521,0.05,1,0,0.500314208184887,0.475348737948538,1.48101760405693,73.0405471636192,16.531071858039,0.519995996533516
1563,521,0.075,1,0,0.506738628206616,0.470519237593653,1.46839485185362,72.5720390801494,16.2907870972325,0.539510622515128
1564,522,0.035,1,0,0.493324696456908,0.459010082817947,1.49905685627368,73.7052030434324,16.8832512498532,0.501187233627272
1565,522,0.05,1,0,0.496949930854866,0.456419685550658,1.49223687665831,73.454596220801,16.7488507454056,0.510504999975406
1566,522,0.075,1,0,0.5032581729134,0.451654683201927,1.48029177658414,73.0136837405482,16.5171213312063,0.524807460249773
1567,523,0.035,1,0,0.564755745541205,0.705187719441031,1.58024795605319,76.6262181200701,18.6184057180024,0.529663443891658
1568,523,0.05,1,0,0.568957192505014,0.701474357446369,1.57366514004475,76.3936423326858,18.4672602176457,0.539510622515128
1569,523,0.075,1,0,0.576250316324631,0.694450937260436,1.56198234941783,75.9790447345624,18.2040030335642,0.55975760149511
1570,524,0.035,1,0,0.562587645834175,0.701711904021381,1.58692046717233,76.861204093853,18.7737613996508,0.515228644581756
1571,524,0.05,1,0,0.566771524231052,0.698330997716935,1.58062305198234,76.6394481313287,18.6270809698106,0.529663443891658
1572,524,0.075,1,0,0.574037266823005,0.691899624815972,1.56947390509638,76.2451747075674,18.3720946292985,0.549540873857625
1573,525,0.035,1,0,0.560416354946913,0.692095154643737,1.59332754476631,77.0861249352387,18.925040975601,0.505824662003114
1574,525,0.05,1,0,0.56458086434558,0.689050026584337,1.5872798177117,76.8738377042994,18.782190949625,0.515228644581756
1575,525,0.075,1,0,0.571815896179684,0.683214628739558,1.55885269852221,75.8675802394154,18.1345277178119,11.2719745617551
1576,526,0.035,1,0,0.569557544252844,0.577380211509317,1.56758285333458,76.1780882865451,18.3294232240621,0.544502652842421
1577,526,0.05,1,0,0.573913683182997,0.573932964161008,1.56056371272438,75.9285400550771,18.1724568938759,0.554625712957911
1578,526,0.075,1,0,0.58148186115746,0.567551223928431,1.54802112071532,75.480498944937,17.897361109806,0.580764417521312
1579,527,0.035,1,0,0.566764424895873,0.565199304467109,1.57639246417962,76.4900910440945,18.5296298733102,0.529663443891658
1580,527,0.05,1,0,0.571097768642263,0.562085139057731,1.56976710856926,76.255570796099,18.378725488491,0.539510622515128
1581,527,0.075,1,0,0.578630748422088,0.556255252491193,1.55800914268175,75.8375075108472,18.1158754750705,0.55975760149511
1582,528,0.035,1,0,0.563965451150639,0.550547037777915,1.58473483784113,76.7843167653399,18.722630762818,0.515228644581756
1583,528,0.05,1,0,0.568272916402096,0.547700541107987,1.57845486531984,76.5629406436904,18.5770292534988,0.524807460249773
1584,528,0.075,1,0,0.575764976925646,0.542308435948734,1.56060872938392,75.9301432205896,18.1734565540388,9.46237161365793
1585,529,0.035,1,0,0.57470769840829,0.491666549072428,1.55446168722051,75.7109062031183,18.0377756309006,0.55975760149511
1586,529,0.05,1,0,0.579234240362876,0.488558211189039,1.54444733617031,75.3523387788368,17.8201987486245,2.26986485188382
1587,529,0.075,1,0,0.587105548738281,0.482861919022498,1.46145679497312,72.3133205743077,16.1607672919986,2.31206479017559
1588,530,0.035,1,0,0.571246656679491,0.476282382812476,1.56564873225349,76.1094102055013,18.2859492650914,0.539510622515128
1589,530,0.05,1,0,0.575744842913382,0.47340016567539,1.55536075187453,75.7430125452369,18.0575175763608,2.44343055269397
1590,530,0.075,1,0,0.583572898400433,0.468049075199363,1.46705292694347,72.5220657501171,16.2655278020537,2.48885731828239
1591,531,0.035,1,0,0.567775685393671,0.460252945813276,1.5760769542458,76.4789399339678,18.5223965819726,0.524807460249773
1592,531,0.05,1,0,0.572240609761854,0.457535917969346,1.56167960984581,75.968269863595,18.1972635203252,2.6061535499989
1593,531,0.075,1,0,0.580016275240708,0.452427454312667,1.46906663164329,72.5970441697317,16.3034524125674,2.63026799189538
1594,532,0.035,1,0,0.453860687817252,0.702043597746073,1.56700083449111,76.157428349633,18.3163230314762,17.5388050184176
1595,532,0.05,1,0,0.451610046868513,0.698271429646223,1.54172936181842,75.2547205386201,17.7618667878659,14.7231250243272
1596,532,0.075,1,0,0.448057743326715,0.691067981143183,1.51493081952472,74.2853389398175,17.2022619937535,11.6949939101987
1597,533,0.035,1,0,0.455080420799861,0.699777246418978,1.55708098844066,75.8044046395623,18.0953886272935,17.2186857498601
1598,533,0.05,1,0,0.452768819925513,0.696405351528727,1.52946670333355,74.8126994814306,17.5023745606244,14.4543977074593
1599,533,0.075,1,0,0.449126568236133,0.689930669845165,1.49892287220942,73.7002875591887,16.8805957990999,11.4815362149688
1600,534,0.035,1,0,0.45633438294635,0.691578957910553,1.54606898342305,75.4105204461833,17.8551464259792,17.2186857498601
1601,534,0.05,1,0,0.453958357121352,0.688606733468067,1.51771342540291,74.386577669023,17.2591056723486,14.4543977074593
1602,534,0.075,1,0,0.450221427736996,0.682854898004519,1.48619486637109,73.2318912314121,16.6310643974011,11.4815362149688
1603,535,0.035,1,0,0.453055192376747,0.574823163423501,1.59355506177425,77.0940990317739,18.930451686945,15.2756605823807
1604,535,0.05,1,0,0.45085883501423,0.571297305954824,1.5596591671065,75.8963193104022,18.1523891454283,12.8233058265602
1605,535,0.075,1,0,0.447385743978321,0.564693713682118,1.51793570048198,74.3946587891678,17.2636585483113,10
1606,536,0.035,1,0,0.454544088225653,0.565133149878604,1.58417704012207,76.7646811292829,18.7096197601831,14.9968483550237
1607,536,0.05,1,0,0.45227528591066,0.562039524117422,1.54777474170902,75.4716706124166,17.892024439227,12.4738351424294
1608,536,0.075,1,0,0.448694872646076,0.556171193575381,1.50166637112801,73.8008755190945,16.9350913973449,9.72747223776965
1609,537,0.035,1,0,0.456083995139883,0.552771243054268,1.57383956824683,76.3998146150227,18.4712385820472,14.9968483550237
1610,537,0.05,1,0,0.453737720350682,0.550037451783284,1.53653368628052,75.0677563073372,17.6511925107536,12.4738351424294
1611,537,0.075,1,0,0.450043081744829,0.544778575817552,1.48904625174064,73.337071957297,16.6865027442042,9.72747223776965
1612,538,0.035,1,0,0.452254717301315,0.4906808374927,1.58443616557198,76.7738035453419,18.7156621132939,2.31206479017559
1613,538,0.05,1,0,0.450110750713164,0.487527673359509,1.529224329142,74.8039364321537,17.4973050702498,2.37684028662488
1614,538,0.075,1,0,0.446714454647617,0.481672213134859,1.44004949936808,71.5096423115577,15.7683010894582,2.44343055269397
1615,539,0.035,1,0,0.453999798107115,0.478237317035843,1.59688327919279,77.210646541149,19.0099106481141,2.48885731828239
1616,539,0.05,1,0,0.451773143366584,0.475419082200404,1.53749026496272,75.1022136639975,17.671487500929,2.55858588690565
1617,539,0.075,1,0,0.448253879041189,0.470103585906072,1.44241627892956,71.5988989096237,15.8110660198077,2.63026799189538
1618,540,0.035,1,0,0.455814955115657,0.464747517972994,1.59471436769628,77.1347170664591,18.9580635913133,13.0617088813184
1619,540,0.05,1,0,0.453498887636033,0.462190540546728,1.54248340673364,75.2818155323472,17.7780194984629,2.70395836410884
1620,540,0.075,1,0,0.449847368395057,0.457290969059322,1.44272599827158,71.6105717118671,15.8166735324517,2.77971326775929
1621,541,0.035,1,0,0.493721401226262,0.759608413631399,1.48998376260515,73.3716231047265,16.7047880684016,0.505824662003114
1622,541,0.05,1,0,0.49738966704288,0.756963274878979,1.48295556690963,73.1122269577433,16.5684013508054,0.510504999975406
1623,541,0.075,1,0,0.503771060801724,0.751978460416875,1.47064056871402,72.6555981166594,16.3331796787865,0.529663443891658
1624,542,0.035,1,0,0.491901800776885,0.742596932143488,1.49611446969074,73.5971827028694,16.8250751323529,0.496592321450336
1625,542,0.05,1,0,0.495529817074761,0.740289931056617,1.4892722084696,73.3454008153092,16.6909072100194,0.505824662003114
1626,542,0.075,1,0,0.501840780183013,0.735903951750738,1.47731568040542,72.9034386430335,16.4600929474826,0.519995996533516
1627,543,0.035,1,0,0.490102381280932,0.721583232162095,1.50210136862238,73.8168121523787,16.9437556026099,0.492039535681451
1628,543,0.05,1,0,0.49369029075303,0.719496524195447,1.49544375168835,73.5725380834953,16.8118545830328,0.501187233627272
1629,543,0.075,1,0,0.499930972751286,0.715486910201935,1.48380681773219,73.1436913304877,16.5848360104074,0.515228644581756
1630,544,0.035,1,0,0.497183664222508,0.612026670918128,1.47664327435565,72.8785086254256,16.4472464390869,0.515228644581756
1631,544,0.05,1,0,0.50097305193018,0.609589377246119,1.46925459768111,72.604039235402,16.3069986364012,0.524807460249773
1632,544,0.075,1,0,0.50757193320393,0.605131891800692,1.45628896369131,72.1200568786011,16.0648379229351,0.544502652842421
1633,545,0.035,1,0,0.494833587378179,0.592496071892374,1.48462534416909,73.1739340429475,16.6006606639394,0.505824662003114
1634,545,0.05,1,0,0.498569570595912,0.590206192894006,1.47749330994838,72.9100230696134,16.4634889548157,0.515228644581756
1635,545,0.075,1,0,0.50507488808231,0.585960155972362,1.4650110141012,72.445963464082,16.2271955672521,0.534564359396972
1636,546,0.035,1,0,0.492516912907687,0.572617738187238,1.492355483167,73.4589615390872,16.7511748802515,0.496592321450336
1637,546,0.05,1,0,0.496199748719137,0.570407678113072,1.48545845919398,73.204703607401,16.6167893671916,0.505824662003114
1638,546,0.075,1,0,0.502611780532987,0.566255876413261,1.47341595489622,72.7587415223609,16.3857819703002,0.524807460249773
1639,547,0.035,1,0,0.500845285072009,0.521829104170345,1.46294650318526,72.3689435955979,16.1885646759826,0.529663443891658
1640,547,0.05,1,0,0.504767272781867,0.519546285361133,1.45517287460708,72.0782555380323,16.0442211964766,0.539510622515128
1641,547,0.075,1,0,0.511604818906777,0.515429785138675,1.44149865725865,71.5643052185908,15.7944676573377,0.55975760149511
1642,548,0.035,1,0,0.497926096078887,0.50029844244223,1.47292331726922,72.7404432984758,16.3764278034473,0.515228644581756
1643,548,0.05,1,0,0.501779776097728,0.498043939852561,1.46549097429423,72.4638582877342,16.2361945798617,0.524807460249773
1644,548,0.075,1,0,0.508497482464007,0.493917457717598,1.45244519214306,71.9760010865683,15.9939839233134,0.544502652842421
1645,549,0.035,1,0,0.495058068957639,0.480117010094024,1.48248820013713,73.094946455485,16.5593879381131,0.505824662003114
1646,549,0.05,1,0,0.49884387451792,0.477857315305056,1.47536143198013,72.8309610505715,16.4227952652548,0.515228644581756
1647,549,0.075,1,0,0.50544222664823,0.473669884550454,1.46290113438836,72.3672501892573,16.1877171505656,0.529663443891658
1648,550,0.035,1,0,0.568005752565307,0.750581176998382,1.56737361819428,76.1706617338354,18.3247119362904,0.529663443891658
1649,550,0.05,1,0,0.572423816226652,0.747364143376223,1.56059629051019,75.9297002420117,18.1731803218455,0.544502652842421
1650,550,0.075,1,0,0.58009823323261,0.741210076863443,1.54855831306322,75.4997441455496,17.9090057241967,0.564936974812303
1651,551,0.035,1,0,0.566019501174202,0.736283601172138,1.57324681838563,76.3788375518958,18.4577249610215,0.519995996533516
1652,551,0.05,1,0,0.570415135949813,0.733554805884205,1.56669480241942,76.1465627798215,18.3094410076742,0.534564359396972
1653,551,0.075,1,0,0.57805362512627,0.728283718307426,1.55510606232212,75.7339187906683,18.0519214802902,0.554625712957911
1654,552,0.035,1,0,0.5640335443452,0.717592179168717,1.57892686404348,76.5796026471556,18.5879057769965,0.515228644581756
1655,552,0.05,1,0,0.568405327481157,0.715215230898198,1.57258823415491,76.3555235626181,18.4427298059308,0.524807460249773
1656,552,0.075,1,0,0.576005195734327,0.710571436600887,1.55859385008276,75.8583536119213,18.1288008834811,11.2719745617551
1657,553,0.035,1,0,0.573284518798949,0.604956568018701,1.55464374509403,75.7174087697556,18.0417704994626,0.544502652842421
1658,553,0.05,1,0,0.577863625555578,0.602032750623665,1.54740042636551,75.4582560086618,17.8839214677817,0.55975760149511
1659,553,0.075,1,0,0.585823336102729,0.596576407706249,1.5345029126168,74.9945520781363,17.6082275187031,0.586138164514029
1660,554,0.035,1,0,0.570718417740256,0.588376839520925,1.56237348748373,75.9929634731076,18.2127165035464,0.534564359396972
1661,554,0.05,1,0,0.575268620592877,0.585741122605981,1.55547112218023,75.7469529962157,18.0599435285663,0.544502652842421
1662,554,0.075,1,0,0.583182449403174,0.580750268201581,1.5432087225181,75.3078688850443,17.7935786805172,0.570164272280748
1663,555,0.035,1,0,0.568152131598688,0.570920402392544,1.5697848648911,76.2562003328265,18.3791271791156,0.524807460249773
1664,555,0.05,1,0,0.572670963164596,0.568479387877014,1.56317229184637,76.0213809074812,18.2305328895174,0.534564359396972
1665,555,0.075,1,0,0.580534227050322,0.563791014606046,1.55147813333767,75.6042607636632,17.9725104820898,0.554625712957911
1666,556,0.035,1,0,0.578932777934026,0.51604841438446,1.54138561418101,75.2423654226079,17.7545109040868,0.564936974812303
1667,556,0.05,1,0,0.583688842250973,0.513334921162971,1.53364192214824,74.9634938795722,17.5900606998474,0.580764417521312
1668,556,0.075,1,0,0.59196195809778,0.508333196258835,1.51975045477075,74.460604355213,17.3008982287442,0.608135001278718
1669,557,0.035,1,0,0.575744014996326,0.497683814841125,1.55119702046976,75.5942045968762,17.9663807233351,0.549540873857625
1670,557,0.05,1,0,0.580464383958554,0.49512757074638,1.54390707828959,75.3329451989508,17.8085798760675,0.55975760149511
1671,557,0.075,1,0,0.588681505775883,0.49034019501776,1.53042040273458,74.8471705750706,17.522344105441,2.88403150312661
1672,558,0.035,1,0,0.572553843912479,0.480049964812577,1.56047996901519,75.9255576210203,18.1705974822525,0.534564359396972
1673,558,0.05,1,0,0.577234540320587,0.477591075490191,1.55358347516507,75.6795310181282,18.0185251862564,0.544502652842421
1674,558,0.075,1,0,0.585388096262961,0.472921312091835,1.529259880066,74.8052218414717,17.4980485105971,3.07609681474071
1675,559,0.035,1,0,0.457210332874663,0.744039484308311,1.56617395258029,76.1280664626305,18.2977379915795,17.3780082874938
1676,559,0.05,1,0,0.454844062202236,0.740508158527359,1.54058452334983,75.2135643232819,17.7373869029173,14.7231250243272
1677,559,0.075,1,0,0.451117198214202,0.733693234762327,1.51326105531387,74.224523271123,17.1682865076577,11.6949939101987
1678,560,0.035,1,0,0.458202935714091,0.732110819520961,1.55655974304103,75.7858077501327,18.0838998224805,17.2186857498601
1679,560,0.05,1,0,0.455784255258701,0.72918980764963,1.52868968332442,74.7846026657156,17.4861304287944,14.4543977074593
1680,560,0.075,1,0,0.451980484901734,0.723494695208422,1.49773938743008,73.656855229283,16.8571665114492,11.3762728582343
1681,561,0.035,1,0,0.459219996467973,0.715519631841289,1.5460618522522,75.4102646930421,17.8549925059536,17.2186857498601
1682,561,0.05,1,0,0.456746370400462,0.713064221065127,1.51760263881088,74.3825495451215,17.2568370989529,14.4543977074593
1683,561,0.075,1,0,0.452862253523084,0.708218231208409,1.48591606180516,73.2215990945021,16.625657804825,11.4815362149688
1684,562,0.035,1,0,0.455937829283238,0.600749594110882,1.59280582227134,77.0678360820488,18.9126437247479,15.2756605823807
1685,562,0.05,1,0,0.453648483850686,0.597592336044393,1.55859416996293,75.8583650147336,18.1288079587826,12.8233058265602
1686,562,0.075,1,0,0.450034033799392,0.59161921894583,1.51626778858603,74.3339984180312,17.2295386901863,10
1687,563,0.035,1,0,0.45713905392006,0.586834506500207,1.58370294927971,76.7479879573516,18.6985733998222,14.9968483550237
1688,563,0.05,1,0,0.454788460896733,0.584097299806629,1.54703356245154,75.4451060887143,17.8759854717848,12.4738351424294
1689,563,0.075,1,0,0.451083654956254,0.578835525657339,1.50042336818471,73.7553183288278,16.9103691764119,9.72747223776965
1690,564,0.035,1,0,0.458376153104629,0.571582550752092,1.5738443410881,76.3999834984991,18.471347461331,14.9968483550237
1691,564,0.05,1,0,0.455960725801713,0.569150540200158,1.53642492792328,75.0638376646766,17.6488873740234,12.4738351424294
1692,564,0.075,1,0,0.452160658217882,0.564398942288126,1.4886885968086,73.3238868064891,16.6795345458458,9.72747223776965
1693,565,0.035,1,0,0.45469565484708,0.513382881042857,1.60061051230024,77.340942465398,19.0995903091897,0.591561634175474
1694,565,0.05,1,0,0.452478843079562,0.51049435681479,1.57181552187694,76.3281599084567,18.4251620071376,11.0662378397767
1695,565,0.075,1,0,0.448970976455156,0.505086488190871,1.5010240201706,73.7773361658211,16.9223090154288,2.77971326775929
1696,566,0.035,1,0,0.456092320228768,0.497921957585532,1.6040664934527,77.4615445163464,19.183410774137,13.0617088813184
1697,566,0.05,1,0,0.453806673146058,0.495320005776862,1.56002550248563,75.9093702156703,18.1605121023637,10.7646521362983
1698,566,0.075,1,0,0.450196747731872,0.490359422790272,1.49710430861634,73.6335385044377,16.8446134299017,3.07609681474071
1699,567,0.035,1,0,0.457537558349078,0.482622498029245,1.59471991374999,77.1349113256729,18.9581958534124,13.0617088813184
1700,567,0.05,1,0,0.455178389282958,0.480222506792301,1.54976333504876,75.5428964964558,17.935170810553,10.7646521362983
1701,567,0.075,1,0,0.451459945196754,0.47556931633483,1.48668769055642,73.2500805935204,16.640627391245,8.01678063387679
1702,568,0.035,1,0,0.441186749679705,0.607790348753887,1.47222914280987,72.7146520098506,16.3632594493335,0.478630092322638
1703,568,0.05,1,0,0.443874125212235,0.604293731765961,1.46558947293507,72.4675302021943,16.238042225017,0.483058802039773
1704,568,0.075,1,0,0.448514762087238,0.597940249347036,1.45402930379242,72.0354018851838,16.0231336852192,0.496592321450336
1705,569,0.035,1,0,0.438983497724453,0.606405541446131,1.48034401934642,73.0156175960735,16.5181248921599,0.469894108605215
1706,569,0.05,1,0,0.441633831767962,0.603030367223632,1.47394299813507,72.7783129212291,16.3957976523252,0.474241985260245
1707,569,0.075,1,0,0.446210089994939,0.596872916360014,1.46282500974351,72.3644087277997,16.1862952171891,0.487528490103386
1708,570,0.035,1,0,0.43681679262276,0.602483108906716,1.48815632213033,73.3042600177395,16.6691719253133,0.461317574560379
1709,570,0.05,1,0,0.439430429634983,0.599230987693782,1.48197931677606,73.0761265172484,16.5495817340288,0.465586093522959
1710,570,0.075,1,0,0.443942834071646,0.593273830550872,1.47126457148363,72.6788002301239,16.3449860809157,0.478630092322638
1711,571,0.035,1,0,0.441629895478757,0.516350084794645,1.4603022771762,72.2701858009414,16.1392690585588,0.483058802039773
1712,571,0.05,1,0,0.444359905959769,0.512912027184404,1.45342516412527,72.0127532183546,16.012008324431,0.492039535681451
1713,571,0.075,1,0,0.449076845549592,0.506794698311362,1.44143882367414,71.5620490115797,15.7933861536455,0.505824662003114
1714,572,0.035,1,0,0.438846054498035,0.506113759358396,1.47073062993282,72.6589472634754,16.3348829473687,0.474241985260245
1715,572,0.05,1,0,0.441527984494169,0.502822852272205,1.46418053954296,72.4149903988176,16.2116406988184,0.478630092322638
1716,572,0.075,1,0,0.446161234516174,0.496939295239692,1.45278277691979,71.9886635456906,16.0001899757546,0.492039535681451
1717,573,0.035,1,0,0.436120979616525,0.49355560699345,1.48067013465399,73.0276882219772,16.5243913675538,0.461317574560379
1718,573,0.05,1,0,0.43875546085665,0.490403406221051,1.47440151229891,72.7953355320273,16.4045179685289,0.469894108605215
1719,573,0.075,1,0,0.443306008564107,0.484737641107733,1.46353387992416,72.390864334493,16.1995428087198,0.483058802039773
1720,574,0.035,1,0,0.442098985776353,0.44337326246216,1.4482993514043,71.8203290327224,15.9180293187427,0.492039535681451
1721,574,0.05,1,0,0.444873946788894,0.4402280927375,1.44118397707809,71.5524385295242,15.7887808384507,0.501187233627272
1722,574,0.075,1,0,0.449671453105583,0.434695982839775,1.40273284642911,70.0890605791285,15.1131844350698,1.85353162341481
1723,575,0.035,1,0,0.438720283075608,0.428024189144961,1.4611628068696,72.3023389233849,16.1552892605879,0.478630092322638
1724,575,0.05,1,0,0.441435240510575,0.424993431207048,1.45446505485822,72.0517337715496,16.0311645696408,0.483058802039773
1725,575,0.075,1,0,0.446128139766804,0.419631479474992,1.42133208932189,70.800231101169,15.4353166194878,1.95884467350599
1726,576,0.035,1,0,0.435428788740506,0.411476978285426,1.4732866380899,72.7539386764432,16.3833257939746,0.465586093522959
1727,576,0.05,1,0,0.43808480076975,0.40853691165589,1.46693928012632,72.5178320694417,16.26339108095,0.469894108605215
1728,576,0.075,1,0,0.442674780908142,0.403302402531987,1.43464985119822,71.3056341233605,15.6712991651126,2.07014134879104
1729,577,0.035,1,0,0.505004593103007,0.601411951513206,1.55169936656769,75.612173911383,17.9773369063429,0.501187233627272
1730,577,0.05,1,0,0.508279103222807,0.597479271399835,1.54528544845256,75.3824143778991,17.8382471123964,0.510504999975406
1731,577,0.075,1,0,0.51394089333586,0.590238033904442,1.53396456920615,74.9751341233979,17.596865108874,0.529663443891658
1732,578,0.035,1,0,0.502662161659574,0.601413897144143,1.55950947986966,75.8909859505965,18.1490717517027,0.492039535681451
1733,578,0.05,1,0,0.5059123665119,0.597656746557402,1.55339453961173,75.6727793225053,18.0143880401137,0.501187233627272
1734,578,0.075,1,0,0.511533425589747,0.590707994222944,1.54264867953961,75.2877529377314,17.7815629732499,0.515228644581756
1735,579,0.035,1,0,0.500334667536283,0.598865385767237,1.56695881282743,76.1559364796536,18.3153777987363,0.478630092322638
1736,579,0.05,1,0,0.50355946237007,0.595285339461586,1.56110483465078,75.9478085583304,18.1844792414238,0.487528490103386
1737,579,0.075,1,0,0.509137706681594,0.588634006287121,1.5508644115793,75.5823045099369,17.9591324074711,0.505824662003114
1738,580,0.035,1,0,0.506626409898157,0.508275876512666,1.54040460542489,75.2070943166954,17.7335445774292,0.510504999975406
1739,580,0.05,1,0,0.509978547639214,0.504363790644736,1.53262513107814,74.9267989094595,17.5686439563505,1.95884467350599
1740,580,0.075,1,0,0.515779088190837,0.497311285974735,1.45956194254263,72.2425131403153,16.1255037329203,1.99526231496888
1741,581,0.035,1,0,0.50364620428,0.500386348725324,1.55054219851761,75.5707745372185,17.9521151106299,0.496592321450336
1742,581,0.05,1,0,0.506966013519735,0.496690954225935,1.54423163741605,75.3445964713245,17.8155584574367,0.505824662003114
1743,581,0.075,1,0,0.51271225402041,0.489990917485705,1.48630216301829,73.2358517466308,16.6331457660965,2.10862814993329
1744,582,0.035,1,0,0.500690811987451,0.490177508557153,1.56007347741604,75.9110791780332,18.1615763159309,0.483058802039773
1745,582,0.05,1,0,0.50397654912271,0.486691352810132,1.55411025383889,75.6983524238526,18.0300682174219,0.492039535681451
1746,582,0.075,1,0,0.509665181917883,0.48033048180846,1.51023750027173,74.1142758139776,17.107019452946,2.2284351492703
1747,583,0.035,1,0,0.508350110821822,0.435760066343535,1.47346221434171,72.7604595332013,16.386660722478,1.90546071796325
1748,583,0.05,1,0,0.511785546925165,0.43216864903778,1.43131628581421,71.1794254072012,15.6117992062359,1.92309172891016
1749,583,0.075,1,0,0.517735193611764,0.425763927319224,1.36350585171587,68.568649079209,14.459955446837,1.94088587759278
1750,584,0.035,1,0,0.504706155304349,0.423420863126107,1.49719666208113,73.6369296751674,16.8464380612693,2.01372424986239
1751,584,0.05,1,0,0.508100225736536,0.420019783401064,1.45251165129763,71.9784940620516,15.9952054329527,2.03235701093622
1752,584,0.075,1,0,0.513980233779659,0.413912426223029,1.38088966484661,69.2458768415157,14.7452588765387,2.05116217882557
1753,585,0.035,1,0,0.501100261991703,0.40974069036375,1.51597528937652,74.3233554783424,17.223565603228,2.10862814993329
1754,585,0.05,1,0,0.504450430409412,0.406504748011229,1.46884474031321,72.5887857832154,16.299267512208,2.12813904598271
1755,585,0.075,1,0,0.510255957630911,0.400650322548631,1.39361713229619,69.7382283402584,14.9583184221018,2.14783047413053
1756,586,0.035,1,0,0.556192563198235,0.599769045376604,1.61122830419017,77.7108207264146,19.3592061341076,0.519995996533516
1757,586,0.05,1,0,0.559838533387174,0.595684797353685,1.6051456120823,77.4991604524957,19.2097168402521,0.529663443891658
1758,586,0.075,1,0,0.566142623194088,0.588075581880823,1.55758099904406,75.822239503175,18.1064205233645,2.10862814993329
1759,587,0.035,1,0,0.554016853452486,0.600763317354671,1.61405192107696,77.8088609897951,19.429310079794,19.2309172891016
1760,587,0.05,1,0,0.5576582371257,0.596898722060502,1.59896777376745,77.2835451068308,19.0599736943478,16.2929603263972
1761,587,0.075,1,0,0.563957139625233,0.589664735717752,1.58653168366793,76.8475332251687,18.7646487233713,13.0617088813184
1762,588,0.035,1,0,0.551831139428699,0.599210799651544,1.60342802411869,77.439279410467,19.1678766124524,19.2309172891016
1763,588,0.05,1,0,0.555466074115708,0.595566818452675,1.58763762743731,76.8864149484348,18.7905908114453,16.2929603263972
1764,588,0.075,1,0,0.561756466587987,0.588712325821079,1.57427068034035,76.4150676189749,18.4810775578585,13.0617088813184
1765,589,0.035,1,0,0.558922377925412,0.505181356603956,1.56794441947554,76.1909198689623,18.3375692295689,2.01372424986239
1766,589,0.05,1,0,0.562671682294876,0.501075294842704,1.51996603452215,74.468434384009,17.305330104963,2.05116217882557
1767,589,0.075,1,0,0.56915919624397,0.493592032370246,1.44207185401369,71.5859160981019,15.80483322238,2.08929613085404
1768,590,0.035,1,0,0.556148049034989,0.499138109817945,1.60149915809463,77.3719726238084,19.1210814866145,2.12813904598271
1769,590,0.05,1,0,0.55989098903324,0.49530721434764,1.55039495159897,75.565504900014,17.9489097655828,2.14783047413053
1770,590,0.075,1,0,0.566371203202286,0.488279132957348,1.46778164611221,72.5492072458253,16.2792379258051,2.2080047330189
1771,591,0.035,1,0,0.553357736556828,0.490802932468494,1.61929725416297,77.9906281603236,19.5607648827332,0.496592321450336
1772,591,0.05,1,0,0.557091227642334,0.487241035229381,1.57840680807705,76.5612439628121,18.5759224470385,2.26986485188382
1773,591,0.075,1,0,0.563558619250237,0.48065808252263,1.49101717367191,73.4096905937961,16.7249771259883,2.31206479017559
1774,592,0.035,1,0,0.56182948061051,0.433138023443722,1.46010762937745,72.2629110870834,16.1356483540692,1.97696964011186
1775,592,0.05,1,0,0.565690005144082,0.429369099617917,1.41556149539171,70.5802502578738,15.3344657624556,1.99526231496888
1776,592,0.075,1,0,0.572375070436131,0.422572325615721,1.343541591347,67.7841056357071,14.1399902852996,2.03235701093622
1777,593,0.035,1,0,0.558429471831051,0.423236639901815,1.48308905967233,73.1171620335212,16.5709771023321,2.07014134879104
1778,593,0.05,1,0,0.562281582601983,0.419723031754266,1.43590784345448,71.3532099291451,15.6938289149969,2.08929613085404
1779,593,0.075,1,0,0.568956933369395,0.413334721199194,1.35983816537858,68.4250634623091,14.4005716078988,2.12813904598271
1780,594,0.035,1,0,0.555005835351283,0.41190585363535,1.50157062919879,73.7973674564898,16.9331852971183,2.16770410481969
1781,594,0.05,1,0,0.558844804557488,0.408622848985066,1.45189502764783,71.9553606243898,15.9838767671086,2.18776162394955
1782,594,0.075,1,0,0.565501943419245,0.402600567890332,1.37211006135536,68.9045329523802,14.600364341062,2.2284351492703
1783,595,0.035,1,0,0.436064760085121,0.705192397932018,1.44964346580354,71.870832748702,15.9426016855902,0.474241985260245
1784,595,0.05,1,0,0.438825984561368,0.70181322494111,1.44286090712452,71.6156556638517,15.819116893075,0.483058802039773
1785,595,0.075,1,0,0.443602726501879,0.695628357458403,1.43108476246415,71.1706525393284,15.6076776254736,0.496592321450336
1786,596,0.035,1,0,0.434238106963517,0.699137104514021,1.45648302581802,72.1273229014959,16.0684263342302,0.469894108605215
1787,596,0.05,1,0,0.436962348539634,0.695949328622524,1.44988319520796,71.8798369456473,15.9469895861754,0.474241985260245
1788,596,0.075,1,0,0.441674259635945,0.690097884317285,1.4384358168389,71.4487292412723,15.7392304311264,0.487528490103386
1789,597,0.035,1,0,0.432441266776615,0.687659345090142,1.46313573983759,72.3760065255623,16.1921004205478,0.461317574560379
1790,597,0.05,1,0,0.435129144122542,0.684691300421575,1.45671146984814,72.1358753827204,16.0726518867464,0.469894108605215
1791,597,0.075,1,0,0.43977727668157,0.679223505661906,1.445582232321,71.7181375532806,15.8685095878685,0.478630092322638
1792,598,0.035,1,0,0.436914307858925,0.579245836309554,1.43810049598572,71.4360657463803,15.7331983651516,0.483058802039773
1793,598,0.05,1,0,0.439722183283109,0.576270829326433,1.43109866910156,71.1711795158724,15.6079251520553,0.492039535681451
1794,598,0.075,1,0,0.444582375410582,0.57097256277506,1.4189142003293,70.7081316492943,15.3929587918703,0.505824662003114
1795,599,0.035,1,0,0.434600529306274,0.563242583547626,1.44687307164077,71.7667027619222,15.8920097806757,0.474241985260245
1796,599,0.05,1,0,0.437360550927983,0.560444885498081,1.44011667101781,71.5121768876944,15.7695127132538,0.483058802039773
1797,599,0.075,1,0,0.442136756071865,0.555432330512114,1.42837040032122,71.067728391026,15.5594605571703,0.492039535681451
1798,600,0.035,1,0,0.432334637388209,0.545301713931858,1.45534858873737,72.0848381034853,16.0474646783948,0.465586093522959
1799,600,0.05,1,0,0.435047844363512,0.542643028372712,1.44881422235923,71.8396785902409,15.9274359591146,0.474241985260245
1800,600,0.075,1,0,0.439741837906164,0.5378458888532,1.4374746449084,71.4124249039558,15.7219480196171,0.483058802039773
1801,601,0.035,1,0,0.43779428182245,0.492572313223849,1.42646030041514,70.9952212932788,15.5256443971549,0.492039535681451
1802,601,0.05,1,0,0.440651333351085,0.489917758302277,1.41921674099577,70.7196614352165,15.3982508360151,0.496592321450336
1803,601,0.075,1,0,0.445599633852856,0.485254026267496,1.40661738173387,70.2381068296094,15.1797707493124,0.510504999975406
1804,602,0.035,1,0,0.434979127004785,0.473058917187115,1.43725771610725,71.4042290182747,15.718050934552,0.478630092322638
1805,602,0.05,1,0,0.43777664160489,0.470494176446088,1.43032601865164,71.1418955302703,15.5941802596255,0.487528490103386
1806,602,0.075,1,0,0.44262031710183,0.465952417250728,1.41828952831786,70.6843202702258,15.3820392549271,0.501187233627272
1807,603,0.035,1,0,0.43223495905539,0.453257479379534,1.44761356792112,71.7945489968226,15.905511569071,0.469894108605215
1808,603,0.05,1,0,0.43497454959659,0.450746462859923,1.44096703132042,71.5442564049194,15.7848618126805,0.474241985260245
1809,603,0.075,1,0,0.439716368119946,0.446262420742906,1.42942690819623,71.1078051429078,15.5782052924197,0.487528490103386
1810,604,0.035,1,0,0.503824769257527,0.693792693783191,1.5306229635869,74.8544900157425,17.5265900605477,0.501187233627272
1811,604,0.05,1,0,0.507290465200159,0.689781364572438,1.52400230939401,74.6148850374619,17.3886267736957,0.510504999975406
1812,604,0.075,1,0,0.513294174218388,0.682349762718668,1.51236811328227,74.19198073689,17.1501585797498,0.529663443891658
1813,605,0.035,1,0,0.501732374117949,0.689194759257144,1.53726222390228,75.0940007387079,17.6666460205833,0.492039535681451
1814,605,0.05,1,0,0.505168593285912,0.685444236396602,1.53087279933926,74.8635167270795,17.5318291515928,0.501187233627272
1815,605,0.075,1,0,0.511122172438218,0.678472123479227,1.51967936226608,74.4580220403491,17.2994370897858,0.519995996533516
1816,606,0.035,1,0,0.499657373425197,0.679432859072839,1.54367667682571,75.3246729603231,17.8036284725723,0.487528490103386
1817,606,0.05,1,0,0.503063501707242,0.675974748250589,1.53749768120975,75.1024807458026,17.6716449881723,0.492039535681451
1818,606,0.075,1,0,0.508965721398948,0.669518342906301,1.52670116054838,74.7126502791317,17.4446644235408,0.510504999975406
1819,607,0.035,1,0,0.50585617646218,0.56832572384657,1.5195507695686,74.4533509036795,17.2967946441534,0.510504999975406
1820,607,0.05,1,0,0.509403909817155,0.564736895888464,1.51263639822386,74.2017596291025,17.1556021193011,0.519995996533516
1821,607,0.075,1,0,0.515554338318303,0.558246459717903,1.50044579731719,73.7561406178363,16.9108148043825,0.539510622515128
1822,608,0.035,1,0,0.503189997979713,0.555005923686812,1.52815127708203,74.7651278748899,17.4748882844681,0.501187233627272
1823,608,0.05,1,0,0.506699041909044,0.551687528960244,1.52155065451727,74.5259640963585,17.3379594985169,0.510504999975406
1824,608,0.075,1,0,0.512783587070715,0.545644817021897,1.5099665608194,74.1043887577379,17.1015452464377,0.524807460249773
1825,609,0.035,1,0,0.500552181124559,0.539604767533984,1.53637834617466,75.0621592274379,17.64790021616,0.492039535681451
1826,609,0.05,1,0,0.504021566232929,0.536515426733213,1.53005970075751,74.8341350079231,17.5147872238721,0.496592321450336
1827,609,0.075,1,0,0.5100382721381,0.530845909211751,1.51899583435569,74.4331895332849,17.2853983044232,0.515228644581756
1828,610,0.035,1,0,0.507997040959268,0.483013266270632,1.5082758353983,74.0426621126003,17.0674436184431,0.524807460249773
1829,610,0.05,1,0,0.511632927722836,0.479802257424331,1.50103910981467,73.777889218551,16.9226091280052,0.534564359396972
1830,610,0.075,1,0,0.517941257201085,0.474063856676863,1.48826226078881,73.3081667374095,16.6712336650297,0.554625712957911
1831,611,0.035,1,0,0.504731977025624,0.46656108378082,1.51898778034446,74.4328968830481,17.2852329880763,0.505824662003114
1832,611,0.05,1,0,0.508318986483874,0.463534686217334,1.51217094800119,74.1847933267381,17.1461597121787,0.515228644581756
1833,611,0.075,1,0,0.514543969674518,0.458080213843908,1.50017710096086,73.7462891837305,16.905477401358,0.534564359396972
1834,612,0.035,1,0,0.501509647926891,0.449519335759156,1.52910591612453,74.7996548317676,17.4948291699985,0.496592321450336
1835,612,0.05,1,0,0.505046370920017,0.446632987467748,1.52264813474824,74.565782434453,17.3606128250129,0.501187233627272
1836,612,0.075,1,0,0.511185139638915,0.441383950069615,1.51132539162476,74.1539619100688,17.129026069,0.519995996533516
1837,613,0.035,1,0,0.558285679012427,0.686106238507465,1.59174750797748,77.0307228504653,18.887539094198,0.519995996533516
1838,613,0.05,1,0,0.562165783451216,0.681721201177115,1.58542380473836,76.8085624702358,18.7387227209915,0.529663443891658
1839,613,0.075,1,0,0.568878489844896,0.673518936422931,1.57417928203269,76.4118341590743,18.4789909041023,0.554625712957911
1840,614,0.035,1,0,0.556259989316746,0.682650748707459,1.59806167793653,77.251866392783,19.0381837715464,0.510504999975406
1841,614,0.05,1,0,0.560130068255308,0.678583746921783,1.59199883975647,77.0395383494082,18.8934957921727,0.519995996533516
1842,614,0.075,1,0,0.566828389051096,0.670948607743443,1.58127280007528,76.6623596890213,18.6421246256676,0.539510622515128
1843,615,0.035,1,0,0.554230458744957,0.674277113098479,1.60339151150189,77.4380059096947,19.1669889219101,19.2309172891016
1844,615,0.05,1,0,0.558088900775637,0.670561440935546,1.58750430148013,76.8817287106323,18.7874601271194,16.2929603263972
1845,615,0.075,1,0,0.564769901577886,0.663552395778934,1.57394554997986,76.4035646084352,18.4736565175205,13.0617088813184
1846,616,0.035,1,0,0.561394543760369,0.561220820803453,1.58128257665934,76.6627043777377,18.6423511408608,0.534564359396972
1847,616,0.05,1,0,0.565380185948087,0.557263337486661,1.57460523303199,76.4269020913482,18.4887188745283,0.544502652842421
1848,616,0.075,1,0,0.572279867315772,0.550023352156536,1.56269480028534,76.0043954876602,18.2198795727487,0.570164272280748
1849,617,0.035,1,0,0.55881008643375,0.550181547718281,1.58953795582898,76.9531760084765,18.8353109251131,0.519995996533516
1850,617,0.05,1,0,0.562782667764775,0.546574307518372,1.58323077941873,76.7313585961993,18.6875828440726,0.529663443891658
1851,617,0.075,1,0,0.569663747220356,0.539923208401637,1.57204943214103,76.3364443340534,18.4304770658598,0.549540873857625
1852,618,0.035,1,0,0.556219264225994,0.536971512109427,1.59735311439258,77.2270840018506,19.0211745156039,0.505824662003114
1853,618,0.05,1,0,0.560176111357033,0.533672978181315,1.59136864551312,77.0174321537058,18.878565990223,0.515228644581756
1854,618,0.075,1,0,0.567033705629031,0.52753759777702,1.57652342351059,76.4947190550856,18.5326336046513,11.3762728582343
1855,619,0.035,1,0,0.564689156142939,0.477312169523638,1.57054533173829,76.2831570047917,18.3963444657125,0.544502652842421
1856,619,0.05,1,0,0.568788430697929,0.473777730033758,1.54608156802649,75.4109717797122,17.8554180586753,2.2080047330189
1857,619,0.075,1,0,0.575889493439199,0.467380815257523,1.46390281044399,72.4046295832857,16.2064433536242,2.24905460583578
1858,620,0.035,1,0,0.561520050113012,0.463522712644078,1.58091714587399,76.6498194308622,18.633887591756,0.529663443891658
1859,620,0.05,1,0,0.565603009724079,0.46025837791276,1.5681034831583,76.1965641496692,18.3411547971073,2.35504928389601
1860,620,0.075,1,0,0.572681059136612,0.454293546516915,1.48072142874999,73.0295866179075,16.525377314989,2.39883291901949
1861,621,0.035,1,0,0.558341166866949,0.44890357824554,1.59059622683179,76.9903276948137,18.860294585207,0.510504999975406
1862,621,0.05,1,0,0.562403705209215,0.445860212608168,1.5844526091264,76.7743823957992,18.7160456606551,0.524807460249773
1863,621,0.075,1,0,0.56945121558241,0.440242313976255,1.49323611466051,73.4913654628968,16.7684456847701,2.53512863049791
1864,622,0.035,1,0,0.431519753815949,0.756650445289066,1.43316992005193,71.2496285463527,15.6448481979077,0.474241985260245
1865,622,0.05,1,0,0.434315316388555,0.754129036735342,1.42629892760871,70.989092606136,15.5227917727212,0.478630092322638
1866,622,0.075,1,0,0.439157702799133,0.749496255717761,1.41436467972044,70.5345514173874,15.3136528712835,0.492039535681451
1867,623,0.035,1,0,0.430013340360178,0.738664822199836,1.43909764997206,71.4737176661761,15.7511449559052,0.469894108605215
1868,623,0.05,1,0,0.432774167061572,0.736412424186077,1.43236309376019,71.2190789892808,15.6304519846067,0.474241985260245
1869,623,0.075,1,0,0.437555270019888,0.732257982026816,1.42070018602775,70.776171512248,15.4242324445166,0.487528490103386
1870,624,0.035,1,0,0.428529794620676,0.717507375658968,1.4449072180367,71.6927296570643,15.8562389880959,0.465586093522959
1871,624,0.05,1,0,0.431256548144204,0.715441649334701,1.4383053445264,71.4438021535814,15.7368830147575,0.469894108605215
1872,624,0.075,1,0,0.435977530880064,0.711607294130961,1.42690359875571,71.0120546657199,15.5334841254288,0.483058802039773
1873,625,0.035,1,0,0.432691456041164,0.609986402517248,1.42191493167332,70.8224163412023,15.4455491389468,0.483058802039773
1874,625,0.05,1,0,0.435537970006237,0.607714189335573,1.41480756556387,70.5514654395494,15.3213506430496,0.487528490103386
1875,625,0.075,1,0,0.440471498982364,0.603679328398371,1.40248673114734,70.0796081746438,15.108977724476,0.501187233627272
1876,626,0.035,1,0,0.430777987897792,0.589920581580825,1.42949705935432,71.1104654936051,15.5794509496783,0.474241985260245
1877,626,0.05,1,0,0.433579522962702,0.587762173637507,1.42259813402395,70.8484138989137,15.4575545238682,0.483058802039773
1878,626,0.075,1,0,0.438433611204944,0.583891549630166,1.41062561393259,70.3916138966661,15.2488558322384,0.492039535681451
1879,627,0.035,1,0,0.428901356663923,0.569474308072698,1.43690119705141,71.390757379348,15.7116488649962,0.469894108605215
1880,627,0.05,1,0,0.431659010772553,0.567381787015648,1.43016747795848,71.135885404596,15.591361858007,0.474241985260245
1881,627,0.075,1,0,0.436435589862672,0.563588362812516,1.41853150561492,70.6935448445714,15.3862679674754,0.487528490103386
1882,628,0.035,1,0,0.433898812673567,0.520220633798171,1.41051877476634,70.3875259329339,15.2470093423952,0.487528490103386
1883,628,0.05,1,0,0.436798994901361,0.518114053813749,1.40318938475466,70.1065916816119,15.1209915748354,0.496592321450336
1884,628,0.075,1,0,0.441828683836331,0.514428685001283,1.39046614042176,69.6166081078615,14.9052315180287,0.510504999975406
1885,629,0.035,1,0,0.431564253482294,0.498326663493725,1.419855615331,70.7440034456957,15.4094335551735,0.478630092322638
1886,629,0.05,1,0,0.434408439330627,0.496244742867442,1.41276913518869,70.4735875251309,15.2859607280881,0.487528490103386
1887,629,0.075,1,0,0.439339112731583,0.492557544346899,1.40049179157249,70.002949341082,15.0749319407013,0.501187233627272
1888,630,0.035,1,0,0.429284451878049,0.477339801437087,1.42890199245459,71.0878958988826,15.5688885390922,0.474241985260245
1889,630,0.05,1,0,0.432074322623719,0.475252616533915,1.42203665043688,70.8270486586348,15.4476871447069,0.478630092322638
1890,630,0.075,1,0,0.436908945548157,0.471512535583935,1.41016998382724,70.3741787892054,15.2409831523435,0.492039535681451
1891,631,0.035,1,0,0.50234173335465,0.745464998985154,1.51511688853885,74.2921128656471,17.2060542677227,0.501187233627272
1892,631,0.05,1,0,0.505955703697595,0.742223477689022,1.50834948674238,74.0453520927805,17.0689270504997,0.510504999975406
1893,631,0.075,1,0,0.512228218817018,0.73616774298139,1.49649220466901,73.611058570675,16.8325273124212,0.529663443891658
1894,632,0.035,1,0,0.50048706380873,0.729863410987515,1.52090732953094,74.5026134450223,17.3247013566241,0.496592321450336
1895,632,0.05,1,0,0.504068362754137,0.727014553345139,1.51433407805116,74.2636102060864,17.1901082544673,0.501187233627272
1896,632,0.075,1,0,0.51028462148295,0.72166584692118,1.50281370971132,73.8429023990009,16.957957923811,0.519995996533516
1897,633,0.035,1,0,0.498649468205143,0.710808719166912,1.52653520818649,74.7066423649435,17.441210698762,0.487528490103386
1898,633,0.05,1,0,0.502197860093145,0.708259141260305,1.52013405172637,74.4745363392645,17.3087853850822,0.496592321450336
1899,633,0.075,1,0,0.508357318305378,0.703440645695431,1.5089502526448,74.067290408124,17.08103438424,0.510504999975406
1900,634,0.035,1,0,0.50472867817305,0.600321958680155,1.50420758195678,73.8939286321328,16.9857988793812,0.510504999975406
1901,634,0.05,1,0,0.508430315520609,0.597428324682189,1.4971495403838,73.6351994099597,16.8455070400219,0.519995996533516
1902,634,0.075,1,0,0.514859718892668,0.592181064411418,1.48474358820258,73.1783019150455,16.6029484575468,0.539510622515128
1903,635,0.035,1,0,0.502359929735015,0.582771128500403,1.51169644124269,74.1674929900977,17.1365415610493,0.501187233627272
1904,635,0.05,1,0,0.506018877549132,0.580099580069742,1.50489265999925,73.9189951339734,16.9995071416549,0.510504999975406
1905,635,0.075,1,0,0.512374711485526,0.575208697079415,1.49297010438921,73.4815787281733,16.7632260311879,0.529663443891658
1906,636,0.035,1,0,0.500018921685834,0.564512818573498,1.51892967969544,74.4307857065043,17.2840404870221,0.492039535681451
1907,636,0.05,1,0,0.503634809357049,0.562000401694967,1.51235811891645,74.191616421368,17.1499558424841,0.501187233627272
1908,636,0.075,1,0,0.509916204768748,0.557352132166427,1.50087435382516,73.7718505059768,16.9193327759,0.519995996533516
1909,637,0.035,1,0,0.507232938940403,0.511475033569905,1.49307707105472,73.4855142690138,16.7653246496316,0.519995996533516
1910,637,0.05,1,0,0.511028784488916,0.508804844263884,1.48570571047547,73.2138330158772,16.621580315191,0.534564359396972
1911,637,0.075,1,0,0.517627055179412,0.504028889671372,1.47273243201113,72.7333520187305,16.372805281756,0.554625712957911
1912,638,0.035,1,0,0.504325350595571,0.492299015812858,1.50237609608371,73.8268753938319,16.9492309229664,0.510504999975406
1913,638,0.05,1,0,0.508067506709318,0.489751899059512,1.49534174769662,73.5687893912072,16.8098452959158,0.519995996533516
1914,638,0.075,1,0,0.514573164934046,0.485143590264822,1.48299855942892,73.113816376748,16.5692308324281,0.539510622515128
1915,639,0.035,1,0,0.501459410910114,0.473644025003441,1.51128755792617,74.1525820915138,17.1282600354766,0.501187233627272
1916,639,0.05,1,0,0.505147342891622,0.471174521285436,1.50455523773702,73.9066501324926,16.992753361786,0.510504999975406
1917,639,0.075,1,0,0.511559111290023,0.466655359103379,1.49275745689836,73.473754356036,16.7590551454832,0.524807460249773
1918,640,0.035,1,0,0.559704415395696,0.736148004239248,1.57731942447804,76.5228428335624,18.5509086126109,0.519995996533516
1919,640,0.05,1,0,0.563794251864736,0.73235086021666,1.57081311647737,76.2926469423509,18.4024136090125,0.534564359396972
1920,640,0.075,1,0,0.570876847427858,0.725176894264397,1.55928404191021,75.88295286015,18.1440774213562,0.554625712957911
1921,641,0.035,1,0,0.557825785130178,0.722723505459953,1.5828550680468,76.7181236785443,18.6788453819638,0.515228644581756
1922,641,0.05,1,0,0.561900506842357,0.719426303179271,1.57656286847519,76.4961129547541,18.5335384893281,0.524807460249773
1923,641,0.075,1,0,0.568959867145852,0.713159196665077,1.56545672726519,76.1025888434664,18.2816427806729,0.544502652842421
1924,642,0.035,1,0,0.555947307058576,0.705651899913292,1.58820535174242,76.9063663297627,18.8039318288002,0.505824662003114
1925,642,0.05,1,0,0.560005590789341,0.702758978748272,1.58211811055634,76.6921563713709,18.6617270346411,0.515228644581756
1926,642,0.075,1,0,0.567039248762444,0.69722053879879,1.57139541608789,76.3132786114192,18.4156225074443,0.534564359396972
1927,643,0.035,1,0,0.563164881713034,0.592947291041908,1.56692868216121,76.1548667499062,18.3147000909753,0.534564359396972
1928,643,0.05,1,0,0.567364042023993,0.589593971428184,1.56007719283894,75.9112115271217,18.161658738292,0.544502652842421
1929,643,0.075,1,0,0.574639912367702,0.583421414577775,1.54789426100128,75.4759533979728,17.8946129593116,0.570164272280748
1930,644,0.035,1,0,0.560764551145913,0.57774722717584,1.57415642085991,76.4110253614083,18.4784690376082,0.524807460249773
1931,644,0.05,1,0,0.564944308840835,0.574722076409351,1.56760177378509,76.1787598082615,18.3298493491918,0.534564359396972
1932,644,0.075,1,0,0.572190572591696,0.569097620050747,1.5560038656609,75.7659700901326,18.07166070947,0.554625712957911
1933,645,0.035,1,0,0.558364150062221,0.561549370691203,1.58107327398093,76.6553247272592,18.63750279459,0.510504999975406
1934,645,0.05,1,0,0.562522294901357,0.558778007913881,1.57479863397966,76.4337425819221,18.4931386444217,0.519995996533516
1935,645,0.075,1,0,0.569734820375103,0.553568603681465,1.56371513327585,76.0406861859267,18.2426566454002,0.539510622515128
1936,646,0.035,1,0,0.5668199613431,0.505299989868138,1.55624708331739,75.7746504842674,18.0770141392466,0.549540873857625
1937,646,0.05,1,0,0.571136769805759,0.502231614043989,1.5490122354072,75.5160022535762,17.9188547415992,0.55975760149511
1938,646,0.075,1,0,0.578620637398084,0.496655091316416,1.53610509118114,75.0523125212735,17.6421111462369,0.586138164514029
1939,647,0.035,1,0,0.563872322669297,0.488679838135055,1.56530705608815,76.0972710339968,18.2782869610861,0.534564359396972
1940,647,0.05,1,0,0.568165234796354,0.485835667681309,1.55847794236139,75.8542217170808,18.1262374625776,0.544502652842421
1941,647,0.075,1,0,0.575612968879334,0.480604877326689,1.54636600404103,75.4211720443371,17.8615592274055,0.564936974812303
1942,648,0.035,1,0,0.560924065733329,0.472220927001077,1.5738832916333,76.4013617202362,18.4722360513441,0.519995996533516
1943,648,0.05,1,0,0.565189662530546,0.469542217020999,1.56741132568792,76.1720001722515,18.3255608372039,0.529663443891658
1944,648,0.075,1,0,0.572594853646543,0.464555920683642,1.55597414824656,75.764909410844,18.0710067795848,0.549540873857625
1945,649,0.035,1,0,0.404908282755704,0.60012941414026,1.4306455402326,71.1540069171724,15.5998624307446,0.461317574560379
1946,649,0.05,1,0,0.407171602264932,0.596541191605127,1.42402525321466,70.9026922936602,15.4826703313985,0.465586093522959
1947,649,0.075,1,0,0.41106965664354,0.590108941286577,1.41254876054023,70.4651636635637,15.2821408219636,0.478630092322638
1948,650,0.035,1,0,0.402913639522072,0.597973342743418,1.4386443429569,71.4566032790899,15.7429831143914,0.452897579903621
1949,650,0.05,1,0,0.405141902775618,0.594470066796997,1.43223986729712,71.2144121325966,15.6282547567637,0.457088189614875
1950,650,0.075,1,0,0.408978808772079,0.588172764683719,1.42113911544387,70.7928844215023,15.4319306110528,0.469894108605215
1951,651,0.035,1,0,0.400957538191905,0.593558811012824,1.44638601534066,71.7483817543024,15.8831373439185,0.444631267469109
1952,651,0.05,1,0,0.403151489308221,0.590148386948753,1.44016927979487,71.5141619091239,15.7704617409361,0.452897579903621
1953,651,0.075,1,0,0.40692852232034,0.58400129408321,1.42942176497644,71.1076100924994,15.5781139705252,0.461317574560379
1954,652,0.035,1,0,0.40439995255289,0.509848962812439,1.41971941453673,70.7388146195343,15.4070486684932,0.465586093522959
1955,652,0.05,1,0,0.406679095548395,0.506404137303081,1.41292940047285,70.4797131457532,15.28873946253,0.474241985260245
1956,652,0.075,1,0,0.410605547957973,0.500359303050297,1.40115194553331,70.0283247993825,15.0861878278506,0.483058802039773
1957,653,0.035,1,0,0.401903369878843,0.498866158889817,1.42991890541565,71.126461350221,15.586944262733,0.457088189614875
1958,653,0.05,1,0,0.404137860930095,0.495541703347414,1.42339558566258,70.8787483185699,15.4715824682435,0.461317574560379
1959,653,0.075,1,0,0.40798635556224,0.489689838345714,1.41211103875827,70.4484290732074,15.2745570045686,0.474241985260245
1960,654,0.035,1,0,0.399467532799932,0.485753460146833,1.43969937460907,71.4964298079776,15.7619876045043,0.448745389933132
1961,654,0.05,1,0,0.401658597673301,0.482547134448015,1.43341525456811,71.2589155444695,15.6492290969846,0.452897579903621
1962,654,0.075,1,0,0.405431244153548,0.476882440558128,1.42258437734356,70.8478905055797,15.4573126719407,0.461317574560379
1963,655,0.035,1,0,0.403886499787149,0.437436543161315,1.40880003562496,70.3217339146048,15.2173425302885,0.469894108605215
1964,655,0.05,1,0,0.406181898965859,0.434313246239917,1.40182736849931,70.0542790322579,15.0977146434782,0.478630092322638
1965,655,0.075,1,0,0.410137556147361,0.428898220797202,1.38974048344688,69.5885741440618,14.8930377899048,0.492039535681451
1966,656,0.035,1,0,0.400886200370024,0.421371236124494,1.42127320279465,70.7979893119612,15.4342832699444,0.457088189614875
1967,656,0.05,1,0,0.403126973214176,0.41834440025455,1.41463519005606,70.5448827562441,15.318354021318,0.465586093522959
1968,656,0.075,1,0,0.406987168444363,0.413075261777118,1.40317393349109,70.1059984135679,15.1207272664108,0.478630092322638
1969,657,0.035,1,0,0.397974176752561,0.404146103053655,1.43310807910415,71.2472874223246,15.6437441638536,0.448745389933132
1970,657,0.05,1,0,0.400162183192974,0.40119757476452,1.42678233603475,71.0074503056984,15.5313390934091,0.452897579903621
1971,657,0.075,1,0,0.403930130103387,0.396040396309987,1.41585901581176,70.5916066840606,15.3396451904243,0.465586093522959
1972,658,0.035,1,0,0.466445356314816,0.589648803799029,1.51325518485763,74.2243093728512,17.168167235966,0.487528490103386
1973,658,0.05,1,0,0.469283912450902,0.585429566235214,1.50674655283656,73.9867863498367,17.0366849938087,0.496592321450336
1974,658,0.075,1,0,0.474181516117374,0.577775544386919,1.49534265656317,73.5688227932691,16.8098631973461,0.510504999975406
1975,659,0.035,1,0,0.464188393389237,0.588776831449523,1.52109603386118,74.5094635623769,17.3285887272458,0.478630092322638
1976,659,0.05,1,0,0.466997760841657,0.584688390573172,1.5148634240182,74.2828852265385,17.2008887147782,0.487528490103386
1977,659,0.075,1,0,0.471845421983916,0.577248870303774,1.50395743588622,73.8847739151377,16.9807975640033,0.501187233627272
1978,660,0.035,1,0,0.46195836779421,0.585652504878279,1.52860416649538,74.7815097587522,17.4843440591169,0.469894108605215
1979,660,0.05,1,0,0.464738193101296,0.58170450855289,1.52260855139588,74.5643466531915,17.3597949943005,0.474241985260245
1980,660,0.075,1,0,0.469535179574868,0.574498551214889,1.51215857422511,74.1843422336957,17.1459087960944,0.487528490103386
1981,661,0.035,1,0,0.466730006910115,0.49775086101444,1.5027811772964,73.8417110593449,16.9573089275063,0.496592321450336
1982,661,0.05,1,0,0.469609328229675,0.493665378529575,1.49603750153517,73.5943550155088,16.8235572452874,0.505824662003114
1983,661,0.075,1,0,0.474579963919465,0.486408164640934,1.44089288385676,71.54145973503,15.7835226647793,1.94088587759278
1984,662,0.035,1,0,0.46388412103411,0.488947152166348,1.51286015195166,74.2099144088783,17.1601440883469,0.483058802039773
1985,662,0.05,1,0,0.466725404068571,0.485041913458797,1.50648196267813,73.9771147876275,17.0313715828849,0.492039535681451
1986,662,0.075,1,0,0.471630828379508,0.47807848759422,1.46932037509147,72.6064869619088,16.3082398640831,2.03235701093622
1987,663,0.035,1,0,0.46108173219451,0.478055237907798,1.52239084862416,74.5564495721683,17.3552980899545,0.469894108605215
1988,663,0.05,1,0,0.463884491616887,0.474330036616773,1.51632426927145,74.3360533638732,17.2306924334389,0.478630092322638
1989,663,0.075,1,0,0.468723675014947,0.467658742602586,1.49584957164936,73.5874503324079,16.8198519181692,2.12813904598271
1990,664,0.035,1,0,0.467045659221614,0.425765973554836,1.45021551878027,71.892317267834,15.953074948411,1.8706821403658
1991,664,0.05,1,0,0.469967825995349,0.422042962544011,1.41065056075835,70.3925684019987,15.2492870254234,1.8706821403658
1992,664,0.075,1,0,0.475015303471736,0.415503014173663,1.34719832925685,67.9283499908089,14.1980037763785,1.88799134909629
1993,665,0.035,1,0,0.463598861091842,0.412498061393789,1.47634974340578,72.8676232076545,16.4416428429355,1.95884467350599
1994,665,0.05,1,0,0.466473395902189,0.408937194076576,1.43459304787107,71.303485218512,15.670282846528,1.97696964011186
1995,665,0.075,1,0,0.471439054379856,0.402652511505717,1.36777387048862,68.7354287127169,14.5294096413202,1.97696964011186
1996,666,0.035,1,0,0.460216850343737,0.39799157306848,1.49860462220703,73.6886106284721,16.8742907912123,2.05116217882557
1997,666,0.05,1,0,0.463043157565963,0.394574375134521,1.45466248201301,72.0591321982908,16.0348049267763,2.07014134879104
1998,666,0.075,1,0,0.467925691606563,0.388510920198878,1.38453169899355,69.3870656919293,14.8058579197098,2.07014134879104
1999,667,0.035,1,0,0.516150796473493,0.583849865313683,1.57587923738163,76.4719511283777,18.5178661994076,0.505824662003114
2000,667,0.05,1,0,0.519358814747818,0.579254621804532,1.5696213114118,76.2504014647614,18.3754277580422,0.519995996533516
2001,667,0.075,1,0,0.524893733880606,0.570832111149961,1.52773327957048,74.7500049218833,17.4661679841308,2.05116217882557
2002,668,0.035,1,0,0.513929984306497,0.583926894071112,1.58339694403076,76.7372111872421,18.6914493522991,0.496592321450336
2003,668,0.05,1,0,0.517123374095469,0.579500042414487,1.57744931028013,76.5274308397552,18.5538934784764,0.505824662003114
2004,668,0.075,1,0,0.522634772586211,0.571359246863329,1.5619925525813,75.9794078500437,18.2042302450098,2.12813904598271
2005,669,0.035,1,0,0.511715596748854,0.581771412330353,1.59052613830173,76.9878677574385,18.8586381673435,0.483058802039773
2006,669,0.05,1,0,0.514893048606221,0.577524270884373,1.58485506167236,76.7885481951198,18.7254370875155,0.492039535681451
2007,669,0.075,1,0,0.520378530706839,0.569687915086408,1.57490101060454,76.437363329436,18.4954789627887,0.510504999975406
2008,670,0.035,1,0,0.517258143396372,0.490582453112511,1.5340472830115,74.9781179244519,17.5986101458497,1.97696964011186
2009,670,0.05,1,0,0.520529820934624,0.486104516469776,1.48864630493945,73.3223275435356,16.6787108475525,1.99526231496888
2010,670,0.075,1,0,0.526178224913823,0.478070819068637,1.41547057165904,70.5767793591951,15.332883339316,2.03235701093622
2011,671,0.035,1,0,0.514444212611902,0.483525028119738,1.56878516384478,76.2207482487703,18.356534204809,2.07014134879104
2012,671,0.05,1,0,0.517696193249856,0.479276616345063,1.52070950403851,74.4954315534814,17.320627507093,2.08929613085404
2013,671,0.075,1,0,0.523312785246325,0.471620447726181,1.44349696117392,71.6396205614178,15.8306432777959,2.10862814993329
2014,672,0.035,1,0,0.511641398776698,0.474439026700986,1.58480997307562,76.7869612739565,18.7243845227767,0.487528490103386
2015,672,0.05,1,0,0.514871609613798,0.470422773037992,1.55128577268074,75.5973796511361,17.9683156321275,2.18776162394955
2016,672,0.075,1,0,0.520452580760607,0.463148297725501,1.46987213082152,72.6270160183461,16.3186566961026,2.2080047330189
2017,673,0.035,1,0,0.518439160113956,0.419063487812251,1.42812608461517,71.0584578567754,15.5551299786193,1.92309172891016
2018,673,0.05,1,0,0.521778253322003,0.414977042623178,1.38598909863515,69.4434965794647,14.8301894743153,1.94088587759278
2019,673,0.075,1,0,0.527546959212282,0.407724360543274,1.31821234724408,66.7782465980844,13.7451008635338,1.95884467350599
2020,674,0.035,1,0,0.515013754149827,0.408091045476913,1.45404204065697,72.0358793090348,16.0233683488265,2.01372424986239
2021,674,0.05,1,0,0.518327396869687,0.404221127457195,1.40959340296077,70.3521100255976,15.2310278109985,2.03235701093622
2022,674,0.075,1,0,0.524054827031772,0.397314462780525,1.33831400346364,67.5774728393704,14.0575048116878,2.05116217882557
2023,675,0.035,1,0,0.51160600214981,0.395843888906978,1.47644727523074,72.8712402857728,16.44350445944,2.10862814993329
2024,675,0.05,1,0,0.514891167781273,0.392174041726944,1.42977454463619,71.1209877356228,15.5843794410126,2.12813904598271
2025,675,0.075,1,0,0.520571735594209,0.385583759626285,1.35504888977288,68.2371999654561,14.3234411679646,2.12813904598271
2026,676,0.035,1,0,0.39571780501601,0.700925654504557,1.40479213580325,70.1681076413483,15.1484388494053,0.457088189614875
2027,676,0.05,1,0,0.397970583294617,0.697575469947452,1.39808209228129,69.9102568191814,15.0339320454372,0.461317574560379
2028,676,0.075,1,0,0.401854772353024,0.691528201571448,1.38651370979149,69.4638002361409,14.8389595256041,0.474241985260245
2029,677,0.035,1,0,0.39413031222307,0.694232333085223,1.41146872190957,70.4238663370708,15.2634368997519,0.448745389933132
2030,677,0.05,1,0,0.396350736352551,0.691039725617066,1.40491585124279,70.1728540957825,15.1505600228672,0.457088189614875
2031,677,0.075,1,0,0.400178113848683,0.68526915945525,1.39361268551745,69.7380568325601,14.9582433447847,0.465586093522959
2032,678,0.035,1,0,0.392571381898014,0.682638316120881,1.41798433465809,70.6726842816702,15.3767078758363,0.444631267469109
2033,678,0.05,1,0,0.394760251567235,0.679640892581152,1.41158768020504,70.4284159631149,15.2654956061363,0.448745389933132
2034,678,0.075,1,0,0.398532227176701,0.674213655669599,1.40054542042014,70.0050110578865,15.0758459527058,0.461317574560379
2035,679,0.035,1,0,0.395564824523456,0.576322848090321,1.3944365464494,69.7698261981799,14.9721607506912,0.461317574560379
2036,679,0.05,1,0,0.397835567767748,0.573444657274001,1.3875772238297,69.5049453711077,14.8567574078951,0.465586093522959
2037,679,0.075,1,0,0.401751823311878,0.568401811427272,1.37571824283367,69.0449855464701,14.6597109319684,0.478630092322638
2038,680,0.035,1,0,0.393573651879387,0.559734589995353,1.40293122349239,70.0966787340198,15.1165762234169,0.452897579903621
2039,680,0.05,1,0,0.395803255606141,0.557006513704797,1.39627494699458,69.8406735370384,15.0032728639032,0.461317574560379
2040,680,0.075,1,0,0.399647224147005,0.552208226137691,1.384769525136,69.3962770096007,14.8098252492617,0.469894108605215
2041,681,0.035,1,0,0.391627513782283,0.541359124383572,1.41118558604457,70.4130366230856,15.2585383015802,0.448745389933132
2042,681,0.05,1,0,0.393817266564691,0.538752120968891,1.40469974183307,70.1645626831777,15.1468549381292,0.452897579903621
2043,681,0.075,1,0,0.397591223400226,0.534143403673054,1.39353885185679,69.7352090916594,14.9569968381243,0.461317574560379
2044,682,0.035,1,0,0.395406548529122,0.489972847515884,1.38406539183341,69.3690020295369,14.7980827916075,0.465586093522959
2045,682,0.05,1,0,0.397695704710857,0.487424717116537,1.37705226728176,69.0968540993832,14.6817234567302,0.474241985260245
2046,682,0.075,1,0,0.401644862958944,0.483025707190078,1.36490938553086,68.6235309820156,14.4827535764589,0.483058802039773
2047,683,0.035,1,0,0.393008715939451,0.46994016593358,1.39443541862106,69.7697827157482,14.9721416877627,0.457088189614875
2048,683,0.05,1,0,0.395247629467378,0.467466591051777,1.38766878415279,69.5084866906301,14.8582908510249,0.461317574560379
2049,683,0.075,1,0,0.399108442821946,0.463170537454538,1.37597302854382,69.054894432763,14.6639121457224,0.474241985260245
2050,684,0.035,1,0,0.390676348471262,0.449543934639605,1.40443909663485,70.1545614565004,15.1423877864082,0.448745389933132
2051,684,0.05,1,0,0.392866934599674,0.447115233890456,1.39790029416409,69.9032594384757,15.0308443206179,0.452897579903621
2052,684,0.075,1,0,0.396642790742866,0.442867653323217,1.38661756086554,69.4678189199264,14.8406963571275,0.465586093522959
2053,685,0.035,1,0,0.460769262213461,0.686945644121205,1.48884387701524,73.3296115763466,16.6825593621333,0.483058802039773
2054,685,0.05,1,0,0.463723753426306,0.682832801000255,1.48218896280837,73.0838803722103,16.5536206282512,0.492039535681451
2055,685,0.075,1,0,0.46883243593788,0.675322276873043,1.47057926975708,72.6533184825992,16.3320205123972,0.505824662003114
2056,686,0.035,1,0,0.458810478027384,0.681575827457614,1.49544625170582,73.5726299579524,16.8119038330465,0.478630092322638
2057,686,0.05,1,0,0.461732193765211,0.677679700553844,1.48899034524853,73.3350110818731,16.6854132424185,0.483058802039773
2058,686,0.075,1,0,0.466784103269038,0.670551086070848,1.4777538264063,72.9196789628471,16.4684714091374,0.496592321450336
2059,687,0.035,1,0,0.456877636424886,0.67158314209779,1.50183221001945,73.8069516101507,16.9383937824193,0.469894108605215
2060,687,0.05,1,0,0.45976668911276,0.667946270145872,1.49557805964477,73.5774736812336,16.8145007277853,0.478630092322638
2061,687,0.075,1,0,0.464761936813937,0.661275162850572,1.4846872135801,73.17621949712,16.6018576617193,0.487528490103386
2062,688,0.035,1,0,0.461400112519994,0.562818811277504,1.47879071624102,72.958098776432,16.4883231933652,0.492039535681451
2063,688,0.05,1,0,0.464397304322061,0.559218847903117,1.47192346795177,72.7032922856936,16.3574655144183,0.501187233627272
2064,688,0.075,1,0,0.469582482989657,0.552814025661104,1.45991387486334,72.2556690888584,16.1320453598019,0.515228644581756
2065,689,0.035,1,0,0.458927139576242,0.548673640415691,1.48725709721103,73.2710911501073,16.6516861817599,0.483058802039773
2066,689,0.05,1,0,0.461882010945413,0.545303312370435,1.48065668412803,73.027190409928,16.5241328425132,0.487528490103386
2067,689,0.075,1,0,0.466993786018897,0.539280145255565,1.46915100821645,72.6001842809076,16.305044154835,0.501187233627272
2068,690,0.035,1,0,0.456495706612568,0.532661041204801,1.49539074313621,73.570590018399,16.810810370709,0.474241985260245
2069,690,0.05,1,0,0.459408484192263,0.529490131172766,1.4890300058313,73.3364730916555,16.6861861345784,0.478630092322638
2070,690,0.075,1,0,0.464447118870142,0.523792267494258,1.47796854877787,72.9276366207136,16.4725796261608,0.492039535681451
2071,691,0.035,1,0,0.462062897789789,0.477676117061021,1.468654174911,72.5816925921595,16.2956746046848,0.496592321450336
2072,691,0.05,1,0,0.465105025666411,0.474471302971505,1.46155798606185,72.3171001171165,16.1626534217151,0.505824662003114
2073,691,0.075,1,0,0.470370805955971,0.468842922233062,1.44914036459205,71.8519330147951,15.9333983647487,0.524807460249773
2074,692,0.035,1,0,0.459064046020125,0.460419886822269,1.47907202755764,72.9685189032618,16.4937148313312,0.487528490103386
2075,692,0.05,1,0,0.462053644931908,0.457369901621092,1.47232622021474,72.7182593282036,16.3651001049771,0.496592321450336
2076,692,0.075,1,0,0.467228189447673,0.451980982376489,1.46054195104039,72.2791423803486,16.1437288213675,0.510504999975406
2077,693,0.035,1,0,0.456126572604262,0.442593384479843,1.48899497970568,73.3351819235011,16.685503554526,0.474241985260245
2078,693,0.05,1,0,0.459064049188202,0.439662660774588,1.48254412555856,73.0970144554902,16.5604661239772,0.483058802039773
2079,693,0.075,1,0,0.464147878125092,0.434448513712754,1.47132317912049,72.6809790658515,16.346095569366,0.496592321450336
2080,694,0.035,1,0,0.514050002178938,0.6762879549988,1.55310370548215,75.662385028289,18.0080225974554,0.505824662003114
2081,694,0.05,1,0,0.517463885399791,0.671617967779233,1.5466532148774,75.4314703934034,17.8677637147512,0.515228644581756
2082,694,0.075,1,0,0.52336483138209,0.663010133669145,1.53529098166852,75.022968490879,17.6248812945712,0.534564359396972
2083,695,0.035,1,0,0.512012443461332,0.672002522295021,1.55947150703914,75.8896329161811,18.1482303485269,0.496592321450336
2084,695,0.05,1,0,0.515405422591017,0.667599948034745,1.55326277811694,75.6680704013918,18.0115037473063,0.505824662003114
2085,695,0.075,1,0,0.521271762751545,0.65946589222635,1.54234892241698,75.2769838494944,17.7751369561801,0.519995996533516
2086,696,0.035,1,0,0.509986145215752,0.6633515289082,1.5656021370188,76.1077548748172,18.2849040258749,0.487528490103386
2087,696,0.05,1,0,0.513357307379602,0.65926250301175,1.55961298397918,75.8946738457733,18.1513655217961,0.496592321450336
2088,696,0.075,1,0,0.519187307719581,0.651684384460977,1.54910775576664,75.519423045302,17.9209284044239,0.510504999975406
2089,697,0.035,1,0,0.515482193723995,0.552741402767075,1.54350609071856,75.3185477134852,17.799963923939,0.515228644581756
2090,697,0.05,1,0,0.518961573540339,0.548610365345198,1.53679006792385,75.0769931095465,17.6566283882279,0.524807460249773
2091,697,0.075,1,0,0.524979412052942,0.541175880149487,1.52492825457774,74.6484415196775,17.4078216019278,0.544502652842421
2092,698,0.035,1,0,0.512899383170272,0.540728101978535,1.55173187630087,75.6133366594666,17.9780463140672,0.501187233627272
2093,698,0.05,1,0,0.516351339646756,0.536896360838197,1.54534324094291,75.3844878078543,17.8394927155729,0.510504999975406
2094,698,0.075,1,0,0.522323695838766,0.529964243222216,1.53410209708173,74.9800952104535,17.5997667222439,0.529663443891658
2095,699,0.035,1,0,0.510334971288222,0.52680628030501,1.55957355948719,75.8932691562822,18.1504917740228,0.492039535681451
2096,699,0.05,1,0,0.513758061857425,0.523245202567488,1.55347352623045,75.6756020194596,18.0161174340916,0.501187233627272
2097,699,0.075,1,0,0.519682183032797,0.516763229942661,1.54276308960138,75.291862827284,17.7840165961079,0.515228644581756
2098,700,0.035,1,0,0.516991152993066,0.468887377762977,1.53375969067264,74.967742863464,17.5925438849486,0.524807460249773
2099,700,0.05,1,0,0.520540070336266,0.465206212996778,1.52676419966428,74.7149323357449,17.4459766396162,0.534564359396972
2100,700,0.075,1,0,0.526682141143619,0.458659247024483,1.46223653158777,72.3424394590002,16.1753087658764,2.16770410481969
2101,701,0.035,1,0,0.513845679404694,0.454100748378875,1.54397315764321,75.3353175145521,17.8100003453267,0.505824662003114
2102,701,0.05,1,0,0.517360010504428,0.45064798813106,1.53740521949688,75.0991508474763,17.6696816802344,0.515228644581756
2103,701,0.075,1,0,0.523444614321079,0.444466274126848,1.48490999905386,73.1844486252139,16.6061689440166,2.29086765276777
2104,702,0.035,1,0,0.510727952235582,0.43857962719312,1.55358588104723,75.6796169894071,18.0185778780387,0.492039535681451
2105,702,0.05,1,0,0.514205594348103,0.435317300525341,1.54737295166691,75.457271282712,17.8833269410573,0.501187233627272
2106,702,0.075,1,0,0.520228698856097,0.429432852917922,1.5038643538247,73.8813670649796,16.978937073105,2.39883291901949
2107,703,0.035,1,0,0.388064227157575,0.754903298990237,1.38583309741838,69.4374580120754,14.8275827476988,0.452897579903621
2108,703,0.05,1,0,0.390279320230405,0.752495632146452,1.3790770894537,69.1755200036104,14.7152083045101,0.457088189614875
2109,703,0.075,1,0,0.394100177915343,0.748152724520897,1.36744354845517,68.7225326865136,14.5240206889403,0.469894108605215
2110,704,0.035,1,0,0.386803944560563,0.736278865891344,1.39157787164785,69.6595386067069,14.9239358412166,0.448745389933132
2111,704,0.05,1,0,0.388990843196907,0.734099326051121,1.38494101154806,69.4029182665671,14.8126867021639,0.452897579903621
2112,704,0.075,1,0,0.392762000170278,0.730165526873764,1.37352233711789,68.9595355741191,14.6235599859934,0.461317574560379
2113,705,0.035,1,0,0.385563834611336,0.714979081462602,1.39722220027661,69.8771544427236,15.0193340914142,0.444631267469109
2114,705,0.05,1,0,0.387723219330639,0.712961058535687,1.3907010956948,69.6256829810766,14.9091821894912,0.448745389933132
2115,705,0.075,1,0,0.3914458908996,0.709306538563513,1.37948572455117,69.1913867684761,14.7219767800473,0.457088189614875
2116,706,0.035,1,0,0.388182337496711,0.608745053143876,1.37589505644687,69.0518621404582,14.6626262993995,0.457088189614875
2117,706,0.05,1,0,0.390417753963115,0.606605133595946,1.36899633098341,68.7831372473146,14.549373070466,0.461317574560379
2118,706,0.075,1,0,0.394274777377606,0.602886106208881,1.35708819394612,68.3172445533225,14.3562269954019,0.474241985260245
2119,707,0.035,1,0,0.386598132855181,0.588288600392235,1.38319880311657,69.335421913867,14.7836462143751,0.452897579903621
2120,707,0.05,1,0,0.388797659648723,0.586238992318009,1.37644366658677,69.0731949451434,14.6716762712304,0.457088189614875
2121,707,0.075,1,0,0.392591379085873,0.582650687668804,1.36482423929657,68.620202559581,14.4813693502781,0.465586093522959
2122,708,0.035,1,0,0.385045825074319,0.567452841479411,1.39034128380899,69.611785260259,14.9031326162296,0.444631267469109
2123,708,0.05,1,0,0.387210555471601,0.565456908334697,1.3837355406263,69.3562219752058,14.7925858145487,0.452897579903621
2124,708,0.075,1,0,0.390942925514865,0.561930578333409,1.3723694359205,68.9146372950535,14.6046212017046,0.461317574560379
2125,709,0.035,1,0,0.388296460036661,0.519204677806039,1.36592481684029,68.6632146919858,14.4992731056397,0.461317574560379
2126,709,0.05,1,0,0.390552666670433,0.517230999585086,1.35887565259022,68.3873416265442,14.3850331261578,0.469894108605215
2127,709,0.075,1,0,0.39444672473007,0.513853676187243,1.34670148639115,67.9087657751046,14.1901061303216,0.478630092322638
2128,710,0.035,1,0,0.386384642725419,0.497026660984398,1.37483436048769,69.010601286077,14.6451472392029,0.457088189614875
2129,710,0.05,1,0,0.388596974412655,0.495070878253532,1.36796102699396,68.7427345657568,14.5324639722022,0.461317574560379
2130,710,0.075,1,0,0.392413594571314,0.491688924913082,1.35614170105235,68.2801032547016,14.3409998241861,0.469894108605215
2131,711,0.035,1,0,0.384519317695588,0.475509090763903,1.38348867550518,69.3466559184722,14.7884733765076,0.448745389933132
2132,711,0.05,1,0,0.386689394393639,0.473546007608198,1.37681219020856,69.0875219843729,14.6777591490093,0.452897579903621
2133,711,0.075,1,0,0.390431476200758,0.470114236009251,1.36531726588018,68.6394734638124,14.4893865946357,0.465586093522959
2134,712,0.035,1,0,0.455501998949334,0.742491375025208,1.47078587326505,72.6610015507406,16.3359278497172,0.483058802039773
2135,712,0.05,1,0,0.45852196183977,0.739305392212454,1.46403169566071,72.4094378778675,16.2088549926683,0.487528490103386
2136,712,0.075,1,0,0.463753075295119,0.733457924672841,1.45227517681671,71.9696232162644,15.9908596338806,0.501187233627272
2137,713,0.035,1,0,0.453820631185851,0.726023759899048,1.47649556410289,72.8730310708625,16.4444262713217,0.474241985260245
2138,713,0.05,1,0,0.456807094525706,0.723172950018899,1.46989808129165,72.6279814188145,16.3191468522202,0.483058802039773
2139,713,0.075,1,0,0.461979627663595,0.717930627896295,1.45843715184044,72.2004513822328,16.1046204862652,0.496592321450336
2140,714,0.035,1,0,0.452161694503045,0.706646118477077,1.48206702478405,73.0793705328866,16.5512712860069,0.469894108605215
2141,714,0.05,1,0,0.455115021592367,0.704055386955058,1.47563213692628,72.841004776017,16.4279547395321,0.478630092322638
2142,714,0.075,1,0,0.460229563692681,0.699274142381133,1.46445054994095,72.4250619497703,16.2166957820279,0.487528490103386
2143,715,0.035,1,0,0.456422335269064,0.597570680932854,1.46103815550328,72.2976822237789,16.1529673294283,0.487528490103386
2144,715,0.05,1,0,0.459487975273679,0.594758928582275,1.45407558859471,72.037136793502,16.0239864570764,0.496592321450336
2145,715,0.075,1,0,0.464800898989863,0.589765483336083,1.44194664726416,71.5811960077543,15.8025682494874,0.510504999975406
2146,716,0.035,1,0,0.454295546482548,0.579324061497649,1.46836020776492,72.5707493353006,16.2901343068501,0.478630092322638
2147,716,0.05,1,0,0.457318044086245,0.576690824255213,1.46160295172452,72.3187795508769,16.1634916456532,0.487528490103386
2148,716,0.075,1,0,0.462555448039195,0.571982983944089,1.44986240784305,71.8790562162601,15.946609039845,0.501187233627272
2149,717,0.035,1,0,0.452204643274666,0.56047122342934,1.47544614112058,72.8341040782879,16.4244095277344,0.474241985260245
2150,717,0.05,1,0,0.455184607770911,0.557969274329936,1.46890471657065,72.5910180752426,16.3003985264614,0.478630092322638
2151,717,0.075,1,0,0.460347486716929,0.55345909840598,1.45751960511552,72.1661228666956,16.0876120771726,0.492039535681451
2152,718,0.035,1,0,0.45737626275184,0.508701166622903,1.45119312939905,71.9290197449302,15.9709944687083,0.496592321450336
2153,718,0.05,1,0,0.460489924398576,0.506113350501835,1.44402385922894,71.6594672617724,15.8401999369463,0.505824662003114
2154,718,0.075,1,0,0.465888975611967,0.501583352505504,1.43150398860825,71.1865371238501,15.61514172071,0.519995996533516
2155,719,0.035,1,0,0.454792346582657,0.488915430242349,1.46018833357146,72.2659273855042,16.1371494242622,0.487528490103386
2156,719,0.05,1,0,0.457852597744982,0.486424458301916,1.45328302939898,72.0074237663499,16.0093923873845,0.492039535681451
2157,719,0.075,1,0,0.463158053153434,0.482024564395998,1.44126328709294,71.5554295022008,15.7902138556503,0.505824662003114
2158,720,0.035,1,0,0.452261406136945,0.46952603465167,1.46885241896702,72.5890715831678,16.2994123079185,0.478630092322638
2159,720,0.05,1,0,0.455269190702708,0.467095961009683,1.46219176988913,72.3407681477751,16.1744735138078,0.483058802039773
2160,720,0.075,1,0,0.460482601322339,0.46276158640875,1.45061821912234,71.9074379294998,15.960453164174,0.496592321450336
2161,721,0.035,1,0,0.511660231954516,0.731493618349133,1.53612728241617,75.053112227875,17.642581170229,0.501187233627272
2162,721,0.05,1,0,0.515236168349436,0.727630198715991,1.52953984445022,74.8153437003409,17.5039048222612,0.510504999975406
2163,721,0.075,1,0,0.521429499840401,0.720451242557242,1.51796355551485,74.395671436701,17.2642292326241,0.529663443891658
2164,722,0.035,1,0,0.509811592041486,0.717058225527093,1.54166760762295,75.2525010957763,17.7605449509146,0.496592321450336
2165,722,0.05,1,0,0.513361965441977,0.713627180007976,1.53527505047428,75.0223941465632,17.6245443876762,0.505824662003114
2166,722,0.075,1,0,0.519512153083508,0.707231190783808,1.52405868903918,74.6169286780432,17.3897945989259,0.519995996533516
2167,723,0.035,1,0,0.507976130685992,0.699547663521435,1.54705151705127,75.4457497101628,17.8763737349692,0.487528490103386
2168,723,0.05,1,0,0.511500401830024,0.696473244724483,1.5408347582713,75.22256205521,17.742733095295,0.496592321450336
2169,723,0.075,1,0,0.517606363734626,0.690717764364932,1.52996005539388,74.8305334803363,17.5127004915395,0.510504999975406
2170,724,0.035,1,0,0.51338460978816,0.588252436929567,1.52674831361296,74.714357256991,17.4456459428616,0.510504999975406
2171,724,0.05,1,0,0.517029185744185,0.584870357151263,1.51990917813226,74.4663693934555,17.3041610876912,0.519995996533516
2172,724,0.075,1,0,0.523345089464518,0.578768218524311,1.50786356717045,74.0276030133872,17.0591435360955,0.539510622515128
2173,725,0.035,1,0,0.511038291061202,0.572130041581721,1.53389643652404,74.9726762293086,17.5954278959975,0.501187233627272
2174,725,0.05,1,0,0.514649669311183,0.569016871122812,1.52731464425881,74.7348558368951,17.4574410756598,0.510504999975406
2175,725,0.075,1,0,0.520909491966035,0.56336133012956,1.51576211011182,74.3155977471803,17.2192142588631,0.529663443891658
2176,726,0.035,1,0,0.508713233846619,0.55519370208146,1.54078255903503,75.2206852098493,17.741617665352,0.492039535681451
2177,726,0.05,1,0,0.512290560097939,0.552294277474832,1.53443567587209,74.9921271361313,17.6068077799631,0.501187233627272
2178,726,0.075,1,0,0.518492578236852,0.546983913373773,1.52332639378036,74.5903802287645,17.3746354364852,0.515228644581756
2179,727,0.035,1,0,0.515188897108558,0.500348965188869,1.51721301428601,74.3683813598085,17.2488623392657,0.519995996533516
2180,727,0.05,1,0,0.518906400435386,0.497254225262387,1.51010834687493,74.1095629404809,17.1044096432922,0.529663443891658
2181,727,0.075,1,0,0.525352679633171,0.491746232084922,1.49756678736917,73.6505189737379,16.8537535233244,0.549540873857625
2182,728,0.035,1,0,0.512327779269615,0.482866163777176,1.52607458638026,74.6899641181033,17.4316299364171,0.510504999975406
2183,728,0.05,1,0,0.516003820607703,0.479952688055198,1.51930058482525,74.4442621002581,17.291655358372,0.519995996533516
2184,728,0.075,1,0,0.522379991552771,0.474721725609545,1.50738944296148,74.0102807841119,17.049605511247,0.534564359396972
2185,729,0.035,1,0,0.509498334477245,0.46552617824838,1.53452027384744,74.9951782107308,17.6085941390173,0.496592321450336
2186,729,0.05,1,0,0.513131665917553,0.462748890202361,1.52804430514616,74.7612579709987,17.4726559897549,0.505824662003114
2187,729,0.075,1,0,0.519435195607187,0.457714507801412,1.51670194016977,74.3497927888262,17.2384101867299,0.519995996533516
