caseID,sideForceScale,rollMomentScale,yawMomentScale,aileronEffectivenessScale,inertiaScale,IxzNormalized,riseTime_s,overshoot_pct,settlingTime_s,finalBankError_deg,peakRollRate_degps,peakAutomaticAileron_deg,peakAutomaticRudder_deg,peakSideslip_deg,peakYawRate_degps,peakAileronRate_degps
1,0.8,0.8,0.8,0.8,0.8,-0.1,3.28,4.81650348957945,11.66,6.9153684064368e-08,3.291089119388,0.689665786808314,0.108046313777602,0.258209107676117,1.8058744192313,1.24100149429888
2,0.8,0.8,0.8,0.8,0.8,0,3.3,4.81163146622721,11.68,7.40993893440596e-08,3.27956449639198,0.679382612526976,0.110639091388537,0.259317518614922,1.8063467588834,1.23936323769259
3,0.8,0.8,0.8,0.8,0.8,0.1,3.34,4.80655871078444,11.7,7.99335921156819e-08,3.26795306088026,0.669410198131644,0.113256188816926,0.269544484525508,1.80679060080989,1.2362980038054
4,0.8,0.8,0.8,0.8,1,-0.1,3.26,4.89556862613557,11.66,7.68351720783125e-08,3.33980798317539,0.707165352876293,0.110761135846452,0.259483704287861,1.80805512721377,1.26097183358608
5,0.8,0.8,0.8,0.8,1,0,3.28,4.8871622661764,11.68,8.31810418134833e-08,3.33294403176478,0.693829345367488,0.114946713694371,0.261223691120025,1.80885384407423,1.25901532814347
6,0.8,0.8,0.8,0.8,1,0.1,3.32,4.87898864733862,11.7,9.09165928959033e-08,3.325884760427,0.680773175212519,0.119307306375339,0.280634799514025,1.80954828795099,1.25535087477277
7,0.8,0.8,0.8,0.8,1.2,-0.1,3.24,4.98026915877746,11.66,8.36479854073784e-08,3.38236637642886,0.725607225392282,0.113056459176039,0.260919917276573,1.81049628724259,1.27649119286879
8,0.8,0.8,0.8,0.8,1.2,0,3.28,4.96324920214105,11.68,9.13616988013554e-08,3.38274195757702,0.709851887066302,0.119242013011353,0.263651072982461,1.81217549579156,1.27486209391939
9,0.8,0.8,0.8,0.8,1.2,0.1,3.3,4.94732990982225,11.72,1.01072951611639e-07,3.38272156829941,0.694323802224386,0.125867295757639,0.290316438228733,1.81373649309696,1.27164908117577
10,0.8,0.8,0.8,1,0.8,-0.1,3.3,3.41048395902339,10.78,4.35044270015881e-07,3.44789964938294,0.579325408762098,0.109417080088164,0.253123168979339,1.78201563742341,1.21625683724505
11,0.8,0.8,0.8,1,0.8,0,3.32,3.4151438026395,10.8,4.16559218575179e-07,3.43693312975542,0.569578886540802,0.112399518031768,0.270433817708044,1.78250014870557,1.21422393326338
12,0.8,0.8,0.8,1,0.8,0.1,3.34,3.41958110892736,10.82,3.981927875116e-07,3.42581592250634,0.560161286613365,0.115421187062377,0.289955596796314,1.78296431836897,1.21042552890579
13,0.8,0.8,0.8,1,1,-0.1,3.28,3.45595839981358,10.78,4.37572365709989e-07,3.49997287407592,0.596217232413311,0.112546057278083,0.25366200409206,1.78367763414647,1.23569077463697
14,0.8,0.8,0.8,1,1,0,3.3,3.46123529379698,10.82,4.14931636508589e-07,3.49477477618211,0.58383682209251,0.117333071182116,0.274689592762328,1.78437560502045,1.23406248555292
15,0.8,0.8,0.8,1,1,0.1,3.34,3.46669461814152,10.84,3.92483515337588e-07,3.48890417256863,0.571794911380685,0.122322612947601,0.302297960164634,1.78498525808609,1.23082333327979
16,0.8,0.8,0.8,1,1.2,-0.1,3.26,3.50034211331461,10.8,4.40380455174371e-07,3.5454627647336,0.613800213190083,0.11519465149003,0.255137861544044,1.7859280647544,1.25075941563072
17,0.8,0.8,0.8,1,1.2,0,3.3,3.50353606172272,10.82,4.13754535484862e-07,3.54839010991996,0.599532612495587,0.122240270129203,0.277101187953478,1.78728670996997,1.24873820921467
18,0.8,0.8,0.8,1,1.2,0.1,3.32,3.50895924471039,10.86,3.87415802390038e-07,3.55015419506137,0.585519962826941,0.129770426202607,0.31302530496605,1.78852001523151,1.24581753173257
19,0.8,0.8,0.8,1.2,0.8,-0.1,3.34,2.56717412415821,9.9,1.33860417237669e-06,3.56078192369452,0.500669612481923,0.111290736772329,0.265851142891797,1.76725488230116,1.19171984465469
20,0.8,0.8,0.8,1.2,0.8,0,3.34,2.57425977799092,9.92,1.31705113403609e-06,3.55022535621589,0.491478188630001,0.114294631478898,0.284142856281387,1.76766364386042,1.18929818765486
21,0.8,0.8,0.8,1.2,0.8,0.1,3.38,2.58122529752436,9.94,1.29545680414434e-06,3.53943151042924,0.482636120230373,0.121088917701931,0.30484964667961,1.76806606274338,1.18477969095297
22,0.8,0.8,0.8,1.2,1,-0.1,3.32,2.59504537530273,9.92,1.3317688327691e-06,3.61465573382647,0.516818256366639,0.113950072572568,0.262895832436911,1.76847909236552,1.21484320161332
23,0.8,0.8,0.8,1.2,1,0,3.34,2.60449971664994,9.96,1.30512516081363e-06,3.61070364163061,0.505362772918621,0.119076145435015,0.288818586650622,1.76896922757753,1.21290096816497
24,0.8,0.8,0.8,1.2,1,0.1,3.36,2.61381042687202,9.98,1.27842178507597e-06,3.60549388804223,0.494237947421463,0.124445076877263,0.318026052652234,1.7694159711613,1.20904121276902
25,0.8,0.8,0.8,1.2,1.2,-0.1,3.32,2.61942340040619,9.94,1.32538021478873e-06,3.66225962850897,0.533530031947507,0.116907759821127,0.25747547827919,1.77045993159443,1.23188368241548
26,0.8,0.8,0.8,1.2,1.2,0,3.34,2.63171345145199,9.98,1.29376325101255e-06,3.66697916615492,0.520569977791292,0.124435123504468,0.291523820466752,1.77128500078962,1.23026915551174
27,0.8,0.8,0.8,1.2,1.2,0.1,3.34,2.64466839646131,10,1.26206708983452e-06,3.66944270091781,0.507830703132076,0.132487880047805,0.329470041786114,1.7720184801387,1.22690633969943
28,0.8,0.8,1,0.8,0.8,-0.1,3.28,5.10883448742805,11.72,1.06321499766435e-07,3.21374349382801,0.70589556595462,0.111183280448702,0.260850230083074,1.81095428983716,1.24098085600231
29,0.8,0.8,1,0.8,0.8,0,3.3,5.09816161838079,11.74,1.11799800059479e-07,3.20045979933637,0.697739003874459,0.113015920767353,0.261870222714331,1.81122191696733,1.23938453071375
30,0.8,0.8,1,0.8,0.8,0.1,3.3,5.08739534539281,11.74,1.17845315703583e-07,3.18740511067227,0.689940389690384,0.114845635182929,0.262981761924423,1.81148105726124,1.23637820457627
31,0.8,0.8,1,0.8,1,-0.1,3.26,5.17844955522714,11.72,1.07743486007584e-07,3.26110554520553,0.720241892843145,0.113896797649784,0.262136934704897,1.81286615156374,1.2609477373672
32,0.8,0.8,1,0.8,1,0,3.28,5.16450052266334,11.74,1.14281575745484e-07,3.25043802710517,0.709059926487777,0.116952991448374,0.263647285387472,1.81320343138255,1.25904005800048
33,0.8,0.8,1,0.8,1,0.1,3.3,5.15051831689021,11.76,1.21698589505723e-07,3.23975615944876,0.698303784574809,0.120119684117859,0.265329891774441,1.81350666028253,1.25544461035342
34,0.8,0.8,1,0.8,1.2,-0.1,3.24,5.24991946319672,11.7,1.08793911899458e-07,3.30512442041241,0.736086956171164,0.116450564720745,0.263732330646862,1.81509766600195,1.27647049141998
35,0.8,0.8,1,0.8,1.2,0,3.24,5.23184935878274,11.72,1.16221432622087e-07,3.29994035826912,0.722261986159303,0.121175872269312,0.266012627235168,1.81558176191932,1.27487720004233
36,0.8,0.8,1,0.8,1.2,0.1,3.28,5.21426839563682,11.76,1.24900873736771e-07,3.29452704970617,0.708832765732832,0.126239575277292,0.268648545118744,1.8159226656803,1.27171510038686
37,0.8,0.8,1,1,0.8,-0.1,3.3,3.60250821453757,10.86,3.8339165169736e-07,3.37433973282732,0.591484183917513,0.112474889544229,0.255211695846022,1.78514512934317,1.21623122006038
38,0.8,0.8,1,1,0.8,0,3.3,3.60265868546833,10.88,3.70203052335789e-07,3.36121413321096,0.583552002247557,0.114720904197922,0.256250430869097,1.78548867348616,1.21425046732025
39,0.8,0.8,1,1,0.8,0.1,3.32,3.60258582100877,10.9,3.57059360816044e-07,3.34829445366209,0.576048882490512,0.116977166986443,0.257394184514937,1.78582723587725,1.21052530984641
40,0.8,0.8,1,1,1,-0.1,3.26,3.64128635848969,10.86,3.92401830741982e-07,3.42654380451712,0.605566193274987,0.115523167087777,0.256429730422082,1.78635885363448,1.23566956600512
41,0.8,0.8,1,1,1,0,3.28,3.64160404360457,10.88,3.76133883539189e-07,3.41720291713682,0.59488737314052,0.119232695258712,0.257986850832553,1.78677606624638,1.23407702850651
42,0.8,0.8,1,1,1,0.1,3.32,3.6416268780966,10.9,3.59938850552469e-07,3.40760261446412,0.584656191181388,0.123082658017479,0.259752049683443,1.78717506226059,1.23088845714349
43,0.8,0.8,1,1,1.2,-0.1,3.24,3.68019407405527,10.86,4.01467122438124e-07,3.4743614725769,0.621043641798788,0.118356075757521,0.257949381559067,1.78788534561535,1.25073370590627
44,0.8,0.8,1,1,1.2,0,3.28,3.68087624846447,10.88,3.82197552199138e-07,3.47185405373699,0.608203192352555,0.124027090727644,0.260302351024809,1.78835740430632,1.24875703407406
45,0.8,0.8,1,1,1.2,0.1,3.3,3.68147356664527,10.9,3.6303645636784e-07,3.46818883335096,0.595762049814436,0.130073365243287,0.263054391468044,1.78871571408895,1.24586333142081
46,0.8,0.8,1,1.2,0.8,-0.1,3.32,2.69652413613966,10.04,1.24431580190049e-06,3.49161769515314,0.510120538001229,0.11336091045209,0.251231699883795,1.76918340415693,1.1916893201119
47,0.8,0.8,1,1.2,0.8,0,3.32,2.70014503131777,10.04,1.22865692296781e-06,3.47875755189396,0.502505813311773,0.115890752551471,0.252244949608461,1.76950711646967,1.18932993007194
48,0.8,0.8,1,1.2,0.8,0.1,3.36,2.70357715861476,10.06,1.21295152365209e-06,3.46604638273648,0.495304221341877,0.11845205769503,0.253375749097721,1.76982941049645,1.18489886574131
49,0.8,0.8,1,1.2,1,-0.1,3.3,2.71933730917776,10.04,1.24744282625639e-06,3.54678647749084,0.523838594163611,0.116693949860352,0.252378063549642,1.76995007025199,1.21481788133175
50,0.8,0.8,1,1.2,1,0,3.32,2.72415913232567,10.06,1.22804805030181e-06,3.53841154510325,0.513741747722159,0.120844519271103,0.2539089345886,1.7703374313681,1.21291837632407
51,0.8,0.8,1,1.2,1,0.1,3.34,2.72865168503764,10.08,1.20858282029021e-06,3.52969160792299,0.504099608962179,0.125167769242581,0.255675845286161,1.77072466656895,1.20911906125794
52,0.8,0.8,1,1.2,1.2,-0.1,3.28,2.74212944875338,10.04,1.25077544007662e-06,3.59728726290802,0.538793776884436,0.119776532168323,0.253858720580005,1.770905046789,1.23186312168652
53,0.8,0.8,1,1.2,1.2,0,3.3,2.74879319994109,10.06,1.22771420974078e-06,3.596393062563,0.526936946988346,0.126083132525794,0.256158929710814,1.77124551113981,1.23027970982344
54,0.8,0.8,1,1.2,1.2,0.1,3.32,2.75497708462256,10.08,1.20455458099449e-06,3.59396056088804,0.515453423732089,0.132797985683318,0.258884167983926,1.77154345615212,1.22696112072098
55,0.8,0.8,1.2,0.8,0.8,-0.1,3.3,5.33078718655572,11.76,1.32539330436152e-07,3.15925354208476,0.720361946785616,0.113568228598756,0.262647947460637,1.81480139927691,1.24096056977311
56,0.8,0.8,1.2,0.8,0.8,0,3.3,5.31596789477882,11.78,1.37778550024068e-07,3.14568182820343,0.713815845287008,0.114879351100388,0.263630810282639,1.81496503607882,1.23940559344534
57,0.8,0.8,1.2,0.8,0.8,0.1,3.3,5.30121232416779,11.8,1.43392388064585e-07,3.13257433997375,0.707592572598788,0.116180372162632,0.264696855574573,1.81512404108511,1.23645729894935
58,0.8,0.8,1.2,0.8,1,-0.1,3.26,5.39483425515424,11.76,1.28886975453795e-07,3.20315611087051,0.732512017366229,0.116168432733204,0.263873287232746,1.81652247241817,1.26092404539596
59,0.8,0.8,1.2,0.8,1,0,3.28,5.37583659827007,11.76,1.34939806373667e-07,3.19023941128889,0.723248767169749,0.118393896838139,0.26528699103913,1.816720218504,1.25906453123784
60,0.8,0.8,1.2,0.8,1,0.1,3.3,5.35686447253223,11.78,1.41569162128151e-07,3.17779129000727,0.714456188834566,0.120686900566474,0.266846847552697,1.81691188537045,1.2555370909551
61,0.8,0.8,1.2,0.8,1.2,-0.1,3.24,5.46111830714735,11.74,1.25445947656416e-07,3.24617250357927,0.746229215483297,0.118844641923567,0.265389949296267,1.81836126387039,1.27645006062347
62,0.8,0.8,1.2,0.8,1.2,0,3.24,5.43779375642532,11.76,1.32097489370081e-07,3.23720949154631,0.734270449301668,0.122451271681564,0.267407829454874,1.81854881133396,1.2748921761975
63,0.8,0.8,1.2,0.8,1.2,0.1,3.28,5.41457999517847,11.78,1.39564262908312e-07,3.22832840525373,0.72284235627196,0.126326734638874,0.269708553854237,1.81870161936505,1.27178038079491
64,0.8,0.8,1.2,1,0.8,-0.1,3.3,3.75047089857569,10.92,3.48792265893593e-07,3.32045565443165,0.602784316561006,0.115021466364775,0.25713746953521,1.78759221586864,1.21620604132329
65,0.8,0.8,1.2,1,0.8,0,3.3,3.74709420715055,10.94,3.39101328876338e-07,3.30657414041964,0.596363027401742,0.11672072635834,0.258123785927653,1.7878509514453,1.21427671413028
66,0.8,0.8,1.2,1,0.8,0.1,3.3,3.74352085168203,10.94,3.29414893934234e-07,3.2933036843438,0.590367115663087,0.118417762807843,0.259205607942272,1.78810683943132,1.2106237121636
67,0.8,0.8,1.2,1,1,-0.1,3.26,3.78380061297185,10.92,3.61774626957676e-07,3.37057294142991,0.614662075525168,0.11793820331294,0.25828215083654,1.7886153639205,1.23564862619652
68,0.8,0.8,1.2,1,1,0,3.28,3.77958609200433,10.94,3.49757535614425e-07,3.35868208391507,0.605591780605271,0.12079267901824,0.259721240916374,1.78894124652624,1.23409144629631
69,0.8,0.8,1.2,1,1,0.1,3.3,3.7751590787657,10.94,3.37748546734226e-07,3.34689583935975,0.597052269184984,0.123748735754442,0.261337570557082,1.78926364911395,1.23095285889133
70,0.8,0.8,1.2,1,1.2,-0.1,3.24,3.81817131233781,10.9,3.74762145291175e-07,3.41862552639347,0.628215014126353,0.120881139015533,0.259752258247469,1.78969253674115,1.25070833329959
71,0.8,0.8,1.2,1,1.2,0,3.24,3.81338235582513,10.92,3.6045251967519e-07,3.4119417374348,0.616813553248801,0.12542992935224,0.261862964700502,1.79003172387215,1.24877569681743
72,0.8,0.8,1.2,1,1.2,0.1,3.28,3.80820237568766,10.94,3.46155918430624e-07,3.40482843900893,0.605946255797704,0.130282080706676,0.264329316137275,1.79035886878798,1.24590870695658
73,0.8,0.8,1.2,1.2,0.8,-0.1,3.32,2.79636637015408,10.12,1.17684782453952e-06,3.43981514223058,0.519188101213217,0.115929212190264,0.25322148579858,1.77073632554281,1.19165931974679
74,0.8,0.8,1.2,1.2,0.8,0,3.32,2.79727888642483,10.12,1.16535953539816e-06,3.42594900935487,0.512942511914537,0.117925167410514,0.254177834340771,1.77099440236056,1.18936132852978
75,0.8,0.8,1.2,1.2,0.8,0.1,3.32,2.79801266784598,10.14,1.15382402297117e-06,3.4125159519196,0.507137795149831,0.119927684621286,0.255239261320333,1.77125215124157,1.18501639141832
76,0.8,0.8,1.2,1.2,1,-0.1,3.28,2.81425093372328,10.12,1.18686808573016e-06,3.49368806415411,0.530797109513126,0.119100120445017,0.254275719867531,1.77135590098551,1.21479288271992
77,0.8,0.8,1.2,1.2,1,0,3.3,2.81553355961401,10.12,1.17262197579116e-06,3.4826875861788,0.522041117241166,0.122428536834431,0.255688650502754,1.77168527137555,1.21293563454474
78,0.8,0.8,1.2,1.2,1,0.1,3.32,2.81656297345131,10.14,1.15830335556653e-06,3.47164060666945,0.513839362508429,0.12588223074302,0.257303884135458,1.77201476172456,1.20919604544073
79,0.8,0.8,1.2,1.2,1.2,-0.1,3.26,2.83267589200153,10.1,1.19697201936308e-06,3.54512604342929,0.544068077487495,0.122267626546625,0.255678598789995,1.77196546387758,1.23184276961285
80,0.8,0.8,1.2,1.2,1.2,0,3.28,2.83449566309291,10.12,1.18001221405181e-06,3.5404057174922,0.53334813768337,0.127510786491592,0.2577821891185,1.77233209210208,1.23029018872324
81,0.8,0.8,1.2,1.2,1.2,0.1,3.3,2.83594036440253,10.14,1.16294969908822e-06,3.53425227026258,0.523135160533402,0.133087751365542,0.260286586834257,1.77271114471064,1.2270153938657
82,0.8,1,0.8,0.8,0.8,-0.1,3.3,6.01975238841645,12.24,7.70784938940808e-07,3.18748868701803,0.776033379867548,0.10341650358862,0.3158465948382,1.8225191145911,1.25002470046292
83,0.8,1,0.8,0.8,0.8,0,3.32,6.00757992531539,12.26,8.26349429600921e-07,3.17419610539095,0.76561580412649,0.105162216071661,0.326724546799502,1.82289536441299,1.24755656097489
84,0.8,1,0.8,0.8,0.8,0.1,3.36,5.99537824931599,12.3,8.85135963688039e-07,3.1608195126626,0.755443243189681,0.107632534325534,0.339036225149641,1.82323713938397,1.24353153543198
85,0.8,1,0.8,0.8,1,-0.1,3.28,6.12015470545991,12.26,7.54609849622218e-07,3.23201205775979,0.793197875616395,0.105992335469239,0.315646016886346,1.8250260153765,1.26801421152106
86,0.8,1,0.8,0.8,1,0,3.3,6.1018037592888,12.28,8.22881246227671e-07,3.22125268425888,0.779510160522123,0.109280663549631,0.331429671061569,1.82569144225084,1.26601339849397
87,0.8,1,0.8,0.8,1,0.1,3.34,6.08378780558711,12.3,8.96209468741999e-07,3.21055520844849,0.766028085369936,0.112700890318552,0.349550978804073,1.82622325180973,1.26251132913673
88,0.8,1,0.8,0.8,1.2,-0.1,3.26,6.22862702804516,12.26,7.33734204227397e-07,3.26980726662338,0.81132386393848,0.108454181541138,0.312823582735764,1.82785734591065,1.28179694808561
89,0.8,1,0.8,0.8,1.2,0,3.28,6.19824092021066,12.3,8.13813432351666e-07,3.2638230022222,0.794808172630003,0.113396005649999,0.334010528748645,1.82937259450522,1.2801257945096
90,0.8,1,0.8,0.8,1.2,0.1,3.32,6.16857176304803,12.32,9.011889801374e-07,3.25817134539895,0.778442925556723,0.118711657570759,0.358366689757103,1.83067690504729,1.2770349422894
91,0.8,1,0.8,1,0.8,-0.1,3.3,4.31977913756096,11.44,2.09518149086098e-08,3.35633969865126,0.654774855139024,0.116297221662104,0.340464728641005,1.79513125991882,1.2237948920789
92,0.8,1,0.8,1,0.8,0,3.3,4.32197948379402,11.46,1.67708008493186e-08,3.34329087990256,0.6447604491791,0.117951724147472,0.352285652921992,1.7956027860395,1.2217199378878
93,0.8,1,0.8,1,0.8,0.1,3.34,4.32403104293308,11.48,1.32850846683873e-08,3.33023568201361,0.635019094887153,0.121729844501454,0.36577385055826,1.7960417043346,1.21809843683603
94,0.8,1,0.8,1,1,-0.1,3.28,4.38401410145583,11.44,2.89591841454944e-08,3.4037484777605,0.671642282854373,0.116071489775631,0.34060069486101,1.79718935626975,1.2410321108102
95,0.8,1,0.8,1,1,0,3.3,4.38488481723562,11.48,2.4508309563145e-08,3.39417062426799,0.65875758869492,0.118212257969476,0.357784107297292,1.79788497800297,1.23936353295097
96,0.8,1,0.8,1,1,0.1,3.32,4.38637543891994,11.5,2.11587290739671e-08,3.38455374928274,0.646063654881256,0.123171717936931,0.377566147915683,1.79844595950812,1.23624977650163
97,0.8,1,0.8,1,1.2,-0.1,3.26,4.45036623675098,11.46,3.68163993958671e-08,3.44330225795413,0.689076774074259,0.11535319315501,0.337773672078421,1.79995074445016,1.25735666847565
98,0.8,1,0.8,1,1.2,0,3.3,4.44458661165563,11.48,3.23458896591917e-08,3.43943532204498,0.67381932393937,0.117926292497598,0.360795623402817,1.80139257790216,1.25528277122532
99,0.8,1,0.8,1,1.2,0.1,3.32,4.44186473907857,11.52,2.94798393565726e-08,3.4354637558306,0.658717261360799,0.124024900331584,0.387354747652237,1.80260681331809,1.25145237051189
100,0.8,1,0.8,1.2,0.8,-0.1,3.3,3.26157592555765,10.7,4.8473849836567e-07,3.48005138845189,0.568148912329978,0.126868726034857,0.358670627722818,1.77771214158394,1.2007176387202
101,0.8,1,0.8,1.2,0.8,0,3.34,3.26908999566479,10.72,4.63886560825445e-07,3.46721821603591,0.558619966803774,0.128941298836766,0.371188767148029,1.77814188288818,1.19824524865527
102,0.8,1,0.8,1.2,0.8,0.1,3.36,3.27646416305207,10.74,4.43189043985837e-07,3.45427887818968,0.549345262285839,0.133435471154486,0.385583607922907,1.7785547658579,1.19393634111639
103,0.8,1,0.8,1.2,1,-0.1,3.3,3.30306782898026,10.72,4.78302234085897e-07,3.5287856097022,0.584471595088377,0.126291568626118,0.359003439089884,1.77939237695706,1.22122571665089
104,0.8,1,0.8,1.2,1,0,3.32,3.3124305777426,10.74,4.52821861137121e-07,3.52004731989731,0.572350943693585,0.128962057252862,0.377197832229054,1.77990291989957,1.21923503419105
105,0.8,1,0.8,1.2,1,0.1,3.34,3.3220548951731,10.76,4.27593071653925e-07,3.5111215004429,0.560478649129595,0.134839361460371,0.398247978687126,1.78032438383934,1.21552422747883
106,0.8,1,0.8,1.2,1.2,-0.1,3.3,3.34056516866281,10.72,4.72416498377049e-07,3.56894039017481,0.601032268892204,0.1251924005581,0.356117003724022,1.78210320898334,1.23663732059568
107,0.8,1,0.8,1.2,1.2,0,3.32,3.3499544235736,10.76,4.42531895270604e-07,3.56672141629532,0.58694837951675,0.128445682615808,0.380484253596438,1.78308019990425,1.23498020993593
108,0.8,1,0.8,1.2,1.2,0.1,3.36,3.36205648750123,10.78,4.13023876199553e-07,3.56400531043798,0.573025111128394,0.13562726784511,0.408708060901855,1.78387234826965,1.23172842208825
109,0.8,1,1,0.8,0.8,-0.1,3.32,6.49034937646759,12.34,8.29596297257215e-07,3.09160412507771,0.799149088608308,0.105420623175576,0.260858276684782,1.8308157584348,1.25000976769619
110,0.8,1,1,0.8,0.8,0,3.34,6.47168313850061,12.36,8.78815824640241e-07,3.07733029546063,0.791119230257142,0.106759051453512,0.261339363956587,1.83097865145163,1.24760749131215
111,0.8,1,1,0.8,0.8,0.1,3.34,6.45317813771699,12.38,9.30581700920692e-07,3.06311615182854,0.783407802513857,0.10807684069593,0.261861912251493,1.83113371762588,1.24367387581351
112,0.8,1,1,0.8,1,-0.1,3.3,6.58197763067417,12.34,7.8253337837178e-07,3.13339547658522,0.812507863650735,0.107990539410169,0.261524034452985,1.833043604298,1.26799667494839
113,0.8,1,1,0.8,1,0,3.32,6.55759016388445,12.36,8.41613262968556e-07,3.11966006984203,0.801395278474171,0.110242866196343,0.262191640212148,1.83323458196504,1.26604200597515
114,0.8,1,1,0.8,1,0.1,3.34,6.53357030796011,12.38,9.04655682962445e-07,3.10596449779655,0.790676367082611,0.112554320743894,0.266534688539962,1.83339335096935,1.2626046842038
115,0.8,1,1,0.8,1.2,-0.1,3.28,6.67575067471566,12.34,7.32895833867524e-07,3.17165906967218,0.827340793283253,0.11046977048031,0.262421181254716,1.83559001187353,1.28178048066554
116,0.8,1,1,0.8,1.2,0,3.3,6.64437664930881,12.36,8.0057681615607e-07,3.16096135555157,0.813297767575572,0.114023349142812,0.26331788710982,1.83584520723295,1.28014343192789
117,0.8,1,1,0.8,1.2,0.1,3.32,6.61428676224153,12.4,8.73926973365758e-07,3.15060869326235,0.79957254509618,0.117832594514541,0.275163945351604,1.83594418392207,1.27710078326594
118,0.8,1,1,1,0.8,-0.1,3.3,4.65845003617795,11.54,4.54804243620093e-08,3.26361902238764,0.672290904594982,0.106910337176496,0.255942249807087,1.80088819185646,1.22377642908962
119,0.8,1,1,1,0.8,0,3.3,4.65526601013507,11.56,4.52004942028296e-08,3.24907003112807,0.664382050514315,0.108592294182116,0.267048035512702,1.80120413702148,1.22175060330534
120,0.8,1,1,1,0.8,0.1,3.32,4.65190422726182,11.58,4.54024991820361e-08,3.23465640782651,0.65678657321551,0.110262067000209,0.279670683366591,1.80151317624808,1.21819760403779
121,0.8,1,1,1,1,-0.1,3.28,4.71640562805357,11.54,5.2164398191761e-08,3.3100926701901,0.685704132267626,0.109925642847337,0.256205543347784,1.80244829396269,1.24101510269597
122,0.8,1,1,1,1,0,3.28,4.71216354653917,11.56,5.20479978418062e-08,3.29707280552211,0.674885847444886,0.112725390886178,0.272305184993827,1.80282160236505,1.2393805371341
123,0.8,1,1,1,1,0.1,3.32,4.70777780140696,11.58,5.26875580896509e-08,3.28425870044943,0.664406145872593,0.115612624846262,0.290679832095337,1.80317035734617,1.23631462372408
124,0.8,1,1,1,1.2,-0.1,3.24,4.77466338212453,11.54,5.85005020337824e-08,3.35133540689773,0.700418014334732,0.112797884437709,0.255628919988735,1.8043828343489,1.25733622839908
125,0.8,1,1,1,1.2,0,3.28,4.76897198762359,11.58,5.86012015755522e-08,3.34248515588058,0.687015048618384,0.11715774697205,0.275837474974616,1.80479507664189,1.25530475084043
126,0.8,1,1,1,1.2,0.1,3.3,4.76369926438529,11.6,5.97929951716301e-08,3.33387547510023,0.673932688934161,0.12182477456205,0.300408206472575,1.80505559504345,1.25153429131186
127,0.8,1,1,1.2,0.8,-0.1,3.3,3.50495126502324,10.84,3.91058490076441e-07,3.3917809676313,0.581912329016101,0.108052458017119,0.271524682677909,1.78167622675766,1.20069566162844
128,0.8,1,1,1.2,0.8,0,3.32,3.5082922587716,10.84,3.76144004064186e-07,3.37724650163431,0.574182331201894,0.109968648485984,0.28340999370038,1.78202005160264,1.19828193426681
129,0.8,1,1,1.2,0.8,0.1,3.34,3.5113803268362,10.86,3.61321405866955e-07,3.36284570362668,0.566817957322701,0.114050505842387,0.296998880160923,1.78236076183563,1.19405480044038
130,0.8,1,1,1.2,1,-0.1,3.28,3.54269271172531,10.84,3.92519328383302e-07,3.44081296474777,0.595172900453012,0.111479049200238,0.272030315904485,1.78276393055532,1.22120541934837
131,0.8,1,1,1.2,1,0,3.3,3.54704495719997,10.86,3.74198775230725e-07,3.42856963235576,0.58477267373298,0.114648930302303,0.289235601057256,1.7831618955138,1.21925538874275
132,0.8,1,1,1.2,1,0.1,3.32,3.55107583922869,10.88,3.56026171940266e-07,3.41625745804511,0.574724418407085,0.117950622074256,0.309021917314638,1.78355421886547,1.21560175310785
133,0.8,1,1,1.2,1.2,-0.1,3.28,3.57988675498505,10.84,3.94184407599309e-07,3.483719158529,0.609519203913888,0.114728129277779,0.270138871101158,1.78417494906126,1.23661994957064
134,0.8,1,1,1.2,1.2,0,3.28,3.58579624190319,10.86,3.72578301703847e-07,3.47658036172595,0.596877186893595,0.119638837701056,0.293139470390283,1.78450964755582,1.23499265192163
135,0.8,1,1,1.2,1.2,0.1,3.3,3.59155988183607,10.9,3.5119112610933e-07,3.46899125927042,0.584563793697148,0.124905458810223,0.319518249445465,1.78475444986606,1.23178303782032
136,0.8,1,1.2,0.8,0.8,-0.1,3.32,6.84772010080648,12.42,8.09201928625962e-07,3.02508739883825,0.819634110371489,0.10741344846992,0.262860814668248,1.83722703284777,1.24999530406626
137,0.8,1,1.2,0.8,0.8,0,3.34,6.82492438345663,12.42,8.52788140251601e-07,3.01123833083359,0.813316304889557,0.108324830446408,0.263350792492979,1.83728935517887,1.24765774607192
138,0.8,1,1.2,0.8,0.8,0.1,3.36,6.8023586887247,12.44,8.98471022821859e-07,2.99760159267589,0.807258422297532,0.109207021795947,0.263880302544508,1.83735129252893,1.24381384086108
139,0.8,1,1.2,0.8,1,-0.1,3.32,6.93504060134689,12.4,7.41216902802918e-07,3.06212180367796,0.830539267534598,0.109697107178549,0.263484636398138,1.83929708191099,1.26797947069378
140,0.8,1,1.2,0.8,1,0,3.32,6.90567157067542,12.42,7.92679766048589e-07,3.04699441671193,0.821629267102132,0.111225045826596,0.264170689318215,1.83936314128966,1.26607031261267
141,0.8,1,1.2,0.8,1,0.1,3.34,6.87670574296783,12.44,8.47388676367447e-07,3.03219664418996,0.813148280950447,0.112767579020161,0.264924764669339,1.83942538230408,1.26269678838307
142,0.8,1,1.2,0.8,1.2,-0.1,3.28,7.02474928393066,12.4,6.73041102539249e-07,3.09841614417599,0.842806685867454,0.112116508126815,0.264183806455383,1.8414700765887,1.28176424589177
143,0.8,1,1.2,0.8,1.2,0,3.3,6.98846864754456,12.42,7.30999070326299e-07,3.08477128913653,0.831110463204461,0.114656878559971,0.265085958841934,1.84149061684659,1.28016091578462
144,0.8,1,1.2,0.8,1.2,0.1,3.34,6.95286907513357,12.44,7.93577294725538e-07,3.07152689084873,0.819862587253351,0.117367617315265,0.266086526412152,1.84149162530015,1.27716588708762
145,0.8,1,1.2,1,0.8,-0.1,3.3,4.92203768009983,11.62,7.18459758939067e-08,3.1969671186187,0.688523065599764,0.108955583591085,0.256281999473866,1.80547747528951,1.22375832303744
146,0.8,1,1.2,1,0.8,0,3.32,4.91461176751594,11.64,7.34272920218234e-08,3.18232518317496,0.682254689514361,0.110183196019908,0.256786155238305,1.80570637607344,1.22178093228846
147,0.8,1,1.2,1,0.8,0.1,3.32,4.90715675446681,11.66,7.53501615558732e-08,3.16794887937644,0.676331510736898,0.111389392479127,0.257332243433616,1.80593231238559,1.21829539935487
148,0.8,1,1.2,1,1,-0.1,3.28,4.97558678989492,11.62,7.57411232887054e-08,3.24001026135128,0.699330533415141,0.111621493086194,0.256836373149292,1.80686392071355,1.24099832594537
149,0.8,1,1.2,1,1,0,3.28,4.96611547889191,11.64,7.76640786977315e-08,3.2251424418602,0.690425403650091,0.113666061086094,0.257541873225764,1.80714640136623,1.23939739326481
150,0.8,1,1.2,1,1,0.1,3.32,4.95653668256649,11.66,8.01190136827792e-08,3.21071756695506,0.681972242936851,0.115748808428249,0.258320363502723,1.80742574961988,1.23637875129275
151,0.8,1,1.2,1,1.2,-0.1,3.24,5.03056452986793,11.62,7.93899224109286e-08,3.28073968500326,0.711650347252339,0.1143853933441,0.257485448599686,1.80832468809802,1.25731607806554
152,0.8,1,1.2,1,1.2,0,3.28,5.01907041599527,11.64,8.16094518217825e-08,3.26861630952117,0.700147430506708,0.11770048253867,0.258411731420986,1.80860311433985,1.2553265389073
153,0.8,1,1.2,1,1.2,0.1,3.3,5.00751999526613,11.66,8.45914699189197e-08,3.25677002344969,0.689081676023213,0.121242010686154,0.259445456554673,1.80886923907803,1.25161529353137
154,0.8,1,1.2,1.2,0.8,-0.1,3.3,3.69658525239658,10.92,3.30293722539933e-07,3.32663755273969,0.595040850548419,0.110000737819184,0.25158335723394,1.78493140182094,1.20067411117792
155,0.8,1,1.2,1.2,0.8,0,3.3,3.69647783768454,10.94,3.19261148044169e-07,3.31163468068082,0.588885580047301,0.111471955299023,0.252074465532531,1.78520810363421,1.1983182170126
156,0.8,1,1.2,1.2,0.8,0.1,3.34,3.69623431879348,10.96,3.08278819951263e-07,3.29696566906382,0.583074935635012,0.112929101859663,0.252608097920619,1.78548272133168,1.19417161857324
157,0.8,1,1.2,1.2,1,-0.1,3.28,3.73003062997792,10.92,3.36365587489296e-07,3.37349999310896,0.605783258435334,0.113001129349796,0.252063073796449,1.78586504159913,1.22118539886585
158,0.8,1,1.2,1.2,1,0,3.3,3.72995695445394,10.94,3.2274541707272e-07,3.3591618221636,0.597048456056794,0.115439755558843,0.252751171283548,1.78621318270053,1.21927556593495
159,0.8,1,1.2,1.2,1,0.1,3.3,3.72964822374751,10.96,3.09205574745179e-07,3.3450207406174,0.588737029953849,0.117947935374058,0.253515787535701,1.78656096009035,1.21567841732782
160,0.8,1,1.2,1.2,1.2,-0.1,3.26,3.76429683058348,10.92,3.42493019909498e-07,3.41687390474319,0.618034816067874,0.116078032977412,0.252638962667245,1.7868173389219,1.23660276382117
161,0.8,1,1.2,1.2,1.2,0,3.28,3.76451719358978,10.94,3.26347361853653e-07,3.40605029923244,0.60691429014338,0.119979982310239,0.253545871889829,1.78718329078702,1.23500500408823
162,0.8,1,1.2,1.2,1.2,0.1,3.28,3.76432597326069,10.96,3.1031985822367e-07,3.39543847777696,0.596232423226148,0.124159893867614,0.255459119165197,1.78756133761391,1.23183714693272
163,0.8,1.2,0.8,0.8,0.8,-0.1,3.32,7.06161874703816,12.68,1.79976959056109e-06,3.11196770281635,0.848396183119415,0.111633943524947,0.385465849600799,1.83613405538595,1.25866099372428
164,0.8,1.2,0.8,0.8,0.8,0,3.34,7.04177051178447,12.7,1.92921175568869e-06,3.09794526564126,0.837879407149298,0.112813041513418,0.393277111098433,1.8363952532915,1.25618188314371
165,0.8,1.2,0.8,0.8,0.8,0.1,3.38,7.02214958378477,12.74,2.0670264113695e-06,3.08386241484459,0.827562808502621,0.115151145053135,0.40214025222465,1.83661969057109,1.25236335507213
166,0.8,1.2,0.8,0.8,1,-0.1,3.3,7.17562813685682,12.7,1.69340637304917e-06,3.15587313819833,0.865508342487543,0.11169143146169,0.388220352422795,1.83884858099265,1.27437525760713
167,0.8,1.2,0.8,0.8,1,0,3.32,7.14713561683575,12.72,1.85048083784665e-06,3.14328977228584,0.851627618303643,0.113157482244162,0.399919128236088,1.83934304303897,1.2723492048247
168,0.8,1.2,0.8,0.8,1,0.1,3.36,7.11944407618251,12.76,2.02086843026315e-06,3.13067330634918,0.837899035991703,0.116232029284352,0.413351798433393,1.8396823653099,1.26899821997698
169,0.8,1.2,0.8,0.8,1.2,-0.1,3.28,7.29834773741006,12.7,1.57139092555414e-06,3.19307155645105,0.883785038716589,0.111234123522345,0.388137740209973,1.84200499142762,1.28666200907182
170,0.8,1.2,0.8,0.8,1.2,0,3.32,7.25519844958615,12.74,1.75301520615336e-06,3.18370043223304,0.866877392979816,0.112928434666386,0.404068336805127,1.84328225098836,1.28496214881457
171,0.8,1.2,0.8,0.8,1.2,0.1,3.36,7.21282916522627,12.78,1.95412786961198e-06,3.17472979660782,0.850037473606988,0.116712030649225,0.422608178890792,1.84426923320023,1.28198621455285
172,0.8,1.2,0.8,1,0.8,-0.1,3.28,5.13411778866795,11.9,2.3914827601248e-07,3.2911797670316,0.718347950203115,0.126651760085821,0.416936042864293,1.80609328105053,1.23057839461811
173,0.8,1.2,0.8,1,0.8,0,3.32,5.13253758577091,11.92,2.63289174259931e-07,3.27710669326066,0.708132763065425,0.128150278858416,0.425461310993235,1.80651411206179,1.22848154783713
174,0.8,1.2,0.8,1,0.8,0.1,3.34,5.13090231254677,11.94,2.89201412465021e-07,3.26291705163759,0.698133315116425,0.13102425150363,0.43523492580715,1.8068953424511,1.22502385143813
175,0.8,1.2,0.8,1,1,-0.1,3.26,5.21214077994222,11.9,2.55208311946022e-07,3.33821013148925,0.735522726752982,0.126329966254063,0.420400133343869,1.80842364410706,1.24820937802751
176,0.8,1.2,0.8,1,1,0,3.3,5.20725805996437,11.94,2.86356258406659e-07,3.3262995463166,0.722305140548406,0.128179095711917,0.433151550995435,1.80904936202513,1.24569755670402
177,0.8,1.2,0.8,1,1,0.1,3.32,5.20314030204812,11.96,3.20306564562419e-07,3.31427714998471,0.709204374687357,0.131993706856299,0.447930006110857,1.80950505448141,1.24155059312182
178,0.8,1.2,0.8,1,1.2,-0.1,3.26,5.2950865993736,11.92,2.69755660170287e-07,3.37676371782478,0.753361836566031,0.125438799110737,0.4205479796281,1.81160635608058,1.26340594695949
179,0.8,1.2,0.8,1,1.2,0,3.3,5.27972618500205,11.96,3.08132778421954e-07,3.36898329571477,0.737536290410203,0.12763342715025,0.437895423767336,1.81300639176945,1.26129598772196
180,0.8,1.2,0.8,1,1.2,0.1,3.34,5.26757793477987,11.98,3.50588999399808e-07,3.36141715611154,0.721798972069773,0.132312026209849,0.458242245227716,1.81409426644619,1.25760741949244
181,0.8,1.2,0.8,1.2,0.8,-0.1,3.3,3.89932256031964,11.2,6.51475241792449e-08,3.42392160817339,0.625348600023011,0.139214120392276,0.440517094293028,1.78662677784285,1.20881479448094
182,0.8,1.2,0.8,1.2,0.8,0,3.32,3.90580855514593,11.22,5.30896279097081e-08,3.40993671709853,0.615537691217828,0.140963340506516,0.449613686695407,1.78704100757029,1.20631578221656
183,0.8,1.2,0.8,1.2,0.8,0.1,3.34,3.91220223481051,11.24,4.1562297459637e-08,3.395781333906,0.605910278431516,0.144383704411175,0.460073841245539,1.78743025813157,1.2022009857877
184,0.8,1.2,0.8,1.2,1,-0.1,3.28,3.95199410639927,11.22,6.59786985341518e-08,3.47230828461275,0.642186635542876,0.138493817578792,0.44447317054342,1.78865009078971,1.22707733289086
185,0.8,1.2,0.8,1.2,1,0,3.3,3.95907872639849,11.26,5.18804764364562e-08,3.4608353329159,0.629678974509086,0.140719078801723,0.45798657709839,1.78912723833461,1.22505389792774
186,0.8,1.2,0.8,1.2,1,0.1,3.34,3.96692699476096,11.28,3.86305957375606e-08,3.44958615828034,0.617287612019642,0.145164806897924,0.473788813905883,1.78947187444635,1.22148296732886
187,0.8,1.2,0.8,1.2,1.2,-0.1,3.28,4.00193852695324,11.24,6.73078253008206e-08,3.51114334389878,0.65930745580231,0.137207698890187,0.444742993071439,1.79196969035137,1.24105293523151
188,0.8,1.2,0.8,1.2,1.2,0,3.32,4.00496280998873,11.28,5.15298266439342e-08,3.50452883834791,0.64453368242181,0.139843572570015,0.463157571026957,1.79299673373378,1.23936388786487
189,0.8,1.2,0.8,1.2,1.2,0.1,3.34,4.01258263398303,11.3,3.69997058941012e-08,3.49786495087259,0.629857759556408,0.145318142846367,0.484823034617185,1.79375291726482,1.23621737631618
190,0.8,1.2,1,0.8,0.8,-0.1,3.34,7.69875405255443,12.82,1.32933903529797e-06,2.99932705770471,0.878542010749275,0.101205967357442,0.293160589370527,1.84729774844122,1.25865543290568
191,0.8,1.2,1,0.8,0.8,0,3.38,7.67210308711433,12.84,1.44110367273517e-06,2.9848065372784,0.870599973609917,0.102221425510061,0.300273066788539,1.84734645488336,1.25623814825771
192,0.8,1.2,1,0.8,0.8,0.1,3.38,7.64586484957021,12.86,1.56057086459025e-06,2.97020299563005,0.862946004898726,0.103206372463377,0.308297957742015,1.8473921091136,1.25250466962371
193,0.8,1.2,1,0.8,1,-0.1,3.34,7.80441374493104,12.82,1.12940249325223e-06,3.03884028795984,0.891234258912252,0.10375769332362,0.295290360025071,1.84968446210303,1.27436351843896
194,0.8,1.2,1,0.8,1,0,3.36,7.76981161590972,12.84,1.26087285039189e-06,3.02386100955579,0.88023178034426,0.105500680787605,0.305890943134659,1.8497209307566,1.27238119161667
195,0.8,1.2,1,0.8,1,0.1,3.38,7.73602556213135,12.86,1.40450666959151e-06,3.00876462121108,0.869595331694691,0.107267360946419,0.318028583986599,1.84973242671193,1.26909112348905
196,0.8,1.2,1,0.8,1.2,-0.1,3.32,7.91194591906601,12.82,9.17977102287513e-07,3.07537599298168,0.905519302781068,0.106337903776861,0.295437970418516,1.85237688405323,1.28664935535743
197,0.8,1.2,1,0.8,1.2,0,3.34,7.86807347834216,12.84,1.06484560125789e-06,3.06197106607006,0.891483327823596,0.109156548472513,0.309874730059903,1.85238929384701,1.28498204151177
198,0.8,1.2,1,0.8,1.2,0.1,3.36,7.82603179018388,12.88,1.22939731156989e-06,3.0488098257061,0.877709372573304,0.112160360604753,0.326570888894314,1.85225734101994,1.28205183429932
199,0.8,1.2,1,1,0.8,-0.1,3.3,5.62078120669484,12.04,3.92835243338147e-07,3.18059255224537,0.741342472329502,0.107591565552767,0.319722615583101,1.81432793946733,1.2305662160932
200,0.8,1.2,1,1,0.8,0,3.32,5.61296609328141,12.06,4.19165555914451e-07,3.16556951918789,0.733419791987626,0.10884602600648,0.327598265660343,1.81458567800167,1.22851578596886
201,0.8,1.2,1,1,0.8,0.1,3.34,5.60510296082361,12.06,4.46905377415889e-07,3.15051820887369,0.725774639508394,0.111617321064704,0.336566038317788,1.81483577576661,1.2251223442418
202,0.8,1.2,1,1,1,-0.1,3.28,5.69267478327049,12.04,3.93777132801516e-07,3.22516189110882,0.754404713762302,0.107882791638213,0.322530313332789,1.81609416662995,1.24819487735979
203,0.8,1.2,1,1,1,0,3.32,5.68231444206792,12.06,4.26596428941715e-07,3.21049983576955,0.743524736756793,0.109502319793073,0.334237870436933,1.81638349057408,1.24573739621883
204,0.8,1.2,1,1,1,0.1,3.32,5.67207921212481,12.08,4.61625195988588e-07,3.19576400604397,0.732928771864975,0.113154992706678,0.347786814789693,1.81664640155348,1.24166611145244
205,0.8,1.2,1,1,1.2,-0.1,3.26,5.7650014697882,12.04,3.93089967601476e-07,3.26467815276792,0.768918788378136,0.109066683005281,0.322932985468416,1.81825590792963,1.26339025351662
206,0.8,1.2,1,1,1.2,0,3.3,5.7512847846657,12.06,4.3223041579614e-07,3.25255990613456,0.755286731705898,0.11259113081948,0.338869380061392,1.81853481470917,1.26132077834379
207,0.8,1.2,1,1,1.2,0.1,3.32,5.73857704115878,12.1,4.74557771830242e-07,3.24060615900104,0.741891434517594,0.116349827903226,0.3574691706976,1.81864800367398,1.25768907479124
208,0.8,1.2,1,1.2,0.8,-0.1,3.28,4.26591201372625,11.36,4.34257653641784e-08,3.31740677112796,0.643458906600593,0.118756452622358,0.340075773574338,1.79263229104033,1.20880032600466
209,0.8,1.2,1,1.2,0.8,0,3.32,4.2674762816002,11.38,3.74763310964466e-08,3.30215001601924,0.635663212069514,0.120299133163607,0.348552544561828,1.79296060136492,1.20635674314734
210,0.8,1.2,1,1.2,0.8,0.1,3.32,4.26887489172322,11.4,3.19231446434276e-08,3.28689957858707,0.628133794947281,0.123559909215451,0.358280518259189,1.79328449438532,1.20231865577183
211,0.8,1.2,1,1.2,1,-0.1,3.28,4.31574871034101,11.38,4.82208681991479e-08,3.36479746454755,0.656680389038639,0.118758332737749,0.343357910831797,1.7939375971344,1.22706155424865
212,0.8,1.2,1,1.2,1,0,3.3,4.31770220910374,11.4,4.12826265156639e-08,3.35058922446373,0.646089443435647,0.120760585014842,0.355938187883917,1.79430219881766,1.22507687278491
213,0.8,1.2,1,1.2,1,0.1,3.32,4.3194400894182,11.42,3.49712498960136e-08,3.33622844357674,0.635768089472997,0.125115579975165,0.37058640511347,1.79465799413673,1.22156012854807
214,0.8,1.2,1,1.2,1.2,-0.1,3.26,4.36471235863184,11.38,5.30307319883941e-08,3.40578560538561,0.671049034823068,0.118234854158149,0.343937508445491,1.79564216794729,1.24103848122299
215,0.8,1.2,1,1.2,1.2,0,3.28,4.36722403885587,11.4,4.527694996654e-08,3.3947448908464,0.658017945664152,0.12063695935156,0.361034245203092,1.79591102751055,1.23937804059655
216,0.8,1.2,1,1.2,1.2,0.1,3.32,4.37005171520829,11.42,3.84359775966018e-08,3.38377690054418,0.645206210610675,0.125969738633423,0.381087337313983,1.79605885483568,1.23627180233944
217,0.8,1.2,1.2,0.8,0.8,-0.1,3.36,8.18263747875916,12.9,5.34248372224458e-07,2.92212550015179,0.905219435143362,0.10281781790735,0.265214029185066,1.85604749769797,1.25865020537377
218,0.8,1.2,1.2,0.8,0.8,0,3.4,8.1521510575152,12.92,6.32556093936325e-07,2.90842175245691,0.899032709886363,0.103472810048735,0.265463607129141,1.85600321568416,1.2562936567919
219,0.8,1.2,1.2,0.8,0.8,0.1,3.4,8.12210876297509,12.94,7.38092136640845e-07,2.89475940142027,0.893098584960411,0.104096672287077,0.26573644185035,1.85595869006971,1.25264362235274
220,0.8,1.2,1.2,0.8,1,-0.1,3.34,8.28461292927781,12.9,2.69260018431501e-07,2.95538989519905,0.915266366618543,0.104927364619393,0.265625368548359,1.85829935075766,1.27435204644037
221,0.8,1.2,1.2,0.8,1,0,3.38,8.24543785764875,12.92,3.81869264886581e-07,2.93963593850606,0.906658935526547,0.106024413714807,0.265976020767829,1.85822602003156,1.27241283797167
222,0.8,1.2,1.2,0.8,1,0.1,3.38,8.20700424015289,12.94,5.0584974970963e-07,2.92386649238259,0.898431297282022,0.107109002232722,0.266366500870615,1.85815528149681,1.26918278091311
223,0.8,1.2,1.2,0.8,1.2,-0.1,3.34,8.38870871287562,12.9,1.3236291779019e-09,2.98877545606201,0.926612856396947,0.107281943562164,0.266054290972977,1.86062690895493,1.28663689933533
224,0.8,1.2,1.2,0.8,1.2,0,3.36,8.34054313621112,12.92,1.20645178663281e-07,2.97308490412401,0.915245868155079,0.109166123434653,0.266522733079273,1.8604798177019,1.2850017591482
225,0.8,1.2,1.2,0.8,1.2,0.1,3.38,8.29355371668173,12.94,2.59083040179766e-07,2.95759459112786,0.904312243236433,0.111146564701772,0.267058207166556,1.86033067146065,1.28211671888505
226,0.8,1.2,1.2,1,0.8,-0.1,3.32,6.0012150557849,12.14,4.95338078508209e-07,3.10188900847215,0.762669136964092,0.104415724257553,0.25759613987206,1.8209856611443,1.23055432108294
227,0.8,1.2,1.2,1,0.8,0,3.32,5.988726405468,12.14,5.21328462941823e-07,3.08719643663084,0.756517139782992,0.10533372275934,0.257988979861633,1.82115495696104,1.22854964392498
228,0.8,1.2,1.2,1,0.8,0.1,3.34,5.97635026805481,12.16,5.4847393100938e-07,3.07259602033421,0.750638781865457,0.106220144137059,0.266450135799658,1.82132307267444,1.22521947256176
229,0.8,1.2,1.2,1,1,-0.1,3.3,6.06967840992525,12.14,4.81995883799961e-07,3.14171281174184,0.77277346100823,0.106974264335936,0.2579564630059,1.82259589268771,1.24818070899552
230,0.8,1.2,1.2,1,1,0,3.3,6.05367151741072,12.14,5.13782019689376e-07,3.12584295999936,0.764029644836832,0.108503958830706,0.263695036461314,1.82280092528682,1.24577681124526
231,0.8,1.2,1.2,1,1,0.1,3.34,6.03776216111045,12.16,5.47367228382973e-07,3.11002523378332,0.755697960832417,0.110035205790889,0.276361173262269,1.82300192441499,1.24178007773254
232,0.8,1.2,1.2,1,1.2,-0.1,3.28,6.13956376346331,12.12,4.67506917837429e-07,3.17970807744786,0.784432034329856,0.109765317200668,0.258324505448541,1.8242752249937,1.26337480624536
233,0.8,1.2,1.2,1,1.2,0,3.3,6.11996307341184,12.16,5.04714692438237e-07,3.16493835599034,0.773007755223667,0.112306101606392,0.268038781743672,1.82445321486054,1.26134535059656
234,0.8,1.2,1.2,1,1.2,0.1,3.32,6.10059065717891,12.18,5.44501025413729e-07,3.15032647681545,0.761965647354953,0.114995970475462,0.285370645308708,1.82462765741451,1.25776981393205
235,0.8,1.2,1.2,1.2,0.8,-0.1,3.3,4.55797780764341,11.48,4.68306493381576e-08,3.23956211593991,0.660844538800025,0.105559747583586,0.267976612211722,1.7976431061198,1.20878619630866
236,0.8,1.2,1.2,1.2,0.8,0,3.32,4.55544709365126,11.48,4.43537589841437e-08,3.22429343441746,0.654727062316927,0.106679585412647,0.276065610695978,1.7979020966258,1.20639724882446
237,0.8,1.2,1.2,1.2,0.8,0.1,3.32,4.55286067550229,11.5,4.2174382485866e-08,3.2092387639873,0.648907756990576,0.107776217614764,0.285292842381342,1.7981583771892,1.20243469328704
238,0.8,1.2,1.2,1.2,1,-0.1,3.28,4.60441199035032,11.48,5.20849876927516e-08,3.28370238048535,0.671080106492171,0.108532595356805,0.270614675533063,1.79879953091825,1.22704601123797
239,0.8,1.2,1.2,1.2,1,0,3.3,4.6011953597353,11.5,4.91954664868607e-08,3.2678840815271,0.662392974444054,0.11039436186281,0.282528229878184,1.79912079512622,1.2250996453441
240,0.8,1.2,1.2,1.2,1,0.1,3.3,4.59778164496226,11.5,4.67732387358798e-08,3.25216348721701,0.6540771913592,0.112281921209968,0.296331555255485,1.79944279558334,1.22163643159898
241,0.8,1.2,1.2,1.2,1.2,-0.1,3.26,4.65175223495047,11.48,5.71905635535069e-08,3.32415494504111,0.682915129034356,0.111737171877595,0.271162619836041,1.79998336451853,1.24102419073125
242,0.8,1.2,1.2,1.2,1.2,0,3.28,4.64806982102839,11.5,5.39515025686778e-08,3.31034817592689,0.671680158900576,0.114783843000894,0.287367107065589,1.80030348129582,1.23939209020562
243,0.8,1.2,1.2,1.2,1.2,0.1,3.3,4.64411014476292,11.52,5.13880375162345e-08,3.29651817394827,0.660828765522606,0.118021671896179,0.306158341580898,1.80063930421473,1.23632572316389
244,1,0.8,0.8,0.8,0.8,-0.1,3.28,4.81384718187356,11.64,6.77923828065416e-08,3.28940335129617,0.690010980221896,0.106953556491437,0.257673543838308,1.80210950858129,1.24100136894293
245,1,0.8,0.8,0.8,0.8,0,3.3,4.80887438470105,11.66,7.26497752146702e-08,3.27782973753214,0.679784013051783,0.109465069205743,0.258771550278458,1.80255581872761,1.23936331838432
246,1,0.8,0.8,0.8,0.8,0.1,3.34,4.80369334244787,11.68,7.84034113556564e-08,3.26615433356869,0.669866351826279,0.111986355339009,0.266832974499934,1.80297622436255,1.2362982747
247,1,0.8,0.8,0.8,1,-0.1,3.26,4.89207844657757,11.66,7.54937127108663e-08,3.33791439533552,0.707462913144369,0.109515405493844,0.258926246837345,1.80422584689778,1.26097167216801
248,1,0.8,0.8,0.8,1,0,3.28,4.88373761458652,11.68,8.17483005266791e-08,3.33090184370172,0.694199213053302,0.113556385037861,0.260638771582485,1.80496892940806,1.25901546395338
249,1,0.8,0.8,0.8,1,0.1,3.32,4.87553808948848,11.7,8.94060409290945e-08,3.32365904978431,0.681214036268229,0.11775372378407,0.277646858450624,1.80561567125133,1.25535128549137
250,1,0.8,0.8,0.8,1.2,-0.1,3.24,4.97577099671731,11.66,8.23582863868183e-08,3.3803343808907,0.725876604367583,0.111659716149824,0.260301592682374,1.80656530253822,1.27649106223289
251,1,0.8,0.8,0.8,1.2,0,3.28,4.95948424267505,11.68,8.99889141508515e-08,3.38047044878335,0.710190253996845,0.117626787551701,0.262966775354517,1.80810497922529,1.27486218414773
252,1,0.8,0.8,0.8,1.2,0.1,3.3,4.94409693693558,11.72,9.96387027419157e-08,3.38017444323606,0.694725047289002,0.12400393869847,0.28704679732821,1.80951777266093,1.27164937516771
253,1,0.8,0.8,1,0.8,-0.1,3.3,3.40761411595327,10.78,4.36083711862162e-07,3.44620918675708,0.579577731297673,0.108216759707488,0.251909822512225,1.77837701752616,1.2162566812404
254,1,0.8,0.8,1,0.8,0,3.32,3.41223283441685,10.8,4.17414334555451e-07,3.43516735280891,0.569880633225212,0.111113186363365,0.267782760670975,1.77884506831072,1.21422403399656
255,1,0.8,0.8,1,0.8,0.1,3.34,3.41661605562713,10.82,3.98868170346822e-07,3.42396064045865,0.560511015469473,0.114034587229432,0.287090661464728,1.77929432716856,1.21042586660576
256,1,0.8,0.8,1,1,-0.1,3.28,3.45278078798094,10.78,4.38416171637813e-07,3.49810989775124,0.596433180003452,0.111172300195136,0.253114764562563,1.77996841163461,1.23569065504945
257,1,0.8,0.8,1,1,0,3.3,3.45805013038625,10.8,4.15541158007744e-07,3.49274675382105,0.584101500562245,0.11580771468115,0.271813947292089,1.7806338047411,1.23406254490569
258,1,0.8,0.8,1,1,0.1,3.32,3.46342959090242,10.84,3.92866188544921e-07,3.48669278287783,0.572114630418756,0.120625932155681,0.299110798031701,1.7812164012466,1.23082355727186
259,1,0.8,0.8,1,1.2,-0.1,3.26,3.4972479690482,10.8,4.41009937834707e-07,3.54350730521245,0.613978201047027,0.113650492964587,0.254515500502017,1.78208187513148,1.25075925304671
260,1,0.8,0.8,1,1.2,0,3.3,3.50072888316007,10.82,4.14099488903949e-07,3.54617440452013,0.59976236061371,0.120469069033839,0.274035089617069,1.78333942243581,1.24873832184017
261,1,0.8,0.8,1,1.2,0.1,3.32,3.50612436438041,10.84,3.87487220155133e-07,3.54765102239911,0.585811676138967,0.127734124352139,0.309540574067057,1.78445782473819,1.24581769104308
262,1,0.8,0.8,1.2,0.8,-0.1,3.34,2.56472954997704,9.9,1.34039814039061e-06,3.55914747424193,0.500862986721276,0.111509188763511,0.263274043905205,1.76372155004629,1.19171965827535
263,1,0.8,0.8,1.2,0.8,0,3.34,2.57178192864023,9.92,1.31867244722941e-06,3.54850257726448,0.491714742189235,0.114472164127755,0.281363529166041,1.76412040373768,1.18929830837695
264,1,0.8,0.8,1.2,0.8,0.1,3.38,2.57871336755934,9.94,1.29690897225914e-06,3.53760768048316,0.482914394565269,0.121250039941927,0.301848854561234,1.76451424496639,1.18478009509318
265,1,0.8,0.8,1.2,1,-0.1,3.32,2.59249804263161,9.92,1.33340527427075e-06,3.61288987498266,0.516977250773738,0.112489346358805,0.260171666143913,1.76488359884268,1.2148430585912
266,1,0.8,0.8,1.2,1,0,3.34,2.60185383196221,9.94,1.30653851502938e-06,3.60875623937069,0.50555942608018,0.117463355208852,0.285814977757491,1.76536205865395,1.21290103932267
267,1,0.8,0.8,1.2,1,0.1,3.36,2.61104946398812,9.98,1.279617575039e-06,3.60335537626954,0.494481783621132,0.123723003788987,0.314684817498503,1.76580244018467,1.20904148097054
268,1,0.8,0.8,1.2,1.2,-0.1,3.32,2.61727875930136,9.94,1.32682755800208e-06,3.66041645092409,0.533656274582369,0.115269781766296,0.254676883699707,1.76671368918373,1.23188357091202
269,1,0.8,0.8,1.2,1.2,0,3.34,2.62934242019913,9.98,1.29493462544757e-06,3.66487852141467,0.520736691565356,0.12257093223822,0.288327663504127,1.76747621836351,1.23026920163404
270,1,0.8,0.8,1.2,1.2,0.1,3.34,2.64195796749906,10,1.26297045960014e-06,3.66705521499903,0.508042003710815,0.130342461737397,0.32582527079728,1.76813511063345,1.2269065305208
271,1,0.8,1,0.8,0.8,-0.1,3.28,5.10727489038689,11.72,1.05364378626697e-07,3.21278319455007,0.706165713799539,0.110364051317812,0.260299963381537,1.80715594905558,1.24098072327865
272,1,0.8,1,0.8,0.8,0,3.3,5.09646821247964,11.74,1.10813584795792e-07,3.19950345416174,0.698055269532265,0.112129121700633,0.261314164509899,1.8074070446243,1.23938460403835
273,1,0.8,1,0.8,0.8,0.1,3.3,5.08559023260354,11.74,1.16833621016343e-07,3.18643576047712,0.69029973581024,0.113886210125146,0.262418890252004,1.80764987954927,1.23637846289062
274,1,0.8,1,0.8,1,-0.1,3.26,5.17626838514088,11.7,1.06843320650804e-07,3.25997139156154,0.720502327463251,0.11295847197749,0.261575590200073,1.8090310641172,1.26094756596768
275,1,0.8,1,0.8,1,0,3.28,5.16216216829458,11.72,1.13354401118349e-07,3.24922640001625,0.709378521475016,0.115901742195462,0.263072458653506,1.80934772395233,1.25904018364406
276,1,0.8,1,0.8,1,0.1,3.3,5.1480239447004,11.74,1.20750763537042e-07,3.23842866505277,0.698677811726498,0.118940300616224,0.26473974620101,1.80963466722882,1.25544500317835
277,1,0.8,1,0.8,1.2,-0.1,3.24,5.24720307525504,11.7,1.07965307432733e-07,3.30383877283853,0.736315418197903,0.115390468388837,0.263146770397338,1.81119532146102,1.27647035435665
278,1,0.8,1,0.8,1.2,0,3.24,5.22898650922193,11.72,1.15373309091283e-07,3.29850067643233,0.722562360232727,0.119938434184293,0.26539113311266,1.81164116637005,1.27487728411523
279,1,0.8,1,0.8,1.2,0.1,3.28,5.2112039522514,11.76,1.24043393014093e-07,3.29289418658587,0.709201922619298,0.124799311161399,0.267980149334685,1.81195460542574,1.27171538292146
280,1,0.8,1,1,0.8,-0.1,3.3,3.60059532727273,10.86,3.83898857932967e-07,3.37330198878387,0.591697953661643,0.111573232671354,0.254674479792692,1.78147388751512,1.21623105487002
281,1,0.8,1,1,0.8,0,3.3,3.60068509603674,10.88,3.70597170769143e-07,3.36015495349993,0.583811862905299,0.11374732239434,0.25570627934785,1.78180596087643,1.2142505588642
282,1,0.8,1,1,0.8,0.1,3.32,3.60056248494966,10.9,3.57344163584995e-07,3.34719695218803,0.57634475657198,0.115922709650688,0.256842574945855,1.78213327507335,1.21052563185825
283,1,0.8,1,1,1,-0.1,3.26,3.63895293458102,10.86,3.92789890218667e-07,3.4253338313434,0.605752937771095,0.114485535702233,0.255880283168008,1.7826611982799,1.23566944102878
284,1,0.8,1,1,1,0,3.28,3.63918855345237,10.88,3.76377598312488e-07,3.41590387794086,0.595125345426875,0.11807077320116,0.25742277816877,1.78306648423002,1.23407708287798
285,1,0.8,1,1,1,0.1,3.3,3.63912102313564,10.9,3.60044064891609e-07,3.40616794481639,0.58495370498953,0.121779046947494,0.259170077355534,1.78345567184606,1.23088867206635
286,1,0.8,1,1,1.2,-0.1,3.24,3.67759483442829,10.86,4.01722109097214e-07,3.47304427238482,0.621204993382248,0.117183060982008,0.257376038177511,1.78412445169208,1.25073353530943
287,1,0.8,1,1,1.2,0,3.28,3.67812741578711,10.88,3.8227625502473e-07,3.47035619289402,0.608424318295055,0.122662948765761,0.259695420148508,1.78457980680503,1.2487571390216
288,1,0.8,1,1,1.2,0.1,3.28,3.67853500201542,10.9,3.62947376982599e-07,3.46648136579387,0.596027007767862,0.128484922279392,0.262403377256714,1.78493193901574,1.24586348494061
289,1,0.8,1,1.2,0.8,-0.1,3.32,2.6948099476436,10.02,1.24536292796688e-06,3.49056687230623,0.510294158889802,0.112400324603331,0.250706537295347,1.76561308870941,1.19168912273835
290,1,0.8,1,1.2,0.8,0,3.32,2.6984058425477,10.04,1.22959026946131e-06,3.47766985623445,0.502714849420222,0.114855501229619,0.251712994653101,1.76592781116367,1.18933003979053
291,1,0.8,1,1.2,0.8,0.1,3.36,2.7018145119293,10.06,1.21377453988423e-06,3.4649058761855,0.495555203957328,0.117330578086956,0.252835593767176,1.76624212334621,1.18489925110027
292,1,0.8,1,1.2,1,-0.1,3.3,2.71735724639816,10.04,1.24839194671083e-06,3.54558757725977,0.523982950918143,0.115587816981419,0.251839794284552,1.76636484652997,1.21481773185702
293,1,0.8,1,1.2,1,0,3.32,2.72213071096622,10.06,1.22885045653963e-06,3.53710499771094,0.513931072458302,0.11960666512534,0.253356498655499,1.76674511078378,1.21291844151451
294,1,0.8,1,1.2,1,0.1,3.34,2.72657406657879,10.08,1.20924376499745e-06,3.52824369077568,0.504331264334471,0.123779165827214,0.255105154682546,1.76712570903255,1.20911931859733
295,1,0.8,1,1.2,1.2,-0.1,3.28,2.73996064229471,10.04,1.25160388710589e-06,3.59600188621027,0.53891388016291,0.11852546657075,0.253293792321237,1.76727690915708,1.23186300599982
296,1,0.8,1,1.2,1.2,0,3.3,2.74648127879193,10.06,1.22836136992404e-06,3.59491355818626,0.527096948787346,0.124629870813896,0.255565554519139,1.76762222123445,1.23027975235543
297,1,0.8,1,1.2,1.2,0.1,3.32,2.75252553196959,10.08,1.20502796998244e-06,3.59227101641414,0.515658778413287,0.131107606136131,0.258253267646803,1.76793397050899,1.22696130460476
298,1,0.8,1.2,0.8,0.8,-0.1,3.3,5.3297186420739,11.76,1.31874239875879e-07,3.15878605001584,0.720558871652209,0.112904772966976,0.262092139705337,1.81098035912129,1.24096042964424
299,1,0.8,1.2,0.8,0.8,0,3.3,5.31481046561004,11.78,1.3710712379887e-07,3.14525009096939,0.71404104728556,0.114162305203603,0.263070201607792,1.81112939182727,1.23940565951848
300,1,0.8,1.2,0.8,0.8,0.1,3.3,5.29998145896341,11.78,1.42715985861588e-07,3.13215976360706,0.707842742922439,0.115404962477634,0.264130639955971,1.81127383078755,1.23645754507251
301,1,0.8,1.2,0.8,1,-0.1,3.26,5.3932439023923,11.76,1.28282724133747e-07,3.20253586268793,0.732710171013428,0.115416092906661,0.26331213511593,1.81267749880764,1.26092386395747
302,1,0.8,1.2,0.8,1,0,3.28,5.37411859863428,11.76,1.34332201158707e-07,3.18958761717383,0.72349509789628,0.117548166962016,0.26471778946634,1.81285992845195,1.259064646868
303,1,0.8,1.2,0.8,1,0.1,3.3,5.35503449087282,11.78,1.40960590024568e-07,3.17711392955701,0.714746749488382,0.119738936024005,0.266268172202532,1.81303396165081,1.25553746641686
304,1,0.8,1.2,0.8,1.2,-0.1,3.24,5.45899717306652,11.74,1.24908640651303e-07,3.24541939570922,0.746420111412767,0.117991541352747,0.26481151299778,1.81448678611479,1.27644991708512
305,1,0.8,1.2,0.8,1.2,0,3.24,5.435476693591,11.76,1.31562373767143e-07,3.23636781794454,0.734521126807643,0.121452106098244,0.266809467340561,1.81465984409086,1.27489225419201
306,1,0.8,1.2,0.8,1.2,0.1,3.28,5.41210083050512,11.78,1.39035486150854e-07,3.2273541464336,0.723148648949852,0.125160476329211,0.269081660699058,1.81480041064436,1.27178065217553
307,1,0.8,1.2,1,0.8,-0.1,3.3,3.74911208378494,10.92,3.49035344555956e-07,3.31985808170217,0.602952908997874,0.114295240541972,0.256593286964632,1.78389372951334,1.21620586690051
308,1,0.8,1.2,1,0.8,0,3.3,3.74568882822753,10.94,3.3927192269751e-07,3.30601850388183,0.596559773973176,0.115933223732352,0.257574057763248,1.78414209056459,1.21427679662935
309,1,0.8,1.2,1,0.8,0.1,3.3,3.74208085397369,10.94,3.29516021260608e-07,3.29274425635405,0.590592184389095,0.117562780464147,0.25864960834289,1.78438744919083,1.21062401897262
310,1,0.8,1.2,1,1,-0.1,3.26,3.78206120990244,10.92,3.61938991662505e-07,3.36982836665827,0.614821945582245,0.117106260445645,0.257730918805496,1.78490136077674,1.23564849579307
311,1,0.8,1.2,1,1,0,3.26,3.77778486196855,10.92,3.49828877046208e-07,3.35790108568905,0.605793947765799,0.119857079588225,0.259160360482016,1.78521474774204,1.23409149574898
312,1,0.8,1.2,1,1,0.1,3.3,3.7733069750395,10.94,3.37731568933336e-07,3.34605753919176,0.59729967065223,0.122694288501647,0.260764552544674,1.78552464162748,1.23095306499
313,1,0.8,1.2,1,1.2,-0.1,3.24,3.81605997928698,10.9,3.74837020319209e-07,3.41776942122063,0.628354853913008,0.119936289887208,0.259181586041209,1.7859603678412,1.25070815463061
314,1,0.8,1.2,1,1.2,0,3.24,3.81116479484039,10.92,3.60413155540174e-07,3.41097969210265,0.617006128365933,0.124319927767523,0.261267153884159,1.78629246228068,1.24877579418318
315,1,0.8,1.2,1,1.2,0.1,3.28,3.80588914180455,10.94,3.46009135832075e-07,3.40370896645608,0.606187438236505,0.128982623996289,0.263699567747481,1.78661499200753,1.24590885482578
316,1,0.8,1.2,1.2,0.8,-0.1,3.32,2.79512543514907,10.12,1.17747938251178e-06,3.43917275231286,0.519328008160878,0.115156177302402,0.252689564574697,1.76713133739355,1.19165911132321
317,1,0.8,1.2,1.2,0.8,0,3.32,2.79602084705193,10.12,1.16591339719039e-06,3.42530087378418,0.513114582427885,0.117086027470029,0.253639794640924,1.76738187889827,1.1893614274178
318,1,0.8,1.2,1.2,0.8,0.1,3.32,2.79673885792813,10.14,1.15430335800611e-06,3.41184351638404,0.507336406044096,0.119016135011132,0.254694072024293,1.76763112235645,1.18501675857725
319,1,0.8,1.2,1.2,1,-0.1,3.28,2.81276983343289,10.12,1.18743533606732e-06,3.49290993434952,0.53092213137978,0.11821154789663,0.253735874669249,1.7677434452645,1.21479272674674
320,1,0.8,1.2,1.2,1,0,3.3,2.81402832465324,10.12,1.17308917541971e-06,3.4818289935374,0.522204882247922,0.121427638420514,0.255137866588374,1.76806273675496,1.21293569384282
321,1,0.8,1.2,1.2,1,0.1,3.32,2.81503288569529,10.14,1.15867533733931e-06,3.47069868039012,0.514045866258402,0.124751890478638,0.256738815739908,1.76838216199674,1.20919629221153
322,1,0.8,1.2,1.2,1.2,-0.1,3.26,2.83094724635628,10.1,1.19745786976428e-06,3.54425268624436,0.544170949208705,0.121257465913762,0.255116614312485,1.76834802003046,1.23184264970915
323,1,0.8,1.2,1.2,1.2,0,3.28,2.83271993531649,10.12,1.18037454761196e-06,3.53938725554218,0.533495909022177,0.126321993918471,0.25719504531335,1.7687088443999,1.23029022770241
324,1,0.8,1.2,1.2,1.2,0.1,3.3,2.83412060838772,10.14,1.16319541761097e-06,3.53308470209245,0.523323985430564,0.13169439421245,0.259664850828278,1.7690808673669,1.22701557097981
325,1,1,0.8,0.8,0.8,-0.1,3.3,6.01996922215491,12.24,7.63221036033437e-07,3.1851768522334,0.776602960168326,0.103710701994056,0.312714712463797,1.81877993018773,1.25002454648154
326,1,1,0.8,0.8,0.8,0,3.32,6.0076078845164,12.26,8.18782835944289e-07,3.17187682772704,0.766244599374381,0.104883807423008,0.323455938998901,1.81913027395076,1.24755687814243
327,1,1,0.8,0.8,0.8,0.1,3.34,5.99521380730395,12.28,8.77582306937575e-07,3.15842871493829,0.756148065069584,0.107862296801864,0.335610237280778,1.8194508681554,1.24353230197661
328,1,1,0.8,0.8,1,-0.1,3.28,6.11949842950386,12.24,7.47757828005317e-07,3.22935888729912,0.793731584395612,0.104597565298597,0.312300874736724,1.82120452630298,1.26801406484856
329,1,1,0.8,0.8,1,0,3.3,6.10111699798968,12.28,8.16098888299957e-07,3.21849691396891,0.780125605743666,0.107786493853134,0.327878691878136,1.82181960484647,1.26601359105634
330,1,1,0.8,0.8,1,0.1,3.34,6.08302743684529,12.3,8.89525491731692e-07,3.20766154602065,0.766725246243924,0.111084613838384,0.3457595232791,1.82231256478639,1.26251184376599
331,1,1,0.8,0.8,1.2,-0.1,3.26,6.22668476898494,12.26,7.27776258795338e-07,3.26689532449879,0.811803970674439,0.106878865109865,0.309308758869311,1.82389427763886,1.28179682029897
332,1,1,0.8,0.8,1.2,0,3.28,6.19708757196294,12.28,8.08040316903533e-07,3.26073435066311,0.795387221050236,0.111655518419704,0.330209135751113,1.82528034751431,1.28012592197304
333,1,1,0.8,0.8,1.2,0.1,3.32,6.16805023671074,12.32,8.95649396916753e-07,3.25486247413492,0.779096935875747,0.116774952948435,0.354240528912827,1.82646022841655,1.2770353112931
334,1,1,0.8,1,0.8,-0.1,3.3,4.31797035173282,11.42,2.08173792233337e-08,3.35396365862707,0.655200279745049,0.116573850150812,0.337105960866147,1.79149784768933,1.22379474878763
335,1,1,0.8,1,0.8,0,3.3,4.32010670546838,11.46,1.64488094447539e-08,3.34085219487672,0.645253310430942,0.118209702141414,0.348783659369682,1.79195369588354,1.22172008612112
336,1,1,0.8,1,0.8,0.1,3.34,4.3220716615244,11.48,1.27816569317413e-08,3.32774338308804,0.635571297243112,0.121958999907986,0.362107674837175,1.79237991008979,1.21809886130819
337,1,1,0.8,1,1,-0.1,3.26,4.38177869204181,11.44,2.86564255550886e-08,3.40105791155484,0.672021634730083,0.116357221526095,0.337011591838548,1.79346022691476,1.24103199163547
338,1,1,0.8,1,1,0,3.28,4.38269552780306,11.46,2.39767689036695e-08,3.39136862312812,0.659206834294856,0.118468542837373,0.353963573707193,1.79412606386681,1.23936362018685
339,1,1,0.8,1,1,0.1,3.32,4.38413076856612,11.5,2.04087288356406e-08,3.38159864391204,0.646582677010011,0.12340070967194,0.373511989253433,1.79466794688242,1.23625005852502
340,1,1,0.8,1,1.2,-0.1,3.24,4.44787956551501,11.44,3.63621446248738e-08,3.44040514663783,0.689421074594115,0.115653865035708,0.334000855873189,1.79603329484197,1.25735650949718
341,1,1,0.8,1,1.2,0,3.3,4.44280099591886,11.48,3.16272131136455e-08,3.43633392122521,0.674224811967555,0.118187505589985,0.35672270369844,1.79737563400717,1.25528293030894
342,1,1,0.8,1,1.2,0.1,3.32,4.44036247117364,11.52,2.85129555042398e-08,3.43212192592088,0.659202867525005,0.124250569333761,0.382946638151816,1.79848620438504,1.25145283053809
343,1,1,0.8,1.2,0.8,-0.1,3.3,3.25924172720111,10.7,4.87371162746318e-07,3.47769060520899,0.568491187410023,0.127146931547929,0.355149987610704,1.77417855463289,1.20071746761534
344,1,1,0.8,1.2,0.8,0,3.34,3.2667093488931,10.72,4.66313056880808e-07,3.46480360155004,0.559011343774663,0.12918895418857,0.367521755530846,1.77459982359613,1.19824542627047
345,1,1,0.8,1.2,0.8,0.1,3.34,3.27404322716022,10.74,4.454129450691e-07,3.45179768007748,0.549785042933352,0.133651995643415,0.38173821340361,1.77500688389824,1.19393684912728
346,1,1,0.8,1.2,1,-0.1,3.3,3.30062141809258,10.7,4.80790275464625e-07,3.52616455490571,0.584767110072001,0.126572445134685,0.355239752467254,1.77576563968471,1.22122557415647
347,1,1,0.8,1.2,1,0,3.32,3.30990288770296,10.74,4.55045819470369e-07,3.51729656245224,0.57269686068652,0.129210904362342,0.373194630584974,1.77626822964531,1.21923513876015
348,1,1,0.8,1.2,1,0.1,3.34,3.31937413519075,10.76,4.29558689433171e-07,3.50821933272557,0.560874860028241,0.135065273702619,0.394010193328585,1.77669065077074,1.21552456517705
349,1,1,0.8,1.2,1.2,-0.1,3.28,3.33870696632355,10.72,4.74736428357532e-07,3.56616227452082,0.601290670849658,0.125491841091304,0.352158701660982,1.7782611544525,1.23663720430237
350,1,1,0.8,1.2,1.2,0,3.3,3.3481068317946,10.76,4.44528555263541e-07,3.56371657120492,0.587261800176367,0.128702233252115,0.37621839257625,1.77917214021379,1.23498027747229
351,1,1,0.8,1.2,1.2,0.1,3.34,3.35987866079118,10.78,4.14705778959549e-07,3.56076295083955,0.573384237146923,0.135845244995959,0.40409791552405,1.77988855545159,1.23172866259097
352,1,1,1,0.8,0.8,-0.1,3.32,6.49132796769729,12.34,8.24794216285275e-07,3.09029624032745,0.799615774888402,0.10456507410896,0.260320696935426,1.82703919876271,1.25000959483117
353,1,1,1,0.8,0.8,0,3.34,6.47242647422179,12.36,8.74107848329938e-07,3.07602292334119,0.791622476703486,0.105858683141703,0.260800125055015,1.82718612600922,1.24760778650085
354,1,1,1,0.8,0.8,0.1,3.34,6.45370012211459,12.38,9.25976135290578e-07,3.06183356685089,0.783953687525561,0.107128649232991,0.261320451533314,1.82732606847831,1.24367460728029
355,1,1,1,0.8,1,-0.1,3.3,6.58235492477977,12.34,7.78545435113595e-07,3.13178368371682,0.812964897955461,0.107002090645546,0.260979703744682,1.8292313631651,1.26799651729293
356,1,1,1,0.8,1,0,3.32,6.55769703080284,12.36,8.37792171608961e-07,3.11801254637237,0.801916205976847,0.109176513162866,0.261646026435278,1.82940327522989,1.26604218639497
357,1,1,1,0.8,1,0.1,3.34,6.53341047515382,12.38,9.01017045712429e-07,3.10424671649607,0.791261787084933,0.111398922437193,0.263919454282449,1.82954732450889,1.26260517842335
358,1,1,1,0.8,1.2,-0.1,3.28,6.67560981222594,12.34,7.29830380279428e-07,3.16978565637201,0.827776045017186,0.109340770810008,0.261847811609173,1.83170827779369,1.2817803458304
359,1,1,1,0.8,1.2,0,3.3,6.64400814890467,12.36,7.97778284258506e-07,3.15899680175882,0.813812728841761,0.112765213458501,0.262741740865021,1.83193493438985,1.28014355199017
360,1,1,1,0.8,1.2,0.1,3.32,6.61355560978912,12.4,8.71422189547188e-07,3.14851039588888,0.800165678103737,0.116425731232555,0.272289779477952,1.83202293725834,1.27710113921736
361,1,1,1,1,0.8,-0.1,3.3,4.65768560203541,11.54,4.4984197401162e-08,3.26214886897039,0.672662028640455,0.105934387869624,0.253651305215849,1.79722341127314,1.22377627574013
362,1,1,1,1,0.8,0,3.3,4.65437670315856,11.56,4.46111883092293e-08,3.2476157627771,0.664802718850207,0.107568199090291,0.264640657722504,1.79752743131495,1.22175074059062
363,1,1,1,1,0.8,0.1,3.32,4.65089484249733,11.58,4.47241472990189e-08,3.23320042527758,0.657254213918939,0.109188636394304,0.277128880152697,1.79782478193949,1.21819801057195
364,1,1,1,1,1,-0.1,3.28,4.71513349163417,11.54,5.1603097082131e-08,3.30833300948824,0.686058620652264,0.108794041833666,0.254135793358342,1.79875196056659,1.24101497764475
365,1,1,1,1,1,0,3.28,4.710738347779,11.56,5.1374023992308e-08,3.29524784421572,0.675296874020005,0.111507960806853,0.269676879278562,1.79911440548457,1.23938061838506
366,1,1,1,1,1,0.1,3.32,4.70619267047064,11.58,5.19076431442679e-08,3.28237575004612,0.664872047659741,0.114297753236219,0.287850925076301,1.7994539826768,1.23631489538544
367,1,1,1,1,1.2,-0.1,3.24,4.7730672759185,11.54,5.78874230842155e-08,3.34935836938378,0.700740581018129,0.111504578659467,0.255047339606411,1.80061072209506,1.25733606063253
368,1,1,1,1,1.2,0,3.28,4.76720786904842,11.58,5.78591702169801e-08,3.34040388204758,0.687408716065565,0.115725667826783,0.273015138833234,1.80101123046318,1.25530490069205
369,1,1,1,1,1.2,0.1,3.3,4.76168641526342,11.6,5.89322941373379e-08,3.33163484772437,0.674387569890577,0.120222804758892,0.297313887486582,1.8012758810367,1.25153473506071
370,1,1,1,1.2,0.8,-0.1,3.3,3.50351057381985,10.82,3.92544151022313e-07,3.39024096037992,0.582215785507623,0.107775327733531,0.269107822909517,1.77810812635305,1.2006954784837
371,1,1,1,1.2,0.8,0,3.3,3.50678922501643,10.84,3.7749775945603e-07,3.37570124849908,0.574534896710773,0.109705566549255,0.280871997505987,1.77844339911101,1.19828209877203
372,1,1,1,1.2,0.8,0.1,3.34,3.50981663908113,10.86,3.6254637264836e-07,3.36128094464442,0.567206284003135,0.114237147388882,0.294321880049609,1.7787754535379,1.19405528697543
373,1,1,1,1.2,1,-0.1,3.28,3.54087119893417,10.84,3.93921421845195e-07,3.4390185152571,0.595451863637104,0.110242284763239,0.269434003960295,1.77917282661125,1.22120526981678
374,1,1,1,1.2,1,0,3.3,3.54512615170888,10.86,3.75432008273748e-07,3.42671502784373,0.585103319030022,0.113325225714239,0.28646587055239,1.77956532825736,1.21925548614217
375,1,1,1,1.2,1,0.1,3.32,3.54905965304971,10.88,3.57095447389459e-07,3.41429508444949,0.575105094633311,0.116519306784706,0.306030303923371,1.77995290554078,1.21560207839504
376,1,1,1,1.2,1.2,-0.1,3.28,3.57786682777175,10.84,3.95487821171656e-07,3.48175225683925,0.609763897538527,0.113313356928664,0.267420371030573,1.78052028730123,1.23661982873482
377,1,1,1,1.2,1.2,0,3.28,3.58357478284262,10.86,3.73674885395536e-07,3.47447359127044,0.597168505514063,0.118076694075951,0.290166604917681,1.78086245310119,1.2349927151186
378,1,1,1,1.2,1.2,0.1,3.3,3.58910532572741,10.88,3.52088106140596e-07,3.46671126881942,0.58491368455233,0.123165533785771,0.316231764598366,1.78112785473282,1.23178327041622
379,1,1,1.2,0.8,0.8,-0.1,3.32,6.84875189781055,12.42,8.06264707051235e-07,3.02442511868875,0.819978996395664,0.106752352139983,0.262318788410274,1.83342021352781,1.24999511233476
380,1,1,1.2,0.8,0.8,0,3.34,6.82577469025807,12.42,8.49961875507492e-07,3.01063989169078,0.813685011640693,0.107625904957255,0.262806855862779,1.83346822783467,1.24765801969571
381,1,1,1.2,0.8,0.8,0.1,3.36,6.80304128589204,12.44,8.95758753928366e-07,2.99705318068077,0.807647364807344,0.108472519243409,0.263334241463108,1.8335154031918,1.24381453834914
382,1,1,1.2,0.8,1,-0.1,3.32,6.93557826159226,12.4,7.39077687168603e-07,3.06119422895579,0.830905190982127,0.108940436723634,0.262941368398663,1.83546795541632,1.26797930202734
383,1,1,1.2,0.8,1,0,3.32,6.90597984306725,12.42,7.90712554811448e-07,3.04612048787813,0.822033767252827,0.11041009905181,0.263625241088989,1.83551637088581,1.26607048107248
384,1,1,1.2,0.8,1,0.1,3.34,6.87680422063376,12.44,8.45599902199322e-07,3.03129940836202,0.813593545323332,0.111884960163625,0.264376668476005,1.83556009642113,1.26269726274656
385,1,1,1.2,0.8,1.2,-0.1,3.28,7.02478907984373,12.4,6.71759615710877e-07,3.0972721224307,0.843166838823583,0.111254564430268,0.263638444236466,1.83761336429253,1.28176410397594
386,1,1,1.2,0.8,1.2,0,3.3,6.98821531351689,12.42,7.29968575380337e-07,3.08359731115337,0.831538388962119,0.1136937495833,0.264541121808436,1.83761838915238,1.2801610285383
387,1,1,1.2,0.8,1.2,0.1,3.34,6.95233717164968,12.44,7.92809912755877e-07,3.07028310057491,0.82034859426997,0.116286884859978,0.265542719988586,1.83760622047309,1.27716623030235
388,1,1,1.2,1,0.8,-0.1,3.3,4.92171065201083,11.62,7.12998746550994e-08,3.19608903860837,0.688825085319313,0.108206242316492,0.255753413543915,1.80177845080975,1.22375815961075
389,1,1,1.2,1,0.8,0,3.32,4.91418122951835,11.64,7.2835656371919e-08,3.18148473853001,0.682586326961968,0.109391378378867,0.2562558209228,1.80199639246484,1.22178105879771
390,1,1,1.2,1,0.8,0.1,3.32,4.90665786672069,11.66,7.47154659664137e-08,3.16714869333069,0.676685348890548,0.110555827392141,0.256799693778991,1.80221184062515,1.2182957884577
391,1,1,1.2,1,1,-0.1,3.28,4.97480703383556,11.62,7.51763553744726e-08,3.23889920078335,0.699630377364865,0.110757946846639,0.256306149838905,1.80314771882606,1.24099819499192
392,1,1,1.2,1,1,0,3.28,4.96522120654812,11.64,7.70444525763528e-08,3.22404825518738,0.690775278409265,0.112734507307409,0.257009422300776,1.80341714547678,1.23939746860591
393,1,1,1.2,1,1,0.1,3.32,4.95552959087496,11.66,7.94485893323056e-08,3.20956934871908,0.682361389703523,0.114738281607933,0.257785555400876,1.80368359244432,1.2363790128469
394,1,1,1.2,1,1.2,-0.1,3.24,5.02937724820997,11.62,7.88164890754662e-08,3.27942879360872,0.711937858592444,0.113394468916099,0.256949654794927,1.80458738076883,1.25731590147079
395,1,1,1.2,1,1.2,0,3.28,5.01768885622287,11.64,8.09736382673525e-08,3.26723529572783,0.700493182871519,0.116593961708599,0.257875703140498,1.80485718053615,1.2553266796424
396,1,1,1.2,1,1.2,0.1,3.3,5.00592817977895,11.66,8.38994527827136e-08,3.25532334150579,0.689482896959465,0.120000892709985,0.25891019645601,1.80511727503681,1.25161572139657
397,1,1,1.2,1.2,0.8,-0.1,3.3,3.69567050336719,10.92,3.31166108932125e-07,3.32565910920913,0.595296005599464,0.109181933900804,0.251067596474106,1.78132521080093,1.20067391597066
398,1,1,1.2,1.2,0.8,0,3.3,3.69550874129851,10.94,3.20045787703531e-07,3.31067684874698,0.589173744260276,0.110611158845219,0.25155631315106,1.78159336125187,1.19831836861393
399,1,1,1.2,1.2,0.8,0.1,3.34,3.6952311026004,10.94,3.08978301849306e-07,3.29605874281749,0.583393167369792,0.112022149513712,0.252088080840599,1.78185930769331,1.19417208423926
400,1,1,1.2,1.2,1,-0.1,3.28,3.72875524282982,10.92,3.37186584069222e-07,3.3723000086099,0.606023550254116,0.112053470094632,0.251545353667381,1.78224711868035,1.2211852422663
401,1,1,1.2,1.2,1,0,3.3,3.72861197128629,10.94,3.23453864954411e-07,3.35795026424009,0.597339302413951,0.114418130239262,0.252231465255481,1.7825851861977,1.21927565625465
402,1,1,1.2,1.2,1,0.1,3.3,3.72825374660982,10.96,3.09805527545576e-07,3.34377885977296,0.589075262908783,0.116839435416332,0.252993577340538,1.78292220799525,1.21567873050928
403,1,1,1.2,1.2,1.2,-0.1,3.26,3.76266438147375,10.92,3.43252118124491e-07,3.41549992820493,0.618255303645005,0.114989062826633,0.252114213887539,1.78318789730223,1.2366026384168
404,1,1,1.2,1.2,1.2,0,3.28,3.7627689776815,10.94,3.2696833493994e-07,3.40460731325935,0.607188013104842,0.11876852618739,0.253020310694282,1.78354906925325,1.23500506299112
405,1,1,1.2,1.2,1.2,0.1,3.28,3.76248649926767,10.96,3.10808604519907e-07,3.39387112081589,0.596556658009003,0.122797736857005,0.254046110998154,1.78392177156487,1.23183737179582
406,1,1.2,0.8,0.8,0.8,-0.1,3.32,7.06566652613275,12.68,1.77683862779361e-06,3.1091529451731,0.849206524060961,0.111968972133851,0.381691008680067,1.83242622055424,1.2586609008861
407,1,1.2,0.8,0.8,0.8,0,3.34,7.04553214757113,12.7,1.90597210259633e-06,3.09508790246042,0.838750830003453,0.113116290626623,0.389387724403924,1.83266610094168,1.25618230076715
408,1,1.2,0.8,0.8,0.8,0.1,3.38,7.02558456613934,12.72,2.04350023482811e-06,3.08100836198836,0.828515892423578,0.115422736235337,0.398119721312325,1.83287222611234,1.25236426929756
409,1,1.2,0.8,0.8,1,-0.1,3.3,7.17886564950985,12.68,1.67282894600295e-06,3.15258854128032,0.866288574197944,0.112033248957975,0.384150218576414,1.83504863797949,1.27437513821437
410,1,1.2,0.8,0.8,1,0,3.32,7.1502628558623,12.72,1.82965166671684e-06,3.13992604805768,0.852494961683581,0.113478944374389,0.395677420075982,1.8355000214452,1.27234945909864
411,1,1.2,0.8,0.8,1,0.1,3.36,7.12243205888989,12.76,1.9998289465453e-06,3.12719971925541,0.838854210247905,0.116523433531615,0.408901493140453,1.83581453601817,1.26899883578161
412,1,1.2,0.8,0.8,1.2,-0.1,3.28,7.30038746772346,12.7,1.55374741548633e-06,3.18940142911556,0.884506877564543,0.111589391059166,0.38381645084436,1.83802779111842,1.28666189290454
413,1,1.2,0.8,0.8,1.2,0,3.32,7.25798822668017,12.74,1.73526671233662e-06,3.17989189044217,0.867708029191335,0.113249659407522,0.399505251322611,1.83919002348564,1.28496231713131
414,1,1.2,0.8,0.8,1.2,0.1,3.34,7.21623572915806,12.78,1.93634592908222e-06,3.17069415121771,0.850948646183282,0.116986783259717,0.41776345698496,1.840082215914,1.28198665703145
415,1,1.2,0.8,1,0.8,-0.1,3.28,5.13441038032042,11.88,2.34075003455347e-07,3.28818826173953,0.718961418953962,0.126997015800564,0.412857988733613,1.80247414976797,1.23057827547539
416,1,1.2,0.8,1,0.8,0,3.32,5.13273446577769,11.92,2.57994153430407e-07,3.27410295991865,0.708826746021333,0.128459687846145,0.421266413692838,1.80288214716392,1.22848174834279
417,1,1.2,0.8,1,0.8,0.1,3.34,5.13097463601522,11.94,2.83693062291347e-07,3.25983823316523,0.69888515623366,0.131308642879744,0.43089025942207,1.80325331538097,1.225024360672
418,1,1.2,0.8,1,1,-0.1,3.26,5.21199025210518,11.9,2.49942506101524e-07,3.33478763855968,0.736098608388242,0.126686012799994,0.416002970376139,1.80468897292469,1.2482092298877
419,1,1.2,0.8,1,1,0,3.3,5.20718262394158,11.94,2.80833320618938e-07,3.32277562007821,0.722943883537582,0.128511634554819,0.428565015406441,1.80529247094857,1.24569787390422
420,1,1.2,0.8,1,1,0.1,3.32,5.20303040437302,11.96,3.14541403681545e-07,3.31065968465203,0.709920540648997,0.132265287822521,0.443123105371534,1.80573968839917,1.24155136048303
421,1,1.2,0.8,1,1.2,-0.1,3.26,5.2944467155468,11.92,2.64384652708868e-07,3.37300959176372,0.753883544981339,0.125809514495369,0.415885418911646,1.80763230436737,1.26340580251694
422,1,1.2,0.8,1,1.2,0,3.28,5.28010366258505,11.94,3.02485005453263e-07,3.36506248495718,0.738150254979425,0.127968566167311,0.432984005294566,1.80894254348032,1.26129619777577
423,1,1.2,0.8,1,1.2,0.1,3.34,5.26845219058518,11.98,3.44688806479655e-07,3.35729032417122,0.722477225659525,0.132594827914359,0.453014566970381,1.809944078056,1.25760797113909
424,1,1.2,0.8,1.2,0.8,-0.1,3.3,3.89793968131299,11.2,6.70723545252558e-08,3.42089792809698,0.625835921774358,0.139552572050189,0.436212891585483,1.78309966627458,1.20881465233214
425,1,1.2,0.8,1.2,0.8,0,3.32,3.90437062813684,11.22,5.47787314455023e-08,3.40688035052667,0.616077707609976,0.141270258124921,0.445190657301224,1.78350899078664,1.20631602243807
426,1,1.2,0.8,1.2,0.8,0.1,3.32,3.91068185197873,11.24,4.3019848663234e-08,3.39268178344947,0.606515936983754,0.144667010270689,0.455513446306898,1.7838951539247,1.20220159527191
427,1,1.2,0.8,1.2,1,-0.1,3.28,3.95053225774815,11.22,6.76921444452005e-08,3.46890074276861,0.642627736013708,0.138847220363455,0.439829776916763,1.78500478498839,1.2270771998285
428,1,1.2,0.8,1.2,1,0,3.3,3.95760107769767,11.24,5.32952523601421e-08,3.45733302568094,0.630177236706792,0.141046518620875,0.45314818553173,1.78548155309893,1.22505403979898
429,1,1.2,0.8,1.2,1,0.1,3.34,3.9653011871603,11.28,3.97536893525189e-08,3.44594905693782,0.617853351742109,0.145454952053247,0.468739432763207,1.78583856144966,1.22148337340885
430,1,1.2,0.8,1.2,1.2,-0.1,3.26,4.00113886919261,11.24,6.880359404947e-08,3.50745364880733,0.65969873301591,0.137554897017594,0.439817999759981,1.78804478030314,1.24105282017484
431,1,1.2,0.8,1.2,1.2,0,3.32,4.00453794931509,11.26,5.26649427555884e-08,3.50066260674061,0.64500307376017,0.140176796093549,0.457979093663798,1.78900786198384,1.23936397951338
432,1,1.2,0.8,1.2,1.2,0.1,3.34,4.01198692570627,11.3,3.77850611782669e-08,3.4937871102035,0.630378823222344,0.14559496569457,0.479317847705917,1.78969724555556,1.23621766591609
433,1,1.2,1,0.8,0.8,-0.1,3.34,7.70297825843957,12.8,1.31455812940179e-06,2.9976910221786,0.879210955808462,0.100309205974676,0.290552031514277,1.84355485928079,1.25865531953478
434,1,1.2,1,0.8,0.8,0,3.38,7.67599756447826,12.82,1.42624401789535e-06,2.98322453413027,0.871302564854009,0.101295611578203,0.297579472548396,1.8435883372859,1.25623854086451
435,1,1.2,1,0.8,0.8,0.1,3.38,7.64944636339072,12.84,1.54565187332229e-06,2.96866892020124,0.863689440006401,0.102250024564755,0.305504599212224,1.84361929659744,1.25250554500398
436,1,1.2,1,0.8,1,-0.1,3.34,7.80821891683915,12.8,1.11772080094181e-06,3.03684143848738,0.891909048777065,0.102721388062762,0.292471425032943,1.84590976289026,1.27436338711918
437,1,1.2,1,0.8,1,0,3.34,7.77323089777651,12.84,1.24919914763482e-06,3.02185927759387,0.880979129856816,0.104408374806239,0.302942422836411,1.84592887168783,1.27238143194876
438,1,1.2,1,0.8,1,0.1,3.38,7.73900685651343,12.86,1.39287618898229e-06,3.00671888640298,0.870398386192889,0.106110937299856,0.31491926082392,1.84592628155137,1.26909171662386
439,1,1.2,1,0.8,1.2,-0.1,3.32,7.91542869387687,12.8,9.09826345694202e-07,3.0730195118317,0.906181150795837,0.105141326464336,0.29244737983638,1.84853534165465,1.28664923155146
440,1,1.2,1,0.8,1.2,0,3.34,7.87108456321321,12.84,1.05685750141154e-06,3.0595600054408,0.892227394903709,0.107864114111049,0.306698062954284,1.84853220856625,1.28498220127714
441,1,1.2,1,0.8,1.2,0.1,3.36,7.82861954897334,12.88,1.22163085344735e-06,3.04630658038348,0.878534912653938,0.11074964271395,0.323162643770359,1.84840072891549,1.28205226226902
442,1,1.2,1,1,0.8,-0.1,3.3,5.62208185597008,12.02,3.88377493986854e-07,3.17872771097473,0.741886675212175,0.10788792479733,0.316874245777225,1.810680315288,1.23056608607179
443,1,1.2,1,1,0.8,0,3.32,5.61407124212621,12.04,4.14633508805799e-07,3.16373569261193,0.734015705571725,0.109115065331656,0.32465914208061,1.81092709348648,1.22851597393368
444,1,1.2,1,1,0.8,0.1,3.34,5.60601934130254,12.06,4.42304957923249e-07,3.14870582282213,0.726419220619799,0.111851791215183,0.333513314368449,1.81116635519611,1.22512283352919
445,1,1.2,1,1,1,-0.1,3.28,5.69350503016533,12.04,3.89363860326888e-07,3.22290291238766,0.754939864409464,0.108188122754934,0.319448816954859,1.81241379366439,1.24819471435364
446,1,1.2,1,1,1,0,3.32,5.68291757327793,12.06,4.2210752446704e-07,3.20823964735616,0.744118524207868,0.109773350596351,0.331021128554051,1.81269423928411,1.24573769603468
447,1,1.2,1,1,1,0.1,3.32,5.67240925249257,12.08,4.57071053566564e-07,3.19343124816596,0.733597335014625,0.113399506474605,0.344397213621174,1.81295004065946,1.24166685055288
448,1,1.2,1,1,1.2,-0.1,3.26,5.76556201824706,12.04,3.88792992108776e-07,3.26212619015412,0.769421050894056,0.107971584310176,0.319667498163819,1.81449770119366,1.26339009954922
449,1,1.2,1,1,1.2,0,3.3,5.75155524771243,12.06,4.27868149876938e-07,3.24991809878596,0.755865932872252,0.111074553262844,0.335398899371886,1.8147732458434,1.26132097773058
450,1,1.2,1,1,1.2,0.1,3.32,5.73853382986313,12.1,4.70146962695215e-07,3.23783647924335,0.742547108098631,0.114702773095333,0.353757230877032,1.81490158366925,1.25768960834322
451,1,1.2,1,1.2,0.8,-0.1,3.28,4.26551807694702,11.36,4.40627477724538e-08,3.31542974039067,0.643910402357598,0.119044756408404,0.337047591242471,1.78907554282191,1.20880017083254
452,1,1.2,1,1.2,0.8,0,3.32,4.26702417606547,11.38,3.79777423614247e-08,3.30018560927275,0.636163060602578,0.120557670053484,0.345430455039484,1.78939556907189,1.20635696835107
453,1,1.2,1,1.2,0.8,0.1,3.32,4.26831652362752,11.4,3.22924452086017e-08,3.28493669672333,0.628684973794816,0.123807277488021,0.355034371397802,1.78971106778445,1.20231924137448
454,1,1.2,1,1.2,1,-0.1,3.28,4.31494332294692,11.36,4.87424012433183e-08,3.36245628926697,0.657102670138215,0.119065583150204,0.340079496410182,1.79035427967645,1.22706141359387
455,1,1.2,1,1.2,1,0,3.3,4.31676591760093,11.38,4.16332381415297e-08,3.34821884159335,0.646566848156101,0.121024019162442,0.352522066978269,1.79071531856293,1.22507700637802
456,1,1.2,1,1.2,1,0.1,3.32,4.31837313707102,11.4,3.51566841853296e-08,3.33381452911653,0.636309728100834,0.125349831239508,0.366990072091927,1.79106860442842,1.2215605208049
457,1,1.2,1,1.2,1.2,-0.1,3.26,4.36375401900686,11.38,5.34384123069094e-08,3.40318226220169,0.671430598871115,0.118541062778508,0.340465854248235,1.79198479892608,1.24103836128008
458,1,1.2,1,1.2,1.2,0,3.28,4.36603707784476,11.4,4.54793938622925e-08,3.39203286519801,0.658467957053549,0.120911550321941,0.357337828049603,1.79226769378828,1.23937812720656
459,1,1.2,1,1.2,1.2,0.1,3.32,4.36856110669015,11.42,3.84418679838719e-08,3.38095113550907,0.645724176209939,0.126198158500161,0.37715160955639,1.79244547444457,1.23627208313602
460,1,1.2,1.2,0.8,0.8,-0.1,3.36,8.18638021806208,12.9,5.25116085324505e-07,2.92130281326019,0.905721794825659,0.102148725214722,0.264678434992381,1.85226950683676,1.25865007154558
461,1,1.2,1.2,0.8,0.8,0,3.4,8.15563652337638,12.92,6.23414833101339e-07,2.90766984163369,0.899554193951801,0.102778140831826,0.264927057468832,1.85220953633944,1.25629402485365
462,1,1.2,1.2,0.8,0.8,0.1,3.4,8.12535228382862,12.94,7.28956211186337e-07,2.89407096408616,0.893633245405271,0.103380115936809,0.265198952123622,1.85215123580061,1.25264446003046
463,1,1.2,1.2,0.8,1,-0.1,3.34,8.28801526939352,12.9,2.63530152165927e-07,2.95423505870655,0.915810183107998,0.104164434387307,0.265089397786388,1.85450061194927,1.27435190319282
464,1,1.2,1.2,0.8,1,0,3.38,8.24851542548768,12.92,3.76207856879971e-07,2.93856028085862,0.907235376122908,0.105221356025852,0.26543840153902,1.85441000998999,1.27241306457163
465,1,1.2,1.2,0.8,1,0.1,3.38,8.20977911786029,12.94,5.00282904364531e-07,2.92285954681676,0.899042664186536,0.106261030332361,0.265827145282789,1.85432050763107,1.26918335195263
466,1,1.2,1.2,0.8,1.2,-0.1,3.34,8.3917752917835,12.9,3.34327344924453e-09,2.98732846874461,0.927166269405506,0.106403197815028,0.265520406405751,1.85680653556705,1.28663676787285
467,1,1.2,1.2,0.8,1.2,0,3.36,8.34311222238539,12.92,1.18822014747663e-07,2.97163899285786,0.915864107662254,0.108214605642291,0.265987444787753,1.85664253161501,1.28500191046917
468,1,1.2,1.2,0.8,1.2,0.1,3.38,8.29573429630848,12.94,2.5749998905927e-07,2.95618699534229,0.904990243507971,0.110109861833279,0.266520578339607,1.85647721908973,1.28211713267263
469,1,1.2,1.2,1,0.8,-0.1,3.32,6.00269915754064,12.12,4.91736208470311e-07,3.10079690067033,0.763117751829355,0.103633801900927,0.257074177776337,1.8173003847601,1.23055418018935
470,1,1.2,1.2,1,0.8,0,3.32,5.99010030847688,12.14,5.17721632828898e-07,3.08615695295886,0.756986865438522,0.104527581498235,0.257360245116948,1.81745815437291,1.22854981954624
471,1,1.2,1.2,1,0.8,0.1,3.34,5.97756224029419,12.16,5.44865666466295e-07,3.07159922778808,0.751133263303587,0.105387067953331,0.264228233845216,1.81761511855464,1.22521994242843
472,1,1.2,1.2,1,1,-0.1,3.3,6.07074604010945,12.12,4.78553941593111e-07,3.14030621349224,0.773233326422838,0.106075338671873,0.257433472885601,1.81889336589688,1.24818053112223
473,1,1.2,1.2,1,1,0,3.3,6.05452774257788,12.14,5.10347100147262e-07,3.12443524305232,0.764538723666588,0.107559271089669,0.261350509939443,1.81908472967138,1.24577709393843
474,1,1.2,1.2,1,1,0.1,3.34,6.03842073815504,12.16,5.43945606739983e-07,3.10864423369889,0.75624391060612,0.109036918085106,0.273884098785514,1.81927199462389,1.24178078928874
475,1,1.2,1.2,1,1.2,-0.1,3.26,6.1402377351242,12.12,4.64280448668584e-07,3.17801822864958,0.784874410518934,0.108722719184686,0.257804664689852,1.82055222227582,1.26337464273096
476,1,1.2,1.2,1,1.2,0,3.3,6.12035775894058,12.14,5.01515587171594e-07,3.16321421047041,0.77352219055485,0.111182194844375,0.265514896316514,1.82072213907852,1.26134553944983
477,1,1.2,1.2,1,1.2,0.1,3.32,6.10071331526446,12.18,5.41339461824269e-07,3.14853035768551,0.762537876442662,0.113770375995247,0.28264072056509,1.82088833252817,1.25777032979706
478,1,1.2,1.2,1.2,0.8,-0.1,3.3,4.55809849022883,11.48,4.6905047282989e-08,3.23828786081187,0.6612290086054,0.104691932990111,0.265774775507895,1.79404406490107,1.20878602812116
479,1,1.2,1.2,1.2,0.8,0,3.32,4.55550788190169,11.48,4.43499232351979e-08,3.2231032899036,0.65514454005432,0.105785228909917,0.273785303186602,1.79429415917897,1.20639745924676
480,1,1.2,1.2,1.2,0.8,0.1,3.32,4.55282487699099,11.5,4.20949640354698e-08,3.20807645477907,0.649354979452802,0.107322226723138,0.282919963846215,1.79454140074146,1.20243525563786
481,1,1.2,1.2,1.2,1,-0.1,3.28,4.60413275099316,11.48,5.20960083147229e-08,3.28212335851444,0.671460276644701,0.107524673539939,0.268237282463925,1.79518686019653,1.22704586297402
482,1,1.2,1.2,1.2,1,0,3.3,4.60079103504736,11.48,4.91080791567102e-08,3.26632093254913,0.662821531648178,0.109335075469905,0.280021656190451,1.79549806378822,1.22509977076303
483,1,1.2,1.2,1.2,1,0.1,3.3,4.5972981853482,11.5,4.65916338344003e-08,3.25060080105956,0.654556199531669,0.111163295872847,0.293673184879021,1.79580895558151,1.22163681034873
484,1,1.2,1.2,1.2,1.2,-0.1,3.26,4.65109365153877,11.48,5.71426341847345e-08,3.32234620794824,0.683271327712888,0.11056426977014,0.268640697725204,1.79635818064521,1.2410240658834
485,1,1.2,1.2,1.2,1.2,0,3.28,4.64722447579996,11.5,5.37856557253676e-08,3.30848232801902,0.672093060041612,0.113521734520672,0.284655915763921,1.79667502469945,1.23939217182975
486,1,1.2,1.2,1.2,1.2,0.1,3.3,4.64308800653985,11.52,5.11105468424956e-08,3.29455819002786,0.661311383511815,0.116648507716785,0.303248825319817,1.79700414246652,1.23632599533686
487,1.2,0.8,0.8,0.8,0.8,-0.1,3.28,4.81128445102073,11.64,6.64261834945056e-08,3.28774735797431,0.690352174517851,0.105896748348387,0.257139400742892,1.7983606034584,1.24100124374779
488,1.2,0.8,0.8,0.8,0.8,0,3.3,4.80619912024785,11.66,7.11918105389647e-08,3.27612740020048,0.68018051339881,0.108323026809071,0.258227078303495,1.79878144737195,1.23936339901575
489,1.2,0.8,0.8,0.8,0.8,0.1,3.32,4.80090078355285,11.68,7.68614100641573e-08,3.26439088708659,0.670316701773957,0.110751627849385,0.264187012671713,1.79917877064173,1.23629854533051
490,1.2,0.8,0.8,0.8,1,-0.1,3.26,4.88866622194561,11.64,7.41411436659178e-08,3.33605472638352,0.707767445113176,0.108305373261314,0.258374285430661,1.80041847174021,1.26097151100148
491,1.2,0.8,0.8,0.8,1,0,3.28,4.88035814887196,11.68,8.02998409386392e-08,3.32889787933617,0.694564718969097,0.112206806795214,0.26006108635575,1.80110862775382,1.25901559963875
492,1.2,0.8,0.8,0.8,1,0.1,3.32,4.87210830804725,11.7,8.78751588567617e-08,3.32147614600026,0.681649465429924,0.11624679696769,0.274707329539926,1.80171036014449,1.25535169573822
493,1.2,0.8,0.8,0.8,1.2,-0.1,3.22,4.97135200284469,11.64,8.10512374404709e-08,3.37833920825798,0.726143036086587,0.11030902931232,0.259701841235461,1.80266822262772,1.27649093179319
494,1.2,0.8,0.8,0.8,1.2,0,3.28,4.95567348544605,11.68,8.85930911525124e-08,3.37824218751885,0.71052473355791,0.116062939057207,0.262305822427752,1.80407846617619,1.27486227429511
495,1.2,0.8,0.8,0.8,1.2,0.1,3.3,4.94073444547754,11.72,9.81757255120322e-08,3.37767714928777,0.695121562102873,0.122199664782592,0.283837069521989,1.80535863139935,1.2716496688235
496,1.2,0.8,0.8,1,0.8,-0.1,3.3,3.40478896304625,10.78,4.3713876387082e-07,3.44454613116388,0.579827496817719,0.107050428497354,0.251388948282689,1.77475438674082,1.21625652543621
497,1.2,0.8,0.8,1,0.8,0,3.32,3.40936186351202,10.8,4.18283180990282e-07,3.43343185219773,0.570179134604132,0.109861505682286,0.26517126876409,1.77520655193934,1.21422413465442
498,1.2,0.8,0.8,1,0.8,0.1,3.34,3.41369056663826,10.82,3.99555555005135e-07,3.42213862619883,0.560856813133542,0.112689043640241,0.284268686825295,1.775641408133,1.21042620397627
499,1.2,0.8,0.8,1,1,-0.1,3.28,3.44960717720107,10.78,4.39274027665943e-07,3.4962774376694,0.596647026664925,0.109839461979568,0.252574079852794,1.77628115095575,1.23569053560958
500,1.2,0.8,0.8,1,1,0,3.3,3.45486054999634,10.8,4.16162140635695e-07,3.490753342115,0.584375289725116,0.114326549867878,0.268997082875818,1.77691652719221,1.23406260421585
501,1.2,0.8,0.8,1,1,0.1,3.32,3.46015937511099,10.82,3.93257810242849e-07,3.48452091759812,0.572430934057766,0.118981859942849,0.295974019112132,1.77747504584619,1.23082378104656
502,1.2,0.8,0.8,1,1.2,-0.1,3.26,3.49406568005553,10.8,4.41651325311216e-07,3.54158350831313,0.614154529128277,0.112159328725294,0.2539129207156,1.77827276352383,1.25075909070726
503,1.2,0.8,0.8,1,1.2,0,3.3,3.4977953721429,10.82,4.14452907369321e-07,3.54399624957507,0.599989847647648,0.118759347818301,0.271043293344995,1.77943763882344,1.24873843436455
504,1.2,0.8,0.8,1,1.2,0.1,3.32,3.50315578258359,10.84,3.87563688641062e-07,3.54519220526409,0.586100385037095,0.12576151590313,0.306113374051694,1.78045598081824,1.24581785019955
505,1.2,0.8,0.8,1.2,0.8,-0.1,3.34,2.56230359349658,9.9,1.34220764064332e-06,3.55753780500039,0.501054602737083,0.111726144321334,0.260734450253806,1.76020307015723,1.1917194721359
506,1.2,0.8,0.8,1.2,0.8,0,3.34,2.56932279019129,9.92,1.32030822558541e-06,3.54680742785733,0.491948998361225,0.114648580509524,0.278625187810729,1.76059297367071,1.18929842900873
507,1.2,0.8,0.8,1.2,0.8,0.1,3.38,2.57622011183125,9.94,1.29837457980774e-06,3.53581437469774,0.483189837751715,0.12141021269033,0.298892440010843,1.76097715418012,1.1847804988388
508,1.2,0.8,0.8,1.2,1,-0.1,3.32,2.58993597648959,9.92,1.33505726232369e-06,3.61115036440014,0.517134872062738,0.111350892589394,0.257489562856639,1.76131008991008,1.21484291574587
509,1.2,0.8,0.8,1.2,1,0,3.34,2.59919982881634,9.94,1.30796587799822e-06,3.60683981550031,0.505754290550808,0.115897817974142,0.282857974692539,1.7617776602864,1.21290111042926
510,1.2,0.8,0.8,1.2,1,0.1,3.36,2.60828915349496,9.98,1.28082582005417e-06,3.60125240525361,0.494723293404149,0.12387558244974,0.311419626196085,1.76221153741822,1.20904174891162
511,1.2,0.8,0.8,1.2,1.2,-0.1,3.32,2.61502998471271,9.94,1.32828995796129e-06,3.65860108971066,0.533781481126133,0.113683585839102,0.251923195635174,1.76300608189591,1.23188345954311
512,1.2,0.8,0.8,1.2,1.2,0,3.32,2.62688855337247,9.98,1.29611900199013e-06,3.66281101486422,0.520901953111987,0.120763002296418,0.285183291869642,1.76371445038711,1.23026924772434
513,1.2,0.8,0.8,1.2,1.2,0.1,3.34,2.63920593091527,10,1.26388468300861e-06,3.66470701683633,0.508255618683278,0.12826727402836,0.322280438882711,1.76431209551205,1.22690672115756
514,1.2,0.8,1,0.8,0.8,-0.1,3.28,5.10577054212968,11.72,1.04400835947057e-07,3.21184030370741,0.706432643575091,0.109566532498167,0.259750700344554,1.80337215177935,1.24098059072248
515,1.2,0.8,1,0.8,0.8,0,3.3,5.09483266792391,11.74,1.09819297284324e-07,3.19856568256759,0.69836751943393,0.111262493589788,0.260759174275473,1.80360698955645,1.23938467730925
516,1.2,0.8,1,0.8,0.8,0.1,3.3,5.08385338752097,11.74,1.15812254262317e-07,3.1854863812685,0.690654275950961,0.112948949905395,0.261858065794673,1.80383579127365,1.23637872095286
517,1.2,0.8,1,0.8,1,-0.1,3.26,5.17414066882591,11.7,1.05933505491121e-07,3.25885821764692,0.720759702221036,0.112045905171685,0.261016536731572,1.80521379300178,1.26094739483038
518,1.2,0.8,1,0.8,1,0,3.28,5.15987369791317,11.72,1.12415491834717e-07,3.24803843030537,0.709693139809871,0.114876836457466,0.262501250684219,1.80551042434103,1.25904030917382
519,1.2,0.8,1,0.8,1,0.1,3.3,5.14557808994435,11.74,1.19789098974941e-07,3.23712792119937,0.699046963174977,0.117791367038042,0.264153007666864,1.80577874118365,1.25544539555164
520,1.2,0.8,1,0.8,1.2,-0.1,3.22,5.24451939628743,11.7,1.07124071393092e-07,3.30257668394774,0.736541303977964,0.11436026591542,0.262566280048928,1.80731517290588,1.27647021749647
521,1.2,0.8,1,0.8,1.2,0,3.24,5.22614514947265,11.72,1.14509980918824e-07,3.29708893061004,0.722859110842568,0.118736793571283,0.264777481387552,1.80772381205422,1.27487736811362
522,1.2,0.8,1,0.8,1.2,0.1,3.28,5.20818009860261,11.74,1.23168137761579e-07,3.29129391612891,0.709566427737705,0.123398923557452,0.26732256125466,1.80801281404999,1.27171566513273
523,1.2,0.8,1,1,0.8,-0.1,3.3,3.5987177512365,10.86,3.84412837159769e-07,3.37228148566968,0.591909452525767,0.110696401980675,0.254137923506786,1.77781839140722,1.21623088988844
524,1.2,0.8,1,1,0.8,0,3.3,3.59874539615728,10.88,3.7099714142311e-07,3.35911458324461,0.584068744844302,0.11279695779189,0.255163335587556,1.77813892242124,1.21425065034106
525,1.2,0.8,1,1,0.8,0.1,3.32,3.59857232784915,10.88,3.57633842144274e-07,3.34611999339106,0.57663708907497,0.114892753807981,0.25629232053163,1.77845465127808,1.21052595355556
526,1.2,0.8,1,1,1,-0.1,3.26,3.63664810627203,10.86,3.93183873478447e-07,3.42414373319154,0.60593779849029,0.11347614365609,0.255332723525468,1.77898011349365,1.23566931620502
527,1.2,0.8,1,1,1,0,3.28,3.63680215260457,10.88,3.7662590421647e-07,3.41462783174635,0.595367909884013,0.116937858732138,0.256861613216907,1.77937351177958,1.23407713721126
528,1.2,0.8,1,1,1,0.1,3.3,3.63664525249933,10.9,3.60152594959005e-07,3.40475928211748,0.58524778566132,0.12050893995854,0.25859112810588,1.77975185509675,1.23088888678044
529,1.2,0.8,1,1,1.2,-0.1,3.24,3.67499872380995,10.86,4.01981844324444e-07,3.47174897633236,0.621364778433049,0.116040137832419,0.256807706262502,1.7803851434587,1.25073336496583
530,1.2,0.8,1,1,1.2,0,3.28,3.67538691976944,10.88,3.82358001641153e-07,3.46888460081533,0.608643126139122,0.121336017894778,0.259095155183782,1.78082550939509,1.24875724387609
531,1.2,0.8,1,1,1.2,0.1,3.28,3.67561508745763,10.9,3.62859627069215e-07,3.46480448422672,0.596289589315209,0.126940082524668,0.261761655056888,1.78117310348854,1.24586363831184
532,1.2,0.8,1,1.2,0.8,-0.1,3.32,2.69311576803647,10.02,1.24641732796183e-06,3.48953236343993,0.510466101870706,0.111464444685876,0.250182347707416,1.7620559064913,1.19168892561467
533,1.2,0.8,1,1.2,0.8,0,3.32,2.69668618325006,10.04,1.23053038576544e-06,3.47660020206145,0.502921727907583,0.113844958421053,0.251182089457536,1.76236289449937,1.18933014942866
534,1.2,0.8,1,1.2,0.8,0.1,3.36,2.70007062292682,10.06,1.21460372639247e-06,3.46378523946355,0.495803418551684,0.116235145384508,0.252296331111953,1.76266830927949,1.18489963608255
535,1.2,0.8,1,1.2,1,-0.1,3.3,2.71539298744543,10.04,1.24934840629519e-06,3.54440699251385,0.524126003799736,0.1145084655571,0.251303111220142,1.76279364696296,1.21481758256499
536,1.2,0.8,1,1.2,1,0,3.32,2.72011922136202,10.06,1.22965937973398e-06,3.53581994609243,0.514118549507782,0.118399618809024,0.252806293514016,1.7631668301506,1.21291850665914
537,1.2,0.8,1,1.2,1,0.1,3.34,2.72451705579205,10.06,1.20991044106424e-06,3.52682004745795,0.504560548255746,0.122426108578089,0.254537349932471,1.76354013079332,1.20911957568659
538,1.2,0.8,1,1.2,1.2,-0.1,3.28,2.73779519440415,10.04,1.25243941723043e-06,3.59473586849014,0.53903294917789,0.117306339546871,0.252733899546439,1.76366850138782,1.23186289045157
539,1.2,0.8,1,1.2,1.2,0,3.3,2.74418340290803,10.06,1.22901450955009e-06,3.59345813219657,0.527255484742848,0.123216054980127,0.254978236012564,1.7640171549226,1.23027979485859
540,1.2,0.8,1,1.2,1.2,0.1,3.32,2.7500980008004,10.08,1.20550624748295e-06,3.59060942619204,0.515862160793907,0.129463279269068,0.257630900108263,1.76434004170512,1.22696148831051
541,1.2,0.8,1.2,0.8,0.8,-0.1,3.3,5.32868540721943,11.76,1.31203654907394e-07,3.15832787149623,0.720753398797969,0.112254834168775,0.261537451724932,1.8071736785382,1.24096028968955
542,1.2,0.8,1.2,0.8,0.8,0,3.3,5.31370314804731,11.78,1.36429422339285e-07,3.14482788437151,0.714263342404371,0.113458750118247,0.262510747460726,1.80730864205084,1.23940572554437
543,1.2,0.8,1.2,0.8,0.8,0.1,3.3,5.29878518225768,11.78,1.42032498973037e-07,3.13175520086048,0.708089531179,0.114644250032918,0.263566123159889,1.80744059242073,1.23645779095516
544,1.2,0.8,1.2,0.8,1,-0.1,3.26,5.39169259969279,11.76,1.276711877532e-07,3.20192787920244,0.732905942458584,0.114679275754285,0.262752157825772,1.8088497275394,1.26092368279193
545,1.2,0.8,1.2,0.8,1,0,3.26,5.37243918988687,11.76,1.33716246987708e-07,3.18894965731097,0.723738240059967,0.116720373154666,0.264150571763696,1.80901370222463,1.25906476239488
546,1.2,0.8,1.2,0.8,1,0.1,3.3,5.35324290496058,11.78,1.40342706847154e-07,3.17645207837103,0.715033335072797,0.118811708559061,0.265692364209671,1.80917084088679,1.25553784144648
547,1.2,0.8,1.2,0.8,1.2,-0.1,3.24,5.45691410453549,11.74,1.24362472620847e-07,3.24468094328569,0.74660875032141,0.117157332445218,0.264236627826349,1.81062903646721,1.27644977375691
548,1.2,0.8,1.2,0.8,1.2,0,3.24,5.43319865655171,11.76,1.31017132868377e-07,3.23554371226875,0.734768634770702,0.12047609126817,0.266215726961371,1.81078489187366,1.27489233211837
549,1.2,0.8,1.2,0.8,1.2,0.1,3.28,5.40966362899096,11.78,1.38495302334032e-07,3.22640080062393,0.723450899905567,0.124022385930359,0.268461504000525,1.81091370395775,1.27178092324529
550,1.2,0.8,1.2,1,0.8,-0.1,3.3,3.74777788091746,10.92,3.49281536981352e-07,3.31927091992084,0.603119633073607,0.113582715873287,0.256051147138376,1.78020857968597,1.21620569269486
551,1.2,0.8,1.2,1,0.8,0,3.3,3.74430738882199,10.94,3.39445086406865e-07,3.30547380210268,0.596757338560851,0.115160813123033,0.257026311391937,1.78044645636159,1.2142768790694
552,1.2,0.8,1.2,1,0.8,0.1,3.3,3.74066447079153,10.94,3.29619239801686e-07,3.2921966417733,0.590814456296274,0.116724375903722,0.258095451414721,1.78068122312737,1.2106243254816
553,1.2,0.8,1.2,1,1,-0.1,3.26,3.78034680550591,10.92,3.62105953290231e-07,3.3690965889899,0.614980111710909,0.116291593457054,0.257182110632882,1.78120294932053,1.23564836554716
554,1.2,0.8,1.2,1,1,0,3.26,3.77600838072625,10.92,3.49902074331647e-07,3.3571348032654,0.605993804710092,0.118941578543651,0.258602015125411,1.78150389791988,1.23409154516782
555,1.2,0.8,1.2,1,1,0.1,3.3,3.77147940232123,10.94,3.37715849041823e-07,3.34523603971315,0.597544061736283,0.121663236100027,0.260194372862161,1.78180083311702,1.23095327088827
556,1.2,0.8,1.2,1,1.2,-0.1,3.24,3.81397171905593,10.9,3.74913825943934e-07,3.41692779528293,0.62849327978246,0.119012424151197,0.258614043002809,1.78224422677445,1.2507079762236
557,1.2,0.8,1.2,1,1.2,0,3.24,3.80897302962695,10.92,3.60374751932673e-07,3.41003547480277,0.617196598764785,0.123235709772619,0.260676604211615,1.78256740952144,1.24877589146382
558,1.2,0.8,1.2,1,1.2,0.1,3.28,3.8036045682586,10.94,3.45862450240443e-07,3.40261065634822,0.606425864152425,0.127714634059777,0.263076472933037,1.78288258515539,1.24590900255176
559,1.2,0.8,1.2,1.2,0.8,-0.1,3.32,2.79389934267377,10.12,1.1781145233789e-06,3.43854075730798,0.519466513022839,0.114397815491804,0.25215896177115,1.76354010206308,1.19165890315948
560,1.2,0.8,1.2,1.2,0.8,0,3.32,2.79477727908623,10.12,1.16647056675949e-06,3.42466412197041,0.513284774748631,0.116263092266872,0.25310309136466,1.76378232176313,1.18936152623505
561,1.2,0.8,1.2,1.2,0.8,0.1,3.32,2.79547896630876,10.14,1.15478570025549e-06,3.41118360491109,0.507535516200684,0.118122555376063,0.25415025074773,1.76402385076003,1.18501712537684
562,1.2,0.8,1.2,1.2,1,-0.1,3.28,2.81130311279196,10.1,1.1880062551743e-06,3.49214416158639,0.531045972833551,0.117341497255316,0.253197747585441,1.76414392451393,1.21479257096222
563,1.2,0.8,1.2,1.2,1,0,3.28,2.81253693193492,10.12,1.17355959376959e-06,3.48098481152443,0.522366974038784,0.120448328669213,0.254589073888635,1.76445408835957,1.21293575310031
564,1.2,0.8,1.2,1.2,1,0.1,3.32,2.81351631712334,10.14,1.15905012118075e-06,3.46977341654251,0.514250109796439,0.123646737769275,0.256176530839288,1.76476355371321,1.20919653874223
565,1.2,0.8,1.2,1.2,1.2,-0.1,3.26,2.82923308649214,10.1,1.19794726330339e-06,3.54339295335556,0.544272914244859,0.120269754816307,0.254558215621906,1.76474366735743,1.23184252994779
566,1.2,0.8,1.2,1.2,1.2,0,3.28,2.8309599724756,10.12,1.1807398152338e-06,3.53838562567445,0.533642257035668,0.125160824040242,0.256611678308137,1.76509814291886,1.2302902666559
567,1.2,0.8,1.2,1.2,1.2,0.1,3.3,2.83231748529506,10.14,1.16344351041779e-06,3.53193734931268,0.523510904539376,0.130334712801397,0.259049169817315,1.76546207421902,1.22701574792229
568,1.2,1,0.8,0.8,0.8,-0.1,3.3,6.02031525494095,12.24,7.55621875087145e-07,3.18290724939827,0.77716550978431,0.104002608086693,0.30963208657331,1.81506031622307,1.25002439280187
569,1.2,1,0.8,0.8,0.8,0,3.32,6.00774825066609,12.26,8.11173009007873e-07,3.16960178680248,0.766865310289452,0.105137123465077,0.32023942626807,1.81538534803021,1.24755719500089
570,1.2,1,0.8,0.8,0.8,0.1,3.34,5.99514855582682,12.28,8.69977417812301e-07,3.1561147804508,0.756843383167498,0.108090454975894,0.332239429139745,1.81568487606127,1.24353306763062
571,1.2,1,0.8,0.8,1,-0.1,3.28,6.11897284415422,12.24,7.40847230112847e-07,3.22675545154678,0.794258776185725,0.104166054358831,0.309011720231465,1.81741104015168,1.26801391842685
572,1.2,1,0.8,0.8,1,0,3.3,6.10050792518503,12.28,8.09247071828833e-07,3.21579465045399,0.780733163182769,0.10633966419131,0.324396193158808,1.81797829011373,1.266013783436
573,1.2,1,0.8,0.8,1,0.1,3.34,6.0823522040222,12.3,8.82761210486511e-07,3.20482570071835,0.767413103419317,0.109566909479157,0.342033028679732,1.81843529367304,1.2625123578018
574,1.2,1,0.8,0.8,1.2,-0.1,3.26,6.22488507725892,12.24,7.21735542608248e-07,3.26403896279842,0.812278329293445,0.105355169294788,0.305855969648568,1.81997954085457,1.28179669271696
575,1.2,1,0.8,0.8,1.2,0,3.28,6.19593452770455,12.28,8.02170606419447e-07,3.25770716629282,0.795958951211825,0.109973299817773,0.326475817119678,1.82124292209305,1.28012604931812
576,1.2,1,0.8,0.8,1.2,0.1,3.32,6.16742639918867,12.32,8.89999411872281e-07,3.25162157909986,0.779742449607658,0.114904637252727,0.350188644382872,1.82230894617601,1.27703567987346
577,1.2,1,0.8,1,0.8,-0.1,3.3,4.31623825893846,11.42,2.07125179257632e-08,3.35162846738395,0.655621053077061,0.11685764688219,0.333798938865206,1.78788380199678,1.22379460569636
578,1.2,1,0.8,1,0.8,0,3.3,4.31830146268577,11.44,1.61533470467873e-08,3.33845642367261,0.645745623199376,0.118465872376059,0.345336210021516,1.7883237730254,1.22172023423803
579,1.2,1,0.8,1,0.8,0.1,3.34,4.32018991135941,11.46,1.23016619317109e-08,3.32529666919645,0.636116824378689,0.122186640364271,0.358499026228115,1.78873672845029,1.21809928536463
580,1.2,1,0.8,1,1,-0.1,3.26,4.37957702456894,11.44,2.83799606102344e-08,3.39841361169362,0.672399890042916,0.116658453398255,0.333481243873953,1.78976030900911,1.241031872616
581,1.2,1,0.8,1,1,0,3.28,4.38054697386422,11.46,2.34672042867655e-08,3.38861734916856,0.659651032251423,0.118722899222544,0.350206696189628,1.79039687294092,1.23936370735667
582,1.2,1,0.8,1,1,0.1,3.32,4.38188650018091,11.48,1.9676356821636e-08,3.3786983125727,0.647095614863631,0.123634695446608,0.369525323635788,1.79092087134901,1.23625034027388
583,1.2,1,0.8,1,1.2,-0.1,3.24,4.44534347111139,11.44,3.59299183756043e-08,3.43755862522429,0.689761756460457,0.115951953299344,0.330293137183718,1.79216639962515,1.25735635077376
584,1.2,1,0.8,1,1.2,0,3.28,4.44087830041507,11.48,3.09248814386074e-08,3.43328876964799,0.674625858586676,0.118446613480677,0.352720863949308,1.79341782523562,1.25528308924477
585,1.2,1,0.8,1,1.2,0.1,3.32,4.43867761979479,11.5,2.75566565378868e-08,3.4288422584895,0.659682916843435,0.124474551144444,0.378615511850243,1.79443814172693,1.25145329003612
586,1.2,1,0.8,1.2,0.8,-0.1,3.3,3.25694677566966,10.68,4.90035050632274e-07,3.47536766445716,0.568830035197127,0.127439108798419,0.351682649613893,1.77066269782892,1.20071729674978
587,1.2,1,0.8,1.2,0.8,0,3.34,3.26436661706946,10.7,4.68769276809947e-07,3.46242936592637,0.559398600377342,0.129434965077949,0.363910779406114,1.7710755074989,1.19824560374612
588,1.2,1,0.8,1.2,0.8,0.1,3.34,3.27166071979074,10.72,4.47665036998783e-07,3.44935955068755,0.550220000159115,0.133867170562299,0.377962801289719,1.77147508920151,1.19393735664027
589,1.2,1,0.8,1.2,1,-0.1,3.28,3.29816004548943,10.7,4.83310360931767e-07,3.52358619858307,0.585059772134432,0.126851201092699,0.351536591718928,1.77216741638648,1.22122543184794
590,1.2,1,0.8,1.2,1,0,3.32,3.30736475283913,10.72,4.57299630489857e-07,3.51459195743141,0.57304965116258,0.129457969563096,0.369256843401785,1.77266246500055,1.21923524325003
591,1.2,1,0.8,1.2,1,0.1,3.34,3.31670893047282,10.76,4.31551928739548e-07,3.50536793698406,0.561266918260131,0.135289657861464,0.389841348286609,1.77308427557674,1.21552490254636
592,1.2,1,0.8,1.2,1.2,-0.1,3.28,3.33669946726488,10.72,4.77088658461084e-07,3.56342912463967,0.601550967361471,0.125788813881599,0.348267494591872,1.77447193055094,1.23663708815508
593,1.2,1,0.8,1.2,1.2,0,3.3,3.34610738060363,10.76,4.46554469998438e-07,3.56076321552132,0.587572115896759,0.128956808970208,0.372025486550464,1.7753245640444,1.23498034495907
594,1.2,1,0.8,1.2,1.2,0.1,3.34,3.35761879655631,10.78,4.1641385291374e-07,3.55757736403437,0.57373971983677,0.13606167376743,0.399570831486728,1.77597920409648,1.23172890286043
595,1.2,1,1,0.8,0.8,-0.1,3.32,6.49237548746847,12.34,8.19950447783124e-07,3.08902070904432,0.800076559390996,0.103730807331431,0.259784790740206,1.8232793795382,1.25000942228785
596,1.2,1,1,0.8,0.8,0,3.34,6.47323606056438,12.36,8.69354197664132e-07,3.07474476333362,0.792119122904645,0.104980748284175,0.260262186272572,1.8234102158554,1.24760808140413
597,1.2,1,1,0.8,0.8,0.1,3.34,6.45428628133539,12.38,9.21321007076862e-07,3.06057657167449,0.784492115258062,0.106204186428905,0.260780819915556,1.82353478024516,1.24367533789644
598,1.2,1,1,0.8,1,-0.1,3.3,6.58280359836372,12.34,7.74501461613864e-07,3.13020227597192,0.813416168784757,0.106040534225585,0.260437584981691,1.82543749674242,1.26799635989993
599,1.2,1,1,0.8,1,0,3.32,6.55787009173326,12.36,8.3390982912731e-07,3.11639741217299,0.802437522604253,0.108139596562306,0.261103183241697,1.82558977039939,1.266042366645
600,1.2,1,1,0.8,1,0.1,3.34,6.53331451987495,12.38,8.97311995300109e-07,3.1026121030018,0.79183907325197,0.110276035499203,0.261836588788384,1.82571799991685,1.26260567207251
601,1.2,1,1,0.8,1.2,-0.1,3.28,6.67556486861392,12.34,7.26695054675812e-07,3.16794777401108,0.828205853858503,0.108244485295384,0.261280466918166,1.82785053734324,1.28178021120745
602,1.2,1,1,0.8,1.2,0,3.28,6.64367832162148,12.36,7.94903401555537e-07,3.15707135590198,0.814320897480653,0.111548314760478,0.262172323249541,1.82805011758444,1.28014367194191
603,1.2,1,1,0.8,1.2,0.1,3.32,6.61285938143607,12.38,8.6883463338331e-07,3.14645541828552,0.800750649617388,0.115061559955503,0.26948015657843,1.82812532260701,1.27710149476011
604,1.2,1,1,1,0.8,-0.1,3.3,4.65697623637548,11.54,4.44995238051952e-08,3.26070403247938,0.673032755428703,0.104984802595971,0.253003011586094,1.79357427434302,1.2237761225997
605,1.2,1,1,1,0.8,0,3.3,4.65354029112856,11.56,4.40317755309657e-08,3.24618777612902,0.665218313916572,0.106574093535577,0.262267456256426,1.79386613593037,1.22175087776939
606,1.2,1,1,1,0.8,0.1,3.32,4.64993668591232,11.58,4.40540457748454e-08,3.23177582366334,0.657715930945128,0.108141995222454,0.274623430897271,1.79415278439229,1.21819841670759
607,1.2,1,1,1,1,-0.1,3.28,4.71391094242501,11.54,5.10511245393818e-08,3.3066038790821,0.686409120944871,0.107693171837262,0.253603609292567,1.79507278115567,1.24101485275412
608,1.2,1,1,1,1,0,3.28,4.70936127114611,11.56,5.07071316478081e-08,3.29345574287042,0.675703026159198,0.110326575434674,0.267088285482299,1.79542331115844,1.23938069957532
609,1.2,1,1,1,1,0.1,3.32,4.70465626656806,11.58,5.11325419683952e-08,3.28052843766739,0.665342155758438,0.113020479541853,0.285075289814988,1.79575246460675,1.23631516678213
610,1.2,1,1,1,1.2,-0.1,3.24,4.77150092095025,11.54,5.728109486196e-08,3.34741559301887,0.70105960127978,0.110248164707582,0.254474550393025,1.79686396530302,1.25733589313045
611,1.2,1,1,1,1.2,0,3.28,4.76546061287666,11.56,5.71208760101587e-08,3.33836120186564,0.687797790470442,0.114335407467401,0.27023767324825,1.79725198599311,1.25530505040562
612,1.2,1,1,1,1.2,0.1,3.3,4.75970121815876,11.6,5.80723755194973e-08,3.32943689582547,0.674845116467297,0.118668991276677,0.294268661882085,1.79751871684525,1.2515351782997
613,1.2,1,1,1.2,0.8,-0.1,3.3,3.50210875826761,10.82,3.94045043644554e-07,3.38872577551422,0.582516075250128,0.108020281696145,0.266724260579921,1.77455480283164,1.2006952955891
614,1.2,1,1,1.2,0.8,0,3.3,3.50532393301657,10.84,3.78865879823094e-07,3.37418211164555,0.574883535234837,0.109915149637198,0.27836931500549,1.77488108348413,1.19828226314955
615,1.2,1,1,1.2,0.8,0.1,3.34,3.50830743175612,10.86,3.63784858377439e-07,3.35974376695193,0.567590110568226,0.114422697413434,0.291682300135074,1.77520414410469,1.19405577303319
616,1.2,1,1,1.2,1,-0.1,3.28,3.53908238995544,10.84,3.95339150913903e-07,3.43725297888861,0.595727991638531,0.109038338556005,0.266875924447678,1.77559855905942,1.22120512047747
617,1.2,1,1,1.2,1,0,3.3,3.54324190501903,10.86,3.76679609472544e-07,3.42489206692404,0.585430403139252,0.112038110881338,0.283737075267802,1.77598479720323,1.21925558346878
618,1.2,1,1,1.2,1,0.1,3.32,3.54708023796406,10.88,3.58177823543386e-07,3.41236695044326,0.575481486503432,0.116550093630315,0.303083233569561,1.77636586112554,1.21560240336514
619,1.2,1,1,1.2,1.2,-0.1,3.28,3.57585222869832,10.84,3.96806903746641e-07,3.47981759657549,0.610006185665048,0.111938523747596,0.264743751058581,1.77688819732877,1.23661970804918
620,1.2,1,1,1.2,1.2,0,3.28,3.58137127987233,10.86,3.74785438083385e-07,3.47240280460105,0.597462623707955,0.116559682592251,0.287239920363824,1.7772365764442,1.23499277826986
621,1.2,1,1,1.2,1.2,0.1,3.3,3.58668502192322,10.88,3.52997285189343e-07,3.46447115210986,0.585259809077801,0.121477123001701,0.312996794428135,1.77751887354969,1.23178350278636
622,1.2,1,1.2,0.8,0.8,-0.1,3.32,6.84982421412157,12.42,8.03290478132513e-07,3.02377704808858,0.820319578445418,0.106105094900887,0.261778121537207,1.82962961648616,1.24999492094487
623,1.2,1,1.2,0.8,0.8,0,3.34,6.82666516800621,12.42,8.47096687135192e-07,3.0100534591444,0.814048945795397,0.106941409367665,0.262264676383748,1.82966313446238,1.24765829305724
624,1.2,1,1.2,0.8,0.8,0.1,3.36,6.80376376560951,12.44,8.93005633990544e-07,2.99651653786841,0.808031113563922,0.107753191120001,0.262790054059355,1.82969540249544,1.24381523502526
625,1.2,1,1.2,0.8,1,-0.1,3.32,6.93616342903262,12.4,7.36892350310853e-07,3.06028445194645,0.831266410050839,0.108204854065393,0.262399382451096,1.83165505909753,1.26797913363504
626,1.2,1,1.2,0.8,1,0,3.32,6.90633519036681,12.42,7.88696677907125e-07,3.04526467038075,0.822436646505924,0.109614383833164,0.26308134843435,1.83168543201497,1.26607064937521
627,1.2,1,1.2,0.8,1,0.1,3.34,6.87694965834199,12.44,8.43760006975802e-07,3.03042165391592,0.81403255967976,0.111023379580042,0.263830417193973,1.83171121349513,1.26269773656209
628,1.2,1,1.2,0.8,1.2,-0.1,3.28,7.02487827856997,12.4,6.70423703230795e-07,3.09615029726938,0.843522384929493,0.110414500148794,0.263095191368696,1.83377330776276,1.28176396227985
629,1.2,1,1.2,0.8,1.2,0,3.3,6.98801234863887,12.42,7.28880630075164e-07,3.08244751729635,0.831960483535506,0.112755578911195,0.263997174456975,1.83376145413085,1.28016114118914
630,1.2,1,1.2,0.8,1.2,0.1,3.32,6.95185861188899,12.44,7.91982155906976e-07,3.06912141041227,0.820833184695624,0.115234921932539,0.26499929164766,1.83373451689365,1.27716657312272
631,1.2,1,1.2,1,0.8,-0.1,3.3,4.92141974238558,11.62,7.07581705331393e-08,3.19522622218253,0.68912357068172,0.1074726623253,0.255226526161662,1.79809457182351,1.22375799640217
632,1.2,1,1.2,1,0.8,0,3.3,4.91381759527775,11.64,7.22475225127188e-08,3.18065974912125,0.682913885577958,0.108619450716122,0.255726753819753,1.7983021964552,1.22178118521016
633,1.2,1,1.2,1,0.8,0.1,3.32,4.90619384693413,11.64,7.40833577581876e-08,3.16639741454499,0.677034688062008,0.109739696869168,0.256268331375503,1.7985061536328,1.21829617717872
634,1.2,1,1.2,1,1,-0.1,3.28,4.97410019446375,11.62,7.46145278830428e-08,3.23780776361535,0.699926742816555,0.10991457416054,0.255777210227,1.79944655325991,1.24099806420441
635,1.2,1,1.2,1,1,0,3.28,4.9643781114914,11.64,7.64264835239632e-08,3.22297479611017,0.69112082376855,0.111825069425978,0.256478277572337,1.79970349412513,1.23939754389159
636,1.2,1,1.2,1,1,0.1,3.32,4.95456148523053,11.66,7.87785784539405e-08,3.20844363528531,0.682745520696435,0.113752278259744,0.257251795573423,1.79995567064045,1.23637927414602
637,1.2,1,1.2,1,1.2,-0.1,3.24,5.02822822447558,11.62,7.82443327327084e-08,3.27814107804976,0.712222079390198,0.112428517653477,0.256415933184399,1.80086558691752,1.25731572514995
638,1.2,1,1.2,1,1.2,0,3.28,5.01635156773261,11.64,8.03374398658061e-08,3.26587999198205,0.700834737326841,0.115518880984615,0.257341546584617,1.80112547791663,1.25532682024909
639,1.2,1,1.2,1,1.2,0.1,3.3,5.00438230858035,11.66,8.32054986887065e-08,3.253905243621,0.689879028427247,0.118792781218393,0.258376409209603,1.80137722316615,1.25161614876976
640,1.2,1,1.2,1.2,0.8,-0.1,3.3,3.6947836652243,10.92,3.32046410134642e-07,3.32469662790896,0.595548409477005,0.108380301257567,0.250553187198782,1.77773324605569,1.20067372102438
641,1.2,1,1.2,1.2,0.8,0,3.3,3.69456680378322,10.94,3.20837783985872e-07,3.30973552004317,0.589458607210743,0.109768466505714,0.251040197093771,1.77799268305106,1.19831852009921
642,1.2,1,1.2,1.2,0.8,0.1,3.34,3.69425458789164,10.94,3.09684644203798e-07,3.29516870070915,0.583707563287488,0.11113439502637,0.251569254859438,1.77824979531731,1.19417254944801
643,1.2,1,1.2,1.2,1,-0.1,3.26,3.72750928164712,10.92,3.38015660848316e-07,3.37111969314517,0.606263691529603,0.111130589701485,0.2510294381079,1.77864336261827,1.22118508586542
644,1.2,1,1.2,1.2,1,0,3.3,3.7272960026916,10.94,3.24169607438263e-07,3.35675993253036,0.597626873514046,0.113420704322272,0.251712932298033,1.77897085745252,1.21927574650788
645,1.2,1,1.2,1.2,1,0.1,3.3,3.72688808571571,10.96,3.10412087948323e-07,3.34255996648736,0.589410109616414,0.115757786252183,0.252472478875841,1.77929675745973,1.21567904338518
646,1.2,1,1.2,1.2,1.2,-0.1,3.26,3.76106122132672,10.92,3.44019234517836e-07,3.41414838263382,0.618473549199877,0.113927396362338,0.251592133798198,1.77957195364585,1.23660251316681
647,1.2,1,1.2,1.2,1.2,0,3.28,3.76105539374257,10.94,3.27596343413181e-07,3.40318966169153,0.60745876360886,0.117588268471861,0.252497244979201,1.77992861605234,1.2350051218521
648,1.2,1,1.2,1.2,1.2,0.1,3.28,3.76068257383361,10.96,3.1130339227976e-07,3.39233203717815,0.596877207793829,0.121471588370661,0.25352150367987,1.78029313605843,1.2318375964405
649,1.2,1.2,0.8,0.8,0.8,-0.1,3.32,7.06986674777231,12.68,1.7538635443716e-06,3.10639043756211,0.850006455068106,0.112301386281145,0.377980660065276,1.82874350167445,1.25866080830016
650,1.2,1.2,0.8,0.8,0.8,0,3.34,7.04942541626643,12.7,1.8826714591874e-06,3.0923353054219,0.839610672101721,0.113417259487318,0.385561357741926,1.8289587302478,1.25618271797328
651,1.2,1.2,0.8,0.8,0.8,0.1,3.38,7.02917642437323,12.72,2.01989616173174e-06,3.07821036779056,0.8294557796445,0.115711611325653,0.394165123637357,1.82914750523599,1.25236518245553
652,1.2,1.2,0.8,0.8,1,-0.1,3.3,7.18225775252134,12.68,1.65214325923648e-06,3.14936720500934,0.867058771810793,0.11239149046154,0.380156494259791,1.83128059283567,1.27437501905628
653,1.2,1.2,0.8,0.8,1,0,3.32,7.15356062648461,12.72,1.80869038806777e-06,3.13662906906231,0.853350684215177,0.11379776361875,0.391509017225214,1.83169067180765,1.27234971312507
654,1.2,1.2,0.8,0.8,1,0.1,3.36,7.12547209303726,12.74,1.97863337869673e-06,3.12379698033745,0.839796105612068,0.11681255347007,0.404529318141252,1.83198014517856,1.26899945087324
655,1.2,1.2,0.8,0.8,1.2,-0.1,3.28,7.30260973528238,12.68,1.53592312746126e-06,3.18580375909255,0.885219530123447,0.111949813505923,0.379580517001661,1.8341057072855,1.28666177693986
656,1.2,1.2,0.8,0.8,1.2,0,3.32,7.26079300726026,12.72,1.71730558094638e-06,3.17616131295276,0.868527593302711,0.113568074959015,0.395035199185771,1.83515991197888,1.28496248528767
657,1.2,1.2,0.8,0.8,1.2,0.1,3.34,7.21954145641254,12.76,1.91831913832113e-06,3.16675768681814,0.851861777118159,0.117262550355908,0.413008503255271,1.83596492236068,1.28198709900066
658,1.2,1.2,0.8,1,0.8,-0.1,3.28,5.13480454089451,11.88,2.29053018932729e-07,3.28524916253694,0.719589874354427,0.127339697234144,0.408843853338915,1.79887818780101,1.23057815652028
659,1.2,1.2,0.8,1,0.8,0,3.3,5.13301886366908,11.9,2.52745129782685e-07,3.27115371042613,0.709512344705216,0.12876688067167,0.417137936649842,1.79927184739615,1.2284819486856
660,1.2,1.2,0.8,1,0.8,0.1,3.34,5.13112502448722,11.94,2.78225358016224e-07,3.25683015945196,0.699627596441821,0.131601404272371,0.426615582103635,1.79963204272193,1.22502486940515
661,1.2,1.2,0.8,1,1,-0.1,3.26,5.21190504353152,11.9,2.44718958696801e-07,3.33142677993886,0.736678919742254,0.127039170212983,0.411679286616862,1.8009888012881,1.24820908204009
662,1.2,1.2,0.8,1,1,0,3.3,5.20712568566198,11.92,2.75345103356397e-07,3.31931683446018,0.723581399783116,0.128841556498046,0.424056329083192,1.8015697181235,1.24569819079549
663,1.2,1.2,0.8,1,1,0.1,3.32,5.20293951882838,11.96,3.08803355439052e-07,3.30711185133442,0.710627910566004,0.132557863280671,0.438398845180321,1.80200853472531,1.24155212695499
664,1.2,1.2,0.8,1,1.2,-0.1,3.26,5.29379732403381,11.9,2.59044612718104e-07,3.36932444148876,0.754399403926708,0.126180162738477,0.411305082052184,1.80372187686808,1.26340565832688
665,1.2,1.2,0.8,1,1.2,0,3.28,5.28033869136032,11.94,2.96858069888567e-07,3.36121608630888,0.738756979990118,0.128300891370601,0.428160140191373,1.80494775618753,1.26129640762933
666,1.2,1.2,0.8,1,1.2,0.1,3.32,5.26913780490742,11.98,3.38799290681567e-07,3.3532438939809,0.723147277148102,0.132875421487337,0.447881547004092,1.80587510196297,1.25760852215021
667,1.2,1.2,0.8,1.2,0.8,-0.1,3.3,3.8966111789491,11.2,6.90498150998582e-08,3.41792433576227,0.626318143168234,0.139888620802521,0.431975339133309,1.77959314442303,1.20881451040775
668,1.2,1.2,0.8,1.2,0.8,0,3.32,3.90298350161303,11.22,5.65182579049391e-08,3.40387637497058,0.616612322985302,0.141598124460166,0.440836682531539,1.77999644948629,1.20631626246437
669,1.2,1.2,0.8,1.2,0.8,0.1,3.32,3.90926058579622,11.24,4.45255948119191e-08,3.38963711346869,0.607125098379242,0.144948452309667,0.451024688039374,1.78037823420396,1.20220220415639
670,1.2,1.2,0.8,1.2,1,-0.1,3.28,3.94909230635896,11.22,6.94593592234168e-08,3.4655509477136,0.643077674370788,0.139197879795297,0.435262974631829,1.78139243515289,1.22707706695215
671,1.2,1.2,0.8,1.2,1,0,3.3,3.9561019102245,11.24,5.47605561657751e-08,3.45389265740711,0.630670168117227,0.141371499418947,0.448398681702228,1.78186887866516,1.22505418155874
672,1.2,1.2,0.8,1.2,1,0.1,3.34,3.96366374799224,11.26,4.09240078433875e-08,3.44237750242306,0.618412788102313,0.14574303624734,0.463787012957184,1.78223483710275,1.22148377909205
673,1.2,1.2,0.8,1.2,1.2,-0.1,3.26,4.00016115357631,11.22,7.03532079985992e-08,3.5038276224104,0.660086073108296,0.137920182164276,0.434978708526801,1.78418389802594,1.24105270526973
674,1.2,1.2,0.8,1.2,1.2,0,3.3,4.00390594461823,11.26,5.38494242564536e-08,3.49686510037155,0.645467478252479,0.140507340818874,0.452891470651811,1.78509423679928,1.23936407109194
675,1.2,1.2,0.8,1.2,1.2,0.1,3.32,4.01118478604862,11.3,3.86152066237343e-08,3.48978336150151,0.630894218606294,0.145869729373203,0.473910537152081,1.78572842078128,1.23621795523437
676,1.2,1.2,1,0.8,0.8,-0.1,3.34,7.70734282204857,12.8,1.29967765465102e-06,2.99614152149648,0.879871235829622,0.0994410890026869,0.287981113984681,1.83982965617989,1.25865520643786
677,1.2,1.2,1,0.8,0.8,0,3.36,7.67999409297886,12.82,1.41127460211347e-06,2.98167331854859,0.871995795352023,0.100398277009409,0.294925243763399,1.83984897853215,1.25623893308121
678,1.2,1.2,1,0.8,0.8,0.1,3.38,7.65309998752589,12.84,1.53061318664972e-06,2.96716439508875,0.864422650049867,0.101322249188965,0.302752549768867,1.83986387616352,1.25250641936142
679,1.2,1.2,1,0.8,1,-0.1,3.34,7.81210363584698,12.8,1.10589046381807e-06,3.03489364525255,0.892574952466582,0.101715049001309,0.289699828467281,1.84215452081666,1.27436325604672
680,1.2,1.2,1,0.8,1,0,3.34,7.77672387970538,12.84,1.23736286128355e-06,3.01989680026497,0.881716170412162,0.103348036613627,0.300040151689901,1.84215546757997,1.27238167204834
681,1.2,1.2,1,0.8,1,0.1,3.38,7.74211813118823,12.86,1.38106932435209e-06,3.00471459844485,0.87118997911401,0.104988902442509,0.311859465683968,1.84213763961082,1.26909230907143
682,1.2,1.2,1,0.8,1.2,-0.1,3.32,7.91897531386432,12.8,9.01474275892327e-07,3.07070862210239,0.906834243267532,0.103981789120426,0.289505726705722,1.84471985572287,1.28664910795621
683,1.2,1.2,1,0.8,1.2,0,3.32,7.87420113301778,12.84,1.04864983515332e-06,3.05719754623327,0.892961170885574,0.106612559420555,0.303574119650203,1.84469850868239,1.28498236089124
684,1.2,1.2,1,0.8,1.2,0.1,3.36,7.83125040415484,12.86,1.21362679675817e-06,3.04385569045634,0.879362888900812,0.109386687391925,0.319812685131436,1.8445638710501,1.28205268974571
685,1.2,1.2,1,1,0.8,-0.1,3.3,5.62345013230872,12.02,3.83934955638325e-07,3.17689495971214,0.742433357648839,0.108182207668048,0.314066453393048,1.8070503917522,1.23056595624775
686,1.2,1.2,1,1,0.8,0,3.32,5.61524111845895,12.04,4.10113468291069e-07,3.16193459808588,0.734604209520495,0.109382289334609,0.321762326537347,1.80728512257665,1.2285161617471
687,1.2,1.2,1,1,0.8,0.1,3.34,5.60699826774004,12.06,4.37713436032331e-07,3.14692699071977,0.727055453037042,0.112084769139638,0.330512168576242,1.80751332336081,1.2251233223351
688,1.2,1.2,1,1,1,-0.1,3.28,5.69439891522773,12.02,3.84958416787609e-07,3.2206837201348,0.755468642908054,0.108497190365841,0.316414429348787,1.80875214472871,1.24819455165546
689,1.2,1.2,1,1,1,0,3.32,5.68358112643439,12.06,4.17622080435857e-07,3.20602118789308,0.744704930131017,0.110042411934374,0.32785390300486,1.80902249151664,1.24573799556028
690,1.2,1.2,1,1,1,0.1,3.32,5.6728353156731,12.08,4.52516003096178e-07,3.19114286579008,0.734257161821406,0.113642333828675,0.34106042551393,1.80926984971451,1.24166758879623
691,1.2,1.2,1,1,1.2,-0.1,3.26,5.76615195637676,12.04,3.84495498185663e-07,3.25962037320816,0.769917403133378,0.108276921262419,0.316454504285013,1.81076529800704,1.26338994584445
692,1.2,1.2,1,1,1.2,0,3.3,5.75189261369352,12.06,4.23499584869191e-07,3.24732583617433,0.756437973333269,0.110126262336219,0.331992836567083,1.81103594189421,1.26132117692849
693,1.2,1.2,1,1,1.2,0.1,3.3,5.7385199446212,12.08,4.65724123112106e-07,3.23512030190182,0.743194335804868,0.114562988975455,0.350106483636615,1.8111753853445,1.25769014128013
694,1.2,1.2,1,1.2,0.8,-0.1,3.28,4.26522456429432,11.36,4.47256596527699e-08,3.31348516624065,0.64436701029017,0.11933114168902,0.334062039845258,1.7855346315291,1.20880001589655
695,1.2,1.2,1,1.2,0.8,0,3.32,4.26662359441214,11.38,3.85036343557859e-08,3.29825465057202,0.636657147012588,0.120814555419159,0.342352690231421,1.78584609688653,1.2063571933733
696,1.2,1.2,1,1.2,0.8,0.1,3.32,4.26780843363869,11.38,3.26848286493765e-08,3.28300842953751,0.629229490875069,0.124053113829982,0.351844945911682,1.78615292774666,1.20231982640047
697,1.2,1.2,1,1.2,1,-0.1,3.28,4.31423275445345,11.36,4.92898717109159e-08,3.36015403630973,0.657520396216495,0.119370584467221,0.336853637106431,1.78678795366442,1.22706127313197
698,1.2,1.2,1,1.2,1,0,3.3,4.31591008452176,11.38,4.20078263788618e-08,3.34588972801299,0.647038853172748,0.121285633157607,0.349157689524193,1.78714443036325,1.22507713986713
699,1.2,1.2,1,1.2,1,0.1,3.32,4.31736546642742,11.4,3.5364056350561e-08,3.33144446461171,0.636853396346995,0.125582553314535,0.363448729899868,1.78749330243425,1.22156091267818
700,1.2,1.2,1,1.2,1.2,-0.1,3.26,4.36285155444659,11.38,5.38715481948179e-08,3.40062318575229,0.671808141891406,0.118844879614708,0.3370491885633,1.78835089473993,1.24103824149316
701,1.2,1.2,1,1.2,1.2,0,3.28,4.36486661339088,11.4,4.57046089392869e-08,3.38936851477434,0.658912963759711,0.121184097150389,0.353721920626194,1.78864670351126,1.23937821375114
702,1.2,1.2,1,1.2,1.2,0.1,3.32,4.36710603992354,11.42,3.84677688309204e-08,3.37817738096347,0.646236130787759,0.126441587274758,0.373279458778293,1.78884915193342,1.23627236365935
703,1.2,1.2,1.2,0.8,0.8,-0.1,3.36,8.19016244209657,12.9,5.15872661892595e-07,2.92049447780138,0.90621786650623,0.101494536137934,0.264144394115922,1.84850868207752,1.25864993801299
704,1.2,1.2,1.2,0.8,0.8,0,3.4,8.15916132911805,12.92,6.14156690062363e-07,2.90693149932532,0.900069001657026,0.102102102591726,0.264391959584272,1.84843402714114,1.25629439255196
705,1.2,1.2,1.2,0.8,0.8,0.1,3.4,8.12863504594645,12.94,7.19697966369612e-07,2.89339544930955,0.894160937882589,0.102679097732497,0.264662906335221,1.84836071999154,1.25264529672862
706,1.2,1.2,1.2,0.8,1,-0.1,3.34,8.29146624063315,12.9,2.57651515455127e-07,2.95310173090518,0.916346831342863,0.103420697412604,0.264554804620184,1.85071968121385,1.27435176020519
707,1.2,1.2,1.2,0.8,1,0,3.38,8.25164135950901,12.92,3.70389924235821e-07,2.93750579171102,0.907803972849166,0.104439966715638,0.264902587750414,1.85061097736527,1.27241329095381
708,1.2,1.2,1.2,0.8,1,0.1,3.38,8.21260240125245,12.94,4.94552025092291e-07,2.92187365532096,0.899645426222152,0.105434594368611,0.265289947469874,1.85050242112097,1.26918392233002
709,1.2,1.2,1.2,0.8,1.2,-0.1,3.34,8.39489483133754,12.88,5.55057680790287e-09,2.98590939786959,0.927712266289075,0.105549295102112,0.26498746576156,1.8530036424828,1.28663663662923
710,1.2,1.2,1.2,0.8,1.2,0,3.36,8.34573585034561,12.92,1.16801257282182e-07,2.97022977517258,0.916473643697247,0.107289733166117,0.265453320864202,1.85282149986048,1.28500206164785
711,1.2,1.2,1.2,0.8,1.2,0.1,3.38,8.29797267130907,12.94,2.55709766148488e-07,2.95480985989288,0.905658272378363,0.109103485130528,0.265983840306439,1.85263876510216,1.28211754598322
712,1.2,1.2,1.2,1,0.8,-0.1,3.32,6.00427656122103,12.12,4.88135461168215e-07,3.09972350429726,0.763560972857254,0.102873208546703,0.25655362816915,1.8136313047179,1.23055403950287
713,1.2,1.2,1.2,1,0.8,0,3.32,5.99151508328484,12.14,5.14114036202296e-07,3.08513598730121,0.757450777869556,0.10373918854315,0.256838806195878,1.81377786321148,1.22854999502733
714,1.2,1.2,1.2,1,0.8,0.1,3.34,5.97881441941013,12.16,5.41254797048926e-07,3.07062093223914,0.751621423382854,0.104573012197227,0.262036115677544,1.81392310791187,1.22522041183238
715,1.2,1.2,1.2,1,1,-0.1,3.3,6.07190201528541,12.12,4.75107440061125e-07,3.13893068490312,0.773687581800036,0.105198865686805,0.256912229690007,1.81520708454746,1.24818035357264
716,1.2,1.2,1.2,1,1,0,3.3,6.05544645723419,12.14,5.06905065704326e-07,3.12305356051342,0.765041274884099,0.106638461494664,0.259048903911674,1.81538440522932,1.24577737635973
717,1.2,1.2,1.2,1,1,0.1,3.34,6.03912595823242,12.16,5.40514351196862e-07,3.10729014221404,0.75678261099214,0.108064293396327,0.271442488847256,1.81555766092996,1.24178150001917
718,1.2,1.2,1.2,1,1.2,-0.1,3.26,6.14098179389124,12.12,4.61043318280447e-07,3.1763590736068,0.785316042497932,0.107708412093973,0.257286048767843,1.81684567022018,1.26337447948932
719,1.2,1.2,1.2,1,1.2,0,3.3,6.12080235545141,12.14,4.98302508137958e-07,3.16152274928895,0.774030031729875,0.110089503921015,0.263028858688933,1.81700590896426,1.26134572812543
720,1.2,1.2,1.2,1,1.2,0.1,3.32,6.10089004329734,12.18,5.38160700975646e-07,3.1467695074483,0.763113640451069,0.112579511968251,0.27995229855481,1.81716229758774,1.25777084506699
721,1.2,1.2,1.2,1.2,0.8,-0.1,3.3,4.55825598276798,11.46,4.69927797033225e-08,3.23704639588874,0.661609156327427,0.103843257911238,0.263601536999218,1.79046034669587,1.20878586018145
722,1.2,1.2,1.2,1.2,0.8,0,3.32,4.5556047676719,11.48,4.43585902467049e-08,3.22193368855239,0.655557103234567,0.104910582884202,0.271534876935916,1.79070143009518,1.20639766950104
723,1.2,1.2,1.2,1.2,0.8,0.1,3.32,4.55282439493776,11.5,4.20271514291063e-08,3.20693501905132,0.649796718515093,0.107528523905215,0.280578380077888,1.79093969604836,1.20243581743447
724,1.2,1.2,1.2,1.2,1,-0.1,3.28,4.60389380395439,11.48,5.21201010164349e-08,3.28057063897671,0.671843297293927,0.106545154410419,0.265892836719796,1.79158938009266,1.2270457149098
725,1.2,1.2,1.2,1.2,1,0,3.3,4.60046081257748,11.48,4.90325044066466e-08,3.2647851966666,0.663245030003495,0.108303948395944,0.277550316853664,1.79189016488458,1.22509989608534
726,1.2,1.2,1.2,1.2,1,0.1,3.3,4.59685446330225,11.5,4.64206344925061e-08,3.24906687113878,0.655029255125085,0.110073138909155,0.291052541246865,1.79218971300227,1.22163718872785
727,1.2,1.2,1.2,1.2,1.2,-0.1,3.26,4.65047464770023,11.48,5.71072298402978e-08,3.32056845451449,0.683623619231883,0.109424181455699,0.266155595674699,1.79274767960084,1.24102394119599
728,1.2,1.2,1.2,1.2,1.2,0,3.28,4.64642296733091,11.5,5.36306323096384e-08,3.30664970350184,0.672504806021412,0.112294244739731,0.281985070358644,1.79305968428999,1.2393922533929
729,1.2,1.2,1.2,1.2,1.2,0.1,3.3,4.6421140720483,11.52,5.08422400203993e-08,3.29263411926928,0.661788088271289,0.115314061037813,0.300382559321539,1.79338157222983,1.23632626724479
