caseID,plantCaseID,actuatorTau_s,isDynamicStable,neutralHeadingPoleMagnitude,dutchNaturalFrequency_radps,dutchDampingRatio,dutchDecayRate_radps,rollModeFrequencyRatio,rollModeDampingRatio,spiralDecayRateRatio,balancedDiskMargin,balancedDiskPhaseMargin_deg,balancedDiskGainMargin_dB,diskMarginCriticalFrequency_radps
1,1,0.035,1,0,2.18270679708988,0.61429479714726,1.34082542915027,1.01969090826052,1,0.933374886335536,1.68418623460969,80.2010007533252,21.3382103969465,1.21338885046498
2,1,0.05,1,0,2.18141092754075,0.637619566236968,1.39091028940311,1.03418082216181,1,0.933363807111616,1.69662194891341,80.6166148232119,21.7164176150637,1.19124200802737
3,1,0.075,1,0,2.16723933623676,0.683671835278219,1.48168049449214,0.983364409193149,0.992726813047349,0.933345334132708,1.66497508636968,79.5539194552733,20.7798784570866,9.72747223776965
4,2,0.035,1,0,2.22574820279242,0.58870168282948,1.31030171253859,0.989589492618867,1,0.933260434669364,1.66761740919691,79.6432829848927,20.8549151373673,1.23594743344451
5,2,0.05,1,0,2.23265678141137,0.61191573464436,1.36619781460605,0.983136642231051,1,0.933249316643459,1.68102023546026,80.0947824404717,21.2441014349488,1.21338885046498
6,2,0.075,1,0,2.24062959257241,0.658913808277815,1.47638177778186,1.07179984369521,1,0.933230778955339,1.65317834583963,79.1535340466846,20.4512933888793,9.20449571753171
7,3,0.035,1,0,2.25754407651287,0.562593184165846,1.27007891040012,0.976312289627491,1,0.933145692430005,1.64982414567444,79.0392670671078,20.3597148617709,1.27057410520854
8,3,0.05,1,0,2.27091542550263,0.584980516560074,1.32844127867477,0.962280152473076,1,0.933134535420819,1.66429451652094,79.5308837275046,20.7606387504852,1.24738351424294
9,3,0.075,1,0,2.29735944682622,0.63034377864627,1.44812623462115,1.11232763044881,1,0.933115932721077,1.6433103035056,78.816822975784,20.184111954446,8.87156012037961
10,4,0.035,1,0,2.04723167523013,0.514469175052225,1.05323759109643,1.01453637451798,1,0.934055575249497,1.67716800832753,79.9653178118707,21.1307381522437,1.20226443461741
11,4,0.05,1,0,2.05503149917757,0.529622734735948,1.08839140256294,1.01994529437766,1,0.934044715054899,1.68963208263015,80.3833201017708,21.5021247988891,1.18032063565173
12,4,0.075,1,0,2.0712331608456,0.558073283388861,1.15589989073699,1.05922017994388,1,0.934026607340996,1.709282808783,81.0371422849435,22.116384654233,1.14815362149688
13,5,0.035,1,0,2.07263675072458,0.484887484134113,1.00499561958274,0.992766204068864,1,0.93391493277198,1.65520366919016,79.2224393263524,20.5069789084403,1.23594743344451
14,5,0.05,1,0,2.08389405849772,0.499395714603912,1.04068776250232,0.990263842079561,1,0.933904025380871,1.66893986737242,79.6879650176959,20.8926741835933,1.21338885046498
15,5,0.075,1,0,2.10778448762388,0.52639817488618,1.10953390733861,0.977666123453701,1,0.933885838958446,1.69052531179,80.4131774701246,21.5292610850789,1.18032063565173
16,6,0.035,1,0,2.08939276621514,0.456468749133784,0.9537425024434,0.983799431458282,1,0.933773844167833,1.63097874474846,78.3937562294505,19.8594464963408,1.27057410520854
17,6,0.05,1,0,2.10301385070795,0.470155843530877,0.988744250936712,0.978267574905413,1,0.933762889305923,1.64616499827739,78.9143967399059,20.2607105228418,1.24738351424294
18,6,0.075,1,0,2.13194850991657,0.495278687871683,1.05590866060147,0.952417326622873,1,0.933744623718252,1.66995005585748,79.7220767847771,20.921609808309,1.21338885046498
19,7,0.035,1,0,1.92376474231958,0.446377984733893,0.858726228778731,1.01195361066983,1,0.934723321822211,1.66971952647543,79.7142938247971,20.9149994838091,1.18032063565173
20,7,0.05,1,0,1.93141012588014,0.457255312497882,0.883147540670899,1.01496578167624,1,0.934712674416641,1.68221693318855,80.1349507626907,21.2795723778116,1.16949939101987
21,7,0.075,1,0,1.94726743646924,0.476811413603046,0.928479339046078,1.02612963725049,1,0.934694921558484,1.70197138157794,80.7946156239795,21.8835017508938,1.13762728582343
22,8,0.035,1,0,1.93914327221394,0.414202776366326,0.803198527123095,0.994509837886176,1,0.934557392224089,1.64187393482628,78.7676760502626,20.1457795475457,1.22461619926505
23,8,0.05,1,0,1.9486645959074,0.424432316153753,0.827076227847793,0.993188750762043,1,0.934546689695921,1.65597123189791,79.2485353363508,20.5281601875792,1.20226443461741
24,8,0.075,1,0,1.96820369769816,0.442599068773921,0.871125123758591,0.988681502392189,1,0.934528844913043,1.67814498100827,79.9981748986764,21.1593711577772,1.18032063565173
25,9,0.035,1,0,1.94778456222513,0.384179877859921,0.748299635213088,0.987925438060857,1,0.934390831451703,1.61020588484758,77.6752874079901,19.3339338330854,1.27057410520854
26,9,0.05,1,0,1.95848549655184,0.393730414465543,0.771115306282112,0.985029613419074,1,0.934380073419026,1.62614715196782,78.2272974916851,19.7348946132237,1.24738351424294
27,9,0.075,1,0,1.98019662299316,0.410461708042286,0.81279488813334,0.975319082779379,1,0.934362136072886,1.65118533333103,79.0856611092393,20.3967828140011,1.21338885046498
28,10,0.035,1,0,1.80581218803162,0.651187541151406,1.17592239850555,1.03058639744779,1,0.918101668150227,1.62082374411349,78.043438283602,19.5993250137351,1.19124200802737
29,10,0.05,1,0,1.77472895463304,0.664231936387193,1.17883165009832,1.06757119172488,1,0.918088494126061,1.63497494355435,78.531136539522,19.9635748950773,1.16949939101987
30,10,0.075,1,0,1.71909000355037,0.682968648421008,1.17408457623886,0.878837544143712,0.993762030929511,0.918066528839329,1.59397996058079,77.1089886679725,18.9405636439271,9.81747943019984
31,11,0.035,1,0,1.85236265565131,0.639688560168703,1.18493520010386,0.983971333616484,1,0.917963103628813,1.60234446308432,77.4014769042991,19.1415640927326,1.22461619926505
32,11,0.05,1,0,1.82154148554589,0.655122222461614,1.19333230631685,0.970014972013927,1,0.917949884529631,1.61742347371612,77.9257493266687,19.5136206577473,1.20226443461741
33,11,0.075,1,0,1.76340690330862,0.677634286224243,1.19494497824644,1.04517842846211,1,0.917927844074503,1.58049817018897,76.6350436927455,18.624191932263,9.3756200692588
34,12,0.035,1,0,1.89749949622072,0.625585991743164,1.18704910417539,0.963864759808411,1,0.917824192649503,1.58270530791646,76.7128475102606,18.675364531033,1.24738351424294
35,12,0.05,1,0,1.86867709078295,0.643478733606736,1.20245396789693,0.935188211587392,1,0.917810928268951,1.59882614715074,77.2785945126476,19.0565649548163,1.22461619926505
36,12,0.075,1,0,1.81017825353919,0.6704055817187,1.21355360507848,1.08694731602852,1,0.91778881230192,1.56931166203342,76.2394214339713,18.3684271742916,9.03649473722302
37,13,0.035,1,0,1.80701867324175,0.566902477898625,1.02440336346983,1.02145150917218,1,0.918924826511622,1.61278873416628,77.76501794404,19.3978916289391,1.18032063565173
38,13,0.05,1,0,1.79503204208828,0.582353797091215,1.04534372561051,1.03168049510877,1,0.918911906447818,1.62695816680493,78.2552662007349,19.7557001964047,1.15877735615513
39,13,0.075,1,0,1.76912074112453,0.608905116003618,1.07722667009884,1.10524687331379,0.994304990766688,0.918890364662249,1.64938875116731,79.0244207525253,20.3478856677607,1.13762728582343
40,14,0.035,1,0,1.84561001822467,0.544758565984284,1.0054118668943,0.989366976280668,1,0.918754504819369,1.58844459883328,76.9147724734631,18.8095587999285,1.21338885046498
41,14,0.05,1,0,1.83758157188854,0.561353332245887,1.03153253865327,0.984785702537487,1,0.918741529891071,1.60383691552745,77.4535393287669,19.1778225048592,1.19124200802737
42,14,0.075,1,0,1.81840821638696,0.59080283456597,1.07432072863946,0.951885719947345,1,0.918719896613637,1.62820933738314,78.2983923749887,19.7878771648097,1.15877735615513
43,15,0.035,1,0,1.8774922554129,0.521160832336811,0.978475426536902,0.976362909921579,1,0.918583650994877,1.56201394480847,75.9801691619014,18.2047066377118,1.24738351424294
44,15,0.05,1,0,1.87372173564691,0.538296922067211,1.00861864310916,0.9664909274275,1,0.918570620890259,1.57877161180629,76.57412251777,18.5843270285281,1.22461619926505
45,15,0.075,1,0,1.86293797043256,0.569527527092241,1.06099445542669,0.907969543589371,1,0.918548895600874,1.60526582379112,77.5033495679231,19.2126512460146,1.19124200802737
46,16,0.035,1,0,1.75597934768005,0.495573755923569,0.870217280654019,1.01726352104977,1,0.919732590668127,1.60428319749225,77.4690999795409,19.1886883207015,1.16949939101987
47,16,0.05,1,0,1.75380068990655,0.508613983686579,0.892007555485641,1.02252250419412,1,0.919719917511328,1.618457062371,77.9615442362699,19.5396000874194,1.14815362149688
48,16,0.075,1,0,1.74887740491372,0.532047222339111,0.930485365495977,1.04738681572608,1,0.919698787465036,1.64094106615324,78.7357383789731,20.1209582462243,1.12719745617551
49,17,0.035,1,0,1.78315169106169,0.467566496386371,0.833741988715147,0.99210074328548,1,0.919531589282583,1.57362710575285,76.3922963891685,18.4663929205892,1.20226443461741
50,17,0.05,1,0,1.78411661612531,0.480709351239371,0.85764154107298,0.989835656142991,1,0.919518852005282,1.58928583471825,76.9443222137469,18.8293672664368,1.19124200802737
51,17,0.075,1,0,1.78554361880637,0.504565026538473,0.900922863408635,0.980743753188189,1,0.91949761503127,1.61416265217259,77.8127029856353,19.4320686006978,1.15877735615513
52,18,0.035,1,0,1.8031484841823,0.43978802140298,0.793003104154317,0.982755912102787,1,0.919329834757639,1.53945426398983,75.1729098663103,17.7132707826132,1.24738351424294
53,18,0.05,1,0,1.80676635786252,0.452663973778302,0.817858039238996,0.977890618860853,1,0.91931703292455,1.55685126743525,75.7962092784021,18.0903238733133,1.22461619926505
54,18,0.075,1,0,1.81372797339826,0.476088271044387,0.86349461500002,0.959204113093548,1,0.919295688296968,1.58446214174656,76.7747179635553,18.7162680160075,1.20226443461741
55,19,0.035,1,0,1.57572478713795,0.625751993217477,0.986012926313757,1.04824571257386,1,0.903326724653597,1.56355713416635,76.0350677274662,18.2391265470365,1.18032063565173
56,19,0.05,1,0,1.55364390442394,0.632709560087305,0.983005351300398,1.18331800885849,0.995733166201081,0.903311673587121,1.57891020750476,76.5790147206134,18.587521768247,1.15877735615513
57,19,0.075,1,0,1.51739253212641,0.643170784127865,0.975942544717512,0.925345399675219,1,0.90328657917333,1.52791971392395,74.7567504056879,17.4700565674975,10
58,20,0.035,1,0,1.6044962589689,0.619414885444053,0.993848866444632,0.974881341042426,1,0.903165593290491,1.54378424045936,75.328534995157,17.8059397794173,1.20226443461741
59,20,0.05,1,0,1.58138853158859,0.627350026707821,0.992084137527543,0.937819111287983,1,0.903150491904975,1.56004729780888,75.9101466133275,18.1609955689093,1.18032063565173
60,20,0.075,1,0,1.54315917242864,0.639211929661833,0.986405752383469,1.03420953975524,1,0.90312531358192,1.51321431300056,74.2228201329087,17.167336865427,9.54992586021436
61,21,0.035,1,0,1.63369629896752,0.612056606827843,0.999914613333263,0.943973880685652,1,0.903004065088194,1.5230325072331,74.5797231038908,17.3685573861983,1.22461619926505
62,21,0.05,1,0,1.60977325747645,0.621105309137315,0.999838716725892,0.87406432044118,1,0.902988913158962,1.54025423742715,75.2016865197296,17.7303343238647,1.20226443461741
63,21,0.075,1,0,1.56974033128422,0.634589952062544,0.996141441580295,1.07248274803394,1,0.902963650551461,1.50108627599,73.779617887038,16.9235472495137,9.20449571753171
64,22,0.035,1,0,1.59716509086243,0.571559180909018,0.912874371109805,1.03131402156191,1,0.904282890843515,1.55475532684596,75.72139385509,18.044219627167,1.15877735615513
65,22,0.05,1,0,1.58057176993632,0.581702494185295,0.919422540810823,1.05191562079955,1,0.904268122756416,1.57009106213011,76.2670554663163,18.3860563904749,1.14815362149688
66,22,0.075,1,0,1.55123642176028,0.597799783671148,0.927328797351104,1.03234558636916,0.981360372320288,0.904243500220176,1.59461722356915,77.1313143561627,18.9557471618629,1.11686324778056
67,23,0.035,1,0,1.63016581937176,0.557936129659488,0.909528407963467,0.984489593861257,1,0.904084775716151,1.52887879971255,74.7914420287948,17.4900818975942,1.19124200802737
68,23,0.05,1,0,1.61415020238523,0.569448921730167,0.919176092258797,0.975580391581042,1,0.904069946341585,1.54541903894969,75.3872071365757,17.8411266014009,1.16949939101987
69,23,0.075,1,0,1.58499332886083,0.587902488683702,0.931821522584348,1.14084111678016,1,0.904045221606015,1.57172335987978,76.3248955382932,18.4230685450319,1.14815362149688
70,24,0.035,1,0,1.66144403262767,0.54266148831234,0.901601691493388,0.965819884441966,1,0.90388605084743,1.50122183650461,73.7845860429126,16.9262439321789,1.22461619926505
71,24,0.05,1,0,1.64664673162604,0.555494696030147,0.914703525653645,0.947221035964751,1,0.903871159844725,1.51895863817421,74.4318379648049,17.2846348368962,1.20226443461741
72,24,0.075,1,0,1.61871226446753,0.576382851291336,0.93299799041405,1.20188581476685,1,0.903846332341144,1.5472778601638,75.4538629887969,17.8812694930846,1.16949939101987
73,25,0.035,1,0,1.58899059014261,0.515402276391787,0.81896936732463,1.02446818889943,1,0.905221464145875,1.54542441216965,75.3873999023895,17.8412424344105,1.14815362149688
74,25,0.05,1,0,1.57947983790751,0.526492593531623,0.83158443629083,1.03382672136023,1,0.905206971378101,1.5607418713135,75.9348845614719,18.1764136890643,1.13762728582343
75,25,0.075,1,0,1.56163620591501,0.545184145808094,0.851379300984766,1.11010325953798,1,0.905182807944723,1.5853066901092,76.8044416169071,18.7359856482204,1.10662378397767
76,26,0.035,1,0,1.61898676645713,0.494511660853724,0.800607834780913,0.988821967351631,1,0.904987599457558,1.51304935545085,74.2168093089683,17.163986125871,1.18032063565173
77,26,0.05,1,0,1.61137910283487,0.506568404720393,0.816273741522836,0.984843548056181,1,0.904973035015724,1.52975045922311,74.8229573855627,17.508312465792,1.16949939101987
78,26,0.075,1,0,1.59653019350315,0.52723399440791,0.841744991113497,0.963825133599821,1,0.90494875206249,1.55654748785221,75.7853704554144,18.0836298473084,1.13762728582343
79,27,0.035,1,0,1.64476999280636,0.472454487282466,0.777078963648914,0.975815856518348,1,0.904752871468324,1.47767849585829,72.9168870028091,16.4670304730949,1.22461619926505
80,27,0.05,1,0,1.6393905033984,0.485169099017053,0.795381613470916,0.967477333462341,1,0.904738234876206,1.49589662625806,73.5891792119666,16.8207795612998,1.20226443461741
81,27,0.075,1,0,1.62840372770448,0.507324569580168,0.826129220260416,0.927581165211034,1,0.904713831609476,1.52513339934005,74.6558739895859,17.4120786288291,1.18032063565173
82,28,0.035,1,0,2.64807910868266,0.625658705727778,1.65679374780316,1.01639694521461,1,0.947999890334928,1.72630513263988,81.5984056889125,22.6802352320889,1.23594743344451
83,28,0.05,1,0,2.68429040051526,0.650379487944001,1.74580741618011,1.02845031633272,1,0.947990889628566,1.72012647279696,81.3952274796264,22.4719176725164,12.3594743344451
84,28,0.075,1,0,2.77872280057609,0.701947176567629,1.95051662432848,0.978170448132982,0.994047538761874,0.947975881905298,1.67345098854723,79.8401642068806,21.0225175290341,10.0925288607668
85,29,0.035,1,0,2.67916858517352,0.599635958547716,1.60652582268145,0.98681016373121,1,0.947904115735751,1.7156133559839,81.2464260272286,22.3224263810157,1.25892541179417
86,29,0.05,1,0,2.72130499772577,0.622960724384605,1.69526613265469,0.978619793928595,1,0.947895081479419,1.71381096105683,81.1869066687797,22.2633359488258,11.8032063565173
87,29,0.075,1,0,2.83146203613292,0.670102586245338,1.89737003326816,1.07976045689366,1,0.94788001780356,1.66285951779741,79.4822870453604,20.7201871756815,9.6382902362397
88,30,0.035,1,0,2.69593683691386,0.574669486209285,1.54927263692197,0.974345332192227,1,0.947808056761441,1.70437915411092,80.8745803184738,21.9596075250719,1.29419584144999
89,30,0.05,1,0,2.74098953461059,0.596447083352474,1.63485521341814,0.959066822174259,1,0.947798988783744,1.70847146124455,81.0102723217991,22.0902773085985,11.3762728582343
90,30,0.075,1,0,2.85664237257814,0.638968394445694,1.82530419031179,1.11436328874518,1,0.947783868869194,1.65435345802937,79.1935219028885,20.4835666949054,9.28966386779936
91,31,0.035,1,0,2.40777662036534,0.527576177490903,1.27028558562431,1.01208701782041,1,0.9484362963297,1.71984491087725,81.3859538398278,22.4625263499639,1.23594743344451
92,31,0.05,1,0,2.43122570767257,0.543077585369695,1.32034418681155,1.01658378404022,1,0.948427443573858,1.73081119295451,81.7461913128965,22.8349254641887,1.21338885046498
93,31,0.075,1,0,2.48441393647838,0.571794041557306,1.42057308564027,1.04799679012509,1,0.948412682591585,1.72274264580633,81.4813331394758,22.5595987963545,9.6382902362397
94,32,0.035,1,0,2.42489762479082,0.499012478785401,1.2100541745477,0.990928479724498,1,0.948318274111022,1.70565008170897,80.9167508696928,22.0000097526254,1.25892541179417
95,32,0.05,1,0,2.45082717828921,0.513461187188694,1.2584046325587,0.987788623776313,1,0.948309380359744,1.71751241869392,81.3090802565017,22.3850613567509,1.23594743344451
96,32,0.075,1,0,2.50886081208409,0.539591014000333,1.35375874957815,0.972167536967118,1,0.948294551007586,1.7151609207498,81.2314905247802,22.3075611313761,9.1201083935591
97,33,0.035,1,0,2.43180774591288,0.47275276493952,1.14964383568165,0.982615639779255,1,0.948199814731318,1.69043922716255,80.4103005498515,21.5266427136722,1.29419584144999
98,33,0.05,1,0,2.45880567949811,0.486189386260061,1.19544522424794,0.976663660250899,1,0.948190879723962,1.70331242071754,80.8391646899702,21.9258197329796,1.27057410520854
99,33,0.075,1,0,2.51825121431247,0.509945172566301,1.28417005004787,0.948979632772496,1,0.948175981567443,1.70878103203643,81.0205258642977,22.1002306939485,8.79022516830884
100,34,0.035,1,0,2.22769598877257,0.460367429987109,1.02555867714382,1.00996096650911,1,0.948865975536586,1.71299885844047,81.1600717858205,22.236823830799,1.22461619926505
101,34,0.05,1,0,2.24411021176497,0.471485946787613,1.05806642788976,1.01246665898377,1,0.94885726724278,1.72408198741597,81.5253715734116,22.6047836086105,1.20226443461741
102,34,0.075,1,0,2.27891739549566,0.491121993822304,1.11922645503216,1.02169322159744,1,0.948842747181772,1.74144181052621,82.0935413929283,23.2096139432229,1.16949939101987
103,35,0.035,1,0,2.2360466577554,0.429896654634822,0.961268977776421,0.993165271311876,1,0.948726346095637,1.69497396804127,80.561684021129,21.6654895587763,1.25892541179417
104,35,0.05,1,0,2.25375989913577,0.44016314134288,0.992022037036214,0.991522697703967,1,0.948717589705643,1.70719604571079,80.9680117240656,22.0493723134762,1.23594743344451
105,35,0.075,1,0,2.29074978431991,0.457929310444309,1.04900146913407,0.985941600546016,1,0.948702989432993,1.72627810797016,81.5975183644656,22.6793146346547,1.20226443461741
106,36,0.035,1,0,2.23685621680309,0.402554300189924,0.900456088980646,0.987117837474209,1,0.94858609732908,1.67520319431281,79.8991902365166,21.073392118603,1.29419584144999
107,36,0.05,1,0,2.25505330803288,0.412062390869514,0.929222657646237,0.98402653740528,1,0.948577292477024,1.68872000563754,80.3528191502048,21.4744896236239,1.27057410520854
108,36,0.075,1,0,2.29250594933615,0.428224801778195,0.981707905729808,0.973677733371415,1,0.9485626113832,1.70975557995743,81.0527944139021,22.1316283514307,1.23594743344451
109,37,0.035,1,0,2.20805098329203,0.731612382182088,1.61543743986578,1.02560639449238,1,0.935846520227705,1.66851386271118,79.6735747269573,20.8804958712973,1.22461619926505
110,37,0.05,1,0,2.14375657666458,0.758669567213726,1.6264028742297,1.05643452114722,1,0.93583570089178,1.65849958023435,79.3344259264099,20.5982353539108,12.4738351424294
111,37,0.075,1,0,1.99814738725583,0.789226514395735,1.57699089769287,0.863169016764178,0.998237056811936,0.935817661109287,1.60374877541063,77.4504657193365,19.1756778086241,10.1859138805412
112,38,0.035,1,0,2.27932003830841,0.714579743614977,1.6287559285909,0.97960307468323,1,0.935729799552442,1.65626584607637,79.2585491749525,20.5363015846205,1.24738351424294
113,38,0.05,1,0,2.22663453312552,0.747024070905886,1.66334959335505,0.961776999768121,1,0.93571894063288,1.65118639524369,79.08569729084,20.396811783106,11.9124200802738
114,38,0.075,1,0,2.07105535171701,0.78880940825436,1.63366794644992,1.05316835705946,1,0.935700834836914,1.59160403269895,77.025689950005,18.8841401103367,9.72747223776965
115,39,0.035,1,0,2.33805377771182,0.693309015423246,1.62099376263198,0.960726466033167,1,0.93561273660194,1.64349047824673,78.822985407974,20.1889301059285,1.27057410520854
116,39,0.05,1,0,2.30404404010615,0.729042553239676,1.67974614977565,0.929328157659684,1,0.935601837899191,1.64502308715312,78.8753824965381,20.2300035061185,11.4815362149688
117,39,0.075,1,0,2.15682507890627,0.784836092608863,1.6927541673696,1.08977449396743,1,0.935583665758212,1.5819021836205,76.6845462430438,18.6567164479789,9.46237161365793
118,40,0.035,1,0,2.16891516731545,0.61174621128128,1.32682563619573,1.01788395475047,1,0.93637809494133,1.66102703516315,79.4201795844332,20.6687574805872,1.21338885046498
119,40,0.05,1,0,2.16626677769323,0.635064751424282,1.37571967269443,1.02642709920827,1,0.936367450020218,1.67371130580114,79.8489366560139,21.0300599783756,1.19124200802737
120,40,0.075,1,0,2.14892515931031,0.680715045926394,1.4628056885123,1.09923471463156,0.995531244416011,0.936349701104859,1.66175578810801,79.4448855611228,20.6891800625107,9.72747223776965
121,41,0.035,1,0,2.20814551612927,0.585869737465593,1.29368563382048,0.986643880607732,1,0.936234234291186,1.64485375250347,78.8695951910196,20.22545753929,1.24738351424294
122,41,0.05,1,0,2.2137212113056,0.609111041898109,1.3484020334903,0.980881522498667,1,0.936223540980211,1.65846938327832,79.3334007342053,20.5973956507165,1.22461619926505
123,41,0.075,1,0,2.21817545363508,0.655934195483607,1.45497713162161,0.940840945577345,1,0.936205711365868,1.65295970715468,79.1460914511568,20.4452996148627,9.20449571753171
124,42,0.035,1,0,2.23426556291548,0.55980516679499,1.2507534061122,0.974607607738156,1,0.936089847335262,1.62771199022549,78.2812526477547,19.7750750249653,1.27057410520854
125,42,0.05,1,0,2.24607382650037,0.582170514533104,1.30759795525306,0.963970324738606,1,0.936079105332041,1.64233718244804,78.7835303570589,20.1581270769773,1.24738351424294
126,42,0.075,1,0,2.26837903622222,0.627347251392431,1.42306135349022,0.901835136912928,1,0.936061194514656,1.64558707179604,78.8946541834621,20.2451583968837,8.87156012037961
127,43,0.035,1,0,2.06317846823382,0.527700044292189,1.08873936906968,1.01440108559091,1,0.936901581489807,1.65310318692959,79.1509756812159,20.4492325923903,1.21338885046498
128,43,0.05,1,0,2.06991827503797,0.544168806655341,1.12638495760149,1.01878328520308,1,0.936891106950821,1.66588064880343,79.5845587153531,20.8055338398039,1.19124200802737
129,43,0.075,1,0,2.0833961945548,0.57541107078451,1.19880923517715,1.03923984659701,1,0.936873642176233,1.68602197613207,80.2625134826125,21.3931733683417,1.15877735615513
130,44,0.035,1,0,2.08641469755479,0.498462663915312,1.03999982817522,0.990164377985433,1,0.936731351883819,1.63268944760203,78.4525992634687,19.9038973413338,1.24738351424294
131,44,0.05,1,0,2.09710956219482,0.514260604957949,1.07846083211741,0.987349165882122,1,0.936720820548704,1.64663779689325,78.9305438585926,20.2734507021287,1.22461619926505
132,44,0.075,1,0,2.1197050453297,0.544051428292935,1.15322855747136,0.976140629407311,1,0.936703261055911,1.66858095887642,79.6758414123905,20.882413022857,1.19124200802737
133,45,0.035,1,0,2.09936015768677,0.470804960488295,0.98838917609042,0.98160374050916,1,0.936560376469702,1.6105654485347,77.6877857627072,19.3428148281659,1.28233058265602
134,45,0.05,1,0,2.11260512460751,0.485706399605241,1.02610582886069,0.976414299935953,1,0.936549787914074,1.62582208726848,78.2160841724909,19.7265668433947,1.25892541179417
135,45,0.075,1,0,2.14088748819757,0.513444520931304,1.09922695074542,0.956573446855122,1,0.93653213299695,1.64974710162329,79.0366402089301,20.3576206910436,1.21338885046498
136,46,0.035,1,0,1.79194070839974,0.714379385046636,1.28012550130664,1.04076422412624,1,0.924005299797152,1.61510316659483,77.8453272845318,19.4555271488614,1.21338885046498
137,46,0.05,1,0,1.74966904490836,0.721527504820815,1.26243434023495,1.17330563886459,0.996918462578612,0.923992808048574,1.60022207959772,77.3273747609035,19.0902097305527,12.5892541179417
138,46,0.075,1,0,1.68378068455953,0.730424938615262,1.22987540316096,0.942459222602017,1,0.923971980089999,1.53871496554846,75.1463059195665,17.6975243557528,10.3752841581801
139,47,0.035,1,0,1.83139382815272,0.710531375875076,1.30126277648648,0.967773452463817,1,0.923868696662371,1.60171094846477,77.3793660360865,19.1262097533824,1.23594743344451
140,47,0.05,1,0,1.78569960193993,0.719119655832786,1.28413168316778,0.919543036519491,1,0.923856160050026,1.59213696334291,77.0443825947632,18.8967707803113,12.0226443461741
141,47,0.075,1,0,1.71412521912835,0.729586419793972,1.25060248170241,1.04127099191728,1,0.92383525727533,1.52539291606893,74.6652753225267,17.417466226882,9.90831944892768
142,48,0.035,1,0,1.87265247849842,0.705017381776348,1.32025254736795,0.938719163789168,1,0.923731697856326,1.58783249741145,76.893263832837,18.7951682494154,1.25892541179417
143,48,0.05,1,0,1.823835836261,0.715471439661659,1.30490245147618,0.860913369074945,1,0.923719116159424,1.58533273967777,76.8053582302415,18.7365943906254,11.6949939101987
144,48,0.075,1,0,1.74635599657615,0.728023061314629,1.27138743877253,1.0755519433029,1,0.923698138199161,1.51482469870831,74.2814752922757,17.2000997060882,9.6382902362397
145,49,0.035,1,0,1.85922062245261,0.647142934167178,1.20318148887811,1.02621843313996,1,0.924627112272802,1.6067653743259,77.5555849726985,19.2493227945533,1.20226443461741
146,49,0.05,1,0,1.82819597290758,0.662454302923715,1.21109628884044,1.04357940165765,1,0.924614818040869,1.6207976476067,78.0425357856171,19.5986646324182,1.18032063565173
147,49,0.075,1,0,1.76943053938544,0.684835337567913,1.211768560743,1.01898574767486,0.983763338161276,0.924594319466333,1.60411862883543,77.4633623079582,19.1846802290095,9.81747943019984
148,50,0.035,1,0,1.9055325833683,0.632814015611081,1.20584772595905,0.980463547499794,1,0.924458715542662,1.58918947042489,76.9409378795945,18.8270963685872,1.22461619926505
149,50,0.05,1,0,1.87647030603945,0.650702914771314,1.22102469762169,0.969195915956106,1,0.924446366443188,1.6041463034194,77.4643272121012,19.1853541434602,1.20226443461741
150,50,0.075,1,0,1.81705713541849,0.677674416082802,1.23137313323382,1.15048548356593,1,0.924425776369364,1.59438461729342,77.123166098464,18.9502025995979,9.3756200692588
151,51,0.035,1,0,1.94711643927464,0.615632288845888,1.1987077501601,0.96321781059661,1,0.924289710249932,1.57067398050124,76.2877163011431,18.399259779233,1.25892541179417
152,51,0.05,1,0,1.92218363141907,0.635791340952477,1.22210770857683,0.943122453164182,1,0.924277305946227,1.5865996289001,76.8499225829712,18.7662407412854,1.23594743344451
153,51,0.075,1,0,1.86590848955879,0.667696288836339,1.24586017378662,1.20299488145434,1,0.924256623811956,1.58622313562722,76.8366818494602,18.7574220759101,9.03649473722302
154,52,0.035,1,0,1.85355338634994,0.572666366686445,1.06146768322038,1.02044989582902,1,0.925239583874921,1.59799204727751,77.2494314024336,19.0365110895908,1.19124200802737
155,52,0.05,1,0,1.84138389295391,0.58928170805068,1.08509384561689,1.02828006939615,1,0.925227482681725,1.61210691482257,77.7413419185712,19.3809711771214,1.18032063565173
156,52,0.075,1,0,1.81389303189114,0.618072704965416,1.12111777273888,1.08901609862462,1,0.925207306021382,1.6344525304318,78.5131924324024,19.9499043796172,1.14815362149688
157,53,0.035,1,0,1.88948569167605,0.549680978285169,1.03861434345632,0.986075371374402,1,0.92504028512386,1.57585341265003,76.4710382379363,18.5172746022428,1.22461619926505
158,53,0.05,1,0,1.88192106741183,0.567331240842981,1.0676726143433,0.981129504234629,1,0.925028119503258,1.59111495593899,77.008531217021,18.8725616429091,1.20226443461741
159,53,0.075,1,0,1.86263181848624,0.599013534939312,1.11574166988188,0.955444198482365,1,0.925007835403631,1.61525425312581,77.8505667335097,19.4593003607232,1.16949939101987
160,54,0.035,1,0,1.91657972116288,0.525645724149463,1.00744193542084,0.974201144292725,1,0.924840123786046,1.55218622297117,75.6295849761325,17.9879654997722,1.25892541179417
161,54,0.05,1,0,1.91361902239088,0.543603377733977,1.04024976426767,0.965316842009325,1,0.924827893266706,1.56867206111993,76.2167362384942,18.3539810144278,1.23594743344451
162,54,0.075,1,0,1.90388333940992,0.576693979344389,1.09795805921179,0.923319221060672,1,0.924807500939319,1.5947368247289,77.1355036559418,18.9585991557723,1.20226443461741
163,55,0.035,1,0,3.05321695950114,0.621352041375007,1.89712259054683,1.01297386325222,1,0.958161342638138,1.75695028048361,82.5970037987733,23.7828064683315,1.25892541179417
164,55,0.05,1,0,3.11886981142287,0.643100321937005,2.00574617980566,1.02249793798716,1,0.958153899919422,1.72580323166717,81.581924402927,22.6631516630037,12.7057410520854
165,55,0.075,1,0,3.2961429179576,0.684115768347966,2.25494334490327,0.972878788039124,0.995462217807786,0.958141489758777,1.68182415732898,80.1217694695581,21.2679167983611,10.471285480509
166,56,0.035,1,0,3.07521196688971,0.597113619496143,1.83625094826737,0.983956035535092,1,0.958080584118266,1.74964771997087,82.3604175974861,23.5087783321881,1.28233058265602
167,56,0.05,1,0,3.1445733742029,0.617404673551112,1.94147429755726,0.973978136664811,1,0.958073112448898,1.72033408833608,81.4020647640607,22.4788481577354,12.1338885046498
168,56,0.075,1,0,3.32775915636605,0.65386046208556,2.17589013969096,1.0868101709606,1,0.958060654005044,1.67238178217396,79.8041211571052,20.9915956154411,10
169,57,0.035,1,0,3.08066105674616,0.574806617639395,1.77078436212167,0.972344973834185,1,0.957999561580214,1.74210163410966,82.1150405966315,23.2333397651377,1.29419584144999
170,57,0.05,1,0,3.15036087743218,0.593723102949736,1.87044203556048,0.95578828458127,1,0.957992060802785,1.71592105950646,81.2565818313678,22.3325487957345,11.8032063565173
171,57,0.075,1,0,3.32933043002886,0.626385344849191,2.08544378953053,1.11626006375339,1,0.957979553813605,1.66515108010869,79.5598751851471,20.7848595776459,9.72747223776965
172,58,0.035,1,0,2.73407492322912,0.530048905652546,1.44919342102967,1.00960031974153,1,0.958459302312452,1.75123977779622,82.4120696403188,23.5678777780077,1.25892541179417
173,58,0.05,1,0,2.77158179073033,0.544325784151211,1.5086434315785,1.01317017756963,1,0.958451964355045,1.76092793182786,82.7255106755062,23.9353234567001,1.22461619926505
174,58,0.075,1,0,2.8574304968295,0.569283156910278,1.6266870538868,1.03721792924154,1,0.958439728913687,1.7285053033845,81.6706060259309,22.7554682934958,9.90831944892768
175,59,0.035,1,0,2.74386666024497,0.503379301344367,1.38120568241622,0.989079643922441,1,0.958359575031324,1.74155476931464,82.0972224569951,23.2136716938996,1.28233058265602
176,59,0.05,1,0,2.78282305940869,0.516553495425616,1.43747697848857,0.985298583401506,1,0.958352201581165,1.7519032610038,82.433583377005,23.5926115220771,1.24738351424294
177,59,0.075,1,0,2.87031233779326,0.538835161383436,1.5466252117557,0.966715564530946,1,0.958339906944921,1.72180173425735,81.4503779015008,22.5279763119491,9.46237161365793
178,60,0.035,1,0,2.74229865070698,0.479809538334732,1.31578104957168,0.981430141079792,1,0.958259441130578,1.73140862318701,81.7657605543282,22.8556149081533,1.30617088813184
179,60,0.05,1,0,2.78119170139932,0.492049902455927,1.36848510538477,0.975055594114457,1,0.958252031947331,1.74246726870433,82.1269511389079,23.2465115379052,1.27057410520854
180,60,0.075,1,0,2.86694712367333,0.512229349409728,1.46853445995128,0.945551439923658,1,0.958239677716126,1.71639908680373,81.2723561361511,22.3482943949143,9.1201083935591
181,61,0.035,1,0,2.50670194810932,0.466002120755756,1.16812842392153,1.00797562616793,1,0.958753419311056,1.74517822175997,82.2151931457151,23.344718944863,1.24738351424294
182,61,0.05,1,0,2.53146676807681,0.476511230083511,1.20627234357181,1.00997779204305,1,0.958746184011922,1.75503302086774,82.5349718743345,23.7101242763672,1.22461619926505
183,61,0.075,1,0,2.58417401538116,0.49431802777839,1.27740380271938,1.01730033307089,1,0.958734119779895,1.76343156086958,82.8062660781125,24.0325443648083,9.46237161365793
184,62,0.035,1,0,2.50849260095592,0.437633958450279,1.09780154669958,0.991831756762284,1,0.958635188556597,1.7329016887879,81.814641663842,22.9075082042771,1.28233058265602
185,62,0.05,1,0,2.53391656847542,0.447260149056285,1.13331990211251,0.989871463887673,1,0.958627911479362,1.74358796236954,82.1634442861151,23.2869926443239,1.24738351424294
186,62,0.075,1,0,2.58710614652007,0.463152235786206,1.19822399597701,0.983239234432666,1,0.958615777571846,1.75882321666411,82.657544747711,23.8543280425815,9.03649473722302
187,63,0.035,1,0,2.50223135711563,0.413124427601854,1.0337328971358,0.986315106336671,1,0.958516380661946,1.71980670881576,81.3846955014822,22.4612528164756,1.30617088813184
188,63,0.05,1,0,2.52748306935842,0.422043911466329,1.06670884075695,0.98302933896045,1,0.958509061469567,1.73139129093005,81.7651929057167,22.8550140782525,1.28233058265602
189,63,0.075,1,0,2.57953787217844,0.436484445872148,1.12592815874402,0.972048350262813,1,0.958496857322785,1.74930970009432,82.3494457794879,23.4962757111506,1.23594743344451
190,64,0.035,1,0,2.75438788691676,0.754179606765025,2.07730317343323,1.02037312692817,1,0.948251833640882,1.70394418141218,80.860141444144,21.9458166447007,1.24738351424294
191,64,0.05,1,0,2.76665176818592,0.801757831258807,2.21818472150908,1.04478916737732,1,0.948242819083374,1.66516174309163,79.560236010095,20.7851614466431,12.8233058265602
192,64,0.075,1,0,2.43213708967024,0.910649405586282,2.21482419501255,0.921036915857502,1,0.948227788220359,1.61343559669435,77.7874728112288,19.4139691788207,10.5681750921366
193,65,0.035,1,0,2.81214249178818,0.73035287921284,2.05385636563427,0.975078662856923,1,0.948152946976603,1.69544095187142,80.5772541462911,21.6798952154617,1.27057410520854
194,65,0.05,1,0,2.85123090092574,0.776394203190722,2.213679143437,0.95322901043413,1,0.948143897884945,1.65881782715663,79.3452295429956,20.6070891151796,12.2461619926505
195,65,0.075,1,0,2.6962246017773,0.920422923864112,2.48166693136222,1.06045842118697,1,0.948128809428114,1.60256763044794,77.4092642429984,19.1469781288504,10.0925288607668
196,66,0.035,1,0,2.84476866077791,0.705443806615193,2.00682443299877,0.957512567887044,1,0.94805374033903,1.68668281323217,80.2846434473846,21.4130311183101,1.28233058265602
197,66,0.05,1,0,2.89948005772708,0.7483015489546,2.16968541836015,0.923303341495807,1,0.948044656528429,1.65370022847639,79.1712960233188,20.4656141466327,11.9124200802738
198,66,0.075,1,0,3.05562435599385,0.881928031258139,2.69484077254608,1.09242545931006,1,0.948029510169146,1.59427131451671,77.1191967384248,18.9475028587197,9.81747943019984
199,67,0.035,1,0,2.54471850611776,0.624752470759883,1.58981917408547,1.01424131431166,1,0.948616605845212,1.69723290952814,80.6369681312959,21.7353628541584,1.24738351424294
200,67,0.05,1,0,2.57198965053687,0.650364674763357,1.67273121256613,1.02105307666214,1,0.948607716217853,1.70860652485955,81.0147460648961,22.0946187042241,1.21338885046498
201,67,0.075,1,0,2.63896687802339,0.704790711898966,1.8599193446399,1.09316195813631,0.996835215055407,0.948592893705619,1.66853106263081,79.6741557927394,20.8809872942418,10
202,68,0.035,1,0,2.57378829135586,0.598022532071651,1.539183391013,0.983896495457932,1,0.948494476837565,1.68600685696697,80.2620070910641,21.3927194942734,1.27057410520854
203,68,0.05,1,0,2.60795386824127,0.622240842338114,1.62277541175339,0.976942516610089,1,0.948485544858798,1.69808109228763,80.6652139988903,21.7617223720303,1.23594743344451
204,68,0.075,1,0,2.69520242927448,0.672403597265494,1.81226380880286,0.930190577898292,1,0.948470651715811,1.66072632368222,79.4099823691927,20.6603419485372,9.54992586021436
205,69,0.035,1,0,2.58629836037925,0.572735849906317,1.48126578954313,0.972846373349398,1,0.948371854943281,1.67430891480712,79.8690712718705,21.0473959052219,1.29419584144999
206,69,0.05,1,0,2.62374162716772,0.595317745061101,1.56195994910843,0.961438671159924,1,0.948362880331558,1.68713071503557,80.2996385852617,21.4265120943679,1.25892541179417
207,69,0.075,1,0,2.71869644840244,0.640590705373304,1.74157167557802,0.895826022273854,1,0.948347916087497,1.65446108641227,79.1971832322898,20.4865275665098,9.20449571753171
208,70,0.035,1,0,2.3656342685145,0.540396117765709,1.27837957475876,1.01154174784026,1,0.948976722610861,1.69012997200622,80.3999643357746,21.5172418312842,1.23594743344451
209,70,0.05,1,0,2.38679021352626,0.557613916366911,1.33090743851059,1.01504808990105,1,0.948967955444129,1.70165940735637,80.7842476709758,21.8736821673521,1.21338885046498
210,70,0.075,1,0,2.435205708807,0.590367957874688,1.43766742131317,1.03119860383785,1,0.948953337162216,1.71012628923264,81.0650650030535,22.1435972549674,9.54992586021436
211,71,0.035,1,0,2.38091547909885,0.511688172383824,1.21828629010045,0.988243964670262,1,0.948831915375922,1.67595582016333,79.924528091863,21.095321152925,1.27057410520854
212,71,0.05,1,0,2.40515201760206,0.52775528262897,1.26933168281521,0.98488625445539,1,0.948823098343907,1.68837137037652,80.3411567446072,21.4639458485044,1.23594743344451
213,71,0.075,1,0,2.46020955054422,0.557632687806453,1.37189326423708,0.971632061106528,1,0.948808396900435,1.70472799340892,80.8861577632186,21.9706810306328,9.1201083935591
214,72,0.035,1,0,2.38424142913283,0.485779735508108,1.15821617083162,0.980458810889518,1,0.948686408435648,1.66093239197303,79.4169703683927,20.666108122493,1.29419584144999
215,72,0.05,1,0,2.40971406093013,0.500723792862815,1.20660116430379,0.97494774812433,1,0.948677541141629,1.67431052902235,79.8691256499179,21.0474427709299,1.27057410520854
216,72,0.075,1,0,2.46671451800099,0.527906717823713,1.30219516500601,0.95397650395281,1,0.948662755874611,1.69512730394682,80.5667969260399,21.6702174779442,1.22461619926505
217,73,0.035,1,0,2.0443219463324,0.802083977113236,1.63971787721416,1.03275292931236,1,0.93854842045513,1.65421703655409,79.1888808046935,20.4798149207451,1.23594743344451
218,73,0.05,1,0,1.95578757772553,0.808169658882348,1.58060817953678,1.16229775647332,0.998314940219109,0.938537935244244,1.60770310691103,77.5882305579697,19.2723184359572,12.9419584144999
219,73,0.075,1,0,1.83636952543243,0.81120221557804,1.48966702765078,0.95756512814302,1,0.938520452459983,1.54943969817415,75.5313093945766,17.928137564799,10.6659612123026
220,74,0.035,1,0,2.10669573381733,0.800792563026052,1.68702627619963,0.960288201772102,1,0.938432153988225,1.64476447886638,78.8665439159904,20.2230616820913,1.25892541179417
221,74,0.05,1,0,2.00539538902942,0.809291642465765,1.62294972818089,0.899966730923642,1,0.938421629213798,1.60066888300335,77.3429810943258,19.1010006519249,12.4738351424294
222,74,0.075,1,0,1.8707475047232,0.813376509477296,1.52162207550511,1.04791058456687,1,0.938404080449362,1.53748015024606,75.1018494004806,17.6712727140437,10.2801629812647
223,75,0.035,1,0,2.17705785114473,0.796166395137386,1.73330030135144,0.933268465796736,1,0.938315515125126,1.63503645421578,78.5332490362254,19.9651856650186,1.27057410520854
224,75,0.05,1,0,2.06237916544312,0.808838461076477,1.6681315903332,0.847122907362151,1,0.938304950578845,1.59501205489009,77.1451432840657,18.9651650966386,12.0226443461741
225,75,0.075,1,0,1.90913027591477,0.815000909309661,1.55594291086114,1.07845670086081,1,0.938287335486566,1.52839048311012,74.7737808644364,17.4798816323028,10
226,76,0.035,1,0,2.19663140101796,0.70663957056927,1.5522266699143,1.02096765713946,1,0.938977220922665,1.64667865951039,78.9319392315023,20.2745525215739,1.23594743344451
227,76,0.05,1,0,2.14863424130251,0.734383290868856,1.57792108500125,1.03493282839667,1,0.938966878795411,1.6594307055751,79.3660303376492,20.6241607648408,1.20226443461741
228,76,0.075,1,0,2.02315899733392,0.7718771517567,1.56163020441304,1.00486951462334,0.986606887100442,0.938949634630408,1.61174333565519,77.7287134878593,19.3719592213241,10.0925288607668
229,77,0.035,1,0,2.25728875353068,0.687307595172414,1.55145170479891,0.976381903492609,1,0.938833609193048,1.63423346519035,78.5056665029535,19.9441771053902,1.24738351424294
230,77,0.05,1,0,2.22210197823907,0.718875696623453,1.59741510757497,0.962717258722801,1,0.938823218532273,1.64769679040791,78.9666972400701,20.3020426258001,1.22461619926505
231,77,0.075,1,0,2.09975078497003,0.767668810065715,1.61191318653249,1.15887049524616,1,0.938805893429004,1.60306323559368,77.4265551599533,19.1590111803773,9.6382902362397
232,78,0.035,1,0,2.30229423086629,0.66463092665484,1.53017594809275,0.960599638552882,1,0.938689423726672,1.62133919156494,78.0612616911663,19.6123769400589,1.27057410520854
233,78,0.05,1,0,2.28298116716443,0.69773922639253,1.59292551344602,0.93899764585103,1,0.938678984214213,1.63555451507157,78.5510385775766,19.9787617418162,1.24738351424294
234,78,0.075,1,0,2.18406006988974,0.757481866298644,1.65438589784842,1.2039866694967,1,0.938661577640752,1.59613270695412,77.1843795159671,18.9919405295508,9.3756200692588
235,79,0.035,1,0,2.15480016072374,0.609087396805237,1.31246162053073,1.01641798575663,1,0.939400605067674,1.63869705861336,78.6588527218685,20.0614880501723,1.22461619926505
236,79,0.05,1,0,2.15091174906538,0.632368551490486,1.36016894714034,1.02270552235157,1,0.939390403238765,1.65160122647495,79.0998300216916,20.408134535813,1.20226443461741
237,79,0.075,1,0,2.13079575030737,0.677558936001614,1.44373970141502,1.06931369224666,1,0.939373393047817,1.65922526988342,79.3590586484363,20.6184352780657,9.6382902362397
238,80,0.035,1,0,2.18989828514582,0.583097049961332,1.27692322978391,0.983350706205412,1,0.939230304864669,1.62304518141925,78.1202202436776,19.6556890146659,1.24738351424294
239,80,0.05,1,0,2.19417828390545,0.606318359322679,1.330370577159,0.97745298263028,1,0.939220045875092,1.63684784915493,78.5954302941605,20.0127302324735,1.22461619926505
240,80,0.075,1,0,2.19532947633716,0.652843790419458,1.43320721655151,0.947389832018309,1,0.939202940357592,1.65318233316281,79.153669770203,20.4514027293441,9.20449571753171
241,81,0.035,1,0,2.21028827468465,0.557341395639221,1.23188515177775,0.972597372905569,1,0.939059190038676,1.60661372095357,77.5503040109256,19.2456084505275,1.28233058265602
242,81,0.05,1,0,2.22049535178608,0.579640893637633,1.28708991002749,0.963174186486274,1,0.939048873439873,1.62138475099347,78.0628368524059,19.6135313402756,1.25892541179417
243,81,0.075,1,0,2.2386545447103,0.624501100408615,1.39804222660633,0.919187506974196,1,0.939031671848089,1.64449309274831,78.8572674154058,20.2157817655696,1.21338885046498
244,82,0.035,1,0,2.18279333951155,0.615159411966845,1.34276586717907,1.02271493796165,1,0.930950459034115,1.69373910566888,80.5204940873543,21.6274934184008,1.21338885046498
245,82,0.05,1,0,2.18133073199606,0.638346977751628,1.39244588024643,1.06439702785893,1,0.930939034003441,1.70601921289512,80.9289940253139,22.0117743625642,1.19124200802737
246,82,0.075,1,0,2.16689150194028,0.684100747816202,1.48237209691392,0.940226538966397,1,0.93091998450424,1.6686985452777,79.679813610735,20.8857736933077,9.72747223776965
247,83,0.035,1,0,2.22864852411962,0.590218114777667,1.31538873040791,0.991341978526242,1,0.930861523419724,1.6766791870703,79.9488720714647,21.11644149141,1.23594743344451
248,83,0.05,1,0,2.23527481506407,0.613359217787723,1.37102641210829,0.981718144259811,1,0.930850067798942,1.6899528981349,80.3940452982765,21.5118629258741,1.21338885046498
249,83,0.075,1,0,2.24259336613839,0.660177496157858,1.48050967335746,1.01753844160274,1,0.930830967286593,1.65449903589713,79.1984741612604,20.4875717611817,9.28966386779936
250,84,0.035,1,0,2.26507614679917,0.564517296976987,1.27867466383812,0.97633755283217,1,0.930772441773296,1.65826424255224,79.3264357661787,20.5916929720933,1.27057410520854
251,84,0.05,1,0,2.27835403596246,0.586951749320256,1.33728388697903,0.95279991220717,1,0.930760955458219,1.67263872148767,79.8127843373428,20.9990180119767,1.24738351424294
252,84,0.075,1,0,2.30453939900246,0.632441427752338,1.45748618781663,1.04261345325628,1,0.930741803757633,1.64256986359921,78.7914923382453,20.1643344664294,8.95364765549594
253,85,0.035,1,0,2.047880588242,0.516475340919544,1.05767982497481,1.01553145292256,1,0.931653616155538,1.68889457038721,80.3586578665804,21.479773047739,1.19124200802737
254,85,0.05,1,0,2.05552389903959,0.531554087530932,1.09262213055201,1.0243095664136,1,0.931642415382912,1.70117089007984,80.7680093908915,21.8583247301833,1.16949939101987
255,85,0.075,1,0,2.07140445241246,0.55986867542772,1.15971446704724,1.0352662980465,0.994957404264916,0.931623739866796,1.72034667666054,81.4024793056235,22.4792685258735,9.3756200692588
256,86,0.035,1,0,2.07716087023451,0.487537925157582,1.01269470089265,0.994197096362853,1,0.931544253837732,1.66647904404809,79.6047976388583,20.8225216038541,1.23594743344451
257,86,0.05,1,0,2.0882954721971,0.502050335679491,1.04842944281452,0.991272575619964,1,0.931533015839737,1.6800052007066,80.0606932495469,21.2141102483044,1.21338885046498
258,86,0.075,1,0,2.11194015646789,0.529079381598627,1.11738399195734,0.959675115811275,1,0.931514278245078,1.70127169271531,80.771360384023,21.8614917551812,1.18032063565173
259,87,0.035,1,0,2.09897843543779,0.45920129568322,0.963853617164171,0.984266035737274,1,0.93143466617255,1.64148408923383,78.7543310822447,20.1353996502652,1.27057410520854
260,87,0.05,1,0,2.11268587140588,0.472962116733751,0.999220381733617,0.976522538626524,1,0.931423390791351,1.65651369195572,79.2669722521612,20.543155479619,1.24738351424294
261,87,0.075,1,0,2.14185194709083,0.498249558628866,1.06717678728638,0.917049851149315,1,0.931404590852947,1.68004692680893,80.0620949257144,21.2153414143206,1.21338885046498
262,88,0.035,1,0,1.9251058219007,0.449378577086317,0.865101314986323,1.01240362262444,1,0.932343307848236,1.68385408097732,80.1898648766814,21.3282967838476,1.18032063565173
263,88,0.05,1,0,1.93263315408775,0.460208563479198,0.889414327574997,1.01670095469262,1,0.932332324962022,1.69607496975165,80.598387763653,21.6994860621072,1.15877735615513
264,88,0.075,1,0,1.94826354367278,0.479688243646373,0.934559117424655,1.04238953804078,1,0.932314012800055,1.71538404934267,81.2388567204433,22.314889535942,1.13762728582343
265,89,0.035,1,0,1.94508650879618,0.417684130234752,0.812431766657882,0.995567541436583,1,0.932214195675936,1.65559210688228,79.2356468697292,20.5176926980594,1.22461619926505
266,89,0.05,1,0,1.95457485763707,0.427935853477478,0.836432659888542,0.99412417467937,1,0.932203169292924,1.66938264744912,79.7029187804119,20.9053471787319,1.20226443461741
267,89,0.075,1,0,1.97407352897483,0.446158785929089,0.880750249022161,0.987343625850643,1,0.932184784593941,1.69111972458783,80.4330392206079,21.5473591255829,1.16949939101987
268,90,0.035,1,0,1.95898284770141,0.387404918697756,0.758919590844062,0.988129437726797,1,0.932084763134051,1.62308565914983,78.121618545635,19.656718803781,1.27057410520854
269,90,0.05,1,0,1.96982995280217,0.397020572169121,0.782063014937388,0.98428587949438,1,0.932073693032926,1.63879545293413,78.6622257460787,20.0640886899696,1.24738351424294
270,90,0.075,1,0,1.991875262316,0.413880886686502,0.824399099736254,0.967138807599421,1,0.932055235426603,1.66346763128356,79.5028851854933,20.7373103263976,1.21338885046498
271,91,0.035,1,0,1.80760736295738,0.651645875493962,1.17791988258369,1.03511823448931,1,0.915172372178635,1.63185840430016,78.4240200313094,19.882280357314,1.19124200802737
272,91,0.05,1,0,1.77657759127541,0.664611169868773,1.1807333113002,1.10405448088244,0.99549529957465,0.915158811301609,1.64588035682663,78.904673798046,20.2530478963191,1.16949939101987
273,91,0.075,1,0,1.72103941493265,0.683240812515091,1.17588436822908,0.952766911284303,1,0.915136201095909,1.5983113275099,77.2605959809586,19.0441830213778,9.90831944892768
274,92,0.035,1,0,1.85587271162831,0.640674382523386,1.18901010356447,0.986905077311613,1,0.915064754439974,1.61277303129022,77.764472753887,19.3975016374868,1.22461619926505
275,92,0.05,1,0,1.82494310617444,0.656029439250817,1.19721640260827,0.96553824475366,1,0.915051158085718,1.62775336533162,78.2826786882596,19.7761394699671,1.20226443461741
276,92,0.075,1,0,1.76664738804371,0.678416515327579,1.19852276480918,1.01630377684734,1,0.915028488717411,1.58200873287022,76.6883015644304,18.6591886386191,9.46237161365793
277,93,0.035,1,0,1.90380669355678,0.627244886410439,1.19415301324746,0.964602417881477,1,0.914956962536873,1.5923590290293,77.0521701587842,18.9020381445306,1.24738351424294
278,93,0.05,1,0,1.87460425084769,0.645120201911555,1.20934507281112,0.918618051856771,1,0.914943330585817,1.60842620304037,77.6133937296569,19.2900841106222,1.22461619926505
279,93,0.075,1,0,1.81539876674646,0.671963203461084,1.21988117086226,1.04132895212908,1,0.914920601856368,1.56840498837871,76.2072616878608,18.3479544270036,9.1201083935591
280,94,0.035,1,0,1.80855944143556,0.568438725095067,1.02805522314828,1.02242638589929,1,0.916021633445319,1.6263331290793,78.2337120913163,19.7396620460859,1.18032063565173
281,94,0.05,1,0,1.79649324405717,0.583786348676686,1.04876823137047,1.03897966975185,1,0.916008331845706,1.64028657889097,78.7133226451345,20.1035786523703,1.15877735615513
282,94,0.075,1,0,1.77046497225356,0.610150018854087,1.08024923620101,0.987189132941421,0.991660126747451,0.915986154005789,1.65896590724472,79.3502558829286,20.6112113176548,9.46237161365793
283,95,0.035,1,0,1.84988598287477,0.54699872274553,1.01188526985736,0.991672369846843,1,0.915889260746873,1.60130220418375,77.3650964534275,19.1163146428211,1.21338885046498
284,95,0.05,1,0,1.84165184200815,0.563547981625081,1.03785917841981,0.986511274581082,1,0.915875915944624,1.61652396789253,77.8945832054393,19.4910624530435,1.19124200802737
285,95,0.075,1,0,1.82206538432566,0.592897470840175,1.08029795807211,1.06459517007997,1,0.915853666059145,1.64062921226605,78.7250584973245,20.1126735585618,1.15877735615513
286,96,0.035,1,0,1.88586456503579,0.52389357228696,0.987992323825992,0.977548944994334,1,0.915756619198692,1.57390340312393,76.4020733327597,18.4726948885818,1.24738351424294
287,96,0.05,1,0,1.88189450081981,0.541106803043537,1.01830591700382,0.964294442270583,1,0.915743231012898,1.59055835799162,76.988998600822,18.8593995912633,1.22461619926505
288,96,0.075,1,0,1.87060133485375,0.572483132340927,1.0708877115382,1.11106895831361,1,0.915720908781082,1.61687204563194,77.906645045499,19.49978608331,1.19124200802737
289,97,0.035,1,0,1.75791120849479,0.498175922936921,0.875749038733048,1.01746919638654,1,0.91685490872952,1.6205739292105,78.0347984382415,19.5930050282846,1.15877735615513
290,97,0.05,1,0,1.75562167976435,0.511141429555191,0.897370975152838,1.02467695433243,1,0.916841859234957,1.63442735744707,78.5123276621322,19.9492460964065,1.14815362149688
291,97,0.075,1,0,1.75048808970249,0.534439427315826,0.935529852183774,1.12899846741109,0.999496661587049,0.916820101798337,1.65652971432702,79.2675167394215,20.5435987141974,1.11686324778056
292,98,0.035,1,0,1.78873890255079,0.470835832374704,0.842202370083519,0.993779162516178,1,0.916698587215594,1.58916027684819,76.9399125637195,18.8264084928541,1.20226443461741
293,98,0.05,1,0,1.78957290612168,0.483986110351253,0.866128430023818,0.991418054529001,1,0.916685487205325,1.60463476507102,77.4813558080577,19.1972557696797,1.18032063565173
294,98,0.075,1,0,1.7907278974892,0.507863739131708,0.909445765786326,0.977576499615674,1,0.916663645528248,1.62911362859986,78.3295456393354,19.8111938254726,1.15877735615513
295,99,0.035,1,0,1.81343992382503,0.443207430985016,0.803730049884153,0.983420441094365,1,0.916541883356695,1.55386736120343,75.6896746495165,18.0247443547805,1.24738351424294
296,99,0.05,1,0,1.8170513744774,0.456184696842541,0.828911030413295,0.977242097432763,1,0.916528732578149,1.57110489064994,76.3029856285764,18.4090302489582,1.22461619926505
297,99,0.075,1,0,1.82398712253365,0.479822862295061,0.875190721923426,0.945075709039087,1,0.916506806240919,1.59845742316212,77.2657040682432,19.0476953362399,1.20226443461741
298,100,0.035,1,0,1.57844234992986,0.626230341914891,0.988468492489523,1.05537506916291,1,0.899926990079922,1.57582346905924,76.4699797336786,18.5165886893252,1.18032063565173
299,100,0.05,1,0,1.55636164909501,0.633141077228953,0.985396491065846,1.05400390154123,0.987648455356501,0.899911523855954,1.59108453297898,77.0074637250514,18.8718418112971,1.15877735615513
300,100,0.075,1,0,1.52010699259134,0.643531187745729,0.978236258442895,0.957596987844292,1,0.899885737371019,1.53276901826516,74.9319927480927,17.5716722049507,10
301,101,0.035,1,0,1.60845616807505,0.620291355153673,0.997711456200554,0.980103515846069,1,0.899801907721644,1.55530106657178,75.7408815671706,18.0562059059276,1.20226443461741
302,101,0.05,1,0,1.58526250403645,0.628175178503864,0.995822556448579,0.924356865698643,1,0.899786401955345,1.57151372681434,76.317469808443,18.4183082008001,1.18032063565173
303,101,0.075,1,0,1.54689828521853,0.639954192789596,0.989944043444633,1.01554953618866,1,0.899760549531819,1.51485263131329,74.2824922819194,17.2006688133936,9.54992586021436
304,102,0.035,1,0,1.63933710725297,0.613448759541097,1.00564931491402,0.94703853739179,1,0.899676625833542,1.53364767899319,74.9637015870485,17.5901820720171,1.22461619926505
305,102,0.05,1,0,1.61518453995761,0.622449947901133,1.00537153274733,0.851230915626409,1,0.899661080394978,1.55087110483392,75.5825440002206,17.9592782227098,1.20226443461741
306,102,0.075,1,0,1.57479543826922,0.635844223483467,1.0013245825916,1.04046219756493,1,0.899635161816175,1.50000629734775,73.7400262106657,16.9020858251144,9.28966386779936
307,103,0.035,1,0,1.59956820044636,0.572885302975223,0.916369113142246,1.0318116588315,1,0.900912279889743,1.56971770613334,76.2538192421822,18.3776079635083,1.15877735615513
308,103,0.05,1,0,1.58294480975309,0.58294826779269,0.922774934856992,1.06600333786676,1,0.90089710176332,1.5849346927764,76.7913507762065,18.7272962721373,1.14815362149688
309,103,0.075,1,0,1.55356961023788,0.598915120509903,0.930456330336146,0.916726319570642,0.990134940119232,0.900871795686797,1.60102089847932,77.3552741978974,19.1095098762703,9.54992586021436
310,104,0.035,1,0,1.63445118703291,0.559850407912573,0.915048163773566,0.988262997946801,1,0.900758383190799,1.54298881815797,75.2999708828326,17.7888591091249,1.19124200802737
311,104,0.05,1,0,1.61828341000945,0.571297227604353,0.924520825616519,0.978814380827689,1,0.900743156879778,1.55941577762709,75.8876471404432,18.1469956095261,1.16949939101987
312,104,0.075,1,0,1.5888766874881,0.589630160239086,0.936849615843757,1.04163188734982,1,0.900717770453058,1.58553934166264,76.812627579453,18.7414235915244,1.14815362149688
313,105,0.035,1,0,1.66847884362481,0.545183336242182,0.909626862416868,0.968567807842877,1,0.900604178385036,1.51417097013084,74.2576699843839,17.1867885009918,1.22461619926505
314,105,0.05,1,0,1.6533811314194,0.558011103660114,0.922605029914146,0.945320757795159,1,0.900588903691731,1.53187501505805,74.8997164254393,17.5528701083973,1.20226443461741
315,105,0.075,1,0,1.62489990969943,0.578857809307031,0.940586002071805,1.0891710136321,1,0.900563436585735,1.56008424560339,75.9114627568029,18.1618151973952,1.18032063565173
316,106,0.035,1,0,1.59150575838889,0.517722774027617,0.823958776114023,1.02397558291502,1,0.901879333983934,1.56332753403758,76.0269023643715,18.2339986997772,1.14815362149688
317,106,0.05,1,0,1.58191669703133,0.528729446216111,0.836405939181395,1.03616876637066,1,0.901864436196627,1.57848069416965,76.5638525255567,18.577624163785,1.13762728582343
318,106,0.075,1,0,1.56394217124834,0.547274334489942,0.855905410950689,1.08621944813681,0.992050248934361,0.901839597589262,1.60262899144577,77.4114052626087,19.1484672195896,1.10662378397767
319,107,0.035,1,0,1.62420121525531,0.497517595745047,0.808068683620006,0.991486260531586,1,0.901697545368442,1.52998995412188,74.8316141418141,17.5133265781656,1.18032063565173
320,107,0.05,1,0,1.61641570031222,0.509542999188008,0.82363330387167,0.987609070238459,1,0.901682591202839,1.54655313849058,75.4278821760745,17.8656014202431,1.16949939101987
321,107,0.075,1,0,1.60123277645265,0.530142475342928,0.848881507708836,0.955492093592665,1,0.901657658582225,1.5730421578997,76.3715933362804,18.4530629120116,1.13762728582343
322,108,0.035,1,0,1.65369887975807,0.475911564104539,0.787014420423585,0.977433629480055,1,0.901515318434168,1.49321774012918,73.4906894890354,16.768085064413,1.22461619926505
323,108,0.05,1,0,1.64810977375073,0.488695371273932,0.805423617783309,0.967500006821521,1,0.901500307614288,1.5113671935768,74.1554864241008,17.1298725086539,1.20226443461741
324,108,0.075,1,0,1.63667901793545,0.510965965550571,0.836287274695746,0.903899367113275,1,0.901475280521,1.54043481567455,75.2081807431176,17.7341896557824,1.18032063565173
325,109,0.035,1,0,2.64634586408265,0.626418025652326,1.65771875137185,1.02014848341639,1,0.945476161626056,1.73426505344267,81.8592449875179,22.9551293710338,1.23594743344451
326,109,0.05,1,0,2.68197916426678,0.650997910367597,1.74596283158711,1.05607924860447,1,0.945466772499834,1.72339987281575,81.502946840952,22.5817460822325,12.4738351424294
327,109,0.075,1,0,2.77480050192914,0.702262895900281,1.94863943603031,0.951547889022246,1,0.94545111718331,1.67741002374932,79.9734586337457,21.1378237394266,10.0925288607668
328,110,0.035,1,0,2.68124132510103,0.601072668244081,1.61162087748477,0.98899715707132,1,0.945399816765992,1.72313696273708,81.4943015694233,22.572880679053,1.25892541179417
329,110,0.05,1,0,2.72272986137097,0.624355188111569,1.69995051477326,0.976818772223145,1,0.945390400666456,1.71468706006568,81.2158441585506,22.2920152816604,11.8032063565173
330,110,0.075,1,0,2.83101593612894,0.671456642541343,1.90090445545417,1.02143102385069,1,0.945374700364986,1.66437854603217,79.5337283507877,20.7630123459709,9.6382902362397
331,111,0.035,1,0,2.70435718686847,0.576293718643863,1.55850405976169,0.974525367407577,1,0.945323314639648,1.71133365372236,81.1050135608109,22.1826768893107,1.29419584144999
332,111,0.05,1,0,2.74926497714221,0.598124205546174,1.6444019302891,0.949120160136926,1,0.945313871463587,1.70742826401359,80.9757082057019,22.0568077577615,11.3762728582343
333,111,0.075,1,0,2.86460841604071,0.640821974089151,1.8357040201596,1.04448889718581,1,0.945298126005193,1.65374803445342,79.1729228447802,20.4669269464771,9.3756200692588
334,112,0.035,1,0,2.40743067924427,0.529483039702122,1.2746937139184,1.01372667877464,1,0.945932269932917,1.72943010496805,81.7009306682916,22.7872599816714,1.22461619926505
335,112,0.05,1,0,2.43055345061244,0.544914640315046,1.32444415930697,1.02148017023015,1,0.945923033954077,1.74020444037359,82.0532048935257,23.165272351043,1.20226443461741
336,112,0.075,1,0,2.48302506006361,0.573518626007237,1.42406112078922,1.03289220744621,0.995528015705151,0.945907634043099,1.7262368698205,81.5961643336314,22.6779100162304,9.6382902362397
337,113,0.035,1,0,2.4296384730457,0.501503358482309,1.21847185413025,0.992679856571962,1,0.945838159227159,1.71472673398584,81.2171542889304,22.2933159410759,1.25892541179417
338,113,0.05,1,0,2.45537565818415,0.515973319317282,1.26690832852413,0.988986091606909,1,0.945828890279566,1.72642671003174,81.6023973982804,22.6843778172388,1.23594743344451
339,113,0.075,1,0,2.51304264546487,0.542182543950197,1.36252785457348,0.951300989062172,1,0.94581343538599,1.716126574147,81.2633640149296,22.3393151802691,9.20449571753171
340,114,0.035,1,0,2.44300762941489,0.475059228116437,1.16057331871241,0.98318817042133,1,0.945743806261472,1.69881542640286,80.6896589762202,21.7845987263569,1.29419584144999
341,114,0.05,1,0,2.47016820283229,0.488565027009822,1.20683779473556,0.974883146214202,1,0.94573450418895,1.71156441129018,81.1126460182861,22.1901631377725,1.27057410520854
342,114,0.075,1,0,2.53008473687335,0.512473669542374,1.29660180935864,0.912197182135109,1,0.945718994051446,1.70760236357473,80.9814778614034,22.0623858526866,8.79022516830884
343,115,0.035,1,0,2.22854863787876,0.463248685633547,1.03237222736777,1.01094146187914,1,0.946381274183523,1.72438134464289,81.5352106484581,22.6149106597084,1.21338885046498
344,115,0.05,1,0,2.24475349906076,0.474327319082128,1.06474790920972,1.01473142253515,1,0.946372187747109,1.7352157198098,81.890328823481,22.9884698098644,1.20226443461741
345,115,0.075,1,0,2.27914936127765,0.493909676774313,1.12569392434903,1.03702420267085,1,0.946357037229097,1.75217514187421,82.4423971912361,23.6027647140358,1.15877735615513
346,116,0.035,1,0,2.24272772033247,0.433121508828545,0.971373614122002,0.994441023921277,1,0.946269896769727,1.7058059662158,80.9219214399944,22.0049763026444,1.25892541179417
347,116,0.05,1,0,2.26040382425539,0.443419142255174,1.00230632490164,0.992629372704419,1,0.946260771644417,1.71779639146217,81.3184440855853,22.394460775454,1.23594743344451
348,116,0.075,1,0,2.29737403800598,0.461263601148664,1.05969502195609,0.984169338702449,1,0.946245556603166,1.73652140791581,81.9329969326192,23.0344428147964,1.19124200802737
349,117,0.035,1,0,2.24996645687606,0.405219096661399,0.911729375173765,0.987386094489034,1,0.946158175459868,1.68517968176226,80.2342964686554,21.367918288474,1.29419584144999
350,117,0.05,1,0,2.26839162894314,0.414782796209826,0.940889822751998,0.983291518218386,1,0.946149011424925,1.6985221727695,80.6798980264848,21.7754570006537,1.27057410520854
351,117,0.075,1,0,2.30638116235021,0.431049356183422,0.994164115144632,0.965052589012466,1,0.94613373149384,1.71927844098513,81.3672924419163,22.4436585118951,1.23594743344451
352,118,0.035,1,0,2.20866175067251,0.731268965232892,1.61512579296376,1.03127167266436,1,0.932775186074207,1.67787497630692,79.9890958076658,21.1514499695766,1.22461619926505
353,118,0.05,1,0,2.14491699269769,0.758119403821744,1.6261031917511,1.09999322563382,0.996123706332022,0.932763920992534,1.66236335210811,79.4654762607636,20.7062369930706,12.5892541179417
354,118,0.075,1,0,2.00045846241307,0.788622416472665,1.57760638668139,0.960085094465156,1,0.932745138068617,1.6083687817182,77.611395837969,19.2886722635722,10.2801629812647
355,119,0.035,1,0,2.28233311698724,0.714727212131192,1.63124558585898,0.983298561449125,1,0.93268222248557,1.66508007770226,79.5574724846879,20.7828497225429,1.24738351424294
356,119,0.05,1,0,2.22994332308354,0.746924088898461,1.66559838488938,0.956409418987953,1,0.932670925647783,1.65220494751624,79.1203928269467,20.4246348150709,11.9124200802738
357,119,0.075,1,0,2.07534747929815,0.788643910505193,1.63671015173079,1.02004815616354,1,0.932652089765536,1.59332545011876,77.0860515171832,18.9249911740694,9.81747943019984
358,120,0.035,1,0,2.34599197907028,0.694171008844681,1.62851961885275,0.961766372435755,1,0.932589069769386,1.65163735566052,79.1010607572128,20.4091212534227,1.27057410520854
359,120,0.05,1,0,2.31184495012703,0.729842440694936,1.68728256090897,0.912070137530084,1,0.932577741056671,1.64376314292071,78.8323101942778,20.1962257607782,11.5877735615513
360,120,0.075,1,0,2.16399453832302,0.78567688762396,1.70020049370488,1.04327378381171,1,0.932558852016531,1.58114875316225,76.6579860792933,18.6392509689816,9.46237161365793
361,121,0.035,1,0,2.16938923335559,0.612865502091954,1.32954382173335,1.0198663426592,1,0.933330031100345,1.67225111947943,79.7997152045221,20.9878230986927,1.21338885046498
362,121,0.05,1,0,2.16648802157875,0.636014552207412,1.37791790890713,1.03452693439845,1,0.933318946022804,1.68475658709993,80.2201183013015,21.3552556652931,1.19124200802737
363,121,0.075,1,0,2.14872526760738,0.681288279288007,1.4639013402309,0.982985065716113,0.992657007588814,0.933300463285249,1.66588044087352,79.5845516817126,20.8055279417167,9.72747223776965
364,122,0.035,1,0,2.21248596485537,0.587687718130779,1.30025082808223,0.989475094327048,1,0.933215412533448,1.65543764893089,79.2303953379983,20.5134311680647,1.24738351424294
365,122,0.05,1,0,2.21770113329515,0.610856272019559,1.35469664673823,0.982939061430727,1,0.933204288624912,1.6689068307683,79.6868491604457,20.8917292473523,1.22461619926505
366,122,0.075,1,0,2.22130741795846,0.657489585422121,1.46048649332859,1.07184907304639,1,0.933185741129132,1.6540677497884,79.1838016692477,20.4757108691237,9.28966386779936
367,123,0.035,1,0,2.24460097456428,0.561908900685219,1.26126126609439,0.975973033862652,1,0.93310050255355,1.63743177665428,78.6154634951327,20.0281023606102,1.28233058265602
368,123,0.05,1,0,2.25635185082113,0.584354950089854,1.31851037317173,0.961721803667976,1,0.933089339631827,1.6519727617665,79.1124852760176,20.4182858900564,1.24738351424294
369,123,0.075,1,0,2.27845845497099,0.629741329401826,1.43483945642026,1.1127654931288,1,0.933070727075523,1.64416203625365,78.8459495940134,20.206907982157,8.95364765549594
370,124,0.035,1,0,2.06455140221564,0.529978917259737,1.09416871677332,1.01543182850464,1,0.933876351327041,1.66637859910775,79.601400806113,20.819668151738,1.20226443461741
371,124,0.05,1,0,2.07106388667429,0.546356280470444,1.13153876174003,1.02180300036669,1,0.933865442104558,1.67893492215292,80.0247302740974,21.1825807094465,1.19124200802737
372,124,0.075,1,0,2.08407041273883,0.577426818194197,1.20339814732045,1.11059356567326,1,0.933847252632401,1.69868328657796,80.685260875819,21.7804784613882,1.15877735615513
373,125,0.035,1,0,2.09270723051918,0.501329082054462,1.04913499488491,0.992190461065318,1,0.933740677851155,1.64523268926812,78.8825453467182,20.2356332071169,1.23594743344451
374,125,0.05,1,0,2.10324381833044,0.517140793329434,1.08767317677663,0.989222624707412,1,0.933729723038608,1.65899022541419,79.3510812890356,20.6118884336302,1.22461619926505
375,125,0.075,1,0,2.12550809187253,0.546981143985859,1.16261284764364,0.972057425933506,1,0.933711457537378,1.68058617067686,80.080206781612,21.2312654916758,1.18032063565173
376,126,0.035,1,0,2.11187991265256,0.473524976585133,1.00002788618941,0.982369200871656,1,0.933604590598161,1.62204126748025,78.0855312054514,19.6301802038493,1.28233058265602
377,126,0.05,1,0,2.12527080484332,0.488525656655879,1.03824931550765,0.97578001128887,1,0.933593589940865,1.63715808773134,78.6060745755548,20.0208946158951,1.25892541179417
378,126,0.075,1,0,2.15392265010957,0.516488712073573,1.11247673546119,0.941647329204276,1,0.933575247985576,1.66086560182614,79.4147055196059,20.664238861787,1.21338885046498
379,127,0.035,1,0,1.79510540948263,0.714136977419805,1.28195115127787,1.04959861355807,1,0.920415724282392,1.62565232139015,78.2102272783664,19.7222202228393,1.21338885046498
380,127,0.05,1,0,1.75290491821684,0.721269187679446,1.26431630644156,1.04698273558449,0.988600881634962,0.920402741609177,1.60458300702934,77.4795516278419,19.1959940377863,12.7057410520854
381,127,0.075,1,0,1.68707235783812,0.730149842082622,1.23181561565746,0.963762614375027,1,0.920381095219478,1.5438671979846,75.3315134189911,17.8077226792144,10.3752841581801
382,128,0.035,1,0,1.83625895774646,0.710714546977345,1.30505595328787,0.974478146839963,1,0.920307014015491,1.6116010629589,77.723771227453,19.3684347899756,1.23594743344451
383,128,0.05,1,0,1.79047078166612,0.719285259683565,1.28785924114655,0.905887094444399,1,0.920293995426967,1.59324801518438,77.0833373457726,18.9231502705815,12.1338885046498
384,128,0.075,1,0,1.71870683789177,0.729721231117484,1.25417686967642,1.01919028967785,1,0.920272289144114,1.52728103593304,74.7336395254541,17.456740763838,9.90831944892768
385,129,0.035,1,0,1.87985430867346,0.705866523409189,1.32692622537912,0.942499439209405,1,0.920198085301529,1.59692783980994,77.2122056821844,19.0109784474642,1.25892541179417
386,129,0.05,1,0,1.83060642127136,0.716296478299514,1.31125693270915,0.838598528028894,1,0.92018503066583,1.58386657796631,76.7537499082753,18.7023847061388,11.6949939101987
387,129,0.075,1,0,1.75247975141631,0.72877282674895,1.27715962225996,1.04244912972898,1,0.920163264268029,1.51390835408236,74.2481047998119,17.1814454651733,9.6382902362397
388,130,0.035,1,0,1.86134894169042,0.647717781828094,1.20562880771979,1.02827268636017,1,0.921063929095358,1.61938492961346,77.9936624290196,19.562975872818,1.20226443461741
389,130,0.05,1,0,1.83037361649176,0.662904956236525,1.21336374213696,1.05862325713588,1,0.921051149675988,1.633261303871,78.4722584052335,19.9187979362284,1.18032063565173
390,130,0.075,1,0,1.77174618062408,0.685114069509533,1.21384823594533,0.90777345295259,0.992359174317399,0.921029842234308,1.60879149205451,77.6261021197162,19.2990699804795,9.81747943019984
391,131,0.035,1,0,1.91023731414809,0.634026401038588,1.21114088941893,0.985125576901564,1,0.920929870902991,1.6010233022244,77.3553581343563,19.1095680046314,1.22461619926505
392,131,0.05,1,0,1.88099530616461,0.65181193016956,1.22605518115104,0.973109859870882,1,0.920917047546499,1.61586273090113,77.8716638919493,19.4745098081691,1.21338885046498
393,131,0.075,1,0,1.82131698997228,0.678610657553179,1.23596512017787,1.04885332968664,1,0.920895666834478,1.59558991229247,77.1653778845972,18.9789634620947,9.3756200692588
394,132,0.035,1,0,1.95603530587385,0.617555888915854,1.20796112206972,0.966286672286906,1,0.92079547603724,1.58147942006569,76.669644050171,18.6469128302953,1.25892541179417
395,132,0.05,1,0,1.93063811609063,0.637744718754079,1.23125426236212,0.9411977700623,1,0.920782608542487,1.59735177194831,77.2270370410131,19.0211423151121,1.23594743344451
396,132,0.075,1,0,1.87335132945944,0.669629649037826,1.25445159327047,1.09145373278203,1,0.920761154223434,1.58458453248454,76.7790262299092,18.7191232703955,9.03649473722302
397,133,0.035,1,0,1.85570932381998,0.574394022516469,1.06590834313027,1.02122118676664,1,0.921702307809911,1.61283903447473,77.7667642986908,19.3991409658828,1.19124200802737
398,133,0.05,1,0,1.84340493001231,0.590877930799159,1.08922729067064,1.03203686908412,1,0.921689727055837,1.62675337508104,78.2482047882406,19.7504426913935,1.16949939101987
399,133,0.075,1,0,1.81571115484159,0.619424084128904,1.12469521913039,1.08148456624635,0.992969781995091,0.921668750908811,1.64876616240622,79.0031858751452,20.3309936578021,1.14815362149688
400,134,0.035,1,0,1.89536885370081,0.552124222483094,1.04647905466823,0.989297321577379,1,0.921543594592047,1.5898041203181,76.9625217879774,18.8415891606098,1.22461619926505
401,134,0.05,1,0,1.8875368985621,0.569733018733237,1.07539209518816,0.984412596351832,1,0.921530962230702,1.60489237429862,77.4903348645735,19.2035378281472,1.20226443461741
402,134,0.075,1,0,1.86769181431174,0.601316357394213,1.12307363851693,0.945319611309599,1,0.921509900022612,1.62875363244321,78.3171452523819,19.8019054112914,1.16949939101987
403,135,0.035,1,0,1.92783273702262,0.528436012931302,1.01873624515067,0.975979015199241,1,0.921384403214091,1.56487116663541,76.0817817025427,18.2685195375405,1.25892541179417
404,135,0.05,1,0,1.9246909915215,0.54651382708762,1.05187023973748,0.965367864543658,1,0.92137171896234,1.58127051714642,76.6622792005684,18.6420717328073,1.23594743344451
405,135,0.075,1,0,1.91442915822176,0.579848569996534,1.11007900975455,0.898293524731838,1,0.921350570220667,1.60716885534774,77.5696333190763,19.2592112024448,1.20226443461741
406,136,0.035,1,0,3.049399622052,0.62217331767781,1.89725507977755,1.01747255508937,1,0.955567350985528,1.76379874818956,82.8181013987556,24.0468839707395,15.1356124843621
407,136,0.05,1,0,3.11399919600372,0.643808959432237,2.00482058205198,1.04780114921892,1,0.955559488109827,1.72913922609388,81.6913941203605,22.7772496578696,12.8233058265602
408,136,0.075,1,0,3.28818534372161,0.684661105469437,2.25129261242084,0.961005291511111,1,0.955546377419107,1.68594839629147,80.2600490114671,21.3909647055201,10.471285480509
409,137,0.035,1,0,3.07629894999955,0.598686023837832,1.84173718651173,0.98657342636462,1,0.955501581033943,1.75610361234733,82.5696175675047,23.7506439153925,1.28233058265602
410,137,0.05,1,0,3.14466464541214,0.619010958371933,1.9465818759149,0.971777517178583,1,0.955493694458909,1.72128474032558,81.433363082885,22.5106431010542,12.2461619926505
411,137,0.075,1,0,3.32518742008923,0.655731138647468,2.18042893319135,1.02517891848528,1,0.955480544243568,1.67404673731942,79.8602387288642,21.0397868820178,10.0925288607668
412,138,0.035,1,0,3.08965610909168,0.576391300006561,1.78085090129257,0.972668930724237,1,0.955435656626765,1.74806896015486,82.3091567313689,23.4505178717379,1.30617088813184
413,138,0.05,1,0,3.15911354341708,0.595413459727557,1.88097872455815,0.945343363977091,1,0.955427746255833,1.71494971368378,81.2245171489238,22.3006291574839,11.8032063565173
414,138,0.075,1,0,3.33777149049572,0.628435853136282,2.09757527420363,1.04630496814925,1,0.955414556353104,1.66463929174069,79.5425545409792,20.7703811112931,9.72747223776965
415,139,0.035,1,0,2.73255153379024,0.532020635892951,1.45377380461734,1.01187323463649,1,0.955882774243304,1.75933136700843,82.6739605479887,23.873822344233,1.24738351424294
416,139,0.05,1,0,2.76952692497011,0.546251238878221,1.51285751387151,1.01857503416548,1,0.955875021130062,1.76886356076433,82.9811325653425,24.2468399411049,1.22461619926505
417,139,0.075,1,0,2.85419380100615,0.571170362861409,1.63023090899747,1.03047323666781,0.996123127317339,0.955862093496535,1.73209635819375,81.7882806292015,22.8794846170111,9.90831944892768
418,140,0.035,1,0,2.74866059886999,0.505885851543319,1.39050850766291,0.991134908152538,1,0.955801543331694,1.74915480218496,82.3444173200234,23.4905516292125,1.28233058265602
419,140,0.05,1,0,2.78734383651138,0.519115144371458,1.4469523981035,0.986656361010343,1,0.955793761158992,1.75937825965879,82.6754752068976,23.8756232400232,1.24738351424294
420,140,0.075,1,0,2.87436161883612,0.54156734636495,1.55666039440634,0.943284306728583,1,0.955780785061889,1.72284485156917,81.4846947602987,22.5630397410388,9.46237161365793
421,141,0.035,1,0,2.75481315132907,0.481890198987171,1.32751745766644,0.982098971168618,1,0.955720074318913,1.73836985426163,81.9933545008319,23.0998896561182,1.30617088813184
422,141,0.05,1,0,2.79390913166846,0.49421154024249,1.38078213525943,0.973222624886707,1,0.955712262938385,1.74933478667685,82.3502601302975,23.4972030687465,1.28233058265602
423,141,0.075,1,0,2.88030015081084,0.514567303674991,1.48210828237741,0.907370003002991,1,0.955699238129357,1.71530661380855,81.2363004153327,22.3123456531253,9.1201083935591
424,142,0.035,1,0,2.50696382293947,0.4689195797799,1.17556442237619,1.00945930170234,1,0.956194072910643,1.75462020360483,82.521607672856,23.6945442198302,1.24738351424294
425,142,0.05,1,0,2.53141315345255,0.479408052715284,1.21357985051455,1.0127347710303,1,0.956186427357728,1.7642650324278,82.833127742009,24.0651237071906,1.22461619926505
426,142,0.075,1,0,2.5835016336644,0.497211271353887,1.28454613181912,1.03169600357041,1,0.956173679108536,1.76650742204696,82.9053418183591,24.1533149478938,9.54992586021436
427,143,0.035,1,0,2.51577098750017,0.440759966572919,1.1088511363557,0.993307191359361,1,0.956097755089165,1.74177718305125,82.1044698012347,23.2216661570758,1.28233058265602
428,143,0.05,1,0,2.54114591253941,0.450434677740251,1.14462024020565,0.991124457053671,1,0.956090075326375,1.75226938672136,82.445452136611,23.6062866469698,1.24738351424294
429,143,0.075,1,0,2.59433153890952,0.466443650590302,1.21010947385051,0.980993648841855,1,0.956077270023551,1.75947241625844,82.6785164115118,23.8792402834338,9.1201083935591
430,144,0.035,1,0,2.51696685176308,0.415408683023617,1.045569885105,0.98664157921934,1,0.956001099004191,1.72788454061617,81.6502431637976,22.7341847488502,1.30617088813184
431,144,0.05,1,0,2.54250386632746,0.424382290071491,1.07899361330767,0.98229439682405,1,0.95599338482224,1.73933494138527,82.0248456786732,23.1342309709208,1.28233058265602
432,144,0.075,1,0,2.59524397672394,0.438917866747919,1.13909894995406,0.962961568315235,1,0.95598052211649,1.75351425565968,82.4857911560864,23.6529252598422,8.79022516830884
433,145,0.035,1,0,2.7509275179541,0.753649540534308,2.07323525994929,1.02722867920347,1,0.945079060988916,1.71038981265373,81.0737863418412,22.152114086419,15.2756605823807
434,145,0.05,1,0,2.76200799165948,0.800720134557707,2.21159541073104,1.09570237839925,0.996806714548993,0.945069555956562,1.6691069525951,79.6936082756875,20.8974545874555,12.9419584144999
435,145,0.075,1,0,2.43807509431889,0.908679095851682,2.21542787232419,0.966928919037018,1,0.945053707347919,1.61826802000386,77.9549987335983,19.5348437749411,10.5681750921366
436,146,0.035,1,0,2.81147035225292,0.730341839236954,2.05333442802457,0.979543291272494,1,0.944998609398672,1.70309566031712,80.8319659484096,21.9189677127751,1.27057410520854
437,146,0.05,1,0,2.84833786576216,0.775835988422071,2.2098430234436,0.947039390571356,1,0.944989076166521,1.65991570757529,79.3824866292346,20.6376901931903,12.3594743344451
438,146,0.075,1,0,2.7145627646079,0.916231317281556,2.48716741766016,1.02368765049345,1,0.944973180527993,1.60446177268681,77.4753254664566,19.193039222519,10.1859138805412
439,147,0.035,1,0,2.85178502713958,0.705909541409724,2.01310226070722,0.958841080431464,1,0.944917970864784,1.69375638698212,80.521070694034,21.6280241861352,1.29419584144999
440,147,0.05,1,0,2.90511439468305,0.748520850321315,2.17453869698885,0.905318973461022,1,0.944908409318543,1.65253068243473,79.1314848628441,20.4335482307237,12.0226443461741
441,147,0.075,1,0,3.05156545019373,0.878957992686333,2.68219784265325,1.04516365453837,1,0.9448924664597,1.59363858524514,77.0970261700392,18.9324386801809,9.90831944892768
442,148,0.035,1,0,2.5434036928422,0.625796515862589,1.59165316941269,1.01722442282002,1,0.945464691975288,1.70683130795711,80.9559213282216,22.0377046597014,1.24738351424294
443,148,0.05,1,0,2.56996551545264,0.651237990734226,1.67365917853963,1.02993066028193,1,0.945455317438352,1.71804250830723,81.3265585755564,22.4026142467177,1.21338885046498
444,148,0.075,1,0,2.63500740883043,0.705269402180977,1.85839009996828,0.978689049265365,0.993715643379508,0.945439686459651,1.67276897765811,79.8171757446421,21.0027828457153,10
445,149,0.035,1,0,2.57750239125488,0.599743789052732,1.54584105042368,0.987229361045197,1,0.945365314758466,1.69498198186134,80.5619512473102,21.6657366007974,1.27057410520854
446,149,0.05,1,0,2.61094600761114,0.623923417078817,1.62903035487704,0.979283868452822,1,0.945355905632636,1.70694466452848,80.9596791264426,22.0413294085692,1.24738351424294
447,149,0.075,1,0,2.69607623564439,0.674035472708788,1.8172510199515,1.07827431995228,1,0.945340216968684,1.66193630711381,79.4510040980417,20.6942451003156,9.54992586021436
448,150,0.035,1,0,2.59777964739392,0.574437030462678,1.49226082644534,0.974375481292423,1,0.945265649303187,1.68250506144229,80.1446185311899,21.2881309237695,1.29419584144999
449,150,0.05,1,0,2.63517381145641,0.597096006278609,1.5734517586706,0.959106027939486,1,0.945256205414192,1.69525948506558,80.5712041254016,21.6742948672605,1.27057410520854
450,150,0.075,1,0,2.73005721889185,0.642596973518835,1.75432650639315,1.1143643679361,1,0.945240458774937,1.65314368575507,79.1523542493498,20.4503429871967,9.28966386779936
451,151,0.035,1,0,2.36608095590504,0.542598768112328,1.28383261192812,1.01336020908883,1,0.945845336220011,1.70128319142083,80.7717426261663,21.8618530848229,1.23594743344451
452,151,0.05,1,0,2.38681444273271,0.559735443225885,1.33598464000094,1.01887858874821,1,0.945836089604067,1.71259933571827,81.1468661210849,22.2238063005135,1.21338885046498
453,151,0.075,1,0,2.43428435421678,0.592353901627466,1.44195783489101,1.08139959965843,1,0.945820671960808,1.71379251408919,81.1862972320453,22.2627329540124,9.6382902362397
454,152,0.035,1,0,2.38755365310346,0.514365648147726,1.22807558226603,0.990588501084719,1,0.945727486115733,1.68639368646545,80.2749621217954,21.404338325512,1.27057410520854
455,152,0.05,1,0,2.4115662800804,0.530467581447287,1.27925773209408,0.987007864988095,1,0.945718198767122,1.69863020511297,80.6834940482886,21.7788237902282,1.23594743344451
456,152,0.075,1,0,2.4661780066851,0.560460571825164,1.38219553584938,0.966579246395428,1,0.945702713193061,1.70549304484353,80.9115416741427,21.9950089355625,9.20449571753171
457,153,0.035,1,0,2.39846898407879,0.487973259945426,1.17038872903892,0.981314807873382,1,0.945609226444964,1.67039697295388,79.7371627501736,20.93443692967,1.29419584144999
458,153,0.05,1,0,2.42419272361813,0.503005706623443,1.21938277393494,0.974311500753759,1,0.945599898118514,1.68365766187647,80.1832788168197,21.3224388465652,1.27057410520854
459,153,0.075,1,0,2.4818879669068,0.530385820806636,1.31635818647798,0.938223869344924,1,0.945584344204789,1.69847593660979,80.6783589266101,21.7740164057831,8.87156012037961
460,154,0.035,1,0,2.04831024807602,0.80101665151342,1.64073061617447,1.04345477743068,1,0.934822041773497,1.6592835646211,79.3610370168673,20.6200596325485,15.4170045294956
461,154,0.05,1,0,1.96007009506089,0.807238273446216,1.58224359937051,1.03936607930193,0.989685253092747,0.934811006978269,1.61216644302606,77.7434093365101,19.3824474076702,13.0617088813184
462,154,0.075,1,0,1.84066324310016,0.810419509533741,1.49170940269002,0.969690517950991,1,0.934792607926995,1.55485263565388,75.7248690136318,18.0463559137962,10.7646521362983
463,155,0.035,1,0,2.11348949008883,0.800090048321982,1.69098190825317,0.968550521885687,1,0.934727544653883,1.65240773540368,79.1272984372904,20.4301830182049,14.7231250243272
464,155,0.05,1,0,2.01207531553616,0.808803477068816,1.62737351132998,0.88702588552725,1,0.934716477630351,1.60188394666788,77.3854046816399,19.1304005112716,12.4738351424294
465,155,0.075,1,0,1.87678130230919,0.813053277381718,1.52592318877121,1.02274976048261,1,0.934698024831786,1.53954934941612,75.176330863066,17.7152976166487,10.2801629812647
466,156,0.035,1,0,2.18758822022236,0.796253436588199,1.74187463819192,0.937765377642133,1,0.934632830245083,1.64308356339238,78.8090671160324,20.1780516918237,1.27057410520854
467,156,0.05,1,0,2.07186937666301,0.809164931050823,1.67648404131384,0.825397851557966,1,0.934621730864993,1.59363341781064,77.0968450771525,18.9323157382673,12.1338885046498
468,156,0.075,1,0,1.91691178648898,0.815388222016479,1.56302729334768,1.04438494467995,1,0.934603224104962,1.52760916761679,74.745514022708,17.463580036972,10
469,157,0.035,1,0,2.19718667899622,0.70651323910994,1.55234147750683,1.0245955297839,1,0.935274764483265,1.65757293744652,79.3029593040599,20.5724983003829,1.23594743344451
470,157,0.05,1,0,2.14948517649247,0.733949889751071,1.57761440830821,1.05096266685534,1,0.935263878698806,1.6700501994575,79.7254574828383,20.9244826893928,12.4738351424294
471,157,0.075,1,0,2.02529167024367,0.771159077745883,1.56182205659153,0.898456217483871,0.994851550340323,0.935245728148989,1.61654406553994,77.8952796994024,19.4915659537941,10.0925288607668
472,158,0.035,1,0,2.26132619129829,0.687793823787451,1.55532618794376,0.981901587569133,1,0.935158022277511,1.64440056029291,78.8541041953826,20.2133007344613,1.25892541179417
473,158,0.05,1,0,2.22604389873704,0.719063136651896,1.60066610815067,0.967234300356741,1,0.93514709695049,1.6577770949011,79.3098932443851,20.5781632472417,1.22461619926505
474,158,0.075,1,0,2.10451971344205,0.76750973127212,1.61523935972079,1.05542451613314,1,0.935128880456484,1.6044135607984,77.4736447574853,19.1918643899109,9.6382902362397
475,159,0.035,1,0,2.31295799721844,0.665755746015692,1.53986507694113,0.963963880083306,1,0.935040944984752,1.63060498442528,78.3808934339655,19.8497593711372,1.28233058265602
476,159,0.05,1,0,2.29338971268024,0.698853339859702,1.60274306030647,0.936982917416276,1,0.935029979919165,1.64479624220426,78.8676295673665,20.2239140598352,1.25892541179417
477,159,0.075,1,0,2.19360113234108,0.758635177074325,1.66414298346402,1.09361242289456,1,0.935011697153082,1.59459249905274,77.1304482938703,18.9551576773353,9.3756200692588
478,160,0.035,1,0,2.15584357952948,0.610450618275764,1.31603604602961,1.01840856636175,1,0.935721697039472,1.65132766592867,79.0905105124486,20.4006663757418,1.22461619926505
479,160,0.05,1,0,2.15160077334451,0.633535357055301,1.36311516418127,1.02780877971121,1,0.935710957374895,1.66403061982312,79.5219493556201,20.7531879241545,1.20226443461741
480,160,0.075,1,0,2.13087421562746,0.678278446892379,1.44532605349881,1.07666965940049,0.993943437797727,0.935693050504972,1.66340921990875,79.5009069311986,20.7356643700979,9.72747223776965
481,161,0.035,1,0,2.1959300976537,0.58512405248594,1.28489151771498,0.987084437898435,1,0.935583235995486,1.6348147987548,78.5256362940973,19.9593823537104,1.24738351424294
482,161,0.05,1,0,2.19978186922992,0.60828226253695,1.33808829250293,0.981178219570411,1,0.935572449750493,1.6484659595162,78.9929444192088,20.3228582539135,1.22461619926505
483,161,0.075,1,0,2.19990736648257,0.654628419546402,1.44012188246897,0.935462787694057,1,0.935554465199184,1.65403790677643,79.1827862854208,20.474890645364,9.28966386779936
484,162,0.035,1,0,2.22361309933404,0.559421768330599,1.24393757211253,0.974517337538213,1,0.935444298730467,1.61723126853816,77.9190909437972,19.5087964702877,1.28233058265602
485,162,0.05,1,0,2.23383050192597,0.581839503488839,1.29973083011883,0.963221895693756,1,0.935433465628848,1.63191702137201,78.4260362293211,19.8838036581912,1.25892541179417
486,162,0.075,1,0,2.25192176973997,0.627004299682641,1.41196463217591,0.892762805590458,1,0.935415402935658,1.64613503589416,78.9133733320093,20.2599036651549,8.95364765549594
487,163,0.035,1,0,2.18273670078539,0.615712220878068,1.34393766163264,1.02796197183528,1,0.929341206909962,1.70032536940782,80.7398950894837,21.8317986917735,1.20226443461741
488,163,0.05,1,0,2.18118504559121,0.638808319976365,1.39335915453169,1.04458879826341,0.995359588247019,0.929329554478044,1.71251977561661,81.1442360619805,22.2212160108918,1.18032063565173
489,163,0.075,1,0,2.16661571315274,0.684367016504346,1.48276033152178,0.975864381077065,1,0.929310125865405,1.67122848636096,79.7652221780705,20.958344668593,9.72747223776965
490,164,0.035,1,0,2.23029773527103,0.591238494303418,1.31863787484997,0.991910416027798,1,0.929270329637735,1.68298123901906,80.1605930423529,21.3022908462584,1.23594743344451
491,164,0.05,1,0,2.23674464352067,0.614323439043674,1.37408466167013,0.970303906275951,1,0.929258652362483,1.69616244525666,80.6013030519506,21.7021919567552,1.21338885046498
492,164,0.075,1,0,2.243657425417,0.661007561691053,1.48307452404491,1.00727203700085,1,0.929239182319414,1.65565602042479,79.2378197976529,20.5194565936094,9.28966386779936
493,165,0.035,1,0,2.26966224745497,0.565891599962962,1.28438280058783,0.974425299044625,1,0.929199379102889,1.66418281449904,79.5271021339006,20.7574843204389,1.27057410520854
494,165,0.05,1,0,2.28285221446641,0.588347328838986,1.34311000251547,0.926735998390123,1,0.929187676919988,1.67848469356547,80.0095962489489,21.1693459993543,1.24738351424294
495,165,0.075,1,0,2.30880722978457,0.633896976387164,1.46354592202126,1.02215590106978,1,0.929168165338423,1.64246844623981,78.7880221082291,20.1616284403402,8.95364765549594
496,166,0.035,1,0,2.04801793725251,0.517778946790481,1.06042057055862,1.0168648408939,1,0.930059182522572,1.69702343071989,80.6299903255267,21.7288631884492,1.19124200802737
497,166,0.05,1,0,2.05556677813066,0.532803160780972,1.09521247658437,1.03307287669116,1,0.930047757721248,1.70913387054034,81.0322105999308,22.1115871280058,1.16949939101987
498,166,0.075,1,0,2.0712531478265,0.561018239396533,1.16201079433815,0.944333927122269,0.996858522289572,0.930028708713454,1.72280092802904,81.4832501043876,22.5615608305231,9.3756200692588
499,167,0.035,1,0,2.07970478754351,0.489362197594502,1.0177289051801,0.995010013638121,1,0.929971953082069,1.67432036876045,79.869457120113,21.0477284538264,1.22461619926505
500,167,0.05,1,0,2.09074610775969,0.503869478708228,1.05346315142813,0.991125276033991,1,0.929960498033426,1.68773176257895,80.3197556317238,21.4446302399965,1.20226443461741
501,167,0.075,1,0,2.11420131818548,0.530900295306459,1.12243010416198,1.02185732937538,1,0.929941398582242,1.70876683467963,81.0200556565534,22.0997740042781,1.16949939101987
502,168,0.035,1,0,2.10483852000758,0.461221663380923,0.970797123346136,0.984175200342026,1,0.929884609579778,1.64890597674728,79.0079551423511,20.3347847275111,1.27057410520854
503,168,0.05,1,0,2.11857226320941,0.475027691978592,1.00638049248223,0.972465194497506,1,0.929873124185094,1.66381494564233,79.514646723428,20.7471025528232,1.24738351424294
504,168,0.075,1,0,2.14782467300464,0.500418091277691,1.07481032326411,1.05310399642572,1,0.929853974127551,1.68715862478854,80.3005728559482,21.427352708244,1.21338885046498
505,169,0.035,1,0,1.92553826891715,0.451359625947826,0.869110232806671,1.01288586835024,1,0.930763344620259,1.69368601193281,80.5187225359853,21.6258629015172,1.16949939101987
506,169,0.05,1,0,1.93298934395928,0.462152059033948,0.893335005401463,1.01919888688085,1,0.930752140992899,1.70567745758849,80.9176589355622,22.0008817850722,1.15877735615513
507,169,0.075,1,0,1.94847157715317,0.481569521726639,0.9383245255076,1.06264285985287,0.997183764732586,0.930733460820927,1.72464839658151,81.5439867054279,22.6239534444256,1.12719745617551
508,170,0.035,1,0,1.9484534217689,0.420140105743726,0.818623426658711,0.996271886170532,1,0.930660278016305,1.66521340401637,79.5619841386404,20.7866240908698,1.21338885046498
509,170,0.05,1,0,1.95790316336911,0.430401192288597,0.84268385589968,0.994601002017552,1,0.930649039027298,1.6787917194427,80.0199170089042,21.1783693532342,1.20226443461741
510,170,0.075,1,0,1.97733995781106,0.448651956234336,0.887137440212254,0.980465650965109,1,0.930630299884338,1.70019813061079,80.7356632726698,21.8278128574289,1.16949939101987
511,171,0.035,1,0,1.96589746674738,0.389877655500731,0.766459495290296,0.988271670765865,1,0.930557047886376,1.63226270754224,78.4379253042263,19.8927915532901,1.27057410520854
512,171,0.05,1,0,1.9768156222784,0.399537486406032,0.789811944813289,0.983083592961078,1,0.930545773398829,1.64778938559959,78.9698574893203,20.3045463066574,1.24738351424294
513,171,0.075,1,0,1.99903152936634,0.416487145888381,0.832570936206674,0.947315421070466,1,0.930526975056162,1.67217958518425,79.7973029445095,20.985758327884,1.21338885046498
514,172,0.035,1,0,1.80871750611562,0.651966337738724,1.17922292846612,1.04499753589068,1,0.91322993043967,1.6395089659633,78.6866805904239,20.0829665196773,1.19124200802737
515,172,0.05,1,0,1.77772967103825,0.664880848047774,1.1819784112796,1.00639356478455,0.992175464502731,0.913216116089396,1.65343910684874,79.1624094672996,20.4584463799905,1.16949939101987
516,172,0.075,1,0,1.72226650210934,0.683442055869627,1.177069358957,0.974280821195124,1,0.913193083323678,1.60126695896486,77.363865881984,19.1154618293757,9.90831944892768
517,173,0.035,1,0,1.8580321088153,0.641359438591442,1.19166643019465,0.987672334259295,1,0.913144165870515,1.62004419228353,78.0164739998215,19.5796157018693,1.22461619926505
518,173,0.05,1,0,1.82704166377215,0.656660123335421,1.19974540427157,0.934170076380734,1,0.913130322724276,1.63495138221415,78.5303273417375,19.9629579626736,1.20226443461741
519,173,0.075,1,0,1.76865764089562,0.678961754071121,1.20085089421378,1.00779625629362,1,0.913107241938368,1.58331269997934,76.7342440322833,18.6894888950767,9.46237161365793
520,174,0.035,1,0,1.90770235950765,0.628410289880129,1.19881979274321,0.961748303759285,1,0.913058313742484,1.59914052259066,77.2895831226795,19.0641329469459,1.24738351424294
521,174,0.05,1,0,1.87825583991423,0.646263416008741,1.21384803524134,0.87535863106118,1,0.913044441726869,1.61516248921589,77.8473845481077,19.4570085050724,1.22461619926505
522,174,0.075,1,0,1.81860705601196,0.673034884089674,1.22398598914767,1.02397145101404,1,0.913021312798157,1.56823389030825,76.2011912450649,18.3440952633373,9.1201083935591
523,175,0.035,1,0,1.80937952005222,0.56945667691132,1.03036324876034,1.02424101579075,1,0.914096364356411,1.63575727681319,78.5579999245459,19.9840799557506,1.18032063565173
524,175,0.05,1,0,1.79727385123745,0.584733967075599,1.05092706895531,1.05905712656156,1,0.91408281267949,1.64955668235103,79.0301473356675,20.3524466009133,1.15877735615513
525,175,0.075,1,0,1.77119234786396,0.610971851964703,1.08214866896015,0.899997771696584,0.998627761190305,0.914060217940062,1.6618723844225,79.4488375553152,20.692451264186,9.46237161365793
526,176,0.035,1,0,1.85237890773953,0.548536122981041,1.0160967443433,0.992902343145809,1,0.913990784293486,1.610307629172,77.6788242410447,19.3364461117429,1.21338885046498
527,176,0.05,1,0,1.8440131061191,0.56504647570376,1.04195310676414,0.985972419236949,1,0.913977197532184,1.62540259250488,78.2016107894764,19.7158294715991,1.19124200802737
528,176,0.075,1,0,1.82416742921034,0.594313964964299,1.08412817761273,1.01824953960196,1,0.913954544286804,1.64707430476562,78.9454482426068,20.2852266544556,8.95364765549594
529,177,0.035,1,0,1.89096583314589,0.525857891467948,0.994379305856028,0.977629043945887,1,0.913885067883465,1.58232033649241,76.6992828966741,18.666421763851,1.24738351424294
530,177,0.05,1,0,1.8868440169214,0.543109318530248,1.02476256820306,0.957795937390238,1,0.913871445926605,1.59888921683157,77.2807991715164,19.0580828150388,1.22461619926505
531,177,0.075,1,0,1.87518046027354,0.574554208762964,1.07739282564023,1.04896979063997,1,0.913848733988842,1.62505889831535,78.1897504583899,19.7070403209909,1.19124200802737
532,178,0.035,1,0,1.75883732958693,0.499906604424585,0.879254397169008,1.01794339918847,1,0.914946419755702,1.6318526015476,78.4238204361677,19.882129571156,1.15877735615513
533,178,0.05,1,0,1.75648296327416,0.512817358538157,0.90075495354353,1.0285129481046,1,0.914933123504436,1.64557547312513,78.8942579037597,20.2448465085872,1.14815362149688
534,178,0.075,1,0,1.75122691743024,0.536016498718665,0.93868652074284,1.02970307039101,0.99389852454808,0.914910954703595,1.66733779515871,79.6338319132163,20.8469490526693,1.11686324778056
535,179,0.035,1,0,1.79194728254974,0.47312062670446,0.847807221341286,0.994832223409614,1,0.914821637387781,1.60009190837541,77.322827388649,19.0870679319577,1.20226443461741
536,179,0.05,1,0,1.79268552974043,0.486266271281948,0.871722508127984,0.992144390284756,1,0.914808300093423,1.6153714417485,77.8546303886123,19.4622279232838,1.18032063565173
537,179,0.075,1,0,1.79364354333243,0.510139604643313,0.915008608066638,0.959289088558343,1,0.914786062849893,1.63962062014475,78.690506635976,20.0859236647608,1.15877735615513
538,180,0.035,1,0,1.81973981307608,0.445752882253099,0.811154266629378,0.98380827876647,1,0.914696659505534,1.56416160817568,76.0565605337416,18.2526380881958,1.24738351424294
539,180,0.05,1,0,1.82331795199922,0.458790578717089,0.836521098382981,0.975630336515532,1,0.914683281011914,1.58126171448753,76.6619688473554,18.6418677876151,1.22461619926505
540,180,0.075,1,0,1.83017744143066,0.482556684274287,0.883164357770378,0.910527422798309,1,0.914660975064711,1.60839424665848,77.6122818605749,19.289298360146,1.19124200802737
541,181,0.035,1,0,1.58016481954285,0.626581014853902,0.990101276265594,1.07838820130133,1,0.89767475142622,1.58433899027701,76.7703826596923,18.713395764837,1.16949939101987
542,181,0.05,1,0,1.55808817015129,0.633460941211918,0.986987998755189,0.959501375959762,0.989819127095012,0.897659014187701,1.59954202940962,77.3036148538424,19.0738061348958,1.15877735615513
543,181,0.075,1,0,1.52183727853444,0.643804231739829,0.979765279939894,0.973138350347092,1,0.897632775924148,1.53609028950423,75.0517791077665,17.6417976484862,10
544,182,0.035,1,0,1.61095414284379,0.620918429299411,1.00027111604794,0.981095611020591,1,0.897575070743929,1.56334612254144,76.027563468764,18.2344137639931,1.20226443461741
545,182,0.05,1,0,1.58770986919186,0.628766721605482,0.998299129312432,1.04860962589627,1,0.897559301429458,1.57951745320282,76.6004456193128,18.601530206195,1.18032063565173
546,182,0.075,1,0,1.54926638261154,0.640488680006336,0.992287580377056,1.00819277945837,1,0.89753300967711,1.51626908653068,74.3340456419871,17.2295652022799,9.6382902362397
547,183,0.035,1,0,1.64288825312155,0.614437469874328,1.00945210153426,0.943071443589539,1,0.897475289561514,1.5411190577527,75.2327833304518,17.7488101444535,1.22461619926505
548,183,0.05,1,0,1.6185918193668,0.623402366218032,1.00903397013441,1.10666313056018,1,0.897459488090547,1.55833380340657,75.8490831073092,18.1230505004761,1.20226443461741
549,183,0.075,1,0,1.57798128421221,0.636730013504536,1.00474804440634,1.02538475123473,1,0.897433142715189,1.49976310344728,73.7311079672882,16.8972585382699,9.28966386779936
550,184,0.035,1,0,1.60100312397513,0.573789580569846,0.918638910996701,1.03422204367419,1,0.89867915343878,1.58014835676315,76.6227047471671,18.6161033266959,1.15877735615513
551,184,0.05,1,0,1.58436842912066,0.583798920292044,0.924952578265446,1.13905974796781,0.998508740462347,0.898663707528808,1.5952845702383,77.1546865547529,18.9716701747378,1.14815362149688
552,184,0.075,1,0,1.55498062850144,0.599679167938621,0.932489489460419,0.929979655420384,1,0.898637955057998,1.60432236823332,77.470465596042,19.189642547971,9.54992586021436
553,185,0.035,1,0,1.63704471786976,0.561177172522528,0.918672126067094,0.990119041380287,1,0.898556409717943,1.5528917442164,75.6548086957214,18.0033857143581,1.19124200802737
554,185,0.05,1,0,1.62078519796371,0.572575323819192,0.928021609565422,0.977260386475021,1,0.898540924701598,1.56922932227369,76.2365014243723,18.3665663738158,1.16949939101987
555,185,0.075,1,0,1.59122993572379,0.590820973251244,0.940132019290846,1.01631608685094,1,0.898515107018831,1.58776405204844,76.8908583316752,18.7935602699123,9.1201083935591
556,186,0.035,1,0,1.67280096328369,0.546972131674473,0.914975508754388,0.96909481990628,1,0.89843350946544,1.52335840209203,74.5915408459683,17.3752976159248,1.22461619926505
557,186,0.05,1,0,1.65750597620439,0.559784772778927,0.92784660626929,0.935197440866255,1,0.898417985220219,1.54102227062719,75.2293037496872,17.7467409015308,1.20226443461741
558,186,0.075,1,0,1.62867186511809,0.580584649154214,0.945581883396925,1.04626606670165,1,0.898392102121871,1.56913586244699,76.2331869230682,18.3644546492996,1.18032063565173
559,187,0.035,1,0,1.59289466946868,0.519286867136249,0.82716928258642,1.02428758911203,1,0.899664894698177,1.57585782314828,76.4711941475007,18.5173756364083,1.14815362149688
560,187,0.05,1,0,1.58326395138249,0.530234947747537,0.839501878531851,1.04225402662773,1,0.89964973229793,1.59082832582601,76.9984732068583,18.8657816266737,1.12719745617551
561,187,0.075,1,0,1.56522104030845,0.548677861656562,0.858802133416302,0.989778936912496,0.990949717235216,0.899624452580467,1.61474289429396,77.8328320326704,19.4465351012017,1.10662378397767
562,188,0.035,1,0,1.62726087751568,0.499610573667781,0.812996740522747,0.993039146828938,1,0.899519789344079,1.54193864035639,75.2622415064653,17.7663475092343,1.18032063565173
563,188,0.05,1,0,1.61936013198375,0.511605837216753,0.828474096078979,0.988725928847627,1,0.899504581165149,1.55840365376001,75.851573344408,18.1245948021435,1.16949939101987
564,188,0.075,1,0,1.60396373485218,0.532144959824421,0.853541217242744,1.05922071137229,1,0.899479225109686,1.58465495285846,76.7815049754118,18.7207664448803,1.13762728582343
565,189,0.035,1,0,1.65914746156996,0.478423343645717,0.793774876165606,0.978290349436403,1,0.899374459483756,1.50434453089949,73.8989401530026,16.9885378966933,1.22461619926505
566,189,0.05,1,0,1.65340406408835,0.491239997425487,0.812218208186053,0.965504922835752,1,0.899359205355079,1.52241592817989,74.5573593652569,17.355816047078,1.20226443461741
567,189,0.075,1,0,1.64165451449222,0.513561164296133,0.843090003834626,1.11038283306978,1,0.899333772676637,1.5513475363477,75.5995891267609,17.9696623543421,1.18032063565173
568,190,0.035,1,0,2.64510002387007,0.626868280765993,1.65812930441752,1.02560604386516,1,0.943801209945198,1.7398142936047,82.0404815401245,23.1513320549686,1.23594743344451
569,190,0.05,1,0,2.68039740104444,0.651349086998066,1.74587439996228,1.04268693582978,0.995735880201839,0.943791565427783,1.72584251352318,81.5832144772881,22.6644876827345,12.4738351424294
570,190,0.075,1,0,2.7722871540558,0.702400994187951,1.94725725318328,0.978298809632939,1,0.943775484312185,1.68018866753508,80.0668561090287,21.2195246964937,10.1859138805412
571,191,0.035,1,0,2.68226027354855,0.602021155419679,1.614777429018,0.989718574350407,1,0.943738965385289,1.72841207766822,81.6675483446428,22.7522690684771,1.25892541179417
572,191,0.05,1,0,2.72332737522215,0.625260214297435,1.70278825823347,0.963288106667292,1,0.943729298609993,1.71553504063119,81.2438409698932,22.3198516831097,11.9124200802738
573,191,0.075,1,0,2.83040379001853,0.672293600811975,1.90286235574342,1.00907965999409,1,0.943713180373531,1.66570521896031,79.578624198291,20.8005588267482,9.72747223776965
574,192,0.035,1,0,2.70941141121593,0.577488167288082,1.5646530302925,0.972636852750313,1,0.943676630568766,1.71625747817452,81.2676836164008,22.3436274366533,1.29419584144999
575,192,0.05,1,0,2.75417544628831,0.599342330086508,1.65069392944548,0.922085218539154,1,0.943666941468878,1.70696732232977,80.9604302129053,22.0420540810816,11.4815362149688
576,192,0.075,1,0,2.86918059664539,0.642130375682344,1.84238801442439,1.02328206155807,1,0.943650786001565,1.65374570838313,79.1728436902679,20.4668630664681,9.3756200692588
577,193,0.035,1,0,2.40682983940779,0.530691837870986,1.27728495091805,1.01540011388543,1,0.944270314293329,1.73612852090389,81.920160820744,23.0205871173816,1.22461619926505
578,193,0.05,1,0,2.42974885742417,0.546067846573352,1.32680772628768,1.03013708618936,1,0.944260826275847,1.74677162977308,82.2670035922299,23.4028972648706,1.20226443461741
579,193,0.075,1,0,2.48176981923241,0.574577652071018,1.42596947571527,0.942467701469461,0.997379702769773,0.944245006156168,1.72885610170934,81.6821104874797,22.7675157671874,9.72747223776965
580,194,0.035,1,0,2.43218338524764,0.503224868990412,1.2239351654019,0.993691311237852,1,0.944193551624055,1.72113004105552,81.4282709203553,22.5054622937216,1.25892541179417
581,194,0.05,1,0,2.45776788802763,0.517698386504693,1.27238247003495,0.988781841321009,1,0.944184036393405,1.73271213588604,81.8084379391838,22.9009051630574,1.23594743344451
582,194,0.075,1,0,2.51512950289728,0.543939207426979,1.36807754838216,1.02611894232765,1,0.944168170888839,1.7170454065266,81.2936779564498,22.3696223543354,9.20449571753171
583,195,0.035,1,0,2.44982511292771,0.47684145133838,1.16817816237366,0.983169712751115,1,0.944116649473973,1.7047988001608,80.888507488005,21.9729301799865,1.29419584144999
584,195,0.05,1,0,2.47704681052898,0.490391418799918,1.21472249984912,0.970677967224032,1,0.944107106929234,1.71745195980961,81.3070864919132,22.3830613120615,1.27057410520854
585,195,0.075,1,0,2.53717197374938,0.514401877624173,1.30512602715211,1.05468769446058,1,0.944091195872831,1.70706159268166,80.9635551031001,22.0450697173632,8.87156012037961
586,196,0.035,1,0,2.22852193810872,0.465131758313386,1.03655632751246,1.01173952516441,1,0.944732062535782,1.73233361461321,81.7960478789615,22.8877324408407,1.21338885046498
587,196,0.05,1,0,2.24458670812212,0.476174371506117,1.06881466503103,1.01748795400349,1,0.94472272733917,1.7429894435193,82.143957237505,23.265352806045,1.19124200802737
588,196,0.075,1,0,2.27870297353435,0.495702650381817,1.1295591034139,1.06128647609493,0.997517013719972,0.944707162078664,1.75967380349701,82.6850206281038,23.8869810629137,1.15877735615513
589,197,0.035,1,0,2.24643142530437,0.435431737858365,0.978167539499925,0.995307591112454,1,0.944641176980728,1.71349021798213,81.1763094142781,22.2528566000261,1.24738351424294
590,197,0.05,1,0,2.26405428533829,0.44574422377597,1.00918912000478,0.993202568287577,1,0.944631809839539,1.72531519143352,81.5658943480959,22.6465676395697,1.22461619926505
591,197,0.075,1,0,2.30094970578674,0.463631368490696,1.06679246092217,0.975814990483686,1,0.944616191303508,1.74375081120614,82.1687454472196,23.2928886922862,1.19124200802737
592,198,0.035,1,0,2.25807347055732,0.407384509787242,0.91990415386657,0.987583964749898,1,0.944550092814385,1.69237359514498,80.4749170527918,21.5856405310459,1.29419584144999
593,198,0.05,1,0,2.27661512830852,0.41698895425574,0.949323361596166,0.982075912482894,1,0.944540693586778,1.70557816092906,80.9143651780689,21.9977191406747,1.27057410520854
594,198,0.075,1,0,2.31489316473038,0.433335635606797,1.00312570090027,0.944390417123688,1,0.944525021540024,1.72611903436317,81.5922951222072,22.6738974862508,1.23594743344451
595,199,0.035,1,0,2.20909293639107,0.731061283176717,1.61498231673468,1.04130256673574,1,0.930738914195994,1.68441300881791,80.2086026027863,21.3449842836878,1.22461619926505
596,199,0.05,1,0,2.14571541077027,0.757787949337018,1.62599728098844,1.00316573471745,0.992763016702026,0.930727357083656,1.66526010192205,79.563564287819,20.7879463966553,12.5892541179417
597,199,0.075,1,0,2.00197798560468,0.788265851033619,1.57809088057324,0.976879767379326,1,0.930708087294026,1.61161308108243,77.7241887255928,19.3687324627763,10.2801629812647
598,200,0.035,1,0,2.28420243845476,0.714861318622151,1.6328879671537,0.984289426320432,1,0.930663148604401,1.67127231008865,79.7667006917448,20.9596062183176,1.24738351424294
599,200,0.05,1,0,2.23202725698135,0.746901664926143,1.66710487439991,0.922305734146588,1,0.930651565317942,1.65317993182751,79.1535880317698,20.4513368797379,12.0226443461741
600,200,0.075,1,0,2.07806212683677,0.788581813188294,1.63872199989886,1.00973284460874,1,0.930632251877603,1.59485187197194,77.1395332140841,18.9613432623348,9.81747943019984
601,201,0.035,1,0,2.35087104746149,0.69483010190923,1.63345596948313,0.958959542123542,1,0.930587274457305,1.65740704095798,79.2973243350638,20.5678972701806,1.28233058265602
602,201,0.05,1,0,2.31662867295365,0.730445906547392,1.69217193114931,1.13168051484966,1,0.930575664919166,1.64318708129786,78.8126081507799,20.1808180659259,11.5877735615513
603,201,0.075,1,0,2.16839197868661,0.786276529797829,1.70495572024316,1.02518922376919,1,0.930556307701252,1.58109953225147,76.6562505896918,18.6381109312165,9.54992586021436
604,202,0.035,1,0,2.16950318683091,0.613583708001873,1.33117180989759,1.02217794732438,1,0.931309070106099,1.68012355574077,80.0646689935311,21.2176028014584,1.21338885046498
605,202,0.05,1,0,2.16646853680167,0.636617696613523,1.37921220968435,1.05366357287847,1,0.93129769657412,1.69250128088331,80.4791801569708,21.5895468714043,1.19124200802737
606,202,0.075,1,0,2.14850439909031,0.681643046491624,1.46451308399658,0.896713121487182,0.999583910654234,0.931278732932791,1.66898230046276,79.6893982277323,20.8938880106231,9.72747223776965
607,203,0.035,1,0,2.21492948699805,0.588941548475842,1.30446400183744,0.991011150835933,1,0.931215614954104,1.66292123277079,79.4843777479016,20.7219236556278,1.24738351424294
608,203,0.05,1,0,2.21991170929999,0.612048131326046,1.35869281338586,0.98224621839774,1,0.93120420940621,1.67628168625185,79.9354957675223,21.1048302255613,1.22461619926505
609,203,0.075,1,0,2.22298835546258,0.65852812210489,1.46390034718381,1.02217103858172,1,0.931185192372473,1.65513862445439,79.2202274481842,20.5051859297058,9.28966386779936
610,204,0.035,1,0,2.25086653074879,0.563498449881231,1.26835980096649,0.976170267119742,1,0.93112199200449,1.64437778894612,78.8533257353597,20.2126902659117,1.28233058265602
611,204,0.05,1,0,2.2625317274697,0.585984027108042,1.32580745312241,0.954976786833757,1,0.93111055432409,1.6588472823471,79.3462293811035,20.6079089493506,1.25892541179417
612,204,0.075,1,0,2.28439685002153,0.631474610031113,1.44253861002365,1.05066546421227,1,0.931091483704191,1.64350151649207,78.8233629261989,20.189225357103,8.95364765549594
613,205,0.035,1,0,2.06502652976435,0.531473534928918,1.09750694949585,1.01636854227917,1,0.931870410448241,1.67570125997665,79.9159591349506,21.0878989166159,1.20226443461741
614,205,0.05,1,0,2.07140198719738,0.547781353644212,1.13467538448829,1.0260092786041,1,0.931859216273746,1.68807973623148,80.3313995777207,21.455134249839,1.18032063565173
615,205,0.075,1,0,2.08412567095183,0.578720980387189,1.20612725154335,1.02749848060414,0.994400380858063,0.931840551737085,1.70757058312193,80.9804246948922,22.061367388806,1.14815362149688
616,206,0.035,1,0,2.09624212169639,0.503363345316314,1.05517144697006,0.993488514709933,1,0.931759740514189,1.65413743947776,79.1861727454,20.4776265130514,1.23594743344451
617,206,0.05,1,0,2.10665188455983,0.519171827754904,1.09371430935024,0.990097062947154,1,0.931748508739716,1.667740928806,79.6474575855499,20.8584360991209,1.21338885046498
618,206,0.075,1,0,2.1286486376445,0.549019403619454,1.16866940555495,0.951147094708035,1,0.931729781499043,1.6890931954984,80.3653007256117,21.4857879918876,1.18032063565173
619,207,0.035,1,0,2.11954587743477,0.475673439552812,1.00821167780938,0.982843079966179,1,0.931648831593081,1.63034210215305,78.3718450468221,19.8429512574245,1.28233058265602
620,207,0.05,1,0,2.1329839509049,0.49073601884563,1.04673205232869,0.974147826046456,1,0.931637562055281,1.64534106278154,78.8862485664701,20.2385451877712,1.25892541179417
621,207,0.075,1,0,2.16177144111112,0.518841701686103,1.12161717316251,0.906054643762155,1,0.931618771837994,1.6688554326715,79.6851130821895,20.8902592932763,1.21338885046498
622,208,0.035,1,0,1.7971436258015,0.714023913561409,1.28320352492672,1.07200302087947,1,0.918038263918964,1.63303507073557,78.4644816735678,19.9129005883929,1.21338885046498
623,208,0.05,1,0,1.75499045472226,0.721145794434342,1.26560398569537,0.95391541314612,0.990829747551356,0.918024960787186,1.60787864303617,77.5943398925854,19.2766284805427,12.7057410520854
624,208,0.075,1,0,1.68919612004655,0.730014987508921,1.2331384844759,0.975852727557043,1,0.918002780158019,1.54751934123054,75.4625179081988,17.8864950371027,10.3752841581801
625,209,0.035,1,0,1.83934560755562,0.710894371660108,1.30758043994903,0.975817498567845,1,0.917949697121004,1.61856469460979,77.9652706813831,19.5423090601542,1.23594743344451
626,209,0.05,1,0,1.79350210102733,0.719451079312525,1.2903370223334,1.05569860497727,1,0.917936364419343,1.59433552514553,77.1214462698213,18.9490327660984,12.1338885046498
627,209,0.075,1,0,1.72162456487259,0.729863247532064,1.25655049594888,1.01022763732595,1,0.917914134479705,1.52893711220268,74.7935507645361,17.4913005778799,10
628,210,0.035,1,0,1.88437729382253,0.706503703704787,1.33131953726282,0.938679870184024,1,0.917861004927811,1.60338857265793,77.4379034066038,19.1669174762361,1.25892541179417
629,210,0.05,1,0,1.8348606628579,0.716909905947569,1.31542978523635,1.10856326952468,1,0.917847642571941,1.58319016532648,76.7299280290669,18.6866379961062,11.8032063565173
630,210,0.075,1,0,1.75633531055457,0.729327123371005,1.28094297972168,1.02667489294786,1,0.917825363179964,1.51381409787875,74.2446714399327,17.1795283889721,9.72747223776965
631,211,0.035,1,0,1.86262962254036,0.648124344615009,1.20721560336947,1.03138923654095,1,0.918703790254591,1.62825575696525,78.2999918876441,19.7890728285099,1.20226443461741
632,211,0.05,1,0,1.8317009989877,0.663231989672328,1.2148426980434,1.13603603820097,0.998958348860045,0.918690694012863,1.64201870158669,78.7726309723702,20.1496366526703,1.18032063565173
633,211,0.075,1,0,1.77318210604351,0.685332220017912,1.21521882923083,0.940248711896511,1,0.918668858394109,1.61230066534666,77.7480706647993,19.3857767081767,9.90831944892768
634,212,0.035,1,0,1.91307199842084,0.634891309006723,1.21459278530152,0.987457055044432,1,0.918594524878034,1.60940181292523,77.6473301002872,19.3141001783208,1.22461619926505
635,212,0.05,1,0,1.88372854777993,0.65260266190306,1.22932626458397,0.971201913977545,1,0.918581392451148,1.6241557171005,78.1585736229471,19.6839780214408,1.21338885046498
636,212,0.075,1,0,1.82390682478364,0.679279983735065,1.2389433982733,1.01998438676362,1,0.91855949648949,1.59678990308515,77.207379274526,19.0076734303956,9.3756200692588
637,213,0.035,1,0,1.96148051894637,0.618970278491503,1.21409814306789,0.967010575263683,1,0.918485065631129,1.58922717667509,76.9422621499112,18.8279848888617,1.25892541179417
638,213,0.05,1,0,1.9357735443817,0.639158755322946,1.23726660921409,0.930720265763271,1,0.918471896889862,1.60504850995615,77.4957764760544,19.207347127466,1.23594743344451
639,213,0.075,1,0,1.87783925579198,0.670995514870465,1.26002171828411,1.04801584295255,1,0.918449940369655,1.58381534851371,76.7519459854783,18.7011913063535,9.1201083935591
640,214,0.035,1,0,1.85683407621782,0.575551417055914,1.06870348380487,1.02219332955893,1,0.919359168402854,1.62332090280868,78.1297444824418,19.6627055717059,1.19124200802737
641,214,0.05,1,0,1.8444616091785,0.591944398265267,1.09181871736856,1.03861495955834,1,0.919346274394037,1.63706609403353,78.6029184418306,20.0184730115197,1.16949939101987
642,214,0.075,1,0,1.81667399636335,0.620324255710119,1.12692694466202,0.986230756396553,0.991746560518406,0.919324776017268,1.65884762228089,79.3462409198599,20.607918411193,1.13762728582343
643,215,0.035,1,0,1.89876678579214,0.553851828641724,1.05163545647514,0.991216893805759,1,0.919229752261232,1.59974873459434,77.310837648678,19.0787894817487,1.22461619926505
644,215,0.05,1,0,1.89075948822998,0.571418646976769,1.08041522852286,0.985763168409173,1,0.919216815737509,1.61470207724076,77.8314162442425,19.4455168209477,1.20226443461741
645,215,0.075,1,0,1.87056022182694,0.602909294370617,1.12777814341943,1.06594232374543,1,0.919195246462372,1.63835169107445,78.6470119999388,20.052364758951,1.16949939101987
646,216,0.035,1,0,1.93467814825996,0.530559036550411,1.02646097437594,0.976969231184545,1,0.919100059935418,1.57405780502668,76.4075363623522,18.4762181542103,1.25892541179417
647,216,0.05,1,0,1.93137712769368,0.548698895400395,1.05974449656711,0.963348614620674,1,0.919087080715005,1.59037376316867,76.9825194701161,18.855037918323,1.23594743344451
648,216,0.075,1,0,1.92069409780141,0.582154922581029,1.11814152380742,1.11182734030131,1,0.919065440238287,1.61612628800188,77.8808000036151,19.4811043380251,1.20226443461741
649,217,0.035,1,0,3.04678042991211,0.622621738378335,1.89699172772897,1.02315622103664,1,0.953845920507758,1.76599018858763,82.8886919227009,24.1329023523619,15.2756605823807
650,217,0.05,1,0,3.11075402508397,0.644168235227418,2.00384893056492,1.04070155789743,0.996133506101281,0.953837781398967,1.73170035492319,81.7753143275291,22.865733313682,12.8233058265602
651,217,0.075,1,0,3.28309823730504,0.684868988776994,2.24849216983864,0.980732033536593,1,0.953824210145936,1.68893302359891,80.359943954464,21.4809372479158,10.471285480509
652,218,0.035,1,0,3.07654609414755,0.599698548873825,1.84500022820372,0.987452221792166,1,0.953791363012059,1.75920334599201,82.669825218,23.8689074137396,14.4543977074593
653,218,0.05,1,0,3.1442423278611,0.620020788186884,1.949495606371,0.95633094819652,1,0.953783204082944,1.72222240546613,81.4642194281451,22.5421021247927,12.2461619926505
654,218,0.075,1,0,3.32292841095154,0.656845059325348,2.18264910922535,1.01088495152025,1,0.953769599773999,1.67551164045295,79.9095755004856,21.082373613021,10.0925288607668
655,219,0.035,1,0,3.09495417917265,0.577572096133302,1.78755917270127,0.970800207242571,1,0.953736710912497,1.75232079459454,82.4471184619354,23.6082082883287,1.30617088813184
656,219,0.05,1,0,3.16417191962734,0.596650259330539,1.88790399641206,0.9173514348727,1,0.953728532098919,1.71454240834589,81.2110671856016,22.2872744712891,11.9124200802738
657,219,0.075,1,0,3.34237382719562,0.629882022023071,2.10530118463097,1.02439799437745,1,0.953714894626613,1.66472341259387,79.5454017736579,20.7727595066299,9.81747943019984
658,220,0.035,1,0,2.73106340405003,0.533236966323868,1.45630396441377,1.01389131782997,1,0.95417286521718,1.76504187178498,82.8581542280717,24.0955867340289,1.24738351424294
659,220,0.05,1,0,2.76769747822247,0.547421525645183,1.51509717605287,1.0271263281006,1,0.954164839096872,1.77373732947822,83.1376278257535,24.4431751835645,12.3594743344451
660,220,0.075,1,0,2.85159382696422,0.572281167790086,1.63191344535809,0.940558620142695,0.997922431088777,0.954151456280815,1.73482293324993,81.8774876967742,22.9746810903127,10
661,221,0.035,1,0,2.7510717769443,0.507617495674409,1.39649216583301,0.992342327598581,1,0.954105466404604,1.75457188786132,82.5200433605126,23.6927223464433,1.28233058265602
662,221,0.05,1,0,2.7895283668324,0.520869880709824,1.45298130766866,0.986385682801429,1,0.954097415976724,1.76469689544554,82.8470417366577,24.0820471729664,1.24738351424294
663,221,0.075,1,0,2.87611417080074,0.543409561920566,1.56290794158836,1.03010062960138,1,0.954083992620716,1.72387151154339,81.5184529196914,22.5976694423625,9.54992586021436
664,222,0.035,1,0,2.76239305166745,0.483562082849953,1.33578853771455,0.982148669067461,1,0.954037921533219,1.74339607455268,82.1571972804507,23.2800496961353,1.30617088813184
665,222,0.05,1,0,2.80155998743016,0.495937078322155,1.38939747491037,0.96885868744611,1,0.95402984669946,1.75428299468084,82.5106891229355,23.6818358512638,1.28233058265602
666,222,0.075,1,0,2.88823169843639,0.516416704702495,1.49153109612381,1.05621414033927,1,0.954016382640451,1.71483380471385,81.2206898994074,22.2968269534739,9.20449571753171
667,223,0.035,1,0,2.50637793767804,0.470805188904229,1.1800157384139,1.01056946578132,1,0.95449549618681,1.76132389712249,82.738289347186,23.9506359039005,1.24738351424294
668,223,0.05,1,0,2.53060868329574,0.481266342034769,1.21789678413116,1.01574197891762,1,0.954487580789522,1.77081549865142,83.0438541588869,24.325000768045,1.21338885046498
669,223,0.075,1,0,2.58225795351942,0.499040587876181,1.28865152717228,1.05990796922259,0.99786035813759,0.954474382631674,1.76896827122043,82.9844987674759,24.251017069972,9.6382902362397
670,224,0.035,1,0,2.51970471842677,0.443027208660575,1.11629774805349,0.994329969046902,1,0.954415560454676,1.74813695293105,82.3113652201623,23.4530199592347,1.27057410520854
671,224,0.05,1,0,2.54500333788757,0.452727960170943,1.15219416979008,0.991784103483196,1,0.954407616435825,1.7584906498812,82.6467989357739,23.8415904979905,1.24738351424294
672,224,0.075,1,0,2.59809067120188,0.468806226193147,1.21800108287378,0.971234348964408,1,0.954394370544276,1.76017138310227,82.7010882035548,23.9061327404349,9.1201083935591
673,225,0.035,1,0,2.52609458341212,0.417379964736106,1.05434126814462,0.986891213454965,1,0.954335416913054,1.73378056355863,81.8433980465067,22.9381806176019,1.30617088813184
674,225,0.05,1,0,2.55177830656909,0.426395931132822,1.08806788707406,0.981059062304914,1,0.95432744413507,1.7451238633164,82.2134249326206,23.3427402031266,1.28233058265602
675,225,0.075,1,0,2.60489315029107,0.441012305450776,1.1487899336628,0.941460559376556,1,0.954314150279689,1.75271171619778,82.4597883337412,23.6228332519156,8.79022516830884
676,226,0.035,1,0,2.74891521148952,0.75327587632555,2.0706915148794,1.03744223630567,1,0.942975795463335,1.71301656563978,81.1606570122033,22.2374011660775,15.4170045294956
677,226,0.05,1,0,2.75942218379451,0.800031698819177,2.20762521746044,0.999765113403116,0.993395073681027,0.942965969125373,1.67214388297136,79.7960989724471,20.9847279702592,12.9419584144999
678,226,0.075,1,0,2.44197898559151,0.907488569606836,2.21606801664439,0.979476646104323,1,0.942949584823705,1.62176155949828,78.0758631974804,19.6230838134847,10.6659612123026
679,227,0.035,1,0,2.81105854840918,0.73032520274948,2.05298690430759,0.980771938020753,1,0.942909096489386,1.70498048137266,80.8945362102583,21.9787034862722,14.5881426027535
680,227,0.05,1,0,2.84672590264995,0.775458934758491,2.20751903601833,1.08893941445571,1,0.942899246601421,1.66100953832914,79.4195863029116,20.6682676390584,12.3594743344451
681,227,0.075,1,0,2.72482172580963,0.91367134351695,2.48959152706466,1.01166630673636,1,0.942882823023967,1.60616273446685,77.5345971870942,19.2345702745284,10.1859138805412
682,228,0.035,1,0,2.85603598321203,0.706307549325597,2.01723977608821,0.956078842455376,1,0.94284228307204,1.69829396830578,80.6723012617149,21.7683487307684,14.0604752412991
683,228,0.05,1,0,2.90851683533367,0.748735017180001,2.17770840267187,1.13291002635417,1,0.942832409558434,1.65201519911049,79.1139306321251,20.4194460174581,12.0226443461741
684,228,0.075,1,0,3.05020469507005,0.877252584799142,2.67579995291668,1.02639573022232,1,0.942815946579683,1.59368740570596,77.0987370619454,18.9336002690742,9.90831944892768
685,229,0.035,1,0,2.54233012159022,0.626421672269111,1.59257068622668,1.02004433637872,1,0.943375152993233,1.71361590404717,81.1804622440866,22.2569617366449,1.23594743344451
686,229,0.05,1,0,2.56848702256892,0.651738905832168,1.67398292173319,1.0481757198854,1,0.943365460713937,1.72236242255012,81.4688258322073,22.5468081809476,12.3594743344451
687,229,0.075,1,0,2.63244293484211,0.705486412208947,1.85715272144655,0.924601373772203,1,0.943349299982517,1.67600632017859,79.9262278861955,21.0967942187664,10.0925288607668
688,230,0.035,1,0,2.57942084856746,0.600915938426024,1.55001509981257,0.98906982129056,1,0.943292743645185,1.70139022739157,80.7753006320725,21.8652171439041,1.27057410520854
689,230,0.05,1,0,2.61238650492449,0.625046038916067,1.63286183702084,0.978426825329967,1,0.943283022474289,1.71325856891731,81.1686547544953,22.2452948703724,1.24738351424294
690,230,0.075,1,0,2.69613825538572,0.675061199664091,1.82005832514093,1.02591063786731,1,0.943266813558977,1.66313107379197,79.4914860046089,20.7278301322196,9.6382902362397
691,231,0.035,1,0,2.60468914599895,0.575795177802427,1.49976744994052,0.974684097018638,1,0.943210157575335,1.68843348520917,80.343234731571,21.4658235962734,1.29419584144999
692,231,0.05,1,0,2.6419747734381,0.598491479479901,1.58119939090354,0.952097460630744,1,0.943200407397947,1.70111799827054,80.7662510359538,21.8566633640458,1.27057410520854
693,231,0.075,1,0,2.73660407608778,0.644110850438412,1.76267637876212,1.05230624270111,1,0.943184150108269,1.65255975084485,79.1324746239803,20.4343440265946,9.28966386779936
694,232,0.035,1,0,2.36583681839879,0.544010545663536,1.28704017852801,1.01475664625013,1,0.943769302216965,1.70921625068414,81.0349384392745,22.1142404372456,1.23594743344451
695,232,0.05,1,0,2.38630589632064,0.561078001019603,1.33890374212888,1.02344631500857,1,0.94375974135519,1.72037814046366,81.4035154174685,22.4803192887342,1.21338885046498
696,232,0.075,1,0,2.43318235196309,0.593573815204112,1.44427333174205,1.0252540892318,0.994922014435151,0.943743799788637,1.71674152075089,81.2836537387307,22.3595888024813,9.72747223776965
697,233,0.035,1,0,2.39116253977313,0.516286054251765,1.2345238727341,0.992123330321212,1,0.943671550564694,1.69389238929339,80.5256083629023,21.6322022373098,1.25892541179417
698,233,0.05,1,0,2.41498554964399,0.532395669277356,1.28572784799785,0.98801532248191,1,0.943661955672705,1.70599454893655,80.9281760532317,22.0109878716796,1.23594743344451
699,233,0.075,1,0,2.46920046736515,0.562433325902237,1.38876063117954,0.94339716747114,1,0.943645957354204,1.7063080344164,80.9385719548965,22.0209889041255,9.20449571753171
700,234,0.035,1,0,2.40718561804735,0.489833576890232,1.17912034152686,0.981868981220258,1,0.94357354743214,1.67731936349568,79.9704091525572,21.135168873232,1.29419584144999
701,234,0.05,1,0,2.43300825278656,0.504924510632065,1.22848550140203,0.972648367595916,1,0.943563918348886,1.69048167520454,80.4117191648794,21.5279337404802,1.27057410520854
702,234,0.075,1,0,2.49101165065791,0.532440534473605,1.32631557465628,0.901605845110791,1,0.943547863008934,1.69750326862057,80.6459728128381,21.7437576066513,8.87156012037961
703,235,0.035,1,0,2.05093430911302,0.800385462973183,1.64153800652701,1.06533427203986,1,0.932354372742564,1.66229586634241,79.46318943224,20.7043410029466,15.5596563160507
704,235,0.05,1,0,1.96286382828381,0.806692354539657,1.58342724327899,0.947901124866972,0.991955169114999,0.932342979223137,1.61562182736797,77.8633120282954,19.4684856355102,13.0617088813184
705,235,0.075,1,0,1.8434507737196,0.809965084703462,1.49313076208246,0.978565322176691,1,0.932323982112199,1.55877097894971,75.8646674782692,18.1327194135384,10.7646521362983
706,236,0.035,1,0,2.11783336847237,0.799712013385543,1.69365678711613,0.970285992162826,1,0.932276071994669,1.65319748757494,79.1541856051056,20.4518183043492,14.7231250243272
707,236,0.05,1,0,2.0163374959745,0.808556258579519,1.63032230177874,1.06207162720081,1,0.93226465159892,1.60309654568907,77.4277171490304,19.1598204126248,12.5892541179417
708,236,0.075,1,0,1.88063152373434,0.81290367634398,1.52877227949202,1.01225900932006,1,0.93224560966665,1.54141963276234,75.2435882237152,17.7552386564529,10.3752841581801
709,237,0.035,1,0,2.19420014651134,0.796407486033383,1.74747742253718,0.934104677149824,1,0.932197638296268,1.64564310338494,78.8965685246101,20.2466652162742,14.3218789927354
710,237,0.05,1,0,2.07782380427754,0.809457103610475,1.68190923842339,1.11038235047697,1,0.932186190939561,1.59302919142973,77.0756668019691,18.9179497320628,12.1338885046498
711,237,0.075,1,0,1.92180225512954,0.815703888091399,1.56762157165198,1.02795300364071,1,0.932167104044928,1.52762743030801,74.7461748615427,17.4639608084608,10.0925288607668
712,238,0.035,1,0,2.19755474798011,0.706444986658716,1.55245153461861,1.02844413056103,1,0.932822798319437,1.66529484810713,79.564739994858,20.7889303842662,1.22461619926505
713,238,0.05,1,0,2.15008647108852,0.733695652993103,1.57750909739693,1.13288300485558,0.999437422758683,0.932811557574249,1.67311872876921,79.8289657287962,21.0128985665108,12.4738351424294
714,238,0.075,1,0,2.02671892625646,0.77074452590092,1.56208251795195,0.949185277335429,1,0.932792815239661,1.62021695858416,78.0224507812382,19.5839806065551,10.1859138805412
715,239,0.035,1,0,2.26374797614643,0.68817501837345,1.55785480507743,0.984711600562112,1,0.932726041536515,1.65166493543916,79.1020002437204,20.409874542043,1.25892541179417
716,239,0.05,1,0,2.22845035086313,0.719248928221047,1.60281052645212,0.964981975060073,1,0.932714767808702,1.66348354651551,79.5034241866867,20.7377588418354,11.9124200802738
717,239,0.075,1,0,2.1074921100594,0.767478996097426,1.61745592891164,1.02352464735392,1,0.932695970469658,1.60573249161646,77.519609592793,19.2240503015629,9.72747223776965
718,240,0.035,1,0,2.31944214195409,0.666677612009757,1.54632014839275,0.964877922607695,1,0.93262907941619,1.63730198181453,78.611011030182,20.0246835333852,1.28233058265602
719,240,0.05,1,0,2.29967561555476,0.69974303224559,1.60918198840953,0.926129256276282,1,0.932617772577069,1.65144019153462,79.09434412404,20.4037376652632,1.25892541179417
720,240,0.075,1,0,2.19931501410676,0.759492971734819,1.67036429584495,1.04971466768814,1,0.932598920018575,1.59391230017576,77.1066178655644,18.9389527992155,9.3756200692588
721,241,0.035,1,0,2.15622112913073,0.611335531157459,1.31817458927007,1.02004219893863,1,0.933285184543085,1.66032973886994,79.3965317563042,20.649253704747,1.22461619926505
722,241,0.05,1,0,2.15179158961369,0.634283137477581,1.36484512065804,1.03487473831562,1,0.933274093615118,1.67288510463003,79.8210905681368,21.0061404501149,1.20226443461741
723,241,0.075,1,0,2.13077472427746,0.678726074103715,1.44621236340826,0.982604490749478,0.992586934918135,0.933255601124033,1.66678617705078,79.6151831782683,20.8312515246056,9.72747223776965
724,242,0.035,1,0,2.19931845746895,0.586577218278479,1.29007010289065,0.98936037534954,1,0.933170399141817,1.64328922199185,78.8161018990634,20.1835483456183,1.24738351424294
725,242,0.05,1,0,2.20288525900779,0.609672411201218,1.3430383674589,0.982740635836036,1,0.933159269353292,1.65682272917021,79.2774734890245,20.551707830932,1.22461619926505
726,242,0.075,1,0,2.20235773630895,0.655855625744281,1.44442871125966,1.07189784881838,1,0.933140712055452,1.65495140351596,79.2138605138304,20.5000268341811,9.28966386779936
727,243,0.035,1,0,2.23171065605904,0.561136274757113,1.25229380387673,0.975632764415551,1,0.933055321487985,1.62501644171744,78.1882852113534,19.7059550971493,1.28233058265602
728,243,0.05,1,0,2.24185929832936,0.583615861228224,1.30838464514699,0.961161197598171,1,0.933044152657139,1.63962341818176,78.6906025134124,20.0859977809738,1.25892541179417
729,243,0.075,1,0,2.25972810329004,0.628939177305306,1.42123153421692,1.11319946769233,1,0.933025530249559,1.64500732438253,78.8748437967923,20.229580255347,8.95364765549594
730,244,0.035,1,0,2.19908831264586,0.621590377330413,1.36693213404044,1.01969567586826,1,0.933561788020729,1.70627608678778,80.9375125714705,22.0199692389191,1.19124200802737
731,244,0.05,1,0,2.19903077294243,0.645266636815359,1.41896119111004,1.03419126900343,1,0.93355075575735,1.71441562698986,81.206880082089,22.2831211669201,12.0226443461741
732,244,0.075,1,0,2.18698015786013,0.692493208303142,1.51446890601187,0.983344705256927,0.99272745752848,0.933532361087334,1.66513477057513,79.5593232827709,20.7843978717237,9.72747223776965
733,245,0.035,1,0,2.2422567949218,0.595731270124292,1.33578248838359,0.989605546468354,1,0.933447925543089,1.69033817243653,80.4069231779511,21.5235698590378,1.22461619926505
734,245,0.05,1,0,2.25064338948238,0.619191098144628,1.39357835186554,0.983162212279756,1,0.933436854707332,1.70341652739627,80.8426218607685,21.9291122897794,1.20226443461741
735,245,0.075,1,0,2.26205486055076,0.667067886016223,1.50894415388032,1.07172095852641,1,0.933418395710468,1.65336222028708,79.1597926275817,20.4563367819688,9.28966386779936
736,246,0.035,1,0,2.27383575322998,0.56942420847113,1.29477712397634,0.976336084985508,1,0.933333774363251,1.67326753830485,79.8339814293458,21.0172055194863,1.25892541179417
737,246,0.05,1,0,2.28873817665471,0.591964663951858,1.35485212561719,0.962317556202914,1,0.933322664774474,1.6873813022954,80.3080264590325,21.4340619916047,1.23594743344451
738,246,0.075,1,0,2.31910495705082,0.63787105967487,1.47928993645125,1.11225159409339,1,0.93330414115111,1.64351039070772,78.8236664311199,20.1894627307551,8.95364765549594
739,247,0.035,1,0,2.05851419093401,0.521980601841798,1.07450447628362,1.01453577677422,1,0.93423749927201,1.70079681217311,80.7555724204582,21.8465804994207,1.18032063565173
740,247,0.05,1,0,2.06694253434133,0.537236518109287,1.11043701028152,1.01994481577173,1,0.934226684409495,1.71292817174236,81.1577355256788,22.2345194501943,1.15877735615513
741,247,0.075,1,0,2.08451673793145,0.565950110407601,1.1797324779788,1.0592309507731,1,0.934208652288224,1.71709214376063,81.2952195344199,22.3711663846739,9.28966386779936
742,248,0.035,1,0,2.08391782339563,0.492267632693333,1.02584529365041,0.992784456546886,1,0.934097566661208,1.67991329868886,80.057605946883,21.2113991138378,1.21338885046498
743,248,0.05,1,0,2.09584287201701,0.506843589086295,1.06226452341403,0.990288369191419,1,0.934086704876511,1.69324619135544,80.5040454852899,21.6123659003447,1.19124200802737
744,248,0.075,1,0,2.12122602817696,0.534014951380139,1.13276641430321,0.977720799739602,1,0.934068594505121,1.70863909863648,81.0158249689177,22.0956660116987,8.79022516830884
745,249,0.035,1,0,2.10051360634979,0.463758223074844,0.974130457625312,0.983829949818586,1,0.933957190721269,1.65689451839882,79.2799126942106,20.5536955377489,1.25892541179417
746,249,0.05,1,0,2.11479718626072,0.477485583562189,1.00978516859738,0.978308486112633,1,0.933946281742163,1.67159118364883,79.7774578061375,20.9687902163603,1.23594743344451
747,249,0.075,1,0,2.14521093411395,0.502702417006401,1.07840272156764,0.952503807207399,1,0.933928092666045,1.69460563489481,80.5494005664061,21.6541413746837,1.19124200802737
748,250,0.035,1,0,1.93234520532946,0.454261232295826,0.877789514193891,1.01194795958484,1,0.934900449536573,1.69497542170632,80.5617324946391,21.6655343704649,1.16949939101987
749,250,0.05,1,0,1.94035227966939,0.465190881217202,0.902634186851208,1.0149587838556,1,0.934889845905641,1.70706206275867,80.9635706849309,22.0450847570056,1.14815362149688
750,250,0.075,1,0,1.95696315155745,0.484864122923038,0.948861222072607,1.02611795748527,1,0.934872166044032,1.72615609282014,81.593511987426,22.675159227436,1.11686324778056
751,251,0.035,1,0,1.94769464343567,0.421992114468858,0.821911780923085,0.994530744080369,1,0.934735341223776,1.66876950461679,79.6822105843253,20.8878022670664,1.20226443461741
752,251,0.05,1,0,1.95759209998135,0.432256112844728,0.846181151673485,0.993214707510978,1,0.934724682785497,1.68231433549863,80.1382191239494,21.2824648171118,1.19124200802737
753,251,0.075,1,0,1.97791654749737,0.450496618798588,0.891044716913339,0.988724591263607,1,0.934706911524575,1.70366173591037,80.8507640341673,21.9368716435451,1.15877735615513
754,252,0.035,1,0,1.95620683258675,0.391908027647641,0.766653161429912,0.987962819230038,1,0.934569605591896,1.63897018520506,78.6682152861113,20.0687085753991,1.24738351424294
755,252,0.05,1,0,1.96727851714705,0.40147921078801,0.789821426464402,0.985075996652956,1,0.934558891967468,1.65427971665002,79.1910132383683,20.4815385412866,1.23594743344451
756,252,0.075,1,0,1.98975811803218,0.418251215250653,0.83221875092181,0.975395208306316,1,0.934541028673626,1.6783299443003,80.004393718053,21.1648009675451,1.20226443461741
757,253,0.035,1,0,1.81374526358597,0.661543131868298,1.19987072208396,1.03059321065243,1,0.918326273480116,1.64661234250024,78.9296746301673,20.2727644081406,1.18032063565173
758,253,0.05,1,0,1.78125488883436,0.67464261394118,1.20171045429872,1.06759453901255,1,0.918313153098469,1.65180971689459,79.1069319174069,20.4138298543574,12.1338885046498
759,253,0.075,1,0,1.72323583411891,0.693185668621087,1.19452238386553,0.878917199058493,0.99376399928874,0.918291277259165,1.59416211739342,77.1153710051612,18.9449015788164,9.81747943019984
760,254,0.035,1,0,1.861786738705,0.65016811183679,1.21047436854661,0.983997039696,1,0.918188403417082,1.62872280955996,78.3160834292354,19.8011105127878,1.20226443461741
761,254,0.05,1,0,1.82946475337147,0.665782593582536,1.21802578836749,0.970063420563103,1,0.918175238214226,1.64347659094466,78.8225104464636,20.1885586598505,11.4815362149688
762,254,0.075,1,0,1.76848706741047,0.688233525554944,1.21713208930223,1.04512040220771,1,0.918153287631042,1.58070038855931,76.6421755701383,18.6288704687381,9.3756200692588
763,255,0.035,1,0,1.90846649254641,0.636057473223473,1.21389437498074,0.963904124780111,1,0.918050189039071,1.60970519179012,77.6578797702932,19.3215791971239,1.23594743344451
764,255,0.05,1,0,1.8782260455318,0.654282986534682,1.22889134645777,0.935262396443409,1,0.918036978810715,1.62553414347971,78.206149873106,19.7191954842951,1.21338885046498
765,255,0.075,1,0,1.81652528529963,0.681376107297964,1.23773692770579,1.08688426835948,1,0.91801495314225,1.56953109403244,76.2472025666225,18.3733876574827,9.03649473722302
766,256,0.035,1,0,1.81608076319956,0.576725017816686,1.04737921051281,1.02144993353551,1,0.919143538789841,1.64031785479229,78.7143939866938,20.1044085202038,1.16949939101987
767,256,0.05,1,0,1.8037383433909,0.592443621840372,1.06861327701086,1.03167850596697,1,0.91913067055826,1.65414829756753,79.1865421665974,20.4779250138296,1.14815362149688
768,256,0.075,1,0,1.77669483838922,0.619437424270016,1.10055127440565,1.10519768960738,0.994304780580809,0.919109215201811,1.65513042739205,79.2199486980418,20.5049599968182,9.3756200692588
769,257,0.035,1,0,1.85560874118173,0.554448145993601,1.02883882623773,0.989394648458068,1,0.91897405421583,1.61695268479172,77.9094391187995,19.5018080973801,1.20226443461741
770,257,0.05,1,0,1.84745928385535,0.571350637259165,1.05554703914112,0.984825724723722,1,0.918961131424222,1.63197079118054,78.4278856495262,19.8852011833793,1.18032063565173
771,257,0.075,1,0,1.82755208798343,0.601398901979798,1.09908781902412,0.952014414360062,1,0.918939585083955,1.64534540707166,78.8863970106392,20.2386619349633,8.95364765549594
772,258,0.035,1,0,1.88813540681603,0.530660411341242,1.00195871164896,0.976409852810892,1,0.91880404071599,1.59156346235542,77.0242667385778,18.8831791754291,1.23594743344451
773,258,0.05,1,0,1.884485223646,0.548106284151033,1.03289819347014,0.966558873255962,1,0.918791063054869,1.60791054345781,77.5954500941432,19.2774119355311,1.21338885046498
774,258,0.075,1,0,1.87352289725588,0.580012987775115,1.08666761330247,0.908168414418585,1,0.918769425213428,1.63375551214533,78.4892437461739,19.9316921297924,1.18032063565173
775,259,0.035,1,0,1.76392860076585,0.505092112033674,0.890946422437425,1.01725460687177,1,0.919945621611555,1.63361663783009,78.4844712192957,19.9280672350461,1.14815362149688
776,259,0.05,1,0,1.76180462060271,0.518311012121928,0.91316273606568,1.02251075772334,1,0.919932998554188,1.64736310560264,78.955307475158,20.2930250527335,1.13762728582343
777,259,0.075,1,0,1.75685042786228,0.542116985696221,0.952418458271816,1.04736137550103,1,0.919911952047408,1.66926216571004,79.6988501409038,20.9018972915805,1.10662378397767
778,260,0.035,1,0,1.79157251104069,0.476939155559336,0.854471080539068,0.992131605569358,1,0.919745589214266,1.60437712803809,77.4723746530765,19.190976676949,1.19124200802737
779,260,0.05,1,0,1.79272007128642,0.490253928840705,0.878888058259757,0.989875688318866,1,0.919732902386504,1.61961815466857,78.0017332396199,19.56885953661,1.16949939101987
780,260,0.075,1,0,1.79442056721637,0.514485545845413,0.923203445000548,0.980821479660555,1,0.919711749536011,1.64381077066402,78.8339388747913,20.1975006472378,1.14815362149688
781,261,0.035,1,0,1.81181066588692,0.449011975998509,0.81352468722506,0.982811422197537,1,0.91954480810069,1.57187805849029,76.3303748667881,18.4265827537562,1.22461619926505
782,261,0.05,1,0,1.81570155429087,0.462039954320281,0.838926663203819,0.977962622702082,1,0.919532057070252,1.58875599190193,76.9257120586085,18.816886947293,1.21338885046498
783,261,0.075,1,0,1.82316930207806,0.485802693383079,0.885700557442868,0.959341237034139,1,0.919510797154698,1.6155218744525,77.8598464806551,19.4659871456591,1.18032063565173
784,262,0.035,1,0,1.57883581760758,0.635996756042355,1.0041344583219,1.04825522403398,1,0.903586032440959,1.5924926929786,77.056857178944,18.9052098595354,1.15877735615513
785,262,0.05,1,0,1.55619488263473,0.642797476640953,1.00031814371917,1.18327204103188,0.995726930302393,0.903571040264221,1.59272419772555,77.0649743330797,18.9107054239308,12.2461619926505
786,262,0.075,1,0,1.5191356817702,0.652955494454527,0.991927990233778,0.925315857692437,1,0.903546044045476,1.52811221068007,74.7637146000585,17.4740729943904,10
787,263,0.035,1,0,1.60808695865982,0.629912449496548,1.01295399513286,0.97492445048441,1,0.903425687666617,1.57321981427495,76.3778817486516,18.4571097100685,1.19124200802737
788,263,0.05,1,0,1.58431744590586,0.637696506109575,1.01031369982261,0.937939805591102,1,0.903410645441814,1.58353812199225,76.7421833354773,18.6947355135942,11.6949939101987
789,263,0.075,1,0,1.54512538459997,0.649245958698192,1.00316641163352,1.03416406818297,1,0.903385565765116,1.51342703906486,74.2305708708636,17.1716593586585,9.54992586021436
790,264,0.035,1,0,1.63786799627058,0.622797482781599,1.02006006520586,0.944044118597026,1,0.903264948413039,1.55296055582523,75.6572683796037,18.0048908324023,1.21338885046498
791,264,0.05,1,0,1.61317363647757,0.631711958546772,1.01906107737526,0.874280226819302,1,0.90324985591633,1.56998368156819,76.2632488544123,18.383625885573,1.19124200802737
792,264,0.075,1,0,1.57199900752764,0.644886559481754,1.01376103147323,1.0724290064317,1,0.903224692408698,1.50131623657336,73.7880455190605,16.9281221882223,9.20449571753171
793,265,0.035,1,0,1.60175586496034,0.582228611379229,0.932588093024394,1.03131041906438,1,0.904535493921661,1.58549437856945,76.8110456025577,18.7403724242279,1.14815362149688
794,265,0.05,1,0,1.58458118207522,0.592361080911532,0.938644221806151,1.05190965614766,1,0.904520782791125,1.60062775704383,77.3415447535997,19.1000069545988,1.13762728582343
795,265,0.075,1,0,1.55423626601667,0.608352776896162,0.945523948383962,1.03228850955369,0.9813740701845,0.904496255225735,1.59668370260517,77.2036630972772,19.0051295099113,9.54992586021436
796,266,0.035,1,0,1.6355636651852,0.568787782704977,0.930288630593517,0.984531856536056,1,0.904338327428483,1.56046413513375,75.9249937022732,18.1702459480303,1.18032063565173
797,266,0.05,1,0,1.61892631592117,0.58034216139715,0.939531197324417,0.975649715699265,1,0.904323555335428,1.57672056382345,76.5016852999745,18.5371568319312,1.15877735615513
798,266,0.075,1,0,1.58862320169402,0.598762263954436,0.951207624816856,1.14071066170901,1,0.904298926111652,1.5858613306397,76.8239553950221,18.7489541424436,9.03649473722302
799,267,0.035,1,0,1.66768737551068,0.553624754392747,0.923273013670984,0.965893319591155,1,0.904140554725913,1.53367818064162,74.9648020795945,17.5908251631908,1.21338885046498
800,267,0.05,1,0,1.65227386714087,0.566562217462683,0.936115946022973,0.947343010799886,1,0.904125721331367,1.55111672914949,75.5913321080597,17.964630560477,1.19124200802737
801,267,0.075,1,0,1.62310907706673,0.58751928430053,0.953607883299936,1.20174302376478,1,0.904100989884333,1.57645505212578,76.4923028950157,18.5310653112978,8.70963589956081
802,268,0.035,1,0,1.59426828501249,0.526079893503433,0.83871248959527,1.02445423348594,1,0.905467600118763,1.57803767621343,76.548210287263,18.5674246789687,1.13762728582343
803,268,0.05,1,0,1.58441424155304,0.537263218181677,0.851247494349665,1.03380669969362,1,0.905453162455011,1.5931060972682,77.0783627158725,18.9197771841316,1.12719745617551
804,268,0.075,1,0,1.56585015340057,0.556073596732446,0.870727926745509,1.11002497126059,1,0.905429090902045,1.61709810789295,77.9144776181087,19.5054555207089,1.09647819614319
805,269,0.035,1,0,1.62503134243673,0.505231818254757,0.821017539860279,0.988867230651283,1,0.905234834025868,1.5469090986724,75.4406442616779,17.8732943464842,1.16949939101987
806,269,0.05,1,0,1.61714306643094,0.517428548461153,0.83675598951738,0.984906330377533,1,0.905220325061286,1.56334181164818,76.02741015139,18.2343175043257,1.15877735615513
807,269,0.075,1,0,1.60163921307308,0.538313395294427,0.862183842826066,0.963991189309422,1,0.905196134611973,1.58951177701835,76.9522567317807,18.8346936192656,1.12719745617551
808,270,0.035,1,0,1.65147324121622,0.483142585454237,0.797897051569695,0.975898060295398,1,0.905001209505122,1.51287997305771,74.2106367534192,17.1605465229133,1.20226443461741
809,270,0.05,1,0,1.64590830662544,0.496031539580925,0.816422431344448,0.96759164594228,1,0.904986628767078,1.53077550800768,74.8600016639697,17.5297886510614,1.19124200802737
810,270,0.075,1,0,1.63441777503222,0.518494466402074,0.847436572143394,0.927874198044428,1,0.904962318632274,1.55936300104099,75.8857665316674,18.1458264193978,1.15877735615513
811,271,0.035,1,0,2.66703996106703,0.629947157081895,1.68009424129798,1.01640590441246,1,0.948154192826608,1.74394229828704,82.1749783120479,23.2998260734046,1.22461619926505
812,271,0.05,1,0,2.70546239475481,0.654467838992396,1.77063812697037,1.02846748479293,1,0.948145232725806,1.7202122708822,81.3980531042381,22.4747811510847,12.3594743344451
813,271,0.075,1,0,2.80641517627584,0.705427504589102,1.97972245464125,0.978163775082742,0.994046681651024,0.948130292716579,1.67362483509536,79.8460227983841,21.0275539624772,10.0925288607668
814,272,0.035,1,0,2.69762078984343,0.603920538927633,1.62914860122463,0.986831205684714,1,0.948058946916635,1.73366173035531,81.8395106094157,22.9340278889701,1.24738351424294
815,272,0.05,1,0,2.74180052060903,0.627026673007199,1.71918205848689,0.978653575500445,1,0.948049953479328,1.71390544712495,81.1900281397651,22.2664250736825,11.8032063565173
816,272,0.075,1,0,2.85770567768871,0.673495069349683,1.92465068357594,1.07967637790167,1,0.94803495787401,1.6630558430689,79.4889376868638,20.7257121998246,9.6382902362397
817,273,0.035,1,0,2.71377154276882,0.578998553284048,1.57126979720657,0.974373197610381,1,0.947963418715626,1.72287082913321,81.4855491539278,22.5639145106207,1.27057410520854
818,273,0.05,1,0,2.76067428719435,0.600556721003587,1.65794149767635,0.959111176571079,1,0.947954391771789,1.70857364699924,81.0136570714672,22.0935617292884,11.3762728582343
819,273,0.075,1,0,2.88127908383626,0.642416317729408,1.85098069938885,1.11428495140197,1,0.947939340286092,1.6545703539428,79.200900124649,20.4895343856373,9.28966386779936
820,274,0.035,1,0,2.42096280866501,0.533040488799694,1.29047119889668,1.01209095703799,1,0.948587229903362,1.73860674022486,82.0010855778867,23.1083079968396,1.21338885046498
821,274,0.05,1,0,2.44534976785538,0.548471401044508,1.3412044132195,1.0165893456298,1,0.948578416580513,1.74926028045542,82.3478415089241,23.4944491043124,1.19124200802737
822,274,0.075,1,0,2.50073221198396,0.577015173469242,1.44296043109805,1.04802116593418,1,0.948563721356502,1.72288313147467,81.4859537701063,22.5643288066656,9.6382902362397
823,275,0.035,1,0,2.43779221157779,0.504464461490958,1.22977953524044,0.990952058550484,1,0.948469848803145,1.72509130059335,81.5585391873552,22.6389687685035,1.24738351424294
824,275,0.05,1,0,2.46460936431493,0.518831052284843,1.27871586995859,0.987820418881075,1,0.948460994742075,1.73661080761115,81.9359173842289,23.037598299085,1.22461619926505
825,275,0.075,1,0,2.52467423143829,0.544756421116835,1.37533249880422,0.972238864320535,1,0.948446231578112,1.71532184803592,81.2368033360168,22.3128460717008,9.1201083935591
826,276,0.035,1,0,2.44433813256876,0.478227547230178,1.16894982973955,0.982650188055178,1,0.948352033681596,1.71062060159886,81.0814233968756,22.1595788407575,1.27057410520854
827,276,0.05,1,0,2.47215925825017,0.491578037479662,1.2152591965078,0.976710184012362,1,0.948343138623615,1.72307127677788,81.4921414426812,22.5706669464034,1.24738351424294
828,276,0.075,1,0,2.5334449891104,0.515120665272249,1.3050298682212,0.949079382077328,1,0.948328307087695,1.70895519240471,81.0262936805346,22.1058346210635,8.79022516830884
829,277,0.035,1,0,2.23781527490472,0.466581082964445,1.04412227443942,1.00996058827836,1,0.949013640439641,1.73296440239857,81.816694039106,22.909693779464,1.20226443461741
830,277,0.05,1,0,2.25475580188718,0.477669044301806,1.0770270490214,1.0124661525173,1,0.94900497044887,1.74368786262351,82.1666963547706,23.2906091842137,1.18032063565173
831,277,0.075,1,0,2.29069123476733,0.497236071673633,1.13901431099293,1.02169227668583,1,0.948990514261979,1.75932338797828,82.673702817333,23.8735159450758,9.28966386779936
832,278,0.035,1,0,2.2459414099422,0.436091739144282,0.979436495477853,0.993191900694049,1,0.94887475749992,1.71593806244379,81.2571429710188,22.3331084305662,1.23594743344451
833,278,0.05,1,0,2.26415638369366,0.446319300653647,1.01053669374064,0.991555815396628,1,0.948866039710339,1.72772730208431,81.6450842803719,22.7288007950742,1.21338885046498
834,278,0.075,1,0,2.30220456292226,0.463995991998339,1.06821368995622,0.98599677416061,1,0.948851503809064,1.74610846308958,82.2454453695569,23.3786424603181,1.18032063565173
835,279,0.035,1,0,2.24648003431142,0.408761659128481,0.918274906024142,0.987159111035553,1,0.948735259591207,1.69729246201741,80.6389517120277,21.7372113903495,1.28233058265602
836,279,0.05,1,0,2.26514651107757,0.418227020536169,0.947345476405872,0.984077854922408,1,0.948726493640399,1.71030152357733,81.0708645308691,22.1492598701627,1.24738351424294
837,279,0.075,1,0,2.30357321516105,0.434291463574933,1.00042218306431,0.973762416065373,1,0.948711877419004,1.73051167497534,81.7363782164327,22.8245689678556,1.21338885046498
838,280,0.035,1,0,2.23058333840867,0.740418220871734,1.65156454693068,1.02561956125019,1,0.936033501173221,1.68940259195957,80.3756469488611,21.4951644270411,1.21338885046498
839,280,0.05,1,0,2.16345085630842,0.768812039555458,1.66328706531648,1.05646951332143,1,0.936022729128452,1.65859868048543,79.3377902912672,20.6009915616082,12.4738351424294
840,280,0.075,1,0,2.00687028094429,0.799824688399007,1.6051443971135,0.863382323498582,0.998219605800872,0.93600476820736,1.60394738017783,77.4573912494184,19.180511019377,10.1859138805412
841,281,0.035,1,0,2.30399568472786,0.722735859138168,1.66518030065242,0.979637238407551,1,0.935917411277209,1.67756760999301,79.9787589378894,21.1424400654265,1.23594743344451
842,281,0.05,1,0,2.25079205072636,0.756748548807073,1.70328361805367,0.961842687616067,1,0.935906599891335,1.65129528322352,79.0894072335201,20.3997826838174,11.9124200802738
843,281,0.075,1,0,2.08269866403137,0.800060509258204,1.66628495377632,1.05310262472428,1,0.935888573361936,1.59182765521271,77.0335341437155,18.8894382735851,9.72747223776965
844,282,0.035,1,0,2.36340506740413,0.700788212559296,1.65624641273972,0.960773074069898,1,0.935800981541635,1.66521783314301,79.5621340116047,20.7867494995735,1.25892541179417
845,282,0.05,1,0,2.33135367668756,0.737903786656991,1.72031470606445,0.929418067471105,1,0.935790130617687,1.64514062009112,78.8793991060069,20.2331599524132,11.4815362149688
846,282,0.075,1,0,2.17352561946726,0.796694556792273,1.73163603007812,1.08970816255813,1,0.93577203815026,1.58213901947203,76.6928932426782,18.6622123476763,9.46237161365793
847,283,0.035,1,0,2.1850203367982,0.619180772418897,1.35292257988971,1.01788890890691,1,0.936561041390305,1.683170000711,80.1669244658686,21.3079093656772,1.20226443461741
848,283,0.05,1,0,2.18350344424254,0.642872353239508,1.40371399750678,1.02643427902394,1,0.93655044242303,1.6955571438981,80.5811276513224,21.6834826904386,1.18032063565173
849,283,0.075,1,0,2.16787636205892,0.689724876494464,1.49523825607636,1.09919868034128,0.995529754025504,0.936532770138771,1.66191782104448,79.4503775535241,20.6937263017333,9.72747223776965
850,284,0.035,1,0,2.22440416421203,0.593037265412651,1.31915456271681,0.986679901770496,1,0.936417945907671,1.66769612731313,79.6459434557509,20.8571588822111,1.23594743344451
851,284,0.05,1,0,2.23138046192816,0.616550114491712,1.37575787927638,0.980933982907722,1,0.936407298843489,1.6809833166019,80.0935428465757,21.2430090687093,1.20226443461741
852,284,0.075,1,0,2.23894549769396,0.664320735508483,1.48737791979146,0.941011558273274,1,0.936389546348855,1.65314478749665,79.152391751927,20.4503731963329,9.20449571753171
853,285,0.035,1,0,2.25027488708997,0.566776754530028,1.27540349730528,0.974661030237644,1,0.936274327791416,1.65121591720443,79.0867031586704,20.3976171776812,1.25892541179417
854,285,0.05,1,0,2.26354474714406,0.589320859850609,1.33395413669726,0.964048202044649,1,0.936263632330448,1.66548348710271,79.5711226240252,20.7942741288985,1.23594743344451
855,285,0.075,1,0,2.28950237553332,0.635118173593405,1.45410456718649,0.902067535632038,1,0.936245799124884,1.6457869537778,78.9014829885523,20.2505346722268,8.87156012037961
856,286,0.035,1,0,2.07502774153433,0.535235501054731,1.11062851294259,1.01439961173525,1,0.937080612171268,1.67658306670692,79.9456377641323,21.1136325580738,1.19124200802737
857,286,0.05,1,0,2.08245195981155,0.551836741526157,1.14917350388717,1.01878098433995,1,0.937070182296565,1.68903127378009,80.3632298727175,21.4839124453528,1.16949939101987
858,286,0.075,1,0,2.09741495295767,0.583431481495615,1.22369791331515,1.03923231433511,1,0.937052792002388,1.70525463225433,80.9036323272467,21.9874214100204,9.3756200692588
859,287,0.035,1,0,2.09824985482397,0.505848562516062,1.06139667286224,0.990203868122241,1,0.936911273793226,1.65713794181015,79.288182927603,20.5604382744631,1.22461619926505
860,287,0.05,1,0,2.10968460382737,0.521737348797384,1.10070125199955,0.987400542394427,1,0.936900787461441,1.67069485975886,79.7472162629172,20.9429954765831,1.20226443461741
861,287,0.075,1,0,2.13395315939263,0.551765085989269,1.17744084848935,0.976241055817556,1,0.936883303014794,1.69197584078607,80.4616353192269,21.5734813934917,1.16949939101987
862,288,0.035,1,0,2.1109799176256,0.478092706143796,1.00924410143283,0.981665201834439,1,0.936741194704513,1.63609045242636,78.5694372226565,19.9928245676268,1.25892541179417
863,288,0.05,1,0,2.12495755674722,0.493052136262915,1.04771486282224,0.976494253792387,1,0.936730651494844,1.65088831084837,79.075540187111,20.3886831345871,1.23594743344451
864,288,0.075,1,0,2.1549029192463,0.520933829225674,1.12256182933256,0.956726837627245,1,0.93671307219479,1.67407683465157,79.8612527410367,21.0406600957618,1.20226443461741
865,289,0.035,1,0,1.79740067926554,0.724435562961106,1.3021009729504,1.04078328084891,1,0.924222915590538,1.63883709116699,78.663653084015,20.0651894135846,1.20226443461741
866,289,0.05,1,0,1.75364400158888,0.731298556634313,1.28243732721237,1.17326698978872,0.996910574443798,0.924210476754411,1.60033090725907,77.3311763003772,19.0928370812963,12.7057410520854
867,289,0.075,1,0,1.68597021939225,0.73963651600917,1.2470051391665,0.942411984340614,1,0.924189737026972,1.53892509496397,75.1538684766603,17.7019976992122,10.3752841581801
868,290,0.035,1,0,1.83785324594499,0.720899526307056,1.32490753442363,0.967832287165139,1,0.924087035397306,1.62582950728701,78.2163401507766,19.7267568630438,1.22461619926505
869,290,0.05,1,0,1.79033237446757,0.729209198712877,1.30552683621522,0.919721265992763,1,0.924074551962532,1.59225739534152,77.0486060978996,18.8996270933473,12.0226443461741
870,290,0.075,1,0,1.71656840606979,0.739067456399905,1.26865984561044,1.0412175187489,1,0.924053737861533,1.52562842602487,74.6738059605211,17.4223576484486,9.90831944892768
871,291,0.035,1,0,1.88041902727336,0.715673455003952,1.34576598210389,0.938804155143199,1,0.923950762269305,1.61232113646372,77.748781567356,19.3862845718255,1.23594743344451
872,291,0.05,1,0,1.82937494430147,0.725892292008634,1.32792917126216,0.861194630302741,1,0.923938234016624,1.58545780702218,76.8097588474232,18.7395175126094,11.6949939101987
873,291,0.075,1,0,1.74917956329204,0.737804586556106,1.29055270450708,1.07549442691068,1,0.923917345175594,1.51507333328712,74.2905272715758,17.2051664553705,9.6382902362397
874,292,0.035,1,0,1.86874409238514,0.657342896518124,1.22840565453958,1.02622396835795,1,0.924840086748622,1.63185993130216,78.4240725549403,19.8823200372457,1.19124200802737
875,292,0.05,1,0,1.83626598041948,0.672850875949905,1.23553317340226,1.043587126191,1,0.924827843963793,1.64563016819892,78.8961265935931,20.2463173400232,1.16949939101987
876,292,0.075,1,0,1.7746694693469,0.695207726261792,1.23376392665088,1.01896950376482,0.983779050743332,0.924807431177467,1.60429799849614,77.4696159926365,19.1890488738588,9.81747943019984
877,293,0.035,1,0,1.91663776779633,0.643020749325627,1.23243785363419,0.980519231384727,1,0.924672567262446,1.61488251759009,77.8376748205425,19.4500190714358,1.21338885046498
878,293,0.05,1,0,1.88620394258588,0.661258674456325,1.24726871882863,0.969288705552762,1,0.924660269929773,1.6295550512325,78.3447478503234,19.8225942128969,1.19124200802737
879,293,0.075,1,0,1.82357924189351,0.688435010414311,1.25541579438428,1.1503498496291,1,0.924639766178375,1.59458134749563,77.1300576683307,18.954891811172,9.3756200692588
880,294,0.035,1,0,1.95962348148241,0.625692261173648,1.22612124717771,0.963302066411343,1,0.924504443339239,1.5970260223099,77.2156408912825,19.013331549871,1.23594743344451
881,294,0.05,1,0,1.93364459311336,0.646337884175601,1.24978775506048,0.943264213352481,1,0.92449209112511,1.61265428419409,77.7603498229072,19.3945529307856,1.21338885046498
882,294,0.075,1,0,1.87412464728143,0.678773522966249,1.2721061893131,1.20285131592732,1,0.924471495850769,1.58643484967415,76.8441278303733,18.7623802157281,9.03649473722302
883,295,0.035,1,0,1.86346911964037,0.582256618082629,1.08501722750321,1.02044610738347,1,0.925448052142578,1.62448927760881,78.1700893746235,19.6924895376015,1.18032063565173
884,295,0.05,1,0,1.85100221796902,0.599180579319914,1.10908458128512,1.0282734143796,1,0.925436000982346,1.63830221500651,78.6453155780231,20.0510584328404,1.15877735615513
885,295,0.075,1,0,1.82235374083899,0.628513857967256,1.14537458023578,1.08897282900787,1,0.925415907752563,1.65368481947396,79.1707716519636,20.4651910350072,9.46237161365793
886,296,0.035,1,0,1.90026834293517,0.559100239431563,1.06244048551928,0.986133673642982,1,0.925249775479691,1.60329605300337,77.4346763650853,19.164668489439,1.21338885046498
887,296,0.05,1,0,1.89268558069925,0.577087539439996,1.09224526469929,0.98121083459075,1,0.92523766026368,1.61819114078455,77.9523366538682,19.5329100937673,1.19124200802737
888,296,0.075,1,0,1.87277225759384,0.609465041266668,1.1413892212575,0.955662450588277,1,0.925217460212834,1.64175083869756,78.7634625706536,20.1425009314602,1.15877735615513
889,297,0.035,1,0,1.92785602998618,0.534853711823221,1.03112095349889,0.974292507706451,1,0.92505064195964,1.58059723828765,76.6385377336625,18.6264837289547,1.23594743344451
890,297,0.05,1,0,1.9251292416368,0.553133103918247,1.06485271287035,0.965444437924044,1,0.925038462218946,1.59671423423809,77.2047314827755,19.0058608020546,1.22461619926505
891,297,0.075,1,0,1.91542169043698,0.586962135019643,1.12428000488183,0.923648879089332,1,0.925018154564856,1.62213908202573,78.0889118185908,19.6326629384693,1.18032063565173
892,298,0.035,1,0,3.07109251927632,0.624331194511881,1.91737886101629,1.01298755590372,1,0.958291428333186,1.76111746916367,82.7316277756864,23.9426501242809,15.1356124843621
893,298,0.05,1,0,3.13840223150681,0.64578158145392,2.02672235630098,1.02252278388154,1,0.958284020834247,1.72589583956332,81.584965743358,22.66630164464,12.7057410520854
894,298,0.075,1,0,3.31985147859924,0.685967187390464,2.27730918132879,0.972888406104508,0.995459207041617,0.958271669408269,1.68200566676387,80.1278611208242,21.2733014356747,10.471285480509
895,299,0.035,1,0,3.09272392042726,0.600159964942097,1.85612907965921,0.983982520361211,1,0.958211141180006,1.75810011783338,82.6341779025789,23.8266537790016,14.3218789927354
896,299,0.05,1,0,3.16364718662398,0.620157355364691,1.96195907256367,0.974021000921912,1,0.958203704925136,1.72043713831628,81.4054581898285,22.4822898714812,12.1338885046498
897,299,0.075,1,0,3.3506032879017,0.655799853570035,2.19732514557721,1.0867213262465,1,0.95819130554134,1.67258861169929,79.8110948798995,20.9975700369366,10
898,300,0.035,1,0,3.09772643202594,0.577952104929382,1.79033751188477,0.972377125763204,1,0.958130592116441,1.75538027655031,82.5462115220992,23.7232490030717,13.931568029453
899,300,0.05,1,0,3.1688778787689,0.59658849860778,1.89051609596614,0.95584006186711,1,0.958123126950401,1.71602962500332,81.2601646844687,22.3361226534556,11.8032063565173
900,300,0.075,1,0,3.35122787489147,0.628489295910999,2.10621084752786,1.11617959774133,1,0.958110679348058,1.66537267978449,79.5673735132701,20.7911348596997,9.72747223776965
901,301,0.035,1,0,2.7474401596605,0.534280935580299,1.4679048989543,1.00960931932845,1,0.95858698376334,1.76672754599119,82.9124263761282,24.1620149985072,1.23594743344451
902,301,0.05,1,0,2.78581909671927,0.548416937712801,1.52779037804462,1.01318253815226,1,0.958579680154749,1.76880455401095,82.9792355558604,24.2444868152576,12.1338885046498
903,301,0.075,1,0,2.87361513689615,0.573039528608699,1.64669506344979,1.03725798315537,1,0.958567501995067,1.72865724526813,81.6755892183231,22.7606846635574,9.90831944892768
904,302,0.035,1,0,2.75693703883207,0.507654248034402,1.39957079932649,0.989108864050673,1,0.958487830772088,1.7574960155906,82.6146499919593,23.8035930031834,1.25892541179417
905,302,0.05,1,0,2.79671553765082,0.520687328313408,1.456214341352,0.985338117246556,1,0.958480491906608,1.76553723326064,82.8741076491014,24.1150612143723,11.5877735615513
906,302,0.075,1,0,2.8859940262625,0.542634378505958,1.56603957481286,0.966804715340485,1,0.958468254946216,1.72197126421968,81.4559563654815,22.5336666173995,9.46237161365793
907,303,0.035,1,0,2.75503017508627,0.48415423547915,1.33385952814088,0.981468812884967,1,0.958388274352766,1.74783036738978,82.3014063569479,23.4417428021671,1.28233058265602
908,303,0.05,1,0,2.79469005235249,0.496258274283401,1.38688806253744,0.975107890574853,1,0.958380899992478,1.7585348261583,82.648226450292,23.8432815351811,1.25892541179417
909,303,0.075,1,0,2.88207899680871,0.51611746004624,1.48749129148552,0.945664929961941,1,0.958368603834557,1.7165847661308,81.2784823176186,22.354417042205,9.1201083935591
910,304,0.035,1,0,2.51733452495013,0.471071224786891,1.18584385786658,1.00798099954195,1,0.95887875683472,1.76158614353651,82.7467512348629,23.9607903851945,1.23594743344451
911,304,0.05,1,0,2.5426394896253,0.481502085174574,1.2242862161018,1.0099844079472,1,0.958871555040182,1.77113524353646,83.0541227263115,24.3378637626219,1.20226443461741
912,304,0.075,1,0,2.59648170743397,0.499136051219265,1.29599762651165,1.01731134177819,1,0.958859546682415,1.76355939395768,82.8103866872018,24.0375342061877,9.54992586021436
913,305,0.035,1,0,2.51886104120963,0.442730374389809,1.11517629181065,0.99186429063539,1,0.958761197867784,1.74994098270661,82.3699351505178,23.5196382531854,1.25892541179417
914,305,0.05,1,0,2.54479333418796,0.45227667386764,1.15095066486707,0.989911986361362,1,0.958753954570345,1.76026367302701,82.7040679447342,23.9096890388204,1.23594743344451
915,305,0.075,1,0,2.59903020502591,0.467992257475505,1.2163260128971,0.983306947810444,1,0.958741876994778,1.75896717515522,82.6621957476988,23.8598468535075,9.03649473722302
916,306,0.035,1,0,2.51231623273499,0.4182735471654,1.05083542226728,0.986360279957314,1,0.958643066214908,1.73756193733948,81.9669802754886,23.0712315048475,1.29419584144999
917,306,0.05,1,0,2.53804256335772,0.427114901561262,1.08403579960683,0.983085612020502,1,0.958635781079534,1.74874416381885,82.3310848757872,23.475392885729,1.25892541179417
918,306,0.075,1,0,2.59105969724987,0.441383779554891,1.1436517222245,0.972141661653999,1,0.958623633728287,1.75504579947781,82.5353855147496,23.7106069429124,8.79022516830884
919,307,0.035,1,0,2.78649198133675,0.75742244047161,2.11055155685866,1.02039365957092,1,0.948410392075622,1.70720003348312,80.9681438994613,22.0494999529154,15.1356124843621
920,307,0.05,1,0,2.8089078382043,0.804712053591747,2.26036199483133,1.0448380129996,1,0.948401419092409,1.66526881616418,79.563859153611,20.7881931691655,12.8233058265602
921,307,0.075,1,0,2.47744731480784,0.924867921249416,2.29131154805128,0.920827093462742,1,0.948386457559429,1.6136433013366,77.7946814625036,19.4191367032926,10.5681750921366
922,308,0.035,1,0,2.842719310431,0.733473092787656,2.08505812454902,0.97512229181016,1,0.948312072668472,1.70368892462768,80.8516667775669,21.9377323643489,14.4543977074593
923,308,0.05,1,0,2.89044040819696,0.778985715495524,2.25161178947648,0.953314656623482,1,0.948303065376886,1.65893670416979,79.3492646605676,20.6103982440544,12.2461619926505
924,308,0.075,1,0,2.8407604587712,0.933218176635843,2.65104929559366,1.06038589558832,1,0.948288046626137,1.60280359859434,77.4174973377018,19.1527056544066,10.0925288607668
925,309,0.035,1,0,2.8735424647801,0.70859642205813,2.03618190917528,0.957566962032408,1,0.948213435784677,1.70051870719581,80.7463247745066,21.8378580961653,14.0604752412991
926,309,0.05,1,0,2.93526817647331,0.750873296977066,2.20401449318037,0.923410644401509,1,0.948204394001377,1.65382527702958,79.1755513031875,20.4690484514852,11.9124200802738
927,309,0.075,1,0,3.15822949309308,0.880155689056599,2.77973365569221,1.09235611049554,1,0.948189317727225,1.59452365414319,77.1280367061604,18.9535164377826,9.81747943019984
928,310,0.035,1,0,2.56373044074806,0.62958022593886,1.6140739901325,1.01425370707089,1,0.94877226174874,1.71570443315861,81.2494322048978,22.3254214605958,1.22461619926505
929,310,0.05,1,0,2.59331243332202,0.655082709658392,1.69883413581139,1.02107090561729,1,0.948763412684916,1.7164683867158,81.2746426375775,22.3505790783335,12.2461619926505
930,310,0.075,1,0,2.6673580315462,0.709225209433002,1.89175755855615,1.09314294831572,0.996831793657203,0.948748657816083,1.66870644468306,79.6800804531259,20.8859995006391,10
931,311,0.035,1,0,2.59228530818077,0.602797564091368,1.56262326920121,0.983941471532125,1,0.948650824013039,1.70494199685379,80.8932592247521,21.9774802858674,1.24738351424294
932,311,0.05,1,0,2.62860574359389,0.626863767144208,1.64777769876617,0.97700845515029,1,0.948641932871028,1.71265363336082,81.1486610067657,22.2255744837728,11.6949939101987
933,311,0.075,1,0,2.72219281270299,0.676558999610594,1.84172404610948,0.930406658897054,1,0.948627107828025,1.66092153072152,79.4166020692444,20.6658041251091,9.54992586021436
934,312,0.035,1,0,2.60410729115774,0.577529696308772,1.50394929301779,0.972906483454336,1,0.948528897173785,1.69372996924641,80.5201892403517,21.627212818982,1.27057410520854
935,312,0.05,1,0,2.64348844057712,0.599945543940192,1.58594911038165,0.961526881399579,1,0.948519963674421,1.70621574870503,80.9355117149457,22.0180437205635,1.24738351424294
936,312,0.075,1,0,2.74384625776493,0.644705018405075,1.76897145211303,0.89609306639339,1,0.948505067989892,1.6546744441144,79.2044407161775,20.4923995355185,9.20449571753171
937,313,0.035,1,0,2.3794353445443,0.546107127070006,1.29942660005792,1.01154852992276,1,0.949129548148488,1.70963086399542,81.0486657727285,22.1276048776716,1.22461619926505
938,313,0.05,1,0,2.40166082909165,0.563281010307417,1.3528099382265,1.01505639390963,1,0.94912082056426,1.72084772950454,81.4189772009057,22.4960146587788,1.20226443461741
939,313,0.075,1,0,2.45267269874881,0.595929549869321,1.46162013734215,1.03121190673302,1,0.949106268291264,1.71027853905841,81.0701038675134,22.1485169563758,9.54992586021436
940,314,0.035,1,0,2.39438557724084,0.5173604895661,1.23876049445133,0.988292417407753,1,0.948985549722659,1.69611317339757,80.5996609886016,21.7006677340443,1.24738351424294
941,314,0.05,1,0,2.41963703798647,0.533363204971113,1.29054536544728,0.984949460795016,1,0.948976772592016,1.70817136121884,81.0003309716309,22.0806377211462,1.22461619926505
942,314,0.075,1,0,2.47710609364117,0.563074266663545,1.3947946971248,0.971756256376549,1,0.948962137688238,1.70489484168355,80.8916944983715,21.9759816957457,9.1201083935591
943,315,0.035,1,0,2.39727736162878,0.49146481687411,1.17817747952934,0.980526258971757,1,0.948840856871425,1.68184855276981,80.122588238394,21.268640347338,1.28233058265602
944,315,0.05,1,0,2.42368427783588,0.506336255098903,1.22719922078151,0.975035722756241,1,0.948832029800196,1.69481155446996,80.5562680045182,21.6604841186108,1.24738351424294
945,315,0.075,1,0,2.48284731155523,0.533331604470412,1.3241809403268,0.954146327236867,1,0.948817311608822,1.70030647115693,80.7392665720828,21.8312065939943,8.87156012037961
946,316,0.035,1,0,2.05624352689183,0.812599049639039,1.67090153577872,1.03278352158827,1,0.938734008686819,1.65563992140989,79.2372724709542,20.5190122626374,15.2756605823807
947,316,0.05,1,0,1.96251271266902,0.818087629635959,1.60550737323784,1.16227071156408,0.998304802695609,0.938723570610213,1.60782174345635,77.5923596249731,19.2752312024285,13.0617088813184
948,316,0.075,1,0,1.83892949441473,0.820001410465135,1.50792477916602,0.957504264051837,1,0.938706166425564,1.54966781563315,75.5394768240761,17.9330945326813,10.6659612123026
949,317,0.035,1,0,2.12187908029858,0.811726041672183,1.72238450675778,0.960365524494814,1,0.938618397846877,1.6517539240215,79.1050314928511,20.4123054620012,14.5881426027535
950,317,0.05,1,0,2.01353949740749,0.819670946268729,1.65043982518946,0.90022272350082,1,0.938607920457429,1.60079593918133,77.3474184005571,19.1040711949243,12.4738351424294
951,317,0.075,1,0,1.87353312738523,0.822455566140608,1.5408977489668,1.0478498322663,1,0.938590450710806,1.5377290459844,75.1108124203946,17.6765592229922,10.2801629812647
952,318,0.035,1,0,2.19705268089383,0.807323075668159,1.77373132774418,0.933369956422992,1,0.938502417452981,1.64822360333411,78.9846753094181,20.3162950563781,14.1905752168909
953,318,0.05,1,0,2.07287669950655,0.819742890549904,1.69922593740704,0.847484764667271,1,0.938491900544182,1.59515030561061,77.1499848727472,18.9684647251043,12.0226443461741
954,318,0.075,1,0,1.91235376706588,0.824423620170527,1.57658961569119,1.07839569159836,1,0.938474364890798,1.52865580310977,74.7833773274087,17.4854226679815,10
955,319,0.035,1,0,2.21761143141803,0.715144112732429,1.58591175950674,1.02098393556813,1,0.939159443792445,1.667788795725,79.6490752788919,20.8598008793604,1.21338885046498
956,319,0.05,1,0,2.168434434834,0.744062265907095,1.61345023905356,1.03495734768533,1,0.939149147672015,1.66637297507576,79.6012106084365,20.8195084066393,12.3594743344451
957,319,0.075,1,0,2.03405579758048,0.78268471739619,1.59202438709736,1.00492243541356,0.986621677384254,0.939131980226825,1.61193763557373,77.735462511865,19.3767743525503,10.0925288607668
958,320,0.035,1,0,2.27972475353136,0.69527515484286,1.58503598101062,0.976452271158919,1,0.939016631199662,1.65579621710757,79.2425859552433,20.5233268016807,1.23594743344451
959,320,0.05,1,0,2.24514155389319,0.728058619751687,1.63459466087463,0.962836306407321,1,0.939006286850374,1.66212082410685,79.4572575822436,20.6994248521649,11.8032063565173
960,320,0.075,1,0,2.1144491791928,0.779021754465155,1.64720190930219,1.15872996333688,1,0.938989038973342,1.60327899808013,77.4340814815738,19.1642539658091,9.6382902362397
961,321,0.035,1,0,2.32495862012591,0.672080567727032,1.56255950935608,0.960695205904717,1,0.93887324917644,1.6433699233347,78.818862185135,20.1857060378611,1.25892541179417
962,321,0.05,1,0,2.30768427250561,0.706179409758439,1.62963911746684,0.939160369097583,1,0.938862856281472,1.65730278667657,79.2937829181472,20.5650068792509,1.23594743344451
963,321,0.075,1,0,2.20443829122008,0.769003050024546,1.69521976953914,1.20384245937288,1,0.938845527445933,1.59635897023639,77.1922988376524,18.9973545763752,9.3756200692588
964,322,0.035,1,0,2.17061586099027,0.616654471505378,1.33851997660014,1.01642576301607,1,0.939579545510165,1.66093372527413,79.4170155797744,20.6661454410893,1.21338885046498
965,322,0.05,1,0,2.16775210587279,0.640327215650376,1.38807067017377,1.02271444235745,1,0.939569388594219,1.67353872196116,79.8431208668254,21.0250589105394,1.19124200802737
966,322,0.075,1,0,2.14896923765435,0.68673469889442,1.47577174235393,1.06931343823068,1,0.93955245329934,1.6593949754989,79.3648178482414,20.6231647436854,9.6382902362397
967,323,0.035,1,0,2.20588097043881,0.590398033148786,1.30234778630741,0.983422685815562,1,0.939410180523895,1.64593009689433,78.9063729450105,20.2543865116041,1.23594743344451
968,323,0.05,1,0,2.21147845464737,0.613914469163305,1.35765862155093,0.977553901977205,1,0.939399966802196,1.65940436380667,79.3651364397088,20.623426445484,1.21338885046498
969,323,0.075,1,0,2.21540333288006,0.661444052662607,1.46536535878243,0.947663176987033,1,0.939382936771158,1.65336795149949,79.159987693221,20.4564940192135,9.20449571753171
970,324,0.035,1,0,2.22598310795569,0.564452828993844,1.2564624625781,0.972697996097274,1,0.939240006926052,1.63019750095455,78.3668673882913,19.8392082355172,1.25892541179417
971,324,0.05,1,0,2.23757299763049,0.586955604935083,1.31335601241061,0.963315255394356,1,0.93922973595233,1.6445906671967,78.8606028403152,20.218398616724,1.23594743344451
972,324,0.075,1,0,2.259083707201,0.632506467327729,1.42888505503933,0.919553653110252,1,0.939212610443601,1.64823164038811,78.9849495467119,20.3165126406619,8.95364765549594
973,325,0.035,1,0,2.19911825831732,0.622442141821187,1.36882387882511,1.02272087986587,1,0.931140600138807,1.71576908278021,81.2515660081401,22.327548005921,1.19124200802737
974,325,0.05,1,0,2.19887927118387,0.64598093286322,1.42043408285295,1.06443641169449,1,0.931129222866184,1.71758677953655,81.3115323870188,22.3875218355997,12.0226443461741
975,325,0.075,1,0,2.18651973040778,0.692903852091896,1.51504794387448,0.940232484613296,1,0.931110253006669,1.6688564593428,79.6851477605905,20.8902886534148,9.72747223776965
976,326,0.035,1,0,2.24512352407347,0.597234064623174,1.3408642478635,0.991349592054223,1,0.931052109246869,1.69935856663775,80.7077336736796,21.8015518950041,1.22461619926505
977,326,0.05,1,0,2.25321368971891,0.62062107492371,1.39839190214617,0.981732278683472,1,0.931040701562265,1.7079696019822,80.9936465077235,22.0741620952801,11.3762728582343
978,326,0.075,1,0,2.26392232083945,0.668315960833648,1.51301542110456,1.01752039838459,1,0.931021680984814,1.65467796589663,79.204560505228,20.4924964885484,9.28966386779936
979,327,0.035,1,0,2.28139719863916,0.571328600575639,1.3034274688557,0.976346905966679,1,0.930963473151707,1.68164712029474,80.1158273921457,21.2626675415177,1.25892541179417
980,327,0.05,1,0,2.29620787737512,0.59391611648763,1.36375486517894,0.952815233483034,1,0.930952034950356,1.69566793411675,80.5848208689934,21.6869045527635,1.23594743344451
981,327,0.075,1,0,2.3263218590831,0.639950142685882,1.48873000565351,1.04259247680214,1,0.93093296348144,1.64276716467321,78.7982429572593,20.1696008540417,8.95364765549594
982,328,0.035,1,0,2.05915807045582,0.523968282422705,1.07893351741359,1.01553314926896,1,0.931838696226304,1.71245226094899,81.1420041138838,22.2190184109331,1.18032063565173
983,328,0.05,1,0,2.06742681620579,0.539149569942194,1.11465227884431,1.02431349926444,1,0.931827541565429,1.72435249552417,81.5342625181562,22.6139342703193,1.15877735615513
984,328,0.075,1,0,2.08467198390497,0.567727728088229,1.18352608923155,1.03523294014402,0.994956449797016,0.931808942942337,1.72047061788924,81.4065606316841,22.4834082911907,9.3756200692588
985,329,0.035,1,0,2.0884702802606,0.494903263178069,1.03359075675139,0.994205483989876,1,0.931729870145916,1.69104324515821,80.4304840579107,21.5450287744259,1.21338885046498
986,329,0.05,1,0,2.10027212033832,0.509484150755177,1.07005535758534,0.991284854708621,1,0.93171867847184,1.70417679640856,80.8678634608821,21.9531894201415,1.19124200802737
987,329,0.075,1,0,2.12540846378532,0.53668434824653,1.14067345614429,0.959710083795079,1,0.931700018123588,1.70947579024909,81.0435318020381,22.1226042495127,8.87156012037961
988,330,0.035,1,0,2.11017810526543,0.466473472441392,0.98434210823296,0.984279516415367,1,0.931620819962522,1.66727932660452,79.6318554872656,20.8452840782089,1.25892541179417
989,330,0.05,1,0,2.12455461207478,0.480275001640345,1.02037046979922,0.976541851016351,1,0.931609591118177,1.68182470094027,80.1217877145491,21.2679329208787,1.23594743344451
990,330,0.075,1,0,2.15521753925878,0.505657812344153,1.08980258602734,0.917093106150689,1,0.931590868781933,1.69993839730834,80.7270240153459,21.8196813735925,8.47227414140596
991,331,0.035,1,0,1.93370641589562,0.457240025549942,0.8841679710102,1.0124022259879,1,0.932523511714608,1.70894684564218,81.0260172650576,22.1055659782822,1.15877735615513
992,331,0.05,1,0,1.94159484123263,0.468122232802161,0.908903712274975,1.01669952306891,1,0.932512573364619,1.72075683479438,81.4159846635109,22.4929747226838,1.14815362149688
993,331,0.075,1,0,1.95797737546792,0.48771898253109,0.954942733382106,1.04239397912176,1,0.932494335469454,1.73936422621859,82.0258010192408,23.1352748797343,1.11686324778056
994,332,0.035,1,0,1.95369838670291,0.425457979298197,0.831216567764769,0.99557713592172,1,0.932395020430255,1.68223146661152,80.1354384456429,21.2800039079799,1.20226443461741
995,332,0.05,1,0,1.96356501252791,0.435744633153198,0.855612916056429,0.994136761926435,1,0.932384038827618,1.69554757263661,80.5808085816261,21.6831871264586,1.18032063565173
996,332,0.075,1,0,1.98385424612127,0.454042551189711,0.900754243097444,0.987369104229821,1,0.932365728801589,1.71648289924516,81.2751214582695,22.3510575935412,1.15877735615513
997,333,0.035,1,0,1.9675119429023,0.395117011627911,0.777397439221782,0.988147016871455,1,0.93226621049871,1.65160429227078,79.0999344584341,20.4082182616106,1.24738351424294
998,333,0.05,1,0,1.97873634250562,0.404753621373076,0.800900700371664,0.984308795277178,1,0.932255185423351,1.66672264150977,79.6130348863749,20.8294449961904,1.22461619926505
999,333,0.075,1,0,2.00156546270834,0.421655305062813,0.843970695781475,0.967182390163863,1,0.932236802899267,1.69042062620551,80.4096788958704,21.5260770299856,1.19124200802737
1000,334,0.035,1,0,1.81551591596196,0.661962183726393,1.2018028803202,1.03512767001678,1,0.915400588027657,1.65766981386268,79.3062496712578,20.5751860386559,1.18032063565173
1001,334,0.05,1,0,1.78308605868177,0.67498209755164,1.20355116800411,1.10402393237646,0.995491327084999,0.915387081552029,1.65555841998746,79.2345015576994,20.5167631213915,12.1338885046498
1002,334,0.075,1,0,1.72517910296316,0.693419693144652,1.19627316419628,0.952764221314984,1,0.915364562058492,1.59848520828159,77.2666755057605,19.0483634523534,9.90831944892768
1003,335,0.035,1,0,1.86527731951454,0.651113129994801,1.21450655381743,0.986916772271784,1,0.915293493846205,1.6391541631736,78.6745211992256,20.0735750924838,1.20226443461741
1004,335,0.05,1,0,1.83284846115622,0.666647283476158,1.22186344765325,0.965563849090146,1,0.915279952088817,1.6443676027226,78.8529775068616,20.2124171986607,11.5877735615513
1005,335,0.075,1,0,1.77171435872963,0.688972412293915,1.22066231562972,1.0162877322548,1,0.915257373759798,1.5822046843136,76.6952073520879,18.6637366218415,9.46237161365793
1006,336,0.035,1,0,1.91479004875794,0.637683871657794,1.22103073170378,0.964617322022738,1,0.915186226441451,1.61934379304474,77.9922387923964,19.5619384385054,1.23594743344451
1007,336,0.05,1,0,1.88415376968151,0.655890893523734,1.23579929953252,0.918647701069007,1,0.915172649284234,1.63481679810476,78.525704965335,19.9594346858787,11.1686324778056
1008,336,0.075,1,0,1.82171824900399,0.682894373665399,1.24404114264841,1.04131004546293,1,0.915150011922064,1.56862009040089,76.2148926452807,18.3528080204229,9.1201083935591
1009,337,0.035,1,0,1.81761000437806,0.578230737320504,1.05099797299265,1.0224286877272,1,0.916243867999168,1.65384417422662,79.1761943335774,20.4695675374561,1.15877735615513
1010,337,0.05,1,0,1.80518536296654,0.593844059151033,1.07199860346408,1.03898640355825,1,0.916230618977236,1.66747369104215,79.6384254133754,20.8508199076287,1.14815362149688
1011,337,0.075,1,0,1.77802201774311,0.620646593572475,1.10352330860912,0.987160683773679,0.991661404904557,0.916208528808761,1.65910883454887,79.3551069730564,20.6151916183286,9.46237161365793
1012,338,0.035,1,0,1.85989443426137,0.556663580073469,1.03533549433466,0.991684617407242,1,0.916112126916373,1.62977028314665,78.352159058319,19.8281573174031,1.19124200802737
1013,338,0.05,1,0,1.85153195927916,0.573519790476037,1.06189022134547,0.986530642937591,1,0.91609883492642,1.64462470719391,78.8617664050713,20.2193116886668,1.18032063565173
1014,338,0.075,1,0,1.83119359393949,0.603464752432091,1.10506078882193,1.06452109714797,1,0.916076673104274,1.64630429407325,78.9191543887477,20.2644624327479,8.95364765549594
1015,339,0.035,1,0,1.896579079757,0.533374155105346,1.01158626425586,0.977569010142247,1,0.915980118399597,1.60338998546541,77.4379526835267,19.16695182267,1.23594743344451
1016,339,0.05,1,0,1.89272562005353,0.550899831536196,1.04270222523173,0.964325580963067,1,0.91596678326222,1.61963616322317,78.0023563918117,19.5693139800271,1.21338885046498
1017,339,0.075,1,0,1.8812327848928,0.582958089757945,1.09667987067113,1.11099605543886,1,0.915944549487488,1.63526050485968,78.5409432004843,19.9710549093892,8.6297854776697
1018,340,0.035,1,0,1.76587755028041,0.507666316251589,0.896476550902237,1.01746702123843,1,0.917071377274564,1.64973492151371,79.0362249124777,20.3572896558582,1.14815362149688
1019,340,0.05,1,0,1.7636407450524,0.520810157282836,0.918522013821158,1.02467457647086,1,0.917058378611812,1.66329083274959,79.4968972655249,20.7323291699594,1.12719745617551
1020,340,0.075,1,0,1.75847136155284,0.544479962600741,0.957452421172763,1.12894940534951,0.999493575165933,0.917036705935047,1.68472175626445,80.2189509664826,21.3542139202874,1.10662378397767
1021,341,0.035,1,0,1.79721085783043,0.480189956094913,0.863002602914893,0.993792844373159,1,0.916915787449696,1.61982193792179,78.0087844558278,19.5740031033987,1.19124200802737
1022,341,0.05,1,0,1.79822559079982,0.49351317378897,0.887448018504163,0.991436807089608,1,0.916902738541491,1.63480839183772,78.5254162366589,19.9592146570101,1.16949939101987
1023,341,0.075,1,0,1.79964751802056,0.517769091243725,0.931801859964533,0.97762230767895,1,0.916880982075424,1.65862517174661,79.3386896181318,20.6017284678612,1.13762728582343
1024,342,0.035,1,0,1.82221196426409,0.452416805158788,0.824399315194478,0.983445792260521,1,0.916759817242463,1.58615138495286,76.8341582048243,18.7557422531306,1.22461619926505
1025,342,0.05,1,0,1.82610078996698,0.465548593709123,0.850138654740248,0.977276675063079,1,0.916746717837812,1.60288346673264,77.4202837785195,19.1546449357536,1.21338885046498
1026,342,0.075,1,0,1.83355025497488,0.489531751793361,0.897581068319018,0.945152998466005,1,0.916724877164587,1.62938261472965,78.3388096784583,19.8181393361163,1.18032063565173
1027,343,0.035,1,0,1.58155255093072,0.636435366233309,1.00655597696882,1.0553908950244,1,0.900190153405602,1.60482929331668,77.4881362600584,19.2019991982686,1.15877735615513
1028,343,0.05,1,0,1.55891323944462,0.643190226405422,1.00267775942479,1.05397438105734,0.987645710761555,0.900174746741772,1.59694684180093,77.2128705366387,19.0114338211889,12.3594743344451
1029,343,0.075,1,0,1.52185259479872,0.653278887325788,0.994194169803971,0.957592291640818,1,0.900149059568838,1.53295955612881,74.938869962437,17.5756835088889,10
1030,344,0.035,1,0,1.61204280500926,0.630747304133485,1.01679165340737,0.980121748763822,1,0.900065663376815,1.58479499394929,76.7864340665956,18.7240348669234,1.19124200802737
1031,344,0.05,1,0,1.58818729166608,0.638480293751694,1.01402628851567,0.924410399207432,1,0.900050217379469,1.58451391264624,76.7765403780803,18.7174756889457,11.6949939101987
1032,344,0.075,1,0,1.54886066741014,0.649947527834634,1.00667816174352,1.01553468369406,1,0.900024464615103,1.5150618446279,74.2901090305936,17.2049322867196,9.6382902362397
1033,345,0.035,1,0,1.64350103549242,0.624150899840368,1.02579265019117,0.947063245865296,1,0.899940974847254,1.56361698355199,76.0371960261345,18.2404636012041,1.21338885046498
1034,345,0.05,1,0,1.6185726806891,0.63301640549334,1.02458306035953,0.851308535513161,1,0.899925489386386,1.57393532796606,76.4032029273098,18.4734232828359,11.2719745617551
1035,345,0.075,1,0,1.57703765953573,0.646098393421219,1.0189214981908,1.04044466540611,1,0.899899670815062,1.50023179216455,73.7482944750239,16.9065635918086,9.28966386779936
1036,346,0.035,1,0,1.60415782314353,0.583515463366505,0.9360508954846,1.03181467812504,1,0.901168649496258,1.60051673073085,77.3376669709154,19.0973247589801,1.14815362149688
1037,346,0.05,1,0,1.58695370925723,0.593567205047015,0.941963677742805,1.06601721113538,1,0.901153528990269,1.61552536630013,77.8599675521573,19.4660744204297,1.12719745617551
1038,346,0.075,1,0,1.55657071521383,0.609428294747918,0.948618236627312,0.916719293937417,0.990140694290143,0.901128318990888,1.60117907882534,77.3607974930864,19.1133357232496,9.54992586021436
1039,347,0.035,1,0,1.63984689665377,0.570666293363957,0.935805350197796,0.988280682050412,1,0.901015467731732,1.57460597508516,76.4269283386104,18.4887358292016,1.18032063565173
1040,347,0.05,1,0,1.62305351736166,0.582153119473591,0.944865668204676,0.978845869371129,1,0.901000299290276,1.59074920778261,76.9956966633296,18.8639108909777,1.15877735615513
1041,347,0.075,1,0,1.59249572731053,0.600449665408876,0.956213526628674,1.04157750737727,1,0.900975009356851,1.58692665509247,76.8614216599503,18.7739064993301,9.1201083935591
1042,348,0.035,1,0,1.67473849881715,0.556122683064504,0.931360067393612,0.96859759553132,1,0.900861979407167,1.5466353053693,75.4308282646081,17.8673767234455,1.21338885046498
1043,348,0.05,1,0,1.65901170254858,0.569053173507921,0.94406587422205,0.945373351162231,1,0.9008467628349,1.56403952200374,76.0522201199218,18.2499078249569,1.19124200802737
1044,348,0.075,1,0,1.62927826186058,0.589963535790811,0.961214764154375,1.08910963583708,1,0.900821392640186,1.57469402490726,76.4300426934711,18.4907478053117,8.70963589956081
1045,349,0.035,1,0,1.59679577017394,0.528365527659992,0.843691839673196,1.02397226048865,1,0.90212915096132,1.59597256058426,77.1787737894141,18.9881101608359,1.13762728582343
1046,349,0.05,1,0,1.58686171544969,0.539464466087158,0.856055508079222,1.03616484282558,1,0.902114308934325,1.6107856456617,77.6954386826526,19.3482571699232,1.11686324778056
1047,349,0.075,1,0,1.56816411847299,0.558126641710049,0.87523417309353,1.08616883724489,0.992050472880088,0.902089563302378,1.63445469714423,78.5132668652107,19.9499610418846,1.09647819614319
1048,350,0.035,1,0,1.63027073423088,0.508213503256578,0.828525601100147,0.991505379625407,1,0.90194819095462,1.56384362904108,76.0452551859789,18.245528392002,1.16949939101987
1049,350,0.05,1,0,1.62219800516489,0.520378345836265,0.844156714546594,0.987636931685593,1,0.901933292837064,1.58010686081707,76.6212409241254,18.615144226137,1.14815362149688
1050,350,0.075,1,0,1.60634676173844,0.541194873046347,0.869346631787447,0.955585950367448,1,0.901908453671751,1.60600132521331,77.5289748329784,19.2306224182134,1.12719745617551
1051,351,0.035,1,0,1.66046994047938,0.486589139397371,0.807966639333066,0.977469609775341,1,0.9017667947753,1.52840894253345,74.7744485703081,17.4802670579311,1.20226443461741
1052,351,0.05,1,0,1.65468606273312,0.499549383732098,0.826597402908419,0.967552388080753,1,0.90175184029297,1.5462059024645,75.4154307554796,17.8581021115502,1.19124200802737
1053,351,0.075,1,0,1.64272787388636,0.522129862794539,0.857717279401052,0.904055053416017,1,0.901726907137315,1.57464224209529,76.4282111323511,18.4895645014595,1.15877735615513
1054,352,0.035,1,0,2.6652290187947,0.63071320760945,1.6809951434578,1.02015663838674,1,0.945634123575493,1.75187317871544,82.432608098594,23.5914887595919,1.22461619926505
1055,352,0.05,1,0,2.70305696030749,0.655097793525835,1.77076665047209,1.0561211253491,1,0.945624776077296,1.72348191812137,81.5056445064526,22.5845142704361,12.4738351424294
1056,352,0.075,1,0,2.80234669225356,0.705770898825972,1.97781474381379,0.951540437416672,1,0.945609190179542,1.67758207417924,79.979245410168,21.142863881928,10.0925288607668
1057,353,0.035,1,0,2.69963487708129,0.605364634254735,1.63426347998564,0.989007031719453,1,0.945558186808945,1.74114290466849,82.083799753085,23.1988844832361,1.24738351424294
1058,353,0.05,1,0,2.74315049325341,0.628434447666069,1.72389026509261,0.976837162376069,1,0.945548812505233,1.71478203316435,81.2189803609058,22.2951291335026,11.8032063565173
1059,353,0.075,1,0,2.8571394628628,0.67488423605732,1.92823838370338,1.02140936049167,1,0.945533181903038,1.66457612839561,79.5404165782094,20.7685956154,9.6382902362397
1060,354,0.035,1,0,2.72218299242451,0.580621275830157,1.58055736210467,0.97453656791862,1,0.945482093843086,1.72980071657955,81.7130792888815,22.8000287026802,1.27057410520854
1061,354,0.05,1,0,2.76893606249511,0.602236245860035,1.66755365930352,0.94913912995327,1,0.945472692631172,1.70753220178641,80.9791527609223,22.0601375232359,11.3762728582343
1062,354,0.075,1,0,2.88922848910824,0.644285841788765,1.86148900922518,1.0444661381649,1,0.94545701715323,1.65396033097441,79.1801467632252,20.4727588037715,9.3756200692588
1063,355,0.035,1,0,2.42059195971201,0.534940212805538,1.29487197804372,1.01373048838293,1,0.946086782856411,1.74811826458256,82.3107582070888,23.4523321780533,1.21338885046498
1064,355,0.05,1,0,2.44464749645417,0.550302772461932,1.34529629499085,1.02148722520826,1,0.946077587310248,1.75859046434216,82.6500243009668,23.8454117381615,1.19124200802737
1065,355,0.075,1,0,2.49930141199681,0.578737876390232,1.44644039163814,1.03286186520278,0.995526523650751,0.946062254824754,1.72637637936968,81.6007449378016,22.6826626611464,9.6382902362397
1066,356,0.035,1,0,2.44254590885979,0.506949937283261,1.23824849530796,0.992690688847732,1,0.945993167188081,1.7340875065523,81.8534381348444,22.9489149762922,1.24738351424294
1067,356,0.05,1,0,2.4691695517152,0.521339679362523,1.28727606238291,0.989002002424742,1,0.945983938875347,1.74544958737599,82.2240196222056,23.3546030122371,1.22461619926505
1068,356,0.075,1,0,2.5288679573462,0.547349447137224,1.38417447833648,0.951346644197668,1,0.945968551745518,1.71628247781091,81.2685085284228,22.3444511866805,9.20449571753171
1069,357,0.035,1,0,2.45559778574505,0.480522651699019,1.17997035951245,0.983203660237516,1,0.945899310869391,1.71890916161967,81.3551243402804,22.4313775907587,1.28233058265602
1070,357,0.05,1,0,2.48358669381819,0.493943261820366,1.22675091255821,0.974905520101551,1,0.945890049635609,1.73124628945646,81.7604437728497,22.8499889508883,1.24738351424294
1071,357,0.075,1,0,2.54535943403279,0.517640830931542,1.31758197245217,0.912250182805033,1,0.945874607600708,1.70777773381178,80.9872891258173,22.0680077534789,8.87156012037961
1072,358,0.035,1,0,2.23867387002636,0.469448346784536,1.05094174727361,1.01094236015958,1,0.94653244111766,1.74418525915568,82.1828857871126,23.3086352571481,1.20226443461741
1073,358,0.05,1,0,2.255403191281,0.480496894411232,1.0837142290557,1.01473298767151,1,0.946523393962478,1.75465783628829,82.5228260752406,23.6959634923687,1.18032063565173
1074,358,0.075,1,0,2.29092352915341,0.500011429429655,1.14548794852603,1.03703488092704,1,0.946508308949237,1.76237243092756,82.772115721575,23.9912991643877,9.3756200692588
1075,359,0.035,1,0,2.25267515275859,0.439305324585767,0.989612189168908,0.994453331053214,1,0.946421640297989,1.72659146946406,81.607806505903,22.6899944950974,1.23594743344451
1076,359,0.05,1,0,2.27085512872358,0.449564793602036,1.02089651724474,0.992645550953569,1,0.946412554687617,1.73816255427376,81.986588256005,23.0925285417014,1.21338885046498
1077,359,0.075,1,0,2.30888981329751,0.4673215012389,1.07899385374539,0.984202206704648,1,0.946397405542261,1.75467856026682,82.5234970287122,23.6967451598046,8.87156012037961
1078,360,0.035,1,0,2.25968792835211,0.411410557975234,0.929659471453242,0.987405805199492,1,0.946310497818528,1.7071081922527,80.9650997401478,22.0465607320277,1.28233058265602
1079,360,0.05,1,0,2.27858881793054,0.420931691763872,0.959130245965746,0.983317305677222,1,0.946301373534769,1.71995325573112,81.3895224835202,22.4661390915915,1.24738351424294
1080,360,0.075,1,0,2.31756778255477,0.437100350153535,1.01300968925924,0.96510228037027,1,0.94628615989272,1.73989953264852,82.0432615409877,23.1543760616092,1.21338885046498
1081,361,0.035,1,0,2.23097262322661,0.740044235515604,1.65101842941198,1.03128447635304,1,0.932966351122669,1.69876249910494,80.6878973950966,21.7829481957302,1.21338885046498
1082,361,0.05,1,0,2.16442843497487,0.768207639831605,1.66273045961646,1.09996412814843,0.996119057982812,0.932955134380699,1.6624581965577,79.4686900398001,20.7089021978969,12.5892541179417
1083,361,0.075,1,0,2.00916285550966,0.799170181807182,1.60566304451789,0.960075321647799,1,0.932936432066591,1.608558456373,77.6179950795842,19.2933365923474,10.2801629812647
1084,362,0.035,1,0,2.30679968524905,0.722843519755236,1.66745520385569,0.983313860606476,1,0.932873873661423,1.68636608779175,80.2740379161178,21.4035089360447,1.23594743344451
1085,362,0.05,1,0,2.25391314032198,0.756576034107336,1.70525666492721,0.956443228791928,1,0.932862625353755,1.65231439657992,79.1241200214829,20.4276289381228,11.9124200802738
1086,362,0.075,1,0,2.08703647803584,0.79982880769787,1.66927189784937,1.02002865335074,1,0.932843870398508,1.59354208574238,77.0936442669968,18.9301430243304,9.81747943019984
1087,363,0.035,1,0,2.37127218820896,0.701604170719787,1.66369445715924,0.961784354508175,1,0.932781208313995,1.67333604484923,79.8362903535452,21.019188886096,1.25892541179417
1088,363,0.05,1,0,2.33909799007719,0.73863585307788,1.72774163933342,0.912107559287374,1,0.932769928322761,1.64387824424932,78.8362461394996,20.19930702511,11.5877735615513
1089,363,0.075,1,0,2.18076261547103,0.797466639697278,1.73908543493713,1.04325302674737,1,0.932751120528574,1.58139008076225,76.6664944943936,18.644842228199,9.46237161365793
1090,364,0.035,1,0,2.18542266394392,0.620286431010142,1.35558802446645,1.01987163219217,1,0.933517073349573,1.69436652874558,80.5414254775908,21.6467813371478,1.20226443461741
1091,364,0.05,1,0,2.18363264327414,0.643808112875075,1.40584041127874,1.03453842425586,1,0.933506035254578,1.70657832987412,80.947534284017,22.0296199526034,1.18032063565173
1092,364,0.075,1,0,2.16752849976708,0.69027660457379,1.49619421313614,0.982964694795691,0.99265746222944,0.933487630863079,1.66604142471613,79.5899970632933,20.8100953675176,9.72747223776965
1093,365,0.035,1,0,2.22871244486763,0.594841249409838,1.32573009528032,0.989491000120944,1,0.933403044678468,1.67822696602481,80.0009314615078,21.161777570616,1.22461619926505
1094,365,0.05,1,0,2.23531032084798,0.618281878356254,1.38205186388301,0.982964373495573,1,0.933391967981787,1.69137231734404,80.4414776103173,21.5550594612572,1.20226443461741
1095,365,0.075,1,0,2.24196464158784,0.665860534656275,1.49283577492814,1.07177031169713,1,0.933373499214678,1.65424712652865,79.1899045010934,20.480642320328,9.28966386779936
1096,366,0.035,1,0,2.2606659197754,0.56885710819105,1.28599587770949,0.975996189538602,1,0.933288726469207,1.6608782462778,79.4151342977028,20.664592717342,1.25892541179417
1097,366,0.05,1,0,2.27388351390618,0.591482134453923,1.34496147430481,0.961758151502271,1,0.933277610990367,1.67505330437824,79.8941429302088,21.0690303529572,1.23594743344451
1098,366,0.075,1,0,2.29965802571364,0.637491714175737,1.46601293683018,1.11269050567696,1,0.933259077547435,1.64435731684178,78.8526258696911,20.2121414670079,8.95364765549594
1099,367,0.035,1,0,2.07639163060725,0.537495113647608,1.11605035547019,1.01543281067571,1,0.934059392518233,1.68975790069645,80.3875265329608,21.50594281765,1.19124200802737
1100,367,0.05,1,0,2.08358309747304,0.554005414247636,1.15431631703492,1.02180488879013,1,0.934048528968924,1.70195723519233,80.7941455265435,21.8830562800479,1.16949939101987
1101,367,0.075,1,0,2.09806011861802,0.585429546509698,1.22826638379263,1.11086145721228,1,0.934030415659041,1.70887666475087,81.023693075212,22.1033074683128,9.3756200692588
1102,368,0.035,1,0,2.10458367622963,0.508698971937608,1.07059955245468,0.992208080052864,1,0.933924406352375,1.66957096794851,79.7092778355935,20.9107418603712,1.22461619926505
1103,368,0.05,1,0,2.11585945489366,0.524602837833571,1.10998587449421,0.989246856351065,1,0.933913497478902,1.68292384103502,80.1586676888656,21.3005829930578,1.20226443461741
1104,368,0.075,1,0,2.13979467088704,0.554683960462361,1.18690978262388,0.972116968098351,1,0.933895308582781,1.69981223976314,80.7228273595337,21.8157340863336,8.95364765549594
1105,369,0.035,1,0,2.12360989941034,0.480790238763743,1.02101091057854,0.982397705563326,1,0.93378900901458,1.64746177328884,78.9586755235063,20.2956906674889,1.25892541179417
1106,369,0.05,1,0,2.13774379164318,0.495849516414458,1.05999922530428,0.975819080812269,1,0.933778054564058,1.66212520697685,79.4574061156407,20.6995479190897,1.23594743344451
1107,369,0.075,1,0,2.16808688248313,0.52395812591674,1.13598673977053,0.941736226351439,1,0.933759789660853,1.68508563666639,80.231145214025,21.3651023075272,1.20226443461741
1108,370,0.035,1,0,1.8005538882701,0.724145771518583,1.30386348458214,1.04961961521941,1,0.920637927798716,1.64942245232797,79.0255700260088,20.3488008172669,1.20226443461741
1109,370,0.05,1,0,1.75687532750781,0.730996399749359,1.28426953921669,1.04695667736141,0.988597390468599,0.920624999056187,1.60468821596434,77.4832189498035,19.1985589234335,12.7057410520854
1110,370,0.075,1,0,1.68926219676758,0.739322542782299,1.24890962274022,0.963752277270516,1,0.920603442595793,1.54407536917933,75.3389868626818,17.812197880298,10.3752841581801
1111,371,0.035,1,0,1.8427210965645,0.721031602479096,1.32866014517794,0.974502352916595,1,0.920529773830903,1.63574077110814,78.5574332658902,19.9836469299653,1.22461619926505
1112,371,0.05,1,0,1.7951072636569,0.72932751879399,1.30922112657196,0.905962044576845,1,0.920516809380564,1.59336486687641,77.087433074375,18.9259283698252,12.1338885046498
1113,371,0.075,1,0,1.72115131688259,0.739159609364988,1.27220553504497,1.01917210630921,1,0.920495193372094,1.52751332913344,74.742045994154,17.4615820430827,10
1114,372,0.035,1,0,1.88763587907302,0.716475248693428,1.35244438590148,0.942529668489561,1,0.920421402805625,1.62144469598414,78.0649093232912,19.6150504362513,1.24738351424294
1115,372,0.05,1,0,1.8361460530823,0.726670994281537,1.33427407803944,0.83870134898626,1,0.920408402515282,1.58399367969279,76.7582252977332,18.7053461257533,11.6949939101987
1116,372,0.075,1,0,1.75528982451721,0.738507893065886,1.2962953900242,1.04242971446394,1,0.920386726739815,1.51416160111331,74.2573287602974,17.1865978415167,9.6382902362397
1117,373,0.035,1,0,1.8708224134733,0.657872184158773,1.23076202732487,1.02827981589973,1,0.921281398186212,1.64449414533225,78.8573033971395,20.2158099913815,1.19124200802737
1118,373,0.05,1,0,1.83840258176491,0.673253108562403,1.23771025296237,1.05864438434,1,0.921268671216069,1.65811065323364,79.3212206195069,20.5874253951855,1.16949939101987
1119,373,0.075,1,0,1.7769642180978,0.695437545367158,1.23576763403921,0.907799950386485,0.992362135649193,0.921247451233492,1.60896977407397,77.6323037207483,19.3034583178776,9.81747943019984
1120,374,0.035,1,0,1.92131017233383,0.644188008980146,1.23768497454903,0.985148730711588,1,0.921148015261986,1.62670987428077,78.2467047483118,19.7493262525719,1.21338885046498
1121,374,0.05,1,0,1.89069601575404,0.662318453059287,1.25224286035957,0.973151619637442,1,0.921135244604978,1.64127309167488,78.7471072721077,20.1297859438915,1.19124200802737
1122,374,0.075,1,0,1.82781237872353,0.689317703605485,1.25994343152338,1.04879203719441,1,0.921113951768869,1.59578802529997,77.172313816175,18.98369813072,9.3756200692588
1123,375,0.035,1,0,1.96858724789595,0.627580703675102,1.23544737028037,0.966321270272081,1,0.921014297762868,1.60782330836604,77.592414089028,19.2752696293653,1.24738351424294
1124,375,0.05,1,0,1.94212587258504,0.648256754102673,1.2589962142208,0.941259954957125,1,0.921001483218523,1.62339192023647,78.1321974280184,19.6645135682807,1.22461619926505
1125,375,0.075,1,0,1.88154385793313,0.680667337108212,1.28070544743166,1.09138955418767,1,0.920980117195177,1.58479973746345,76.786601020379,18.7241455929684,9.03649473722302
1126,376,0.035,1,0,1.86560265287461,0.583951117024745,1.08942075307046,1.02122205978294,1,0.921915180692554,1.63932184303659,78.6802679933171,20.0780124454391,1.18032063565173
1127,376,0.05,1,0,1.85299540080935,0.600741296932145,1.11317086029151,1.03203885214529,1,0.921902650957553,1.6529071892977,79.1443035919263,20.4438603962255,1.15877735615513
1128,376,0.075,1,0,1.82413701308449,0.629823805330196,1.14888491502453,1.0814416196084,0.99296936344182,0.921881759884567,1.65780967480154,79.310999713645,20.579067555466,9.46237161365793
1129,377,0.035,1,0,1.90616880492367,0.561517176270333,1.07034652483534,0.989322073853424,1,0.921757254510287,1.61720182352008,77.9180708525083,19.508057616578,1.21338885046498
1130,377,0.05,1,0,1.89830900084866,0.579462430912315,1.09999874825449,0.984448885842332,1,0.921744673457925,1.63192673908628,78.4263704750906,19.8840562166528,1.19124200802737
1131,377,0.075,1,0,1.87781392894295,0.611737408292133,1.14872902614643,0.945443124301029,1,0.921723696807616,1.64759234222578,78.9631322790472,20.2992191654029,9.03649473722302
1132,378,0.035,1,0,1.93921646668176,0.537620491473941,1.04256250989181,0.976019624293357,1,0.921598853084661,1.59324388002318,77.0831924013817,18.9230519718508,1.24738351424294
1133,378,0.05,1,0,1.93630881141949,0.556023857138261,1.07663389393626,0.965427402107953,1,0.921586220434018,1.60924407830486,77.6418444327457,19.3102136871854,1.22461619926505
1134,378,0.075,1,0,1.92605812967809,0.590107089822317,1.13658055773295,0.898474887776807,1,0.921565157736995,1.63451180266237,78.5152285756318,19.9514545322322,1.19124200802737
1135,379,0.035,1,0,3.06719958421275,0.625166676641256,1.91751097065773,1.01748310246355,1,0.955701409299442,1.76384897294475,82.8197200944701,24.0488470002027,15.1356124843621
1136,379,0.05,1,0,3.13344484634616,0.646509137947928,2.02580072641864,1.04784597745101,1,0.955693582845244,1.72922781380863,81.6942986395272,22.7802972648184,12.8233058265602
1137,379,0.075,1,0,3.31178276378612,0.686545502940585,2.2736895631935,0.960988648067025,1,0.955680532892788,1.68612810311235,80.2660679249378,21.3963598402114,10.471285480509
1138,380,0.035,1,0,3.09375966197704,0.601749158584518,1.86166727345741,0.986585732921414,1,0.955636009267377,1.75865724300781,82.6521820713461,23.84796908023,14.4543977074593
1139,380,0.05,1,0,3.16368079251541,0.62178691869818,1.96713533172277,0.971800528038364,1,0.955628159269583,1.72138463539854,81.4366510746935,22.5139899547507,12.2461619926505
1140,380,0.075,1,0,3.34798367684247,0.657713571760042,2.20201430229038,1.0251538530736,1,0.955615070051477,1.67424693643147,79.86698337446,21.0455966395512,10.0925288607668
1141,381,0.035,1,0,3.10671101633161,0.579546605390429,1.80048382344404,0.972682075712308,1,0.955570455935954,1.75424682307786,82.5095178075353,23.6804736227647,13.931568029453
1142,381,0.05,1,0,3.17762165155628,0.598293965898872,1.90115186003573,0.9453662382559,1,0.955562582298044,1.71506003296357,81.2281596263885,22.3042493269385,11.8032063565173
1143,381,0.075,1,0,3.35969243251606,0.630569319919405,2.11851897231002,1.04628051021707,1,0.955549453653425,1.66486496363332,79.5501925760575,20.7767628813009,9.72747223776965
1144,382,0.035,1,0,2.74588520214544,0.536253966845987,1.47249183215419,1.01187934939662,1,0.956014352955424,1.77476179911628,83.1704751134242,24.48495003199,1.23594743344451
1145,382,0.05,1,0,2.78372790231698,0.550345768427202,1.53201287149288,1.01858550808513,1,0.956006635368102,1.77156418196605,83.0678954717405,24.3551460339283,12.2461619926505
1146,382,0.075,1,0,2.87033289544185,0.57493520274087,1.65025542517465,1.03044648746653,0.996120998736131,0.95599376697993,1.7322435541048,81.7930996047441,22.8846008386415,10
1147,383,0.035,1,0,2.76174067966924,0.510163477306119,1.40893922855783,0.991148338979737,1,0.955933572775131,1.76503271827898,82.8578593968849,24.0952272384505,1.25892541179417
1148,383,0.05,1,0,2.80124664369919,0.523254263083853,1.46576424826494,0.986676155451878,1,0.955925826316829,1.76607307148114,82.8913602346742,24.1361704731104,11.5877735615513
1149,383,0.075,1,0,2.89006145408753,0.545377992988281,1.57617591544305,0.943341432155826,1,0.955912909778186,1.72301558199119,81.4903098273675,22.568790314612,9.46237161365793
1150,384,0.035,1,0,2.76759554388306,0.486231236283317,1.34569140283446,0.982116539934416,1,0.9558525562433,1.75472103570073,82.5248721794028,23.6983474419683,1.29419584144999
1151,384,0.05,1,0,2.80746391248499,0.498418022025024,1.3992906101674,0.973248189061537,1,0.955844780767003,1.76136334003347,82.7395621193068,23.9521625107161,11.2719745617551
1152,384,0.075,1,0,2.89550722062295,0.518457085852604,1.50119623566935,0.907433203049802,1,0.955831815832757,1.7154920908262,81.2424232269939,22.3184399419329,9.20449571753171
1153,385,0.035,1,0,2.51759586407828,0.473982242419969,1.19329573316306,1.00946269906546,1,0.956323234580157,1.77091628139532,83.0470909601125,24.3290533298874,1.22461619926505
1154,385,0.05,1,0,2.54258325372306,0.48439346535224,1.23161071321749,1.01273961448574,1,0.956315623685072,1.78025285145575,83.3462487231072,24.7119520262618,1.20226443461741
1155,385,0.075,1,0,2.59580310383916,0.502026156334462,1.30316105482144,1.03171354286951,1,0.956302933233688,1.7666333344792,82.9093943295587,24.1582904953009,9.54992586021436
1156,386,0.035,1,0,2.52618869301648,0.445850820401529,1.12630330127046,0.993322341009889,1,0.956227444057023,1.75869427157959,82.6533785178176,23.8493874042094,1.25892541179417
1157,386,0.05,1,0,2.55207460200777,0.455446827536917,1.16233428112198,0.991144410828976,1,0.956219799171686,1.76884577516701,82.9805607816102,24.2461306112556,1.23594743344451
1158,386,0.075,1,0,2.60631580624658,0.471281743253703,1.22830905663757,0.981034324961363,1,0.956207052031627,1.75961189854268,82.6830213489639,23.8846009581519,9.1201083935591
1159,387,0.035,1,0,2.52714123212871,0.420546066178828,1.06277930385005,0.986663462604965,1,0.956131317714231,1.7455141714439,82.2261201179519,23.3569568324537,1.29419584144999
1160,387,0.05,1,0,2.55315894207916,0.429442092153036,1.0964339176857,0.982323121913202,1,0.956123638630684,1.75658805415809,82.5852886743443,23.7690336998673,1.27057410520854
1161,387,0.075,1,0,2.60687648502833,0.443806727055758,1.15694932065904,0.963017555221772,1,0.956110834456072,1.75366561779506,82.4906942324601,23.6586109906067,8.79022516830884
1162,388,0.035,1,0,2.7827442752928,0.75694467828379,2.10638347020757,1.02724516025025,1,0.945242238975536,1.7104483929901,81.0757249107805,22.1540083189212,15.2756605823807
1163,388,0.05,1,0,2.80376138800623,0.803762713045479,2.25355885995604,1.09567520848851,0.996801305370879,0.94523277680553,1.66920946392027,79.6970703382555,20.9003885823026,12.9419584144999
1164,388,0.075,1,0,2.48401769363925,0.922732447264744,2.29208372550067,0.966912921708411,1,0.945216999674773,1.61847376717336,77.9621226030656,19.5400204821873,10.5681750921366
1165,389,0.035,1,0,2.84173532701717,0.733513556723798,2.08445138698803,0.979562536142658,1,0.94516223175485,1.7043420001506,80.8733471176557,21.9584288236368,14.5881426027535
1166,389,0.05,1,0,2.88698152413067,0.778518366457189,2.24756814015829,0.947082449429036,1,0.94515274156468,1.66003099141983,79.3863976744416,20.6409086810315,12.3594743344451
1167,389,0.075,1,0,2.85356856011389,0.926808687580304,2.64471213211958,1.02366484074079,1,0.945136917702483,1.60469032203165,77.4832923601525,19.1986102733935,10.1859138805412
1168,390,0.035,1,0,2.88035358085362,0.709088442938747,2.04242543576054,0.958862359821522,1,0.945082038955117,1.69915226204711,80.7008688108946,21.7951091481078,14.0604752412991
1169,390,0.05,1,0,2.94054441936965,0.751144304710185,2.20877319335683,0.905365018055704,1,0.945072520630894,1.65265304809668,79.135651241465,20.4368986004464,12.0226443461741
1170,390,0.075,1,0,3.14840879052788,0.87777923734775,2.76360786700851,1.04514112308801,1,0.945056649849309,1.59388545153024,77.1056770745734,18.9383136582787,9.90831944892768
1171,391,0.035,1,0,2.56232052395866,0.630634071764443,1.61588662518965,1.0172330077537,1,0.945624882208503,1.72525780364536,81.5640091480296,22.6446193473239,1.22461619926505
1172,391,0.05,1,0,2.59116832598319,0.655972440575991,1.6997350107384,1.02994743332163,1,0.945615549498758,1.71976470220337,81.383311817538,22.4598526368583,12.3594743344451
1173,391,0.075,1,0,2.66318881843621,0.709743774745684,1.89018168485741,0.978678598562245,0.993714957077559,0.945599988270965,1.6729432821457,79.8230517398885,21.0078229575406,10
1174,392,0.035,1,0,2.59594150186876,0.604528534726241,1.56932071235976,0.987249195975493,1,0.945526046564369,1.71388255208544,81.1892717855322,22.2656764574745,1.24738351424294
1175,392,0.05,1,0,2.63151866030815,0.62856384181669,1.6540774789356,0.979315637046904,1,0.945516679483269,1.71327558745579,81.1692171484314,22.2458502153031,11.6949939101987
1176,392,0.075,1,0,2.72291654601879,0.678238321257022,1.84678634709475,1.0781912987304,1,0.945501060933037,1.66213289502782,79.4576666592894,20.6997637959318,9.54992586021436
1177,393,0.035,1,0,2.61560248890992,0.579226152880444,1.51502536711581,0.974401862407637,1,0.945426924749757,1.70188826979566,80.7918536958245,21.8808848324206,1.28233058265602
1178,393,0.05,1,0,2.65493189864616,0.601723328231146,1.5975344582804,0.959147875664837,1,0.94541752312417,1.70772436677335,80.9855207491862,22.0662966200479,11.2719745617551
1179,393,0.075,1,0,2.75522062177989,0.646726006904624,1.78187283086498,1.11428742244748,1,0.945401846963001,1.65335200387858,79.1594449039385,20.4560564980843,9.28966386779936
1180,394,0.035,1,0,2.37985392755861,0.548304013927251,1.30488346104092,1.01336466629049,1,0.946002613361464,1.72071789146191,81.4147024863744,22.4916725590529,1.22461619926505
1181,394,0.05,1,0,2.40164947737509,0.565399106441095,1.3578904684926,1.01888521259578,1,0.945993407568891,1.7317267646496,81.7761791380538,22.8666498109553,1.20226443461741
1182,394,0.075,1,0,2.45169721851793,0.597918463490928,1.46591503384122,1.08149659356038,1,0.945978058002691,1.71393885709921,81.1911318471392,22.267517603789,9.6382902362397
1183,395,0.035,1,0,2.40105049207164,0.520032753032584,1.24862489756225,0.990610274150771,1,0.945885396977735,1.70645711638647,80.9435152923726,22.0257484701926,1.24738351424294
1184,395,0.05,1,0,2.42607726933728,0.536073128178428,1.30055483097621,0.987037910473283,1,0.945876150705841,1.71834844557369,81.336643973,22.4127586508499,1.22461619926505
1185,395,0.075,1,0,2.48310243196522,0.565907590710328,1.40520651476039,0.966653462919858,1,0.945860733631105,1.70565474818229,80.916905658835,22.000158393389,9.20449571753171
1186,396,0.035,1,0,2.41159310087389,0.493642186834835,1.19046409207119,0.981346542878373,1,0.945767773915197,1.69120551781979,80.4359054409467,21.549973900393,1.28233058265602
1187,396,0.05,1,0,2.43825978235779,0.508603054068629,1.24010637191988,0.974355195845611,1,0.945758486920166,1.70408640789828,80.8648629789819,21.9503239060927,1.25892541179417
1188,396,0.075,1,0,2.49814411164191,0.535797833285559,1.33850020225281,0.938324811910339,1,0.945743001930612,1.69865102923985,80.6841871891708,21.7794728941714,8.87156012037961
1189,397,0.035,1,0,2.06021030768256,0.811465015270883,1.67178858878486,1.04348149549641,1,0.93501278354721,1.65934912764316,79.363261983837,20.6218868154019,15.4170045294956
1190,397,0.05,1,0,1.96680678304618,0.817107255364174,1.6070920923265,1.03934497420912,0.989680845379476,0.935001797202123,1.61228027500607,77.7473625603065,19.3852708722902,13.0617088813184
1191,397,0.075,1,0,1.8432297896653,0.819181724690861,1.50994015809959,0.969674929435575,1,0.934983478943941,1.55507078793079,75.7326592211592,18.0511466444245,10.7646521362983
1192,398,0.035,1,0,2.12877841209178,0.810940016265749,1.72631160012788,0.96858147385817,1,0.93491879911947,1.65247991073088,79.1297560842785,20.4321584157275,14.7231250243272
1193,398,0.05,1,0,2.02031128403694,0.819132295390042,1.65490221949558,0.887128052192555,1,0.934907780744569,1.60201163447432,77.3898614033285,19.133494696265,12.4738351424294
1194,398,0.075,1,0,1.87959417564765,0.822094952496731,1.54520488454219,1.02272835711035,1,0.934889409070344,1.53979981459808,75.1853413818623,17.7206382575314,10.2801629812647
1195,399,0.035,1,0,2.2078184752758,0.807316724513197,1.78240877977938,0.937801710924272,1,0.934824598950192,1.64664578951696,78.9308167921766,20.2736662061499,14.1905752168909
1196,399,0.05,1,0,2.08250865385354,0.820019304407039,1.70769729775462,0.82553146530843,1,0.934813548417898,1.59376872497468,77.1015867701242,18.9355353794013,12.1338885046498
1197,399,0.075,1,0,1.92014921774438,0.824767722231255,1.58367709666316,1.04436371524313,1,0.934795123115428,1.52787918149269,74.7552839311255,17.4692110428996,10
1198,400,0.035,1,0,2.2179226400359,0.714993303094313,1.58579983440693,1.0246072603768,1,0.935462048563413,1.67867794350563,80.0160925812234,21.1750246114386,1.21338885046498
1199,400,0.05,1,0,2.16903102854592,0.74357954536172,1.61284710608164,1.05099199695986,1,0.935451210079566,1.67014339697613,79.7286035419561,20.9271570169597,12.4738351424294
1200,400,0.075,1,0,2.03610832114454,0.781896744971718,1.59202646871274,0.898529930247537,0.994848956624097,0.935433138406048,1.61673694258378,77.90196360128,19.4963992485435,10.1859138805412
1201,401,0.035,1,0,2.28355361722454,0.695729904056184,1.58873653901878,0.981930706151083,1,0.935345931342409,1.66595833468429,79.5871865435803,20.8077376913355,1.23594743344451
1202,401,0.05,1,0,2.24883939847811,0.728186176866115,1.63757376396367,0.96728752300553,1,0.935335053556925,1.66281513635948,79.4807835074053,20.7189385894302,11.8032063565173
1203,401,0.075,1,0,2.11918450575609,0.77876617084756,1.65034920286715,1.05535717281479,1,0.935316916340326,1.60463084355203,77.4812191134659,19.1971601676842,9.6382902362397
1204,402,0.035,1,0,2.33558797566283,0.673162175713723,1.572229483268,0.964003561557319,1,0.935229481379784,1.65264075275273,79.1352326136161,20.4365619058775,1.25892541179417
1205,402,0.05,1,0,2.31805546436829,0.707235413582709,1.63941091505017,0.937055451971008,1,0.935218564097675,1.65656048797002,79.2685625062216,20.5444500728612,11.3762728582343
1206,402,0.075,1,0,2.21401495078178,0.770074840980459,1.70495721115164,1.09354563138581,1,0.935200361013891,1.59482233079962,77.13849854878,18.9606385803974,9.3756200692588
1207,403,0.035,1,0,2.17157458703631,0.618004730626783,1.34204336769734,1.01841412187874,1,0.935905609021627,1.67353008802633,79.8428299045655,21.024808782987,1.21338885046498
1208,403,0.05,1,0,2.16832980939309,0.641480624051544,1.39094155927904,1.02781745608453,1,0.935894915542466,1.68593801503751,80.2597012962518,21.3906531271644,1.19124200802737
1209,403,0.075,1,0,2.14886388373036,0.687430995568989,1.477195638935,1.07663647309399,0.993942076987122,0.935877085688938,1.66357246811507,79.5064356170751,20.740265142278,9.72747223776965
1210,404,0.035,1,0,2.2118882729365,0.592411457571161,1.31034795575487,0.987115189375028,1,0.935767879469938,1.65764379977873,79.3053661290927,20.5744642364833,1.23594743344451
1211,404,0.05,1,0,2.21703643890199,0.615866006769412,1.36539737848884,0.981223573986693,1,0.935757139690588,1.67097051945563,79.7565183106295,20.9509216999378,1.21338885046498
1212,404,0.075,1,0,2.21985956223373,0.663214865110543,1.47224386013119,0.935618522834099,1,0.935739232623895,1.65421785449521,79.1889086322147,20.4798374112331,9.28966386779936
1213,405,0.035,1,0,2.2393959890489,0.566505210037002,1.26862949513217,0.974562719370154,1,0.93562967697264,1.64079390059529,78.730698687812,20.1170478489269,1.27057410520854
1214,405,0.05,1,0,2.25100623422745,0.589126771219021,1.32612803476431,0.963288871324886,1,0.935618890619639,1.65511363994135,79.2193778187691,20.5044973051082,1.23594743344451
1215,405,0.075,1,0,2.27247828597036,0.634986625720246,1.44299331883085,0.892970914958417,1,0.935600905882361,1.64632948142226,78.9200146281074,20.2651409923903,8.95364765549594
1216,406,0.035,1,0,2.19902494584779,0.622985275053429,1.36996016073834,1.02796989394749,1,0.92953348871886,1.72233671656588,81.467980158234,22.5459440231986,1.19124200802737
1217,406,0.05,1,0,2.19868798687563,0.646432327007714,1.42130299171992,1.04456450861742,0.995357715945903,0.929521884565409,1.71989429482662,81.3875804633503,22.4641728895056,12.0226443461741
1218,406,0.075,1,0,2.18617406490734,0.693156664936763,1.51536112380242,0.975863211118661,1,0.929502536458534,1.67138457479602,79.770488104177,20.9628386710952,9.72747223776965
1219,407,0.035,1,0,2.2467472262993,0.598243802451013,1.34410260380756,0.991914874600094,1,0.929462957744011,1.70563219728978,80.9161576316889,21.999440101884,1.22461619926505
1220,407,0.05,1,0,2.25464882650938,0.621574502347464,1.40143222230586,0.970311389523392,1,0.929451328888741,1.70870427849366,81.0179837947961,22.0977619892358,11.4815362149688
1221,407,0.075,1,0,2.2649211145883,0.66913315211659,1.51553380469989,1.00726675803611,1,0.929431939587762,1.6558357667639,79.243930434795,20.524418850357,9.28966386779936
1222,408,0.035,1,0,2.28599549051786,0.572688743203172,1.30916388443279,0.974428375925961,1,0.929392353838045,1.68752327129634,80.3127781086885,21.438341807586,1.25892541179417
1223,408,0.05,1,0,2.30071826276844,0.595297353208145,1.3696114923037,0.926735951343002,1,0.929380700217202,1.69919462928739,80.7022786537581,21.7964319158965,11.0662378397767
1224,408,0.075,1,0,2.33060226141924,0.641391692587494,1.49482892919993,1.0221501161324,1,0.929361269615042,1.64266930981031,78.7948949532432,20.1669885706752,8.95364765549594
1225,409,0.035,1,0,2.05929017716366,0.525258553728202,1.08165978016368,1.01686779823845,1,0.930246348524847,1.72053293883995,81.4086127366383,22.4854905169002,1.16949939101987
1226,409,0.05,1,0,2.06746247294912,0.540385393426231,1.11722652183858,1.03308250103946,1,0.930234970343297,1.73228114386141,81.7943301812874,22.885907798353,1.15877735615513
1227,409,0.075,1,0,2.08450837190361,0.56886427551199,1.18580234478162,0.944309494303781,0.996859745263861,0.930215999075081,1.7229236096037,81.4872850526268,22.5656920761771,9.3756200692588
1228,410,0.035,1,0,2.09102622876009,0.496716497586855,1.03864722471196,0.995014638161141,1,0.930159537080581,1.6988173834659,80.6897241123366,21.784659762211,1.21338885046498
1229,410,0.05,1,0,2.10273388233338,0.511292646098399,1.07511237073899,0.991132842578495,1,0.930148128821142,1.71180687398339,81.1206646931235,22.1980350780435,1.19124200802737
1230,410,0.075,1,0,2.12767858521259,0.538495842336269,1.14574607196489,1.02183165836089,1,0.930129107393287,1.71027625151739,81.0700281617963,22.1484430206353,8.87156012037961
1231,411,0.035,1,0,2.11608109497562,0.468482003676726,0.991345911316621,0.984181412351621,1,0.930072612077198,1.674607563528,79.8791311120381,21.0560702156686,1.24738351424294
1232,411,0.05,1,0,2.13048726407005,0.482329021283685,1.02759583693627,0.97247429194926,1,0.930061173642493,1.68904571317001,80.3637127760211,21.4843497693649,1.23594743344451
1233,411,0.075,1,0,2.1612458241001,0.507815745846763,1.09751466012359,1.05307458547964,1,0.930042101892079,1.69931957227243,80.7064361750796,21.8003338172312,8.55066712884683
1234,412,0.035,1,0,1.93414855254575,0.459205425683502,0.8881715094069,1.01288647702816,1,0.930945581930701,1.71862079090489,81.345620709975,22.42179777072,1.15877735615513
1235,412,0.05,1,0,1.94196025444125,0.470049998898364,0.912818415460775,1.01920069433317,1,0.930934423336882,1.73023422588282,81.7272868644408,22.8149850754379,1.13762728582343
1236,412,0.075,1,0,1.95819350885614,0.489584437845059,0.958701068225174,1.06260708620245,0.997181966263206,0.930915818259588,1.74855849313803,82.3250557027726,23.4685464268339,1.11686324778056
1237,413,0.035,1,0,1.95709683417622,0.427902923567109,0.837447457047937,0.996277043656216,1,0.930842999802035,1.69167707016049,80.4516571172331,21.5643575968882,1.20226443461741
1238,413,0.05,1,0,1.96692569939731,0.438199216909882,0.861905301195822,0.994608253022746,1,0.930831806041803,1.70478127491799,80.8879259197967,21.9723734511297,1.18032063565173
1239,413,0.075,1,0,1.98715520691035,0.456525725870204,0.907187473251502,0.980484157150971,1,0.930813142319307,1.72541291566035,81.5691044849233,22.649886205464,1.14815362149688
1240,414,0.035,1,0,1.97448724101965,0.397579698592961,0.78501604216024,0.988280526400525,1,0.930740254852959,1.66059150295731,79.4054100692039,20.6565711333253,1.24738351424294
1241,414,0.05,1,0,1.98578629091024,0.40726074589622,0.808732806026592,0.9830956991724,1,0.930729025790443,1.67553601725997,79.9103961910533,21.0830837613448,1.22461619926505
1242,414,0.075,1,0,2.0087946098619,0.424252393015841,0.852235920311234,0.947337875439482,1,0.930710303195106,1.69896640216847,80.6946836551836,21.7893083495727,1.19124200802737
1243,415,0.035,1,0,1.81661201096725,0.662256361066228,1.20306285985237,1.04501182804462,1,0.913460527167792,1.66533610338687,79.5661359241187,20.790098825416,1.18032063565173
1244,415,0.05,1,0,1.78422868674562,0.675225331373152,1.20475640625329,1.00637022115749,0.992174197327226,0.913446767708229,1.65828404776844,79.3271082264027,20.5922433991831,12.2461619926505
1245,415,0.075,1,0,1.72640387773988,0.693595719124563,1.19742633908043,0.974278867113087,1,0.913423826471735,1.60143888894737,77.3698685421733,19.119622579713,9.90831944892768
1246,416,0.035,1,0,1.86742407148082,0.651770093139977,1.21713116100089,0.987679071482431,1,0.913375170102392,1.64642047935229,78.9231224490091,20.2675928853202,1.20226443461741
1247,416,0.05,1,0,1.83493584320946,0.667248853863959,1.22435883829541,0.934177133373092,1,0.913361382003885,1.64521596569538,78.8819738697636,20.2351839186507,11.5877735615513
1248,416,0.075,1,0,1.77371706137529,0.689488239743475,1.22295705445062,1.00779077083826,1,0.913338393008291,1.58350956097279,76.7411774721722,18.6940706270248,9.46237161365793
1249,417,0.035,1,0,1.91869201408458,0.63882577398678,1.22570991093984,0.961753142097107,1,0.913289725850795,1.62611330925688,78.2261301484634,19.7340273005444,1.23594743344451
1250,417,0.05,1,0,1.88780205697544,0.657009635507588,1.24030414136391,0.875362405254375,1,0.913275909039855,1.63415825572338,78.5030825149764,19.9422115292789,11.1686324778056
1251,417,0.075,1,0,1.8249070522036,0.683937656923348,1.24812265338702,1.02396565530918,1,0.913252872163423,1.56845286134361,76.2089600976937,18.349034455572,9.1201083935591
1252,418,0.035,1,0,1.81842236838384,0.579227360506927,1.05327998872573,1.02424532974883,1,0.914320922049016,1.66320856837202,79.4941109082648,20.7300122469477,1.15877735615513
1253,418,0.05,1,0,1.80595695130863,0.594769345077219,1.07412783316748,1.0590806798491,1,0.914307423431393,1.67674247150911,79.951001415194,21.1182912736327,1.14815362149688
1254,418,0.075,1,0,1.77873939704986,0.621443878182146,1.10538670917804,0.899979270255148,0.998629902694259,0.91428491716662,1.66201390458599,79.4536340309825,20.6964230999415,9.46237161365793
1255,419,0.035,1,0,1.86238906860007,0.558182630256702,1.03955322887252,0.992908975790977,1,0.914215834110365,1.63871576243624,78.6594939141575,20.061982357909,1.19124200802737
1256,419,0.05,1,0,1.85389035076425,0.574999197792531,1.06598546448476,0.985984260914544,1,0.914202300596608,1.65348023948747,79.1638093790824,20.4595751430065,1.18032063565173
1257,419,0.075,1,0,1.83328195303271,0.604859574915266,1.10887814281119,1.01822935690188,1,0.914179736138988,1.64723767530389,78.9510256423015,20.2896373893721,8.95364765549594
1258,420,0.035,1,0,1.90171756531323,0.535324204930028,1.01803544365277,0.97763815050524,1,0.914110610390177,1.61176125549718,77.7293359618974,19.3724032199438,1.23594743344451
1259,420,0.05,1,0,1.89770897517772,0.552889400511619,1.04922317763153,0.957810445621331,1,0.914097041868951,1.62792296199718,78.2885237300588,19.7805037426055,1.21338885046498
1260,420,0.075,1,0,1.88583031638638,0.58501886480326,1.10324631090393,1.04894481503389,1,0.914074419033474,1.63450183884988,78.5148862989189,19.9511939318316,8.6297854776697
1261,421,0.035,1,0,1.76681223987883,0.50937706666485,0.899973636097035,1.01794419988628,1,0.915165156034974,1.66098593298332,79.4187858862803,20.6676068199292,1.14815362149688
1262,421,0.05,1,0,1.76450945476724,0.522465892984748,0.921896007964995,1.02851584519928,1,0.915151911089255,1.67432002910593,79.8694456782345,21.047718592306,1.12719745617551
1263,421,0.075,1,0,1.75921479739258,0.546036137971878,0.960594853831224,1.02966814914791,0.99389804433914,0.915129827838703,1.69550777631257,80.5794819063874,21.681958293152,1.10662378397767
1264,422,0.035,1,0,1.80044465077642,0.482460764806731,0.86864390320578,0.994839443978968,1,0.915040944344987,1.63064368284563,78.3822253321871,19.8507619486065,1.18032063565173
1265,422,0.05,1,0,1.80136191267552,0.495779794176643,0.893078838303914,0.992155041730936,1,0.915027658572123,1.64548767750716,78.8912582092288,20.2424859829531,1.16949939101987
1266,422,0.075,1,0,1.80258164718913,0.520032406490562,0.937400871883482,0.959319103597493,1,0.91500550723926,1.66901642818778,79.690550896005,20.8948643598194,1.13762728582343
1267,423,0.035,1,0,1.82857246327903,0.454952062052126,0.831912812780528,0.983820850902786,1,0.914916537934036,1.59632469462937,77.1910992313731,18.9965342536472,1.22461619926505
1268,423,0.05,1,0,1.83242967358454,0.468145742663378,0.857844150418644,0.975648381019412,1,0.914903211179478,1.61295022405855,77.7706244894449,19.4019031582027,1.21338885046498
1269,423,0.075,1,0,1.83980515948573,0.492260702676844,0.905663780596927,0.91056667095738,1,0.914880991504977,1.63923131012169,78.6771652702345,20.0756164201482,1.18032063565173
1270,424,0.035,1,0,1.58327543493267,0.636759469794169,1.00816562648586,1.07842132329112,1,0.897940451804391,1.61339651411165,77.7861163191655,19.4129971127805,1.15877735615513
1271,424,0.05,1,0,1.560641077293,0.643484196998252,1.00424787042437,0.959479687424371,0.989818721558636,0.897924774555121,1.60004567726672,77.3212122919887,19.0859523216619,12.3594743344451
1272,424,0.075,1,0,1.52358532458413,0.653527242614029,0.995704516062669,0.973135771982403,1,0.897898636316948,1.5362787320795,75.0585697977539,17.6457894888834,10
1273,425,0.035,1,0,1.61453837452122,0.631345964915814,1.01933228795571,0.981105814184566,1,0.897841231953744,1.59287882566334,77.0703954777385,18.9143775948337,1.19124200802737
1274,425,0.05,1,0,1.59063233739547,0.639043651744781,1.01648349747254,1.04857619075669,1,0.897825522794429,1.58545594104191,76.8096931930462,18.7394738944712,11.8032063565173
1275,425,0.075,1,0,1.5512267976007,0.65045438104502,1.00900226649381,1.0081871508203,1,0.897799331344598,1.51647631953271,74.3415851552454,17.2337989747738,9.6382902362397
1276,426,0.035,1,0,1.64704581910135,0.62511219102528,1.02958842069747,0.943079355094891,1,0.897741912003485,1.57111429024798,76.3033186682878,18.409243471967,1.21338885046498
1277,426,0.05,1,0,1.62197112600002,0.63394050311825,1.02823319165972,1.10663719239919,1,0.897726170853918,1.57316167294875,76.3758238094545,18.4557851574889,11.3762728582343
1278,426,0.075,1,0,1.58021257852565,0.646954556180626,1.0223257274111,1.0253789847491,1,0.897699926059101,1.49999263945799,73.7395253852961,16.9018146689657,9.28966386779936
1279,427,0.035,1,0,1.60559255935477,0.584392900478655,0.938296892748279,1.03422828657016,1,0.898938002111299,1.6109887769742,77.7024977526812,19.3532801534522,1.14815362149688
1280,427,0.05,1,0,1.58837772825765,0.594390854486666,0.944117195146652,1.13902628515646,0.998504246590064,0.898922614246468,1.62587413758111,78.2178798020048,19.7278998739161,1.12719745617551
1281,427,0.075,1,0,1.55798350754854,0.610165385177334,0.950627606983288,0.929988568587069,1,0.898896958560014,1.60447903448175,77.4759272182442,19.1934598908334,9.54992586021436
1282,428,0.035,1,0,1.64243725137266,0.571967390676316,0.939420549017198,0.990128380648605,1,0.898815815187545,1.58452946623435,76.7770878791018,18.7178385374377,1.18032063565173
1283,428,0.05,1,0,1.62555007468247,0.583404511493166,0.948353247227807,0.977279262462101,1,0.898800388415398,1.60058357909399,77.3400017887751,19.0989396155501,1.15877735615513
1284,428,0.075,1,0,1.59484143861986,0.601611955571191,0.959475676714067,1.01629879886819,1,0.898774667849701,1.58793762980385,76.8969585375294,18.797638573716,9.1201083935591
1285,429,0.035,1,0,1.67906531968609,0.557892666324652,0.936738228132925,0.969108035935382,1,0.898693472340991,1.55582467542517,75.7595741684017,18.0677182199749,1.21338885046498
1286,429,0.05,1,0,1.66313334109531,0.570806707984778,0.949327667370338,0.935221557970316,1,0.898678006540619,1.5731880860699,76.3767587213307,18.4563868710203,1.19124200802737
1287,429,0.075,1,0,1.63303410778757,0.591666410662676,0.966211429044398,1.04624397020856,1,0.898652220892878,1.57380139177581,76.3984637545903,18.4703677292129,8.79022516830884
1288,430,0.035,1,0,1.59819150020968,0.529905021120667,0.846889700673481,1.02428860412038,1,0.899917135021737,1.60849576735216,77.6158140440219,19.2917947707562,1.12719745617551
1289,430,0.05,1,0,1.58821496812113,0.540944899590888,0.859136786459033,1.04225892807268,1,0.899902028802635,1.62314178905598,78.123557505688,19.6581469620073,1.11686324778056
1290,430,0.075,1,0,1.56944784378341,0.559504162804225,0.878112601900936,0.989745823675695,0.990951194711525,0.899876842761713,1.64659316618291,78.9290197812132,20.2722474112987,1.09647819614319
1291,431,0.035,1,0,1.63334096179613,0.510287773723119,0.833473923125726,0.993048996351259,1,0.899772675650894,1.57578666261878,76.4686786069596,18.5157456287034,1.16949939101987
1292,431,0.05,1,0,1.6251489268423,0.522421870550737,0.849013342284475,0.988741425138641,1,0.899757523883454,1.59190068009578,77.0360955134191,18.8911689685869,1.14815362149688
1293,431,0.075,1,0,1.60907621738205,0.543176180862467,0.874011874474208,1.05915033013889,1,0.899732261888018,1.617609760831,77.9322020985561,19.5182983755298,1.12719745617551
1294,432,0.035,1,0,1.66595209818692,0.489091406177779,0.814802854327062,0.978307812522009,1,0.899627992630886,1.53950050863096,75.1745736821105,17.7142564845487,1.20226443461741
1295,432,0.05,1,0,1.6600073258792,0.502085331148114,0.833465327922351,0.96553173403556,1,0.899612795144116,1.55722219676082,75.8094418330372,18.0985030469189,1.19124200802737
1296,432,0.075,1,0,1.64771430443711,0.524716811415329,0.864583395947666,1.11031259946446,1,0.899587456910858,1.58551576459961,76.8117980507845,18.7408723838269,1.15877735615513
1297,433,0.035,1,0,2.66393094535631,0.631166181388604,1.68138312226348,1.02561552235357,1,0.943961589689412,1.75740256698531,82.6116286960606,23.8000305312532,1.22461619926505
1298,433,0.05,1,0,2.70141229863999,0.655454580077829,1.77065306382216,1.04266284487042,0.995733720851946,0.943951987466326,1.72592358182226,81.5858768011193,22.6672454667435,12.4738351424294
1299,433,0.075,1,0,2.79973662844037,0.705924211471179,1.97640187175875,0.978295735261811,1,0.943935976881067,1.68035274802486,80.0723672876486,21.2243694207035,10.1859138805412
1300,434,0.035,1,0,2.70060886204298,0.606315879363946,1.63742203700766,0.989724284027321,1,0.943899670139707,1.74638851602631,82.2545501944945,23.3888779648254,1.24738351424294
1301,434,0.05,1,0,2.74369126959723,0.629345726470945,1.72673037527666,0.963297780228389,1,0.943890045794838,1.71562699683512,81.2468762784256,22.3228749050062,11.9124200802738
1302,434,0.075,1,0,2.85643588482679,0.675740347350363,1.9302089769969,1.00907309816072,1,0.943873998316059,1.66589612568336,79.585082249406,20.8059728624297,9.72747223776965
1303,435,0.035,1,0,2.72722233225282,0.581813292475543,1.58673420444084,0.972640852717123,1,0.943837660891804,1.73469411379373,81.8732757387137,22.970163032291,1.28233058265602
1304,435,0.05,1,0,2.77382668875914,0.603454323423624,1.67387770775954,0.922087286091879,1,0.943828014359286,1.70706905159415,80.9638023462322,22.0453083604095,11.4815362149688
1305,435,0.075,1,0,2.89377217036072,0.645602705443921,1.86822714212321,1.02327554160987,1,0.943811929877576,1.65396155431368,79.1801883882112,20.4727924186999,9.3756200692588
1306,436,0.035,1,0,2.4199713088539,0.536142834053382,1.2974502758568,1.01540434626301,1,0.944427192365439,1.75477732631227,82.5266945546246,23.7004712676565,1.21338885046498
1307,436,0.05,1,0,2.44381957708421,0.551450668075987,1.34764593844026,1.03014891047899,1,0.94441774543253,1.76512131376631,82.8607129699239,24.0987072968475,1.19124200802737
1308,436,0.075,1,0,2.49801447133597,0.5797938425011,1.44833340895924,0.942445511081918,0.997380514081503,0.944401993825525,1.7289893468539,81.6864797503761,22.7720955955568,9.72747223776965
1309,437,0.035,1,0,2.44509044426891,0.508666578634134,1.24373579073728,0.993697250752884,1,0.944350824144648,1.74043524102326,82.0607305403192,23.1735282399829,1.24738351424294
1310,437,0.05,1,0,2.47155961341018,0.523061029747009,1.29277651647145,0.988791576623578,1,0.944341350162774,1.75167494307553,82.4261808654911,23.5840931799525,1.21338885046498
1311,437,0.075,1,0,2.53094990219417,0.549105511623276,1.38975854093721,1.02608932958742,1,0.944325553445699,1.71720214117157,81.2988475415389,22.3748012342517,9.20449571753171
1312,438,0.035,1,0,2.46244457341871,0.482297099788366,1.18762987614945,0.983177002784675,1,0.944274317288181,1.7248216355434,81.549679191636,22.629823923355,1.28233058265602
1313,438,0.05,1,0,2.49049680403727,0.495762536077161,1.23469501166158,0.970688887354755,1,0.944264816157572,1.7370701922792,81.9509222280125,23.0538286266149,1.24738351424294
1314,438,0.075,1,0,2.55248586646223,0.519563526498015,1.32617855811546,1.05465669918652,1,0.944248974163648,1.70723460482409,80.9692897615588,22.0506065692992,8.87156012037961
1315,439,0.035,1,0,2.23864583239298,0.471320759314606,1.05512025355994,1.01174140423355,1,0.944885543810412,1.75207293313212,82.4390839350131,23.5989465837213,1.20226443461741
1316,439,0.05,1,0,2.25523361476118,0.482333551836037,1.08777483962778,1.01749156605501,1,0.944876248533137,1.76236683000824,82.7719350790505,23.9910815086042,1.18032063565173
1317,439,0.075,1,0,2.29047125255324,0.5017946901241,1.14934631241311,1.0612517000972,0.997514875732859,0.944860749841513,1.76475846399653,82.8490251425194,24.0844622380028,9.3756200692588
1318,440,0.035,1,0,2.25640347329089,0.44160755375606,0.996444818126669,0.995314202257256,1,0.944795117913188,1.7341477398837,81.8554081847587,22.9510227968583,1.23594743344451
1319,440,0.05,1,0,2.27453080059779,0.451882374919403,1.02782038000146,0.993211879965203,1,0.944785790881016,1.74555845171035,82.2275602254931,23.3585709854446,1.21338885046498
1320,440,0.075,1,0,2.31249289275257,0.469682963223242,1.08613851430072,0.975838724849028,1,0.944770239231811,1.75530388371711,82.5437390762036,23.7203601986774,8.87156012037961
1321,441,0.035,1,0,2.26784925996169,0.413566421986589,0.937906304047289,0.987594024618405,1,0.944704494581823,1.71418274099499,81.1991880645035,22.2754963516032,1.27057410520854
1322,441,0.05,1,0,2.28687004900254,0.423128518066017,0.967639934844007,0.982089759387132,1,0.944695135654945,1.7268894503199,81.617588198162,22.7001606850496,1.24738351424294
1323,441,0.075,1,0,2.32614613617908,0.439377670228694,1.02205666992584,0.944417560431069,1,0.944679530813642,1.74663248900657,82.262480991313,23.397803394578,1.21338885046498
1324,442,0.035,1,0,2.23127014751806,0.739814711182324,1.65072647975581,1.04131932404509,1,0.930932837684611,1.70529954274066,80.9051223055433,21.9888502627406,1.21338885046498
1325,442,0.05,1,0,2.16512011086072,0.767840375840991,1.66246663966418,1.0031431319072,0.99276137865261,0.930921329590933,1.66535384582026,79.5667362551024,20.7906013707848,12.5892541179417
1326,442,0.075,1,0,2.01067500214828,0.798781335712241,1.60608966389922,0.976875874062832,1,0.930902141541952,1.61180078191236,77.7307089551423,19.3733826277244,10.2801629812647
1327,443,0.035,1,0,2.30853980709508,0.722949132504614,1.66895685089175,0.984298092262291,1,0.930857458921344,1.69254677700105,80.4806990925283,21.5909391114656,1.23594743344451
1328,443,0.05,1,0,2.25588548600798,0.75650529809181,1.70658932205346,0.922317186082719,1,0.930845924806651,1.65328595079157,79.1571966921346,20.4542445332829,12.0226443461741
1329,443,0.075,1,0,2.08978321121634,0.799723748689502,1.67124926362232,1.00972602314657,1,0.930826693364902,1.59506948191434,77.1471544381981,18.9665355854303,9.81747943019984
1330,444,0.035,1,0,2.3761011318931,0.702231139936953,1.66857220645478,0.958965849603391,1,0.930781972249146,1.67908721909187,80.0298488379923,21.1870613936004,1.25892541179417
1331,444,0.05,1,0,2.3438415936976,0.739193186706766,1.73255173678119,1.13164620649938,1,0.930770412039099,1.64330408939718,78.8166104278315,20.1839458187383,11.5877735615513
1332,444,0.075,1,0,2.18520113962539,0.798019258787508,1.74383259374547,1.02518264515973,1,0.930751137077099,1.58133524187537,76.6645611438503,18.6435714297754,9.54992586021436
1333,445,0.035,1,0,2.18548931787529,0.620993492432793,1.35717464418194,1.02218407156477,1,0.931498812986543,1.70222034455905,80.8028883562051,21.8913447994336,1.20226443461741
1334,445,0.05,1,0,2.18355378361661,0.644399621633277,1.40708123197846,1.05369034734888,1,0.931487487102868,1.71430672735485,81.2032833340368,22.279555018934,1.18032063565173
1335,445,0.075,1,0,2.1672165285842,0.690614539229262,1.49671124429822,0.896700851806777,0.999585037637905,0.931468602917048,1.6691366599178,79.6946115838732,20.8983047609021,9.81747943019984
1336,446,0.035,1,0,2.23112803587106,0.596083358813517,1.32993829356502,0.991019702593138,1,0.931405827469892,1.68566291706938,80.2504863711209,21.3823998895382,1.22461619926505
1337,446,0.05,1,0,2.23748113303228,0.619461908606235,1.38603433313862,0.982261535339667,1,0.931394469756164,1.6987049746988,80.6859827560868,21.7811546069677,1.20226443461741
1338,446,0.075,1,0,2.24356626698733,0.666884499769418,1.49619956765939,1.02214704462998,1,0.931375532489109,1.65531896468349,79.2263598325558,20.5101578180945,9.28966386779936
1339,447,0.035,1,0,2.26695654978588,0.570430095268207,1.29314024066325,0.976180985129936,1,0.93131267513555,1.66778575999145,79.6489726854536,20.8597143193005,1.25892541179417
1340,447,0.05,1,0,2.28008978388449,0.593094593830793,1.35230892427071,0.954994327728682,1,0.931301285476453,1.68188518342528,80.1238176315643,21.2697268780504,1.23594743344451
1341,447,0.075,1,0,2.30562652837449,0.639209425436252,1.47377820847284,1.05063874390301,1,0.931282294934613,1.64370006622123,78.8301531619771,20.1945375775453,8.95364765549594
1342,448,0.035,1,0,2.07685670741544,0.538975183638106,1.11937422526927,1.01637108152743,1,0.93205609643668,1.69903871633204,80.6970902363923,21.7915649269643,1.19124200802737
1343,448,0.05,1,0,2.08390762185198,0.555416119062055,1.15743588381286,1.02601476750433,1,0.932044948588861,1.71105875578149,81.0959199959716,22.1737658367771,1.16949939101987
1344,448,0.075,1,0,2.09809243284736,0.586709733973132,1.23097125312692,1.02746597077058,0.994399490814634,0.932026361303859,1.71172823006242,81.1180639032662,22.1954811078895,9.46237161365793
1345,449,0.035,1,0,2.10813497630867,0.51072120953381,1.07666924496089,0.993497798293045,1,0.931945973962849,1.67841028072017,80.0070946056035,21.167160222904,1.22461619926505
1346,449,0.05,1,0,2.11928237158484,0.526622515365951,1.11606181329473,0.990110799423747,1,0.931934788730682,1.69160985569902,80.4494121174469,21.5623061318828,1.20226443461741
1347,449,0.075,1,0,2.14294581554665,0.556712903557638,1.19300558713966,0.95118649671079,1,0.931916139101413,1.70054199514947,80.7470992025432,21.8385882070834,8.95364765549594
1348,450,0.035,1,0,2.13133573214488,0.482924182422005,1.02927356591287,0.982857393527803,1,0.931835613866708,1.65566955083208,79.2382797946969,20.5198300458581,1.25892541179417
1349,450,0.05,1,0,2.14552197025314,0.498045794915133,1.06856819518261,0.974168542898239,1,0.931824391088074,1.67022029436593,79.7311992506775,20.9293641258433,1.23594743344451
1350,450,0.075,1,0,2.17601514646309,0.526298539912144,1.14523359441024,0.906102743447811,1,0.931805678843981,1.69087539151501,80.4248757629178,21.5399160760935,8.55066712884683
1351,451,0.035,1,0,1.80258693116762,0.724001544478109,1.30507572222141,1.07204000254004,1,0.918263485443975,1.65662378999877,79.2707136207443,20.5462015528292,15.1356124843621
1352,451,0.05,1,0,1.75895973587154,0.73084414789851,1.28552542935082,0.953895909197043,0.990828838450758,0.918250236896179,1.60798265907758,77.5979598051738,19.2791832607883,12.7057410520854
1353,451,0.075,1,0,1.69138747727067,0.73916202837646,1.25020939846994,0.975848193561967,1,0.918228147286279,1.54772540444541,75.4699026170512,17.8909560786987,10.3752841581801
1354,452,0.035,1,0,1.8458104533386,0.721177176802872,1.33115637165196,0.975830716898475,1,0.918175360945929,1.64271776408297,78.7965527866914,20.168282000499,1.22461619926505
1355,452,0.05,1,0,1.79814183725491,0.729461583162055,1.31167539135389,1.05566194721684,1,0.918162082996311,1.59445283811342,77.125555987089,18.951828465312,12.1338885046498
1356,452,0.075,1,0,1.72407069952614,0.73927292942153,1.27455879656852,1.01022063433628,1,0.918139944354787,1.5291664548627,74.8018438335291,17.4960949083204,10
1357,453,0.035,1,0,1.89216664334438,0.717079371872551,1.35683366808758,0.938690236967527,1,0.918087111773401,1.62790890010837,78.2880391144076,19.7801418167018,1.24738351424294
1358,453,0.05,1,0,1.84039952705851,0.727252048504443,1.33843432611991,1.1085358615217,1,0.918073804337613,1.58331462732087,76.7343119164296,18.6895337426442,11.8032063565173
1359,453,0.075,1,0,1.75913669727804,0.739029998014626,1.30005478989684,1.0266683061645,1,0.918051616524384,1.51406158249159,74.2536859385172,17.1845626603346,9.72747223776965
1360,454,0.035,1,0,1.87207379478033,0.658247728959668,1.23228832385906,1.03139799391094,1,0.918924216643528,1.65337503032233,79.1602286249227,20.4566882317351,1.19124200802737
1361,454,0.05,1,0,1.83970682530207,0.673547587005682,1.23913009298009,1.13600334313539,0.998953294249315,0.918911173494751,1.6668795777917,79.618341163675,20.8339077894084,1.16949939101987
1362,454,0.075,1,0,1.77838988417561,0.695623302139521,1.23708944372176,0.940245519481737,1,0.918889426407904,1.6124712002119,77.7539926292342,19.3900082030066,9.90831944892768
1363,455,0.035,1,0,1.92412264762742,0.645021004099798,1.2410995221838,0.987469161941488,1,0.918815488427669,1.63508275879819,78.5348392596353,19.966398396909,1.21338885046498
1364,455,0.05,1,0,1.89340768412032,0.663074694092318,1.25547072094012,0.971226541135548,1,0.918802409296049,1.64956144254218,79.0303096549844,20.3525759142925,1.19124200802737
1365,455,0.075,1,0,1.8303861687645,0.689950134564854,1.26287518344472,1.01996351231992,1,0.918780602203683,1.59698756086181,77.2142952218125,19.0124096984165,9.46237161365793
1366,456,0.035,1,0,1.97405233284322,0.628969210696365,1.24161813766172,0.96702619741481,1,0.918706567432639,1.61555037497293,77.8608346622981,19.4666995045427,1.24738351424294
1367,456,0.05,1,0,1.94726961731079,0.649644616283961,1.26503322333929,0.930749750488655,1,0.918693452190163,1.63106899149718,78.3968616783249,19.8617868338196,1.22461619926505
1368,456,0.075,1,0,1.88601043243495,0.68200272095498,1.28626424667011,1.04799193266651,1,0.918671584878409,1.5840255472618,76.7593473459468,18.7060887528187,9.1201083935591
1369,457,0.035,1,0,1.86671172153825,0.58508462039682,1.0921843189865,1.02219664564517,1,0.919574939899963,1.6497942833188,79.038248905893,20.3589031095525,1.18032063565173
1370,457,0.05,1,0,1.85403365449853,0.601782335689791,1.11572470305161,1.03862351692924,1,0.919562097544046,1.66321293136777,79.4942586890907,20.7301351149966,1.15877735615513
1371,457,0.075,1,0,1.825078695471,0.630694862978721,1.15106775776546,0.986203103564014,0.991747519265527,0.919540685298717,1.66107393060311,79.4217696868298,20.6700704789256,9.54992586021436
1372,458,0.035,1,0,1.90956972536255,0.563224738224184,1.07551690868815,0.991229607284771,1,0.919446150139059,1.62711266921137,78.2605931214741,19.7596683654405,1.20226443461741
1373,458,0.05,1,0,1.90152829741088,0.581127196254922,1.10502980807378,0.985783274214365,1,0.919433265503333,1.64170639977119,78.761941400132,20.1413175679861,1.19124200802737
1374,458,0.075,1,0,1.88066334589128,0.613306232966688,1.15342255214711,1.06586760184187,1,0.919411782750838,1.64841103740957,78.9910705819642,20.3213705615093,9.03649473722302
1375,459,0.035,1,0,1.94611771294091,0.539726660812664,1.05037161475397,0.976989172294414,1,0.919317085715644,1.60237754623745,77.4026313816511,19.1423665187342,1.24738351424294
1376,459,0.05,1,0,1.94304893395344,0.558193997220058,1.08459825123764,0.963379562604612,1,0.91930415861913,1.61829605695253,77.9559695379185,19.5355490524473,1.22461619926505
1377,459,0.075,1,0,1.93236186335659,0.592403320299744,1.14473758387304,1.11175519521567,1,0.919282605058916,1.63751464032056,78.6183058911938,20.0302855858023,8.70963589956081
1378,460,0.035,1,0,3.06452744725709,0.625622580069242,1.91723756824599,1.02316732319795,1,0.953982603146573,1.76603824483445,82.890239047339,24.1347971058841,15.2756605823807
1379,460,0.05,1,0,3.13013900355631,0.646878724577355,2.02482032637034,1.04067774960007,0.996131040735627,0.953974501242969,1.73178793874024,81.7781822959104,22.8687730583363,12.8233058265602
1380,460,0.075,1,0,3.30661640982911,0.686771993016041,2.27089154191788,0.980727074436477,1,0.953960992034878,1.68910625761024,80.3657375547719,21.4861836737989,10.5681750921366
1381,461,0.035,1,0,3.09396299145746,0.602770632637934,1.86495002971917,0.987459247329717,1,0.953928344805775,1.7592590547543,82.6716247525804,23.8710458611074,14.4543977074593
1382,461,0.05,1,0,3.1632079117814,0.62280964696505,1.97007640281362,0.956342973195591,1,0.953920223208846,1.72232267351396,81.4675181661892,22.5454719693685,12.2461619926505
1383,461,0.075,1,0,3.34566921114972,0.65885272793506,2.20430328653433,1.01087711816728,1,0.953906681157667,1.67571267944735,79.9163435580213,21.0882317614156,10.0925288607668
1384,462,0.035,1,0,3.1119902915477,0.580732436980947,1.80723370587154,0.970805167399766,1,0.953873992525565,1.75360178704428,82.48862660666,23.6562128697484,14.0604752412991
1385,462,0.05,1,0,3.18265937985319,0.599539171410955,1.90812896748048,0.917355737107702,1,0.953865851172886,1.71465028565394,81.2146297541295,22.2908098280735,11.9124200802738
1386,462,0.075,1,0,3.3642851789002,0.632033597861692,2.12634126585306,1.02439075508104,1,0.953852276172164,1.66494354985483,79.5528521869252,20.7789861357173,9.81747943019984
1387,463,0.035,1,0,2.74437064910657,0.537469504412437,1.47501553269935,1.01389690556197,1,0.954307018716329,1.78043532273467,83.3520815715856,24.7195867725279,1.23594743344451
1388,463,0.05,1,0,2.78186838466529,0.551516514104022,1.53424635420679,1.02714047144721,1,0.954299028889941,1.77380573658766,83.1398216645836,24.445959077496,12.3594743344451
1389,463,0.075,1,0,2.86769511006594,0.57604953458178,1.65193443347593,0.940539025438065,0.997922763219454,0.954285706598953,1.73496712205058,81.8822018615875,22.9797406131915,10
1390,464,0.035,1,0,2.7641466771083,0.511895651114813,1.4149546630552,0.992349653723912,1,0.954239984494939,1.77039869588081,83.0304661426129,24.3082585208268,1.25892541179417
1391,464,0.05,1,0,2.80342479771992,0.525011189979815,1.47182938906986,0.986397714334603,1,0.954231970515308,1.76664957284911,82.9099169455868,24.1589323529725,11.6949939101987
1392,464,0.075,1,0,2.89180837901177,0.547226473968517,1.58247410263922,1.03006748694158,1,0.954218607942678,1.72403658173512,81.5238790823407,22.6032484540064,9.54992586021436
1393,465,0.035,1,0,2.77519750571113,0.487900523886169,1.35402031692405,0.982157075150306,1,0.954172805222684,1.75968869372785,82.6855015130566,23.8875536440605,1.29419584144999
1394,465,0.05,1,0,2.81513902068986,0.500142207782101,1.40796984502137,0.968871509414154,1,0.954164766993142,1.7606037833104,82.7150478210318,23.9228059179449,11.2719745617551
1395,465,0.075,1,0,2.90347201833653,0.520307872697529,1.51069934929748,1.05618164007078,1,0.95415136397684,1.71501798997066,81.2267714912308,22.302869517421,9.20449571753171
1396,466,0.035,1,0,2.51700204560956,0.475862091454156,1.19774585761816,1.0105727051769,1,0.954627184584726,1.77752580800404,83.2590134708686,24.5985560396772,1.22461619926505
1397,466,0.05,1,0,2.54176897135737,0.486246593184129,1.23592650298365,1.01574752640107,1,0.954619304598815,1.78672066280465,83.5526753836496,24.986289740602,1.20226443461741
1398,466,0.075,1,0,2.59454591452019,0.503851706265763,1.30726638601586,1.05987438382282,0.99785784618541,0.954606165493339,1.7690888321414,82.9883743092382,24.2558287101151,9.6382902362397
1399,467,0.035,1,0,2.53014281482436,0.448114050271716,1.13379254451682,0.994338104681684,1,0.954547675476417,1.76497325523396,82.8559440806619,24.0928922013896,1.25892541179417
1400,467,0.05,1,0,2.55595307743228,0.457736915607348,1.16995407810096,0.991795583546939,1,0.954539767049108,1.77499773824509,83.1780375982358,24.4945962407646,1.23594743344451
1401,467,0.075,1,0,2.61009898696424,0.47364291660839,1.23625489682235,0.971263582635356,1,0.954526580510469,1.76031167044191,82.7056175710751,23.9115390770629,9.1201083935591
1402,468,0.035,1,0,2.5363176293239,0.422510766810729,1.07162150644121,0.986902508939701,1,0.954467959969107,1.75132068730471,82.4146935457211,23.5708906734002,1.29419584144999
1403,468,0.05,1,0,2.56248524854126,0.431449654100389,1.10558337412048,0.981074703098925,1,0.954460022963292,1.76229219466336,82.76952786969,23.9881815836506,1.27057410520854
1404,468,0.075,1,0,2.61658600916654,0.445895969378049,1.16672515501836,0.941492561746457,1,0.954446788763316,1.75286533275782,82.4647664149105,23.6285861890512,8.79022516830884
1405,469,0.035,1,0,2.78054801796345,0.756600149055992,2.10376304484849,1.03746155729079,1,0.943142018420127,1.71307265207481,81.1625106460042,22.2392300560572,15.4170045294956
1406,469,0.05,1,0,2.80085983053742,0.803123742191568,2.24943702845525,0.999743479538582,0.993393026273643,0.943132235779121,1.6722452668095,79.7995178455708,20.9876541514105,12.9419584144999
1407,469,0.075,1,0,2.48830222454224,0.92143947139414,2.29281988645107,0.979470830183964,1,0.943115924346422,1.62195800291519,78.0826533333532,19.6280672310979,10.6659612123026
1408,470,0.035,1,0,2.84111876589764,0.733524151354965,2.08402923165373,0.980782654352116,1,0.943075678425817,1.70504530763198,80.8966872072017,21.9807642704241,14.5881426027535
1409,470,0.05,1,0,2.88500910594997,0.778189663659268,2.24508426581313,1.08888901224699,1,0.94306587238149,1.66112525827975,79.4235100328346,20.6715077618745,12.3594743344451
1410,470,0.075,1,0,2.85938508382878,0.923164237422337,2.6396820504096,1.01165816015913,1,0.943049521917437,1.60639226899417,77.5425917798113,19.2401868675692,10.1859138805412
1411,471,0.035,1,0,2.88446277931779,0.709499087694179,2.04652371041379,0.956086700517229,1,0.943009224770536,1.69836507730519,80.6746685216196,21.7705631531033,14.0604752412991
1412,471,0.05,1,0,2.94370673985559,0.751385009043079,2.21185711534657,1.13287463752356,1,0.942999395248408,1.65213944797231,79.1181622000242,20.4228433966458,12.0226443461741
1413,471,0.075,1,0,3.1438327023981,0.876352851242792,2.75510675257691,1.02638838474272,1,0.942983005629556,1.59393814984803,77.1075236403623,18.9395681946789,9.90831944892768
1414,472,0.035,1,0,2.56118096346926,0.631262739836033,1.6167781122155,1.02005239518065,1,0.943538332383592,1.73201432894877,81.7855949612103,22.8766345843311,1.22461619926505
1415,472,0.05,1,0,2.58960768652025,0.656480663918924,1.70002737333636,1.04820587758063,1,0.943528682750583,1.72244499275377,81.4715421492456,22.5495844434265,12.3594743344451
1416,472,0.075,1,0,2.66048411198803,0.709981327572366,1.88889404181445,0.92459218636946,1,0.943512593135694,1.67617296427705,79.9318367073617,21.1016566482515,10.0925288607668
1417,473,0.035,1,0,2.59781049840176,0.605704013336529,1.57350424476972,0.989080412498401,1,0.943456360643736,1.72025785624719,81.3995543375788,22.4763028757198,1.24738351424294
1418,473,0.05,1,0,2.63289361980914,0.629694198314938,1.65791783717423,0.978445864646815,1,0.943446682297341,1.71395990285631,81.1918270899621,22.2682058755933,11.8032063565173
1419,473,0.075,1,0,2.72285797393963,0.679288724316066,1.84960671961128,1.02588311753311,1,0.943430544796481,1.66332123260568,79.4979269033393,20.7331854923308,9.6382902362397
1420,474,0.035,1,0,2.62250778981143,0.580579749102496,1.52257491462806,0.974696495918927,1,0.943374213369949,1.70776935404388,80.9870114559003,22.0677390498351,1.28233058265602
1421,474,0.05,1,0,2.66172404880085,0.603116818347712,1.60533053963236,0.952118206154301,1,0.943364506196261,1.70680612124761,80.955086354047,22.036899451592,11.3762728582343
1422,474,0.075,1,0,2.76174978694566,0.648247452242191,1.79029726311794,1.0522778564382,1,0.943348320619569,1.6527713660992,79.1396795649268,20.4401391611186,9.28966386779936
1423,475,0.035,1,0,2.37958444685536,0.549709743026486,1.30808075479068,1.01476105844907,1,0.943929514341808,1.72857570964377,81.6729151654746,22.7578850988321,1.21338885046498
1424,475,0.05,1,0,2.4011102186533,0.56673694204449,1.36079786283135,1.02345460405021,1,0.943919995107745,1.73943846751039,82.0282228838,23.1379218287371,1.19124200802737
1425,475,0.075,1,0,2.45055090395813,0.599137286886102,1.46821641997376,1.02522442818267,0.994920645187983,0.943904122959746,1.71688174117326,81.2882793480995,22.3642172955078,9.72747223776965
1426,476,0.035,1,0,2.40466326145691,0.52194830658779,1.2551099172313,0.992134789737814,1,0.943832274878181,1.71389005015347,81.1895194905891,22.2659216213167,1.24738351424294
1427,476,0.05,1,0,2.42949802933484,0.537998070366588,1.30706525174157,0.988032331131898,1,0.943822721822132,1.72565526885231,81.5770648598042,22.6581208739445,1.22461619926505
1428,476,0.075,1,0,2.48612227686176,0.56788204197863,1.41182419519282,0.943446596840746,1,0.943806793267687,1.70647067088341,80.9439647213838,22.0261813191735,9.20449571753171
1429,477,0.035,1,0,2.42035472438865,0.495492371972011,1.199267303401,0.981885090024501,1,0.943734785594791,1.69805012186887,80.6641828413956,21.7607586890722,1.28233058265602
1430,477,0.05,1,0,2.44712420126581,0.510512532389,1.24928757305862,0.972671857293447,1,0.943725198555821,1.71083645519179,81.0885654371154,22.1665654879141,1.25892541179417
1431,477,0.075,1,0,2.50732971112292,0.537845234858411,1.34855533734638,0.901663172024495,1,0.943709213328667,1.69768091738147,80.6518889953851,21.7492774194694,8.87156012037961
1432,478,0.035,1,0,2.06282622283807,0.810791171390171,1.67252128958924,1.06537517827702,1,0.932548504026391,1.66235867852,79.4653178935955,20.7061056790815,15.5596563160507
1433,478,0.05,1,0,1.96961051780562,0.81652963862176,1.60824536432944,0.9478846204537,0.991953641099954,0.932537159803143,1.61573444102751,77.8672163438912,19.4713012974855,13.0617088813184
1434,478,0.075,1,0,1.84602280699162,0.818702973565593,1.51134436135394,0.978558845531954,1,0.932518244896329,1.55898702443893,75.8723678173095,18.1375007417313,10.7646521362983
1435,479,0.035,1,0,2.13319136035981,0.810508003756436,1.72896867111571,0.97030247653163,1,0.932470617020251,1.65326988023995,79.1566496967703,20.4538037340136,14.7231250243272
1436,479,0.05,1,0,2.02463224775455,0.818851590557387,1.65787333636759,1.062032128375,1,0.932459246083158,1.60322027493107,77.4320331534425,19.1628268081554,12.5892541179417
1437,479,0.075,1,0,1.88346203151079,0.821920045554851,1.54805519874018,1.01225064205492,1,0.932440286625646,1.54166192084012,75.2522967097397,17.7604232341933,10.3752841581801
1438,480,0.035,1,0,2.21457669129187,0.807408839489221,1.78806879627585,0.934117705229153,1,0.932392597948608,1.64571958819758,78.8991815731969,20.2487224175415,14.3218789927354
1439,480,0.05,1,0,2.08855072975609,0.820276624844875,1.71318934342163,1.11035355011903,1,0.932381200213884,1.59316656318024,77.0804822615378,18.9212142024343,12.1338885046498
1440,480,0.075,1,0,1.92504807387834,0.825053182758434,1.58826704031632,1.02794561270587,1,0.932362196066204,1.52789108807145,74.7557147174094,17.4694594129218,10.0925288607668
1441,481,0.035,1,0,2.21814370226099,0.714905382567366,1.58576287205429,1.02845559215508,1,0.933013411672573,1.68639234912136,80.2749173380127,21.4042981343925,1.21338885046498
1442,481,0.05,1,0,2.1694846668689,0.743290878303715,1.61255816350343,1.13285131756481,0.99943175914834,0.933002219060444,1.67321116585558,79.8320814106936,21.0155737371531,12.4738351424294
1443,481,0.075,1,0,2.03749528712164,0.781437655806748,1.59217554088563,0.949173008517014,1,0.932983556989895,1.62040180299077,78.0288448406994,19.5886526305693,10.1859138805412
1444,482,0.035,1,0,2.28584385055654,0.696086102869141,1.59114413770129,0.984726681127434,1,0.932917159375014,1.67321775508675,79.8323035017266,21.0157644587728,1.23594743344451
1445,482,0.05,1,0,2.25109860698684,0.728329332822273,1.63954114654388,0.965012887959919,1,0.932905933977616,1.66358607192491,79.5068963138469,20.7406486256247,11.9124200802738
1446,482,0.075,1,0,2.12214378974704,0.778672952012944,1.65245596935826,1.0235003831028,1,0.932887217230913,1.60594277299801,77.5269351793794,19.2291906647451,9.72747223776965
1447,483,0.035,1,0,2.34204036625403,0.674053188113566,1.57865977556419,0.964896081780305,1,0.932820703084132,1.65931549982447,79.3621207887485,20.6209495983014,1.27057410520854
1448,483,0.05,1,0,2.32430703706036,0.708084211792994,1.6458051163018,0.926164534773266,1,0.932809444772929,1.65548745870192,79.2320889012864,20.5148052419148,11.4815362149688
1449,483,0.075,1,0,2.21974266644008,0.770875320543032,1.71114483951504,1.04968901641122,1,0.932790673137677,1.59414572963142,77.1147968405388,18.9445112452297,9.3756200692588
1450,484,0.035,1,0,2.17189458947289,0.618877678688858,1.34413708188987,1.02004801251148,1,0.933472367301203,1.68249876204496,80.1444071777848,21.287943730942,1.20226443461741
1451,484,0.05,1,0,2.16844745917088,0.642215708268159,1.39261102083372,1.03488728011384,1,0.933461323377483,1.69477164908042,80.5549372103322,21.6592546443929,1.19124200802737
1452,484,0.075,1,0,2.14865142419683,0.687858827924487,1.47796885026631,0.982583448113203,0.992587198035147,0.933442909268686,1.66694688061126,79.6206166587171,20.8358222637094,9.81747943019984
1453,485,0.035,1,0,2.21524913462107,0.593852436989247,1.31553109713304,0.989376131909946,1,0.933358172501991,1.66607799433699,79.5912339940544,20.8111331979509,1.23594743344451
1454,485,0.05,1,0,2.22009791203094,0.617244007675501,1.37034213265399,0.982765686741849,1,0.933347089947488,1.67928990614099,80.036660373025,21.1930276020375,1.21338885046498
1455,485,0.075,1,0,2.2222194874058,0.664426678305167,1.47650191248205,1.07181920878928,1,0.93332861141502,1.65513238704954,79.2200153384573,20.5050140097597,9.28966386779936
1456,486,0.035,1,0,2.2475356719085,0.568200723636854,1.27705139517805,0.975655275956723,1,0.933243687329234,1.64852262294854,78.994877614219,20.324393334302,1.27057410520854
1457,486,0.05,1,0,2.25908050594009,0.590884294135363,1.33485519014737,0.961196479568815,1,0.933232565963394,1.66277583989876,79.4794522090478,20.7178331837596,1.24738351424294
1458,486,0.075,1,0,2.28033892115532,0.636904773434351,1.45235874393196,1.11312550880239,1,0.933214022706264,1.64520455500091,78.881583941485,20.2348773747076,8.95364765549594
1459,487,0.035,1,0,2.21605180750918,0.628715436631139,1.39326597975536,1.01970045753082,1,0.933747838255834,1.7281259418925,81.6581625855697,22.7424561072094,1.18032063565173
1460,487,0.05,1,0,2.21740316894267,0.652726550995565,1.44735792263059,1.0342017536559,1,0.933736852687798,1.71449193048981,81.2094001264167,22.2856206337855,12.0226443461741
1461,487,0.075,1,0,2.2080152218895,0.701136046739617,1.5481190638165,0.983324881058207,0.992728109639947,0.933718535883808,1.66529408613605,79.56471421225,20.7889088047839,9.72747223776965
1462,488,0.035,1,0,2.25926560076298,0.6025908381009,1.3614127518563,0.989621668793734,1,0.933634561354202,1.71285289219474,81.1552473779369,22.232065918674,1.21338885046498
1463,488,0.05,1,0,2.2692703884965,0.626272246795058,1.4211810647892,0.983187891736765,1,0.933623537440798,1.70727553909215,80.970646496662,22.0519170163592,11.3762728582343
1464,488,0.075,1,0,2.28463059850827,0.674980755974623,1.54208168850387,1.07164168306958,1,0.933605156690417,1.65353971160679,79.1658334083335,20.4612073930214,9.28966386779936
1465,489,0.035,1,0,2.29055469127668,0.576092551641649,1.31957149677233,0.976359980381625,1,0.933520997609259,1.696439177362,80.6105248495401,21.7107568693212,1.23594743344451
1466,489,0.05,1,0,2.30709470361662,0.598760795745511,1.38139786059774,0.962355116120512,1,0.933509935172289,1.70094031861125,80.7603438513348,21.8510843085392,10.9647819614319
1467,489,0.075,1,0,2.34176677219035,0.645141119874621,1.51077003789606,1.1121751948407,1,0.933491490177341,1.64370357110197,78.8302730200465,20.1946313750118,8.95364765549594
1468,490,0.035,1,0,2.07009930246175,0.529392857046098,1.09589578409936,1.01453516078245,1,0.934418613177781,1.72413296244125,81.5270470896803,22.6065073400758,1.16949939101987
1469,490,0.05,1,0,2.07919969781475,0.544744028810287,1.13263162008874,1.01994431499111,1,0.934407843395509,1.73589034171557,81.912377992089,23.0121967348548,1.14815362149688
1470,490,0.075,1,0,2.09825786539218,0.573706033391972,1.20378319698765,1.05924174961318,1,0.934389886447792,1.71722138370041,81.2994821910401,22.3754372352548,9.28966386779936
1471,491,0.035,1,0,2.09547075645404,0.499549348324565,1.0467910508198,0.992802793076344,1,0.934279386197479,1.70425503310383,80.8704604504433,21.9556703455211,1.20226443461741
1472,491,0.05,1,0,2.10810032988388,0.514185037395953,1.08395364695576,0.990313008927583,1,0.934268569766031,1.71716570601802,81.2976458351321,22.3735970948712,1.18032063565173
1473,491,0.075,1,0,2.13506916240191,0.541506977348659,1.15615484856259,0.977775727392393,1,0.934250535022239,1.70878477017521,81.0206496686117,22.100350942938,8.79022516830884
1474,492,0.035,1,0,2.11187831936434,0.470952247071566,0.994593840046359,0.983860607455706,1,0.934139718669679,1.68235435531303,80.1395619543573,21.283653472294,1.23594743344451
1475,492,0.05,1,0,2.12685460584043,0.484711961041329,1.0309118668467,0.978349582850436,1,0.93412885531813,1.69658225711907,80.615292333743,21.7151880266593,1.21338885046498
1476,492,0.075,1,0,2.15882126841801,0.510004194187556,1.10100790139448,0.952590673670152,1,0.934110742327944,1.70137724680484,80.7748691515898,21.8648091148834,8.47227414140596
1477,493,0.035,1,0,1.94113017687843,0.462075146881993,0.896948011598169,1.0119422462504,1,0.935076806102683,1.71978374702969,81.3839391513902,22.4604874218567,1.14815362149688
1478,493,0.05,1,0,1.949518395721,0.473053890644793,0.922227261979415,1.01495170931159,1,0.935066246008448,1.73148051813994,81.7681151333841,22.8581075608541,1.13762728582343
1479,493,0.075,1,0,1.96692639326979,0.492837726612149,0.969375532072519,1.02610615119107,1,0.935048638745752,1.74986783040134,82.3675611940342,23.5169282108118,1.10662378397767
1480,494,0.035,1,0,1.95643278394864,0.42971212076536,0.840702880725449,0.994551749046994,1,0.934912514305611,1.6950684207802,80.5648335436357,21.668401631822,1.19124200802737
1481,494,0.05,1,0,1.96672330664422,0.440006975893399,0.865371974575587,0.99324078634929,1,0.934901899717045,1.70813541409286,80.9991400599663,22.0794836671597,1.16949939101987
1482,494,0.075,1,0,1.98787048810054,0.458313590964489,0.911068061773693,0.988767880704523,1,0.934884201577178,1.72869791009913,81.6769228270499,22.7620812015462,1.13762728582343
1483,495,0.035,1,0,1.96479943483021,0.399568211358693,0.785071395853678,0.988000378394098,1,0.934747599024537,1.66705910692324,79.6244108406603,20.8390153995886,1.23594743344451
1484,495,0.05,1,0,1.9762563102655,0.409156431010082,0.808597978669387,0.985122599413865,1,0.934736929565529,1.68176855999445,80.1199034544267,21.2662680158915,1.21338885046498
1485,495,0.075,1,0,1.99953558174064,0.425961418189068,0.851725012117746,0.975471689201899,1,0.934719139919341,1.70486699602626,80.8907704927747,21.9750968649515,1.18032063565173
1486,496,0.035,1,0,1.82206027335492,0.671941219278379,1.2243174016768,1.0306000431683,1,0.918549885624164,1.67226619836469,79.8002236797463,20.9882583890483,1.16949939101987
1487,496,0.05,1,0,1.78804404682294,0.685100926409802,1.22499063293993,1.06761798211098,1,0.918536818597675,1.65189777243709,79.1099311715498,20.4162361882792,12.1338885046498
1488,496,0.075,1,0,1.72746977636653,0.703430259821601,1.21515451362347,0.8789969609453,0.993765987301513,0.918515031726945,1.59434244447366,77.1216886747992,18.9491976415197,9.90831944892768
1489,497,0.035,1,0,1.87170979528731,0.660684180040032,1.23660905137229,0.984022852186626,1,0.918412705916982,1.65493920883002,79.213445781547,20.4996908830589,1.19124200802737
1490,497,0.05,1,0,1.83775671698763,0.676497345523176,1.24323754075952,0.970112064986672,1,0.918399594322103,1.64357531266552,78.8258867712401,20.1911994703171,11.4815362149688
1491,497,0.075,1,0,1.77369962336835,0.698874265364164,1.23959302125825,1.04506210000705,1,0.91837773312857,1.58090228360113,76.6492953444436,18.6335435124421,9.3756200692588
1492,498,0.035,1,0,1.92005003039875,0.646546735500365,1.24140207915169,0.963943648082026,1,0.918275184026292,1.63656489612849,78.5857207682504,20.0052893808522,1.22461619926505
1493,498,0.05,1,0,1.88827822634214,0.665139094158302,1.25596766898805,0.935336862493558,1,0.918262027659617,1.63627835626614,78.5758867878485,19.9977595175516,11.0662378397767
1494,498,0.075,1,0,1.82308164004381,0.692405347916472,1.26231147725466,1.08682092316892,1,0.918240091804079,1.56975034494883,76.2549764498537,18.3783462685354,9.03649473722302
1495,499,0.035,1,0,1.82555656774852,0.586528708836797,1.07074133659007,1.02144832791531,1,0.919361305549842,1.66759853138252,79.6426449477685,20.8543771247005,1.14815362149688
1496,499,0.05,1,0,1.81285363116719,0.602533446337095,1.09230494609188,1.03167647673762,1,0.919348488877837,1.68112549601596,80.0983165631251,21.2472165498883,1.13762728582343
1497,499,0.075,1,0,1.78460814890551,0.630003328123179,1.12430907320622,1.10514815926121,0.994304572341317,0.919327119495947,1.65527933802735,79.2250123933832,20.5090651294072,9.3756200692588
1498,500,0.035,1,0,1.86605227327287,0.564099119773134,1.05263844480388,0.989422443868483,1,0.919192653281702,1.64516145184429,78.880110993062,20.2337195051833,1.18032063565173
1499,500,0.05,1,0,1.85780298116543,0.581327614080851,1.07999217447319,0.984865921787444,1,0.919179782352546,1.65987058582545,79.3809557975733,20.6364307562045,1.15877735615513
1500,500,0.075,1,0,1.83714348834421,0.612018312124579,1.12436545686709,0.952143614803137,1,0.919158322491053,1.64550651805621,78.8919019412198,20.2429924967754,8.95364765549594
1501,501,0.035,1,0,1.89922626957819,0.540102875555966,1.02577756953061,0.976457000322147,1,0.919023475277955,1.62079869926366,78.0425721553926,19.5986912441819,1.21338885046498
1502,501,0.05,1,0,1.89573834484526,0.557872412093803,1.05758012313754,0.966627106231955,1,0.919010549783673,1.63678471870981,78.5932640912386,20.0110696309968,1.19124200802737
1503,501,0.075,1,0,1.8846439459821,0.590497895633061,1.11287828412002,0.908367961775174,1,0.918988998929402,1.63698183101058,78.6000274083945,20.0162553910696,8.6297854776697
1504,502,0.035,1,0,1.77217165712647,0.514573678895973,0.911912889242743,1.01724559967766,1,0.920157752008621,1.66251403167611,79.470581927921,20.7104715272891,1.13762728582343
1505,502,0.05,1,0,1.77011938683271,0.52797834843302,0.934584710389203,1.0224988909903,1,0.9201451787922,1.67594733468887,79.9242424727253,21.0950736554712,1.11686324778056
1506,502,0.075,1,0,1.76515684579047,0.552175357807108,0.974676112910021,1.04733569190755,1,0.920124215392903,1.69719712104538,80.6357760566203,21.7342521240533,1.09647819614319
1507,503,0.035,1,0,1.80028748431677,0.486263673380036,0.875414405263977,0.992162608003237,1,0.919958683178872,1.63473502004269,78.5228960971506,19.9572943888086,1.16949939101987
1508,503,0.05,1,0,1.80164192266577,0.499755019743432,0.900379594632428,0.989915899117989,1,0.919946046539884,1.64954864216831,79.0298731699821,20.3522281882486,1.15877735615513
1509,503,0.075,1,0,1.80366110521251,0.524376622393365,0.945797718293621,0.980899531350965,1,0.919924977377544,1.67299848301795,79.8249125166829,21.0094196318286,1.12719745617551
1510,504,0.035,1,0,1.82075529413572,0.45817958349377,0.83423290231118,0.982867183206784,1,0.919758870033672,1.60378919211905,77.451875141372,19.1766612077737,1.21338885046498
1511,504,0.05,1,0,1.82494603587831,0.471361705086847,0.860209675163082,0.978034944264668,1,0.919746169542817,1.62019179640288,78.0215803370118,19.5833447787128,1.19124200802737
1512,504,0.075,1,0,1.83297635351915,0.495470823526247,0.908186303382271,0.959478914487431,1,0.919724993900659,1.64617118143148,78.914607932472,20.2608770368155,1.15877735615513
1513,505,0.035,1,0,1.58200115045002,0.646255296569801,1.02237662265785,1.04826476115267,1,0.90384422660865,1.621363023372,78.0620856509801,19.6129807829362,1.14815362149688
1514,505,0.05,1,0,1.55877614405649,0.652891022148925,1.0177109499944,1.18322583501131,0.995720669301879,0.903829293023487,1.59282170495382,77.0683929141867,18.9130209235949,12.2461619926505
1515,505,0.075,1,0,1.52088313830556,0.662732733228936,1.00793903917105,0.925286211412881,1,0.903804394500585,1.52830426969505,74.7706623132264,17.4780817025445,10
1516,506,0.035,1,0,1.61175057017654,0.640430409686185,1.03221407797011,0.974967727777787,1,0.903684663945764,1.60261010850449,77.4107464022576,19.1480089521066,1.18032063565173
1517,506,0.05,1,0,1.58728759500974,0.648054174267973,1.02864835170983,0.938060876466957,1,0.903669680581037,1.58364339986525,76.7458908957313,18.6971866791055,11.6949939101987
1518,506,0.075,1,0,1.54709817841152,0.659275480461716,1.0199638948937,1.03411838375178,1,0.903644699048922,1.51363942836807,74.238308547386,17.1759766335543,9.54992586021436
1519,507,0.035,1,0,1.64213911466131,0.633566248759211,1.04040391881674,0.944114610838364,1,0.903524709149928,1.58284637760908,76.7178175180332,18.6786433613248,1.20226443461741
1520,507,0.05,1,0,1.61663193150303,0.642336744926738,1.03842209262628,0.874496528504527,1,0.903509675784127,1.57561997915434,76.4627859687816,18.5119285095991,11.2719745617551
1521,507,0.075,1,0,1.57426882292588,0.655182952173117,1.03143409491867,1.07237501272003,1,0.903484610872222,1.50154276916384,73.7963466117281,16.9326306981864,9.28966386779936
1522,508,0.035,1,0,1.60648639593897,0.592923171051983,0.952523008132005,1.03130676742271,1,0.904787036244069,1.61610665301346,77.8801194044159,19.4806129064482,1.13762728582343
1523,508,0.05,1,0,1.58869453790061,0.603042670380565,0.958050596554599,1.05190361658223,1,0.904772381786435,1.63101199977207,78.3949005722491,19.8603088274443,1.11686324778056
1524,508,0.075,1,0,1.55728441139458,0.618918662150753,0.963832384488557,1.03223103546559,0.981387844913383,0.904747948718327,1.59684259809706,77.2092231119433,19.0089359046632,9.54992586021436
1525,509,0.035,1,0,1.64114585623524,0.579668333866344,0.951320284115538,0.984574297069933,1,0.904590813130081,1.5919251818571,77.0369548996358,18.8917497236022,1.16949939101987
1526,509,0.05,1,0,1.62384546910798,0.591265205434846,0.960123324886575,0.975719311758133,1,0.904576098032662,1.60789209248489,77.5948079637086,19.276958783911,1.14815362149688
1527,509,0.075,1,0,1.59232500349197,0.609644002697603,0.970751388724321,1.14057940619472,1,0.904551563844022,1.58603909103391,76.8302083793298,18.75311375122,9.03649473722302
1528,510,0.035,1,0,1.674164947429,0.564616707437596,0.945261500324799,0.965967048946489,1,0.904393987321774,1.56596224167547,76.1205468897029,18.2929845701332,1.19124200802737
1529,510,0.05,1,0,1.65809278571809,0.577663776972728,0.957820141169147,0.947465417834686,1,0.904379211247292,1.58314780543227,76.7284359386989,18.6856526204029,1.18032063565173
1530,510,0.075,1,0,1.62761327801234,0.598687491478411,0.974431710510163,1.2015994011276,1,0.904354575377407,1.57664289579613,76.4989408649228,18.5353745792983,8.70963589956081
1531,511,0.035,1,0,1.59972880643807,0.53677144726133,0.858688746657403,1.02444014116699,1,0.905712725243297,1.61044225323115,77.6835037682583,19.3397711588031,1.12719745617551
1532,511,0.05,1,0,1.58951128047774,0.548052617630251,0.871135818018638,1.03378648892579,1,0.905698342413503,1.62516293773535,78.193340901208,19.709700115784,1.10662378397767
1533,511,0.075,1,0,1.57018121601617,0.566985695385443,0.890270288644088,1.10994606322498,1,0.905674362291419,1.64814349030564,78.9819416640602,20.314126430564,9.20449571753171
1534,512,0.035,1,0,1.63129727315664,0.515961255879127,0.841686189770094,0.98891268713764,1,0.905481051823002,1.58055218576748,76.6369487935008,18.6254414450364,1.15877735615513
1535,512,0.05,1,0,1.6231134160179,0.528305684628375,0.857500044478839,0.984969367425491,1,0.905466598064227,1.59661012372869,77.2010883054192,19.0033673542813,1.13762728582343
1536,512,0.075,1,0,1.60691229036468,0.549420238568616,0.882870133931005,0.964157728406357,1,0.905442499664967,1.62225869131676,78.0930454700198,19.6356996510704,1.11686324778056
1537,513,0.035,1,0,1.65842785106904,0.493831511232703,0.818983931963826,0.975980604980751,1,0.905248524827106,1.54782106909031,75.4733307105492,17.8930277156533,1.19124200802737
1538,513,0.05,1,0,1.65267100449228,0.506904270855951,0.837745990496932,0.967706398458384,1,0.905233999668573,1.56536733347229,76.0994127329158,18.2796383352369,1.16949939101987
1539,513,0.075,1,0,1.64064705163666,0.529691149067424,0.869036221995506,0.928167869692269,1,0.905209782208783,1.59333832179696,77.0865026723688,18.9252972097185,1.14815362149688
1540,514,0.035,1,0,2.68613778096995,0.634095389496224,1.70326758246466,1.01641489573969,1,0.948307752505362,1.75697274360221,82.5977302317091,23.7836612054183,14.7231250243272
1541,514,0.05,1,0,2.72676920126937,0.658392939670471,1.79528559022665,1.02848472032376,1,0.948298832763476,1.72029788041797,81.4008723998149,22.4776391463837,12.3594743344451
1542,514,0.075,1,0,2.83417162229595,0.708672714504325,2.0085000969436,0.978157033387451,0.994045826517759,0.948283960057208,1.67379826371472,79.8518668063333,21.0325807244292,10.0925288607668
1543,515,0.035,1,0,2.71619419914148,0.60807572512901,1.65165175723416,0.98685233469279,1,0.94821303178656,1.75153899968352,82.4217729183016,23.5790247240357,1.23594743344451
1544,515,0.05,1,0,2.76241078697301,0.630944622799358,1.74292823200357,0.978687496375161,1,0.948204078919924,1.71399976874616,81.1931440326871,22.2695097614311,11.8032063565173
1545,515,0.075,1,0,2.88398488170097,0.676687274651299,1.95155586973378,1.07959188421627,1,0.948189150970973,1.66325180892489,79.4955755128446,20.7312300250874,9.6382902362397
1546,516,0.035,1,0,2.73171885596148,0.583207499697648,1.59315892386221,0.974401176028627,1,0.948118030846146,1.74116837246682,82.0846298302186,23.1997982202458,1.25892541179417
1547,516,0.05,1,0,2.78046488072791,0.604530978720254,1.68087715564374,0.959155708309232,1,0.948109044686666,1.70867570454445,81.0170374039005,22.0968430884372,11.3762728582343
1548,516,0.075,1,0,2.90595375958716,0.645689438726124,1.87634365199191,1.11420624315453,1,0.948094061213392,1.65478698137632,79.2082684289556,20.4954980770031,9.28966386779936
1549,517,0.035,1,0,2.43430896181346,0.538405831520411,1.31064614076276,1.01209490025259,1,0.948737450120243,1.75713176164452,82.6028724716681,23.7897140650631,1.20226443461741
1550,517,0.05,1,0,2.45964820554416,0.553756488813492,1.36204615401854,1.01659491455815,1,0.948728675994161,1.76492226718308,82.8543017006473,24.0908904074798,11.8032063565173
1551,517,0.075,1,0,2.517254947862,0.582103779378726,1.46530361881026,1.04804563574501,1,0.948714046135759,1.72302329906134,81.4905636190123,22.5690503198839,9.6382902362397
1552,518,0.035,1,0,2.45083137250963,0.509822884985865,1.24948992094673,0.990975741503638,1,0.948620705988472,1.74425399574682,82.1851227354908,23.3111288971719,1.22461619926505
1553,518,0.05,1,0,2.47854711053289,0.524098841207579,1.29900366850868,0.987852353380636,1,0.948611891380381,1.75541860684351,82.5474520426698,23.7246987855913,1.20226443461741
1554,518,0.075,1,0,2.54066348059119,0.549799651456854,1.39685589609819,0.972310499436023,1,0.948597194007683,1.71548249831568,81.2421065808473,22.3181246672214,9.1201083935591
1555,519,0.035,1,0,2.45700159001581,0.483613864564844,1.18824003418951,0.982684886604126,1,0.948503530952598,1.73046349761311,81.7347996475128,22.8229041261571,1.25892541179417
1556,519,0.05,1,0,2.48565474772247,0.496870812343094,1.23504929370533,0.976756907951683,1,0.948494675604937,1.74254414586297,82.1294551369567,23.2492832080643,1.23594743344451
1557,519,0.075,1,0,2.54879557150325,0.520183322549896,1.32584094888502,0.949179546135379,1,0.948479910290307,1.709129166175,81.0320548217511,22.1114356301649,8.79022516830884
1558,520,0.035,1,0,2.24807630497687,0.472718683239323,1.06270767071019,1.00996017695083,1,0.949160620065089,1.75257716182291,82.4554276681991,23.6177969351767,1.19124200802737
1559,520,0.05,1,0,2.26555448679025,0.483770880927383,1.09600928986351,1.01246560513472,1,0.949151988152201,1.76293682795586,82.7903162501687,24.0132567248556,1.16949939101987
1560,520,0.075,1,0,2.30264214195552,0.503257399719858,1.1588216968459,1.02169126419221,1,0.949137595463651,1.7594401592185,82.6774745434604,23.8780009739811,9.28966386779936
1561,521,0.035,1,0,2.25596505885873,0.442214003650589,0.997619340773755,0.993218649271161,1,0.949022478897766,1.73649354449458,81.9320866819183,23.0334595407266,1.22461619926505
1562,521,0.05,1,0,2.27469105208333,0.452397936260788,1.02906553759338,0.991589080114799,1,0.949013799481956,1.74786767166424,82.3026181980232,23.4431142842817,1.20226443461741
1563,521,0.075,1,0,2.31381626461376,0.469974946860928,1.0874356760078,0.986052187436004,1,0.948999327571764,1.75421372992078,82.5084461605296,23.679227493168,8.79022516830884
1564,522,0.035,1,0,2.25622258333987,0.414899444932293,0.936105497471415,0.987200569304049,1,0.948883727088487,1.718893179517,81.3545976648514,22.4308464195335,1.25892541179417
1565,522,0.05,1,0,2.27536625250654,0.42431787247313,0.965478567360734,0.984129399896293,1,0.948874999809878,1.73142129311986,81.7661755041191,22.8560541394134,1.23594743344451
1566,522,0.075,1,0,2.31478222044928,0.440275385855928,1.01914163528075,0.973847464980737,1,0.948860448077973,1.74953932879581,82.3568995186278,23.5047674631392,8.47227414140596
1567,523,0.035,1,0,2.25490167350983,0.749003937228249,1.68893023152143,1.02563277414677,1,0.936219603114887,1.70228309763289,80.804973402903,21.8933226528419,14.8593564228701
1568,523,0.05,1,0,2.18509615427016,0.778935438034404,1.70204883007372,1.05650465140347,1,0.936208878086204,1.6586975642513,79.3411471433588,20.6037424714703,12.4738351424294
1569,523,0.075,1,0,2.01601570819754,0.810525449144941,1.63403203737007,0.863595148024031,0.998202240293858,0.936190995567362,1.60414550914874,77.464299519182,19.1853348012851,10.1859138805412
1570,524,0.035,1,0,2.3302977395593,0.730585635915576,1.70248205592856,0.979671537737026,1,0.936104139943748,1.69802209996168,80.6632498407691,21.7598868309234,14.0604752412991
1571,524,0.05,1,0,2.2772995568968,0.766304006795262,1.74510377512309,0.96190862400262,1,0.936093375815608,1.65140398212897,79.0931105364002,20.4027492628635,11.9124200802738
1572,524,0.075,1,0,2.09507474273826,0.811463523560017,1.70007673286398,1.05303657858192,1,0.936075428089825,1.59205086732041,77.0413630889626,18.8947292796661,9.72747223776965
1573,525,0.035,1,0,2.39006125073048,0.707930996469798,1.69199844285348,0.960819860717121,1,0.93598833935452,1.68680202100393,80.288634683291,21.4166173181355,1.24738351424294
1574,525,0.05,1,0,2.36088331115245,0.74643829790207,1.76225372032204,0.929508292364199,1,0.935977535930142,1.64525800501067,78.8834104258788,20.2363133655771,11.4815362149688
1575,525,0.075,1,0,2.19171918472294,0.808761542800783,1.7725781892226,1.0896415206225,1,0.935959522671809,1.58237557123817,76.7012292699494,18.6677044023702,9.46237161365793
1576,526,0.035,1,0,2.20171631397756,0.626450430455562,1.37926613263227,1.01789386447402,1,0.936743143372152,1.7051196201725,80.899152883289,21.9831271301162,1.19124200802737
1577,526,0.05,1,0,2.20150009831514,0.650502375954427,1.4320810446179,1.02644146240976,1,0.93673259009565,1.71184807190153,81.1220270864868,22.1993732416443,11.9124200802738
1578,526,0.075,1,0,2.18808841559708,0.698581609950084,1.52855832808093,1.09916236051076,0.995528260201927,0.936714994003039,1.66207949033462,79.4558567844565,20.6982643094407,9.72747223776965
1579,527,0.035,1,0,2.24117549603049,0.600038342816621,1.34479123059935,0.986716075091061,1,0.936600808246985,1.6902614036518,80.4043573592902,21.5212361010623,1.21338885046498
1580,527,0.05,1,0,2.2496962854344,0.623801205380773,1.40336325459462,0.980986658196027,1,0.936590207164587,1.70322358119832,80.8362143699544,21.9230108672721,1.19124200802737
1581,527,0.075,1,0,2.26087938609236,0.672486852029772,1.52041166117226,0.941182746763496,1,0.936572531346599,1.65332955063668,79.1586806837431,20.4554405268796,9.20449571753171
1582,528,0.035,1,0,2.26672425620238,0.573588296607104,1.30016650499313,0.974714672345104,1,0.936457954135843,1.67450300784208,79.8756093717014,21.0530325501677,1.24738351424294
1583,528,0.05,1,0,2.28156700268234,0.596287603335386,1.36047011987855,0.964126385934404,1,0.936447304949414,1.68841327058915,80.342558479518,21.4652124653638,1.21338885046498
1584,528,0.075,1,0,2.31157237899336,0.642645986073433,1.4855227108783,0.902300601418107,1,0.936429548909082,1.64598249415099,78.9081628181024,20.2557968213715,8.95364765549594
1585,529,0.035,1,0,2.0872119218467,0.542665373367336,1.13265763686569,1.01439808538799,1,0.93725883132345,1.69976435449645,80.7212343782175,21.8142362246293,1.18032063565173
1586,529,0.05,1,0,2.09537417678559,0.559391476276922,1.17213445410463,1.01877861439537,1,0.937248445861194,1.7118511046013,81.1221273751686,22.199471754771,1.15877735615513
1587,529,0.075,1,0,2.11196414924195,0.591324358919932,1.24885584661237,1.03922463493755,1,0.937231129626484,1.70539021484221,80.9081303990377,21.9917356582587,9.3756200692588
1588,530,0.035,1,0,2.1103848100406,0.513129218202936,1.08290010768349,0.990243526136985,1,0.937090378689885,1.68128788145071,80.1037682939573,21.2520240795908,1.21338885046498
1589,530,0.05,1,0,2.12260491662999,0.529099811843851,1.12306986200776,0.987452131614335,1,0.937079937107531,1.69443890413635,80.5438395681688,21.6490086001214,1.19124200802737
1590,530,0.075,1,0,2.14866660493162,0.559343888159121,1.20184353316011,0.976341858347909,1,0.937062527282686,1.69926599852629,80.7046535214165,21.7986605559509,8.87156012037961
1591,531,0.035,1,0,2.12286728796206,0.485278567936394,1.03018199742125,0.981726921474676,1,0.936921190411159,1.66127992781924,79.428754082558,20.6758400293144,1.23594743344451
1592,531,0.05,1,0,2.13761469803235,0.500286949400042,1.0694207362713,0.976574532943454,1,0.936910692290765,1.67562582977798,79.91341981161,21.0857006111743,1.21338885046498
1593,531,0.075,1,0,2.16931776381991,0.528290680772013,1.14603035825924,0.956880780060153,1,0.936893188178972,1.69380228142552,80.5226019798808,21.6294338934805,8.55066712884683
1594,532,0.035,1,0,1.80303782542934,0.734535954803527,1.32439611064862,1.04080240246102,1,0.924439532016871,1.65005891950268,79.0472711938946,20.3660989297092,14.9968483550237
1595,532,0.05,1,0,1.75769949074377,0.741093649319273,1.30261993000193,1.17322813011807,0.996902655563769,0.924427145797268,1.600436908996,77.3348789313742,19.0953968192157,12.7057410520854
1596,532,0.075,1,0,1.68816557661276,0.748843494185375,1.26417180915417,0.942364535437518,1,0.924406493809356,1.53913473376894,75.161412611375,17.7064623655064,10.3752841581801
1597,533,0.035,1,0,1.84455638916635,0.731324590501364,1.34896944596376,0.967891335071197,1,0.924304370251092,1.64534520181424,78.8863899970109,20.2386564189059,14.1905752168909
1598,533,0.05,1,0,1.79507451695401,0.739332736178638,1.32715735426415,0.919899899677605,1,0.924291939697026,1.59237761751686,77.0528219954176,18.9024791759905,12.0226443461741
1599,533,0.075,1,0,1.7190185700235,0.748546745278041,1.2867657556636,1.04116379463259,1,0.924271213774088,1.52586351330307,74.6823203221492,17.4272423876953,9.90831944892768
1600,534,0.035,1,0,1.88853317902681,0.726399802859319,1.37183012893836,0.938889428929982,1,0.924168818271893,1.63671364164015,78.5908251345731,20.0092003100978,1.22461619926505
1601,534,0.05,1,0,1.83507365803196,0.736360729942464,1.3512761783266,0.861476106453846,1,0.924156343164529,1.58558271985209,76.8141537604387,18.742437801822,11.6949939101987
1602,534,0.075,1,0,1.75201532702802,0.747589553127508,1.30978835540542,1.07543664310384,1,0.924135542943868,1.51532167474014,74.2995674978117,17.2102294672473,9.6382902362397
1603,535,0.035,1,0,1.87878165739686,0.667570158907806,1.25421856958149,1.02622949734457,1,0.925052100773789,1.65681057595447,79.2770605468786,20.551371368861,1.18032063565173
1604,535,0.05,1,0,1.84472801813018,0.68329572618517,1.26049477076239,1.04359483905418,1,0.925039909153183,1.66111063157674,79.4230140958231,20.6710981632879,12.0226443461741
1605,535,0.075,1,0,1.78006162453076,0.705621634312588,1.25604999267851,1.0189530805102,0.983794833643761,0.925019581683383,1.60447696700907,77.475855145741,19.1934095058576,9.81747943019984
1606,536,0.035,1,0,1.92837373398116,0.653235700404683,1.25968256675917,0.980575132810898,1,0.924885453174163,1.64042543619649,78.7180790125722,20.107263557993,1.20226443461741
1607,536,0.05,1,0,1.8964654334358,0.671859332763599,1.2741580007174,0.969381819578953,1,0.924873207323792,1.65481316403173,79.2091589452957,20.4962191075565,1.18032063565173
1608,536,0.075,1,0,1.83033292630457,0.699254015576943,1.27986764856116,1.15021339577239,1,0.924852789419058,1.59477775029408,77.1369371098797,18.9595752330386,9.3756200692588
1609,537,0.035,1,0,1.97284379096969,0.635729494880524,1.25419498671134,0.963386633551805,1,0.924718205236969,1.62317609923622,78.1247426955721,19.6590200373029,1.22461619926505
1610,537,0.05,1,0,1.94577347955772,0.656909580250063,1.27819723971797,0.943406415331468,1,0.924705904825393,1.63849784126766,78.6520229176016,20.0562245306957,1.20226443461741
1611,537,0.075,1,0,1.88270292567508,0.689925034490425,1.2989238809316,1.20270692561411,1,0.924685395932276,1.58664634185062,76.8515652418277,18.7673354020351,9.03649473722302
1612,538,0.035,1,0,1.87384457194763,0.591813593013403,1.10896668887299,1.02044223655151,1,0.925655597089475,1.65077778155607,79.0717735689475,20.3856706378588,1.16949939101987
1613,538,0.05,1,0,1.86108923378742,0.60906723968817,1.13352848243627,1.02826664147879,1,0.925643595691468,1.66425962644938,79.529702570908,20.759653363434,1.14815362149688
1614,538,0.075,1,0,1.83122279470818,0.638985925072444,1.17012559149035,1.08892913333416,1,0.92562358544051,1.65383591479525,79.1759132838802,20.4693406564758,9.46237161365793
1615,539,0.035,1,0,1.91152943694771,0.568465414330027,1.08663837337852,0.986192204001127,1,0.925458336406091,1.63046048500084,78.3759199193169,19.8460165928826,1.19124200802737
1616,539,0.05,1,0,1.90396631019474,0.586808011746593,1.11726268491787,0.981292460267252,1,0.925446271320827,1.64504011179072,78.8759643164748,20.2304606587068,1.16949939101987
1617,539,0.075,1,0,1.88343848645088,0.61993146306879,1.16760277650556,0.955881160437588,1,0.925426154863039,1.64698696504317,78.9424663187364,20.2828693825367,8.95364765549594
1618,540,0.035,1,0,1.93959834206917,0.543990603875155,1.05512327337746,0.974384216565283,1,0.925260224560712,1.6086970605611,77.622817069156,19.29674631104,1.22461619926505
1619,540,0.05,1,0,1.93716124278473,0.562603767168478,1.08985421280346,0.9655724711837,1,0.925248095322246,1.62442108681362,78.1677353271387,19.6907489513575,1.20226443461741
1620,540,0.075,1,0,1.92756413074124,0.597215109755922,1.15117042390221,0.923979028471131,1,0.925227871881275,1.64088828304937,78.733930861032,20.119555558277,8.6297854776697
1621,541,0.035,1,0,3.08895457381611,0.627237611864756,1.93750849003913,1.01300129998629,1,0.958420861675119,1.76116808651056,82.7332612952277,23.9446076860754,15.1356124843621
1622,541,0.05,1,0,3.15788978346125,0.648387371619166,2.04753585656146,1.02254772820899,1,0.958413489171332,1.72598823802341,81.5880000668549,22.6694454852405,12.7057410520854
1623,541,0.075,1,0,3.34339591184665,0.687743767390486,2.29939970029137,0.97289800711086,0.995456191631921,0.958401196104973,1.68218672291774,80.1339370168959,21.2786754243032,10.471285480509
1624,542,0.035,1,0,3.11022745967871,0.603136036510804,1.87589026267768,0.984009111195182,1,0.958341042600039,1.75815726724946,82.6360249835123,23.8288381685882,14.3218789927354
1625,542,0.05,1,0,3.18268474906611,0.622837367262362,1.9822949899344,0.9740640348088,1,0.958333641533763,1.72053999297981,81.4088450114503,22.4857262321346,12.1338885046498
1626,542,0.075,1,0,3.37330694660097,0.657667547804282,2.21851450756221,1.0866320456618,1,0.958321300831865,1.67279501799,79.8180536247863,21.003535661079,10
1627,543,0.035,1,0,3.11479036303208,0.581029175544223,1.80978407662562,0.97240940353732,1,0.958260963704788,1.75543972035389,82.5481353496787,23.7254974613467,13.931568029453
1628,543,0.05,1,0,3.18736962839278,0.599383168956186,1.91045570850077,0.955892037254424,1,0.958253533921801,1.71613803012589,81.2637420531368,22.3396924911764,11.8032063565173
1629,543,0.075,1,0,3.37301269633571,0.630522826072542,2.12676149767216,1.11609875373402,1,0.958241145326392,1.66559393938989,79.5748595191838,20.7974042803292,9.72747223776965
1630,544,0.035,1,0,2.76086728304326,0.538442720886007,1.48656889188697,1.00961834580083,1,0.958714034701823,1.78203254263009,83.4031154961223,24.7866720665089,1.22461619926505
1631,544,0.05,1,0,2.80011533102301,0.552433649086092,1.54687793017895,1.01319493654848,1,0.95870676522556,1.76887874630141,82.9816207565389,24.2474456152191,12.1338885046498
1632,544,0.075,1,0,2.88984443717226,0.576713156603198,1.66661130745381,1.03729819941558,1,0.958694643986859,1.72880882636952,81.6805602050061,22.7658913469448,9.90831944892768
1633,545,0.035,1,0,2.77006631341934,0.511861573647396,1.41789050229446,0.989138207640039,1,0.958615452064503,1.77322255075532,83.121116310383,24.4222511046445,1.24738351424294
1634,545,0.05,1,0,2.81066396292866,0.524749779650002,1.47489529521702,0.98537781606479,1,0.958608147565698,1.76561814191531,82.8767129896181,24.1182456958311,11.5877735615513
1635,545,0.075,1,0,2.90171790626876,0.546354990163041,1.58536805813539,0.966894224823351,1,0.958595967917007,1.72214047332154,81.4615238051318,22.5393493554186,9.46237161365793
1636,546,0.035,1,0,2.76781951528238,0.488433589090955,1.35189601980536,0.981507645241727,1,0.958516469165414,1.76399788222849,82.8245190608999,24.0546694052648,1.27057410520854
1637,546,0.05,1,0,2.80824372307865,0.500397870066648,1.40523917765659,0.975160400730145,1,0.958509129408096,1.76270084269005,82.7827068785325,24.004069894152,11.1686324778056
1638,546,0.075,1,0,2.89725432094499,0.519930294506704,1.50637029234975,0.945778859133072,1,0.958496890955705,1.71677018617388,81.2845993834673,22.3605348385084,9.1201083935591
1639,547,0.035,1,0,2.52804744013457,0.47607744108392,1.20354635623802,1.00798636841376,1,0.959003484824249,1.77771090152587,83.2649381556296,24.6062110983213,1.21338885046498
1640,547,0.05,1,0,2.55389538677383,0.486426654520076,1.24228278898265,1.00999101808459,1,0.958996316326385,1.78695111591871,83.560018294867,24.9962087053864,1.19124200802737
1641,547,0.075,1,0,2.60887630703901,0.503880854761487,1.31456282355781,1.01732234080016,1,0.958984363495488,1.76368541430695,82.8144486081741,24.042455764448,9.54992586021436
1642,548,0.035,1,0,2.52930429301594,0.447766186050832,1.13253693664574,0.991896962174594,1,0.958886593122467,1.76670971492717,82.9118525227753,24.1613099673314,1.24738351424294
1643,548,0.05,1,0,2.55574716300917,0.457229521911853,1.16856305347026,0.989952678180867,1,0.9588793833936,1.77668041452823,83.2319462272332,24.5636684605431,1.21338885046498
1644,548,0.075,1,0,2.61103373173738,0.47276244189474,1.2343986828857,0.983374934484783,1,0.958867361800037,1.75911086861168,82.6668378538617,23.8653585811674,9.03649473722302
1645,549,0.035,1,0,2.52247227747454,0.423364139551772,1.06792430529621,0.986405644017048,1,0.958769133154273,1.75498051205313,82.5332721496176,23.7081411896742,1.27057410520854
1646,549,0.05,1,0,2.54867522976935,0.432124563801155,1.10134517193489,0.983142119128937,1,0.958761881863025,1.76576746137441,82.8815209526292,24.124125463974,1.24738351424294
1647,549,0.075,1,0,2.60265670601113,0.446216240485583,1.16134769063088,0.972235347237842,1,0.958749790952413,1.75519494556977,82.5402131427071,23.7162421472687,8.79022516830884
1648,550,0.035,1,0,2.81860204010535,0.760352587937484,2.14313135555998,1.02041426737196,1,0.948568170757467,1.707260919615,80.9701619483873,22.0514489771141,15.2756605823807
1649,550,0.05,1,0,2.85095828942006,0.807143175377742,2.30113152659201,1.04488705865541,1,0.948559239092406,1.66537564929541,79.5674739878657,20.7912189762476,12.8233058265602
1650,550,0.075,1,0,2.54027279604267,0.940233119149395,2.38844861451355,0.920615059571787,1,0.948544346461574,1.61385049176439,77.8018715383562,19.4242939069407,10.5681750921366
1651,551,0.035,1,0,2.87326634150756,0.736329675494786,2.11567127285235,0.975166085900229,1,0.948470414742799,1.70375541014139,80.8538742362824,21.9398374209072,14.4543977074593
1652,551,0.05,1,0,2.92934117925311,0.781183913070153,2.28835420512648,0.953400601607073,1,0.948461448992409,1.65905535741871,79.3532919477312,20.6137021871914,12.2461619926505
1653,551,0.075,1,0,3.04205438718652,0.935760337493574,2.84663384002747,1.06031302371825,1,0.948446499516843,1.60303908658558,77.4257127343545,19.1584245444853,10.0925288607668
1654,552,0.035,1,0,2.90229865532656,0.711521754659299,2.06504863178328,0.957621554460934,1,0.948372343727915,1.70058776848302,80.74862134353,21.8400234191741,14.0604752412991
1655,552,0.05,1,0,2.97081407199074,0.75313477041041,2.23742337404076,0.923518291518428,1,0.948363343711587,1.65395014161568,79.1798000620961,20.4724788246502,11.9124200802738
1656,552,0.075,1,0,3.24895599299895,0.876915393843599,2.8490595241812,1.09228643949069,1,0.948348337088897,1.59477560688776,77.1368620358967,18.9595241104947,9.81747943019984
1657,553,0.035,1,0,2.5829639918531,0.634245341720709,1.63823287966515,1.01426613376635,1,0.948927163807297,1.73399254603233,81.8503321444388,22.9455928041183,1.21338885046498
1658,553,0.05,1,0,2.61488998114262,0.659605587068019,1.72479604112986,1.02108878367272,1,0.948918355059155,1.71655484374198,81.2774951160199,22.353430121749,12.2461619926505
1659,553,0.075,1,0,2.69609490299004,0.713346593950801,1.92325011601606,1.09312371606978,0.996828362117241,0.948903667421946,1.66888141553798,79.6859907133532,20.8910023613929,10
1660,554,0.035,1,0,2.61097283618991,0.607422869798711,1.58596461312495,0.983986627034082,1,0.948806412717402,1.7236787240016,81.5121150756714,22.5911575526331,1.23594743344451
1661,554,0.05,1,0,2.64946626017646,0.631310363390397,1.6726355075026,0.977074645093702,1,0.94879756216315,1.71274774531156,81.1517718968935,22.228639936017,11.6949939101987
1662,554,0.075,1,0,2.74940446386897,0.68045020141106,1.87083282120011,0.930623342105372,1,0.948782804803657,1.66111637216264,79.4232087381314,20.6712589177585,9.54992586021436
1663,555,0.035,1,0,2.62208766187278,0.582185531842084,1.52654149996397,0.972966826629158,1,0.948685176277319,1.71293184881579,81.1578570583367,22.2346393095792,1.25892541179417
1664,555,0.05,1,0,2.66341814149977,0.604413691538051,1.60980639101329,0.961615414560503,1,0.94867628363912,1.7093295065374,81.0386884794298,22.1178893260377,11.2719745617551
1665,555,0.075,1,0,2.7691700339678,0.648594609802186,1.79606875765725,0.89636073949294,1,0.948661456095169,1.65488750598108,79.2116873781567,20.4982666418808,9.20449571753171
1666,556,0.035,1,0,2.39343762993478,0.551705939623891,1.32047375655434,1.01155529931171,1,0.949281644734323,1.72888197317166,81.6829588652817,22.7684048434781,1.20226443461741
1667,556,0.05,1,0,2.41675748585235,0.568822880824425,1.37470695535653,1.01506467916677,1,0.94927295649537,1.73978733913804,82.039602418084,23.1503696659918,1.18032063565173
1668,556,0.075,1,0,2.47042685468529,0.601331876887784,1.48554641724189,1.03122515724288,1,0.949258469833731,1.71043043981608,81.0751308015884,22.1534277540542,9.54992586021436
1669,557,0.035,1,0,2.4080350004564,0.522926870375207,1.25922620654263,0.988341062212711,1,0.949138449801007,1.71602437607794,81.2599914650847,22.33594983553,1.23594743344451
1670,557,0.05,1,0,2.43432009870248,0.538853768394094,1.31174255866332,0.985012908616408,1,0.949129712331129,1.7277433782861,81.645611747436,22.7293511228124,1.21338885046498
1671,557,0.075,1,0,2.494241832004,0.56836960806421,1.41765125247347,0.971880862466288,1,0.949115143566043,1.70506138700429,80.8972207254135,21.9812754876182,9.1201083935591
1672,558,0.035,1,0,2.41047665639594,0.49705016727482,1.19812782527365,0.980593970966297,1,0.948994565681725,1.7024244412137,80.8096694776105,21.8977789289757,1.25892541179417
1673,558,0.05,1,0,2.43783271326937,0.511839122178156,1.24777815597699,0.975124027496303,1,0.94898577859042,1.71500720281625,81.2264153266787,22.3025155239613,1.23594743344451
1674,558,0.075,1,0,2.49918832745756,0.538622852398974,1.34611994561741,0.954316691984894,1,0.948971127069826,1.70047908464896,80.7450071281422,21.8366159921099,8.87156012037961
1675,559,0.035,1,0,2.06906879011391,0.823250062712211,1.70336101121716,1.03281422194959,1,0.938918701687219,1.65570807634323,79.2395895405374,20.5208934598141,15.2756605823807
1676,559,0.05,1,0,1.96949306618639,0.828075357922506,1.63088867570819,1.16224349069793,0.998294627984375,0.938908310463542,1.60793637300092,77.5963490037285,19.2780463350546,13.0617088813184
1677,559,0.075,1,0,1.84149303821942,0.828797188103646,1.5262242519887,0.957443109522379,1,0.938890984409906,1.54989536988468,75.5476231900456,17.9380414469084,10.6659612123026
1678,560,0.035,1,0,2.13847250750275,0.822821024064366,1.75958013855691,0.960443103415411,1,0.938803742111995,1.65182814826243,79.1075597177662,20.4143334911814,14.5881426027535
1679,560,0.05,1,0,2.02205216273547,0.830145733209864,1.67859797522263,0.900478995518533,1,0.938793311824788,1.60092276285804,77.3518473126357,19.1071369857747,12.4738351424294
1680,560,0.075,1,0,1.87631854977375,0.83153256022269,1.5602199674867,1.04778879484877,1,0.938775920624037,1.53797745090771,75.1197566907715,17.6818377747922,10.2801629812647
1681,561,0.035,1,0,2.21933737083946,0.818620144543052,1.81679427930639,0.93347175250567,1,0.938688415802693,1.64830060672994,78.9873027454774,20.3183799264036,14.1905752168909
1682,561,0.05,1,0,2.08399595698148,0.830784311311408,1.73135114589662,0.847846429550058,1,0.938677946246112,1.59528402669533,77.1546675215722,18.9716571962261,12.1338885046498
1683,561,0.075,1,0,1.91557876142261,0.833849275880933,1.59730396310513,1.07833440098501,1,0.93866048955667,1.52892072874363,74.7929583007925,17.4909581646431,10
1684,562,0.035,1,0,2.24000957455506,0.723436068375516,1.62050371973962,1.02100025265596,1,0.939340800955584,1.68875376345722,80.3539482966981,21.4755111353338,1.20226443461741
1685,562,0.05,1,0,2.18997333009799,0.753651980754689,1.65047773802829,1.03498192239206,1,0.939330550570869,1.66646966356322,79.604480418055,20.8222550888278,12.3594743344451
1686,562,0.075,1,0,2.04564196332549,0.793613312524112,1.62344869475307,1.00497535944042,0.986636504080828,0.939313459393271,1.61213148346806,77.7421951963327,19.3815804265843,10.0925288607668
1687,563,0.035,1,0,2.30343516282331,0.702977111584199,1.61926219748301,0.976522891521033,1,0.939198782277056,1.6772116923056,79.9667873085048,21.1320167479608,1.22461619926505
1688,563,0.05,1,0,2.2700447073038,0.737034898554975,1.67310217056292,0.962955715821604,1,0.939188483965411,1.6622258892094,79.4608181009105,20.7023753818847,11.8032063565173
1689,563,0.075,1,0,2.13033135869229,0.790532464206851,1.68409609856415,1.15858859461421,1,0.939171312859586,1.60349435799414,77.4415929702447,19.1694895001278,9.6382902362397
1690,564,0.035,1,0,2.34866701521142,0.679251340378283,1.59533521818462,0.96079109772061,1,0.939056198440447,1.66524759933699,79.5631412327991,20.7875923549144,1.24738351424294
1691,564,0.05,1,0,2.33402828086244,0.714326281900648,1.66725774371943,0.939323530895287,1,0.939045851887609,1.65840701190923,79.331283166608,20.5956614691836,11.3762728582343
1692,564,0.075,1,0,2.22691483828269,0.780650860710611,1.73844298523461,1.20369743190826,1,0.93902860033095,1.59658493128735,77.2002067092617,19.0027640809079,9.3756200692588
1693,565,0.035,1,0,2.18702849040289,0.624062668040367,1.36484283480113,1.0164335115439,1,0.939757648622415,1.6829597094819,80.1598708636229,21.3016502106952,1.19124200802737
1694,565,0.05,1,0,2.18535535839101,0.648118285305709,1.41636876766403,1.02272331479928,1,0.93974753635866,1.69527773353554,80.5718125455927,21.6748579050561,1.16949939101987
1695,565,0.075,1,0,2.16836063092457,0.695781127127518,1.50870440380363,1.06931294686745,1,0.939730675523863,1.65956429637019,79.3705635125711,20.6278856173375,9.6382902362397
1696,566,0.035,1,0,2.22238645520196,0.597536696957611,1.32795746180471,0.983494921441618,1,0.939589212849295,1.66861205845996,79.676892012976,20.8833017569571,1.22461619926505
1697,566,0.05,1,0,2.22944742476395,0.621329651026864,1.38522179041132,0.97765514456958,1,0.939579044131029,1.68176167299455,80.1196723022698,21.2660637948377,1.20226443461741
1698,566,0.075,1,0,2.23664121851928,0.66984565581599,1.49820440384413,0.947936873277359,1,0.939562089146732,1.65355323556084,79.1662936641353,20.4615786019063,9.20449571753171
1699,567,0.035,1,0,2.24212886797377,0.571407526919725,1.28116931148422,0.97279896567076,1,0.939419974430731,1.65353716245781,79.1657466537323,20.4611374248094,1.24738351424294
1700,567,0.05,1,0,2.25521637776296,0.594092172819984,1.33980639804441,0.96345675235658,1,0.939409748815846,1.66757681691193,79.6419110292968,20.8537583024505,1.22461619926505
1701,567,0.075,1,0,2.28047884672872,0.640285284772799,1.46015704779604,0.919920112133347,1,0.939392698946231,1.64842341767006,78.9914929771856,20.321705891191,8.95364765549594
1702,568,0.035,1,0,2.21602413712936,0.629555865908382,1.39511099452435,1.02272684158432,1,0.931329883846462,1.73759898032585,81.9681897643521,23.0725436853141,1.18032063565173
1703,568,0.05,1,0,2.21717833485648,0.653429722470505,1.44877022401289,1.06447598592832,1,0.931318554065428,1.71766220702192,81.3140195991808,22.3900182195738,12.0226443461741
1704,568,0.075,1,0,2.2074337053839,0.701531673696101,1.54858466191115,0.940238475163189,1,0.931299663399581,1.6690139874739,79.6904684612244,20.8947945311739,9.72747223776965
1705,569,0.035,1,0,2.26209760808287,0.604081278718528,1.36649081567682,0.991357235961457,1,0.931241835020674,1.72183302166412,81.4514074636763,22.5290262382416,1.21338885046498
1706,569,0.05,1,0,2.27179109070913,0.627690369020636,1.425981388065,0.98174647169693,1,0.931230475003119,1.70805583001925,80.9965034011857,22.0769291493632,11.3762728582343
1707,569,0.075,1,0,2.28639526153049,0.676216161888409,1.54609742831199,1.01750228735005,1,0.931211533913297,1.65485661193018,79.210636656448,20.4974157059602,9.28966386779936
1708,570,0.035,1,0,2.29814458698687,0.57797791282003,1.32827681174532,0.9763562967334,1,0.931153641815864,1.70477457827571,80.887703693059,21.9721607252186,1.23594743344451
1709,570,0.05,1,0,2.31459443388653,0.600693213833417,1.39036116921224,0.952830617364732,1,0.931142251458557,1.69980664945869,80.7226413909,21.8155592090583,10.9647819614319
1710,570,0.075,1,0,2.34901985415987,0.647202488157373,1.52029149434333,1.04257141852472,1,0.931123259771861,1.64296433501252,78.8049884506259,20.174866373517,8.95364765549594
1711,571,0.035,1,0,2.07073878245898,0.531362440592741,1.10031281327745,1.01553484836045,1,0.932022960572991,1.73567749424573,81.9054221352851,23.0047046650382,1.15877735615513
1712,571,0.05,1,0,2.07967654717229,0.546639228376199,1.13683278301834,1.02431744375259,1,0.932011851770469,1.74725897636304,82.2828417405413,23.4207593698502,1.13762728582343
1713,571,0.075,1,0,2.09839784965489,0.575466502753438,1.20755767192623,1.03519940451824,0.994955493243124,0.931993329618084,1.72059426946239,81.4106321703251,22.4875400737434,9.3756200692588
1714,572,0.035,1,0,2.10005261647297,0.502170429843472,1.05458432510814,0.994213908947455,1,0.931914667612432,1.71529172519631,81.2358089006267,22.3118566113118,1.19124200802737
1715,572,0.05,1,0,2.11255864453016,0.516811828665808,1.09179529624339,0.991297189051076,1,0.931903522008117,1.728016034298,81.6545570690623,22.7386893963114,1.18032063565173
1716,572,0.075,1,0,2.13928010783034,0.544164944861919,1.1641212419217,0.959745221984887,1,0.931884938482081,1.70961695186402,81.0482052048588,22.1271561558074,8.87156012037961
1717,573,0.035,1,0,2.12162302926199,0.47365017510902,1.00490711932527,0.984293056839439,1,0.931806151788714,1.6926126907708,80.4828996323427,21.5929564931538,1.23594743344451
1718,573,0.05,1,0,2.13669909954458,0.487484444554179,1.0416075737209,0.976561249541426,1,0.931794969225532,1.70669641299223,80.9514492528676,22.0333928694005,1.21338885046498
1719,573,0.075,1,0,2.16893359975024,0.512943876652946,1.11254120885872,0.917136555868454,1,0.931776324064508,1.70009610138173,80.7322697052774,21.8246178513759,8.47227414140596
1720,574,0.035,1,0,1.94251275697426,0.465032163398438,0.903330909804805,1.01240081329599,1,0.932702939142963,1.73358043778471,81.8368511220292,22.9311880411322,1.14815362149688
1721,574,0.05,1,0,1.95078182543045,0.475963362478834,0.928500677094474,1.01669807280906,1,0.932692045090151,1.7449688628756,82.2083826980721,23.3371000767659,1.12719745617551
1722,574,0.075,1,0,1.96796029069535,0.495670633298094,0.975460123594466,1.04239842826447,1,0.932673881060906,1.75821497585884,82.6378900845737,23.8310444220397,9.1201083935591
1723,575,0.035,1,0,1.96249894222106,0.433162445413418,0.850080840933718,0.995586776500235,1,0.932575065234766,1.70836030197277,81.0065901438772,22.086705668434,1.18032063565173
1724,575,0.05,1,0,1.97276097309678,0.443480408083186,0.874880841399543,0.994149409948727,1,0.932564128170844,1.72116952915945,81.4295707685716,22.5067844793881,1.16949939101987
1725,575,0.075,1,0,1.99387864230703,0.461845625408627,0.920864128545194,0.987394709248305,1,0.932545892415255,1.74131176189373,82.0893031555854,23.2049443274726,1.13762728582343
1726,576,0.035,1,0,1.97621368898475,0.402760906635413,0.795941617080811,0.988164680333363,1,0.932446874395413,1.67949756938491,80.0436384337948,21.199143858397,1.22461619926505
1727,576,0.05,1,0,1.98783008795689,0.412414803167151,0.819810554454481,0.984331821349866,1,0.93243589410263,1.69399597270554,80.5290641825284,21.6353855078167,1.21338885046498
1728,576,0.075,1,0,2.01147486790184,0.42934998620704,0.863626706789462,0.96722618663982,1,0.932417586255303,1.71675920389268,81.2842370901555,22.3601723832508,1.18032063565173
1729,577,0.035,1,0,1.82380364515144,0.67232076820085,1.22618106775573,1.03513713732571,1,0.915627805592882,1.68334672999786,80.1728517661401,21.3131725126287,1.16949939101987
1730,577,0.05,1,0,1.7898558823249,0.685400362330103,1.22676787026416,1.10399325989985,0.995487341233117,0.915614353230019,1.65564433830793,79.2374226349967,20.5191341666456,12.2461619926505
1731,577,0.075,1,0,1.72940629611421,0.703626016479721,1.21685526300979,0.952761535698693,1,0.915591923968713,1.59865867428882,77.2727400151472,19.052535514529,9.90831944892768
1732,578,0.035,1,0,1.87517886584131,0.661587864893051,1.24059558214453,0.986928513542698,1,0.915521231957808,1.66537424551153,79.567426490292,20.7911792115495,1.19124200802737
1733,578,0.05,1,0,1.84112108158048,0.677318865872043,1.2470260429092,0.965589559236033,1,0.9155077445084,1.64446336618512,78.8562512291294,20.2149846570708,11.5877735615513
1734,578,0.075,1,0,1.77691335305114,0.699569350752207,1.24307412073692,1.01627162626521,1,0.91548525673629,1.58240033150524,76.7021017603268,18.6682794237435,9.46237161365793
1735,579,0.035,1,0,1.92639118770667,0.648140126103188,1.24857142732427,0.964632285151694,1,0.91541448603868,1.64618850163672,78.9151995201064,20.2613434885088,1.22461619926505
1736,579,0.05,1,0,1.89420674768684,0.666712945602592,1.2628921603306,0.91867746687542,1,0.915400963384607,1.63491967766921,78.5292384565258,19.9621278643384,11.1686324778056
1737,579,0.075,1,0,1.82824545702975,0.693883466256181,1.26858929489092,1.04129106400228,1,0.915378416905302,1.56883505212923,76.2225178293815,18.357660574243,9.1201083935591
1738,580,0.035,1,0,1.82707368550117,0.588004354114072,1.07432728236193,1.02243099294122,1,0.916465152224508,1.68106193628719,80.0961825674524,21.2453354303953,1.14815362149688
1739,580,0.05,1,0,1.81428551776955,0.60390217409228,1.09565096860517,1.03899315910917,1,0.916451955506843,1.6944288308784,80.5435035785009,21.6486985791024,1.12719745617551
1740,580,0.075,1,0,1.78591681779341,0.63117694935028,1.1272295288482,0.987132075357026,0.991662693214645,0.916429952554623,1.65925142941316,79.3599464403449,20.6191641694542,9.46237161365793
1741,581,0.035,1,0,1.8703484250188,0.566290083680305,1.05915976611522,0.991696918876947,1,0.91633403922404,1.65791289883714,79.3145052618636,20.581933222222,1.18032063565173
1742,581,0.05,1,0,1.86187840227211,0.583471547426306,1.08635307249333,0.986550097213186,1,0.916320799772069,1.6724609869498,79.8067918081894,20.9938830970908,1.15877735615513
1743,581,0.075,1,0,1.84076824076878,0.614055528659212,1.13033391522436,1.06444665783086,1,0.916298725555233,1.64646654456546,78.9246956454343,20.2688343063056,8.95364765549594
1744,582,0.035,1,0,1.90774516712537,0.542797314892792,1.03551895421535,0.977589162763161,1,0.916202660201468,1.632576578806,78.4487184354351,19.9009588356015,1.21338885046498
1745,582,0.05,1,0,1.90405076412299,0.560649460767275,1.06750503417907,0.964356855165574,1,0.916189377836252,1.64846386350057,78.992872908091,20.3228014746231,1.19124200802737
1746,582,0.075,1,0,1.89240436811324,0.593432906237523,1.12301502394602,1.11092280221804,1,0.916167232057674,1.63543412206913,78.5469048400178,19.9756052274156,8.6297854776697
1747,583,0.035,1,0,1.77413923072329,0.517120119473464,0.917443090954185,1.0174648226402,1,0.917286940732881,1.67859015182433,80.0131414334831,21.1724444836386,1.13762728582343
1748,583,0.05,1,0,1.77197217971793,0.53044944307814,0.939941655881336,1.02467217029494,1,0.917273992641925,1.69171983224206,80.4530853554283,21.5656629596241,1.11686324778056
1749,583,0.075,1,0,1.76678939304361,0.554509464263802,0.979701439803583,1.1289000303715,0.999490473348853,0.91725240429284,1.70394459507084,80.8601551769737,21.9458297509571,9.20449571753171
1750,584,0.035,1,0,1.80597976183327,0.489495981160715,0.88401983547497,0.993806591080545,1,0.917132078614942,1.6500146468785,79.0457618811622,20.3648947538328,1.16949939101987
1751,584,0.05,1,0,1.80719965890786,0.502996861874153,0.909015757210695,0.991455648645766,1,0.917119080547566,1.66463236818307,79.5423201945595,20.770185381866,1.14815362149688
1752,584,0.075,1,0,1.80893389090276,0.527645328886078,0.95447551779856,0.977668337981592,1,0.917097408856931,1.68772479837805,80.3195225742153,21.4444201264659,1.12719745617551
1753,585,0.035,1,0,1.83127101239924,0.46156940555224,0.845258672598166,0.983471262731873,1,0.916976838070872,1.61793662473206,77.9435228686887,19.5265109402061,1.21338885046498
1754,585,0.05,1,0,1.83546475352131,0.47485784991306,0.871584846448334,0.9773114149619,1,0.916963789777243,1.63418513837912,78.5040061391483,19.9429140574191,1.19124200802737
1755,585,0.075,1,0,1.8434859692321,0.499194115859427,0.920257348510075,0.945230648623403,1,0.916942034329902,1.65990381199719,79.3820830549278,20.6373581494443,1.15877735615513
1756,586,0.035,1,0,1.58471683784521,0.646654154874355,1.02476372749196,1.05540677548874,1,0.900452199358614,1.63377780066628,78.4900096787768,19.9322740194402,1.14815362149688
1757,586,0.05,1,0,1.56149499581138,0.653245051936092,1.02003887963675,1.05394473972105,0.98764295845524,0.900436851957153,1.59704017905756,77.2161361939735,19.0136708812183,12.3594743344451
1758,586,0.075,1,0,1.5236024835582,0.66301925220017,1.01017777929908,0.957587588833298,1,0.900411263598768,1.53314963559808,74.9457300012691,17.5796865777455,10
1759,587,0.035,1,0,1.6157021691678,0.641223486833347,1.03602617859798,0.980140052886638,1,0.900328298382077,1.61424316266489,77.8154962978445,19.4340747132744,1.18032063565173
1760,587,0.05,1,0,1.59115318585724,0.648796496697331,1.03233461269298,0.924464141912349,1,0.90031291185349,1.58461973590922,76.7802653752538,18.719944669062,11.6949939101987
1761,587,0.075,1,0,1.55082958736889,0.659936358787214,1.0234488309877,1.01551977367928,1,0.900287258248583,1.5152677936821,74.2976061894899,17.2091307879718,9.6382902362397
1762,588,0.035,1,0,1.64776393546016,0.634880638438193,1.04613341934037,0.947088049128843,1,0.900204199929713,1.5935430796803,77.0936791011651,18.9301666669563,1.20226443461741
1763,588,0.05,1,0,1.62201819659255,0.643600688500351,1.04393202808706,0.851386414550366,1,0.900188774145476,1.5740488020163,76.407217830174,18.4760126854648,11.2719745617551
1764,588,0.075,1,0,1.5792905856229,0.656352065689059,1.03657063819688,1.04042706316964,1,0.900163055080303,1.50045713834909,73.7565563954102,16.9110401375503,9.28966386779936
1765,589,0.035,1,0,1.60888691646081,0.59417081073391,0.955953643532701,1.03181770131686,1,0.901423954806063,1.6311886105103,78.4009776342344,19.8648896647731,1.13762728582343
1766,589,0.05,1,0,1.59106631405998,0.604209197824327,0.961336901303491,1.06603113746285,1,0.901408891637307,1.64592600980767,78.9062333295366,20.2542765126559,1.11686324778056
1767,589,0.075,1,0,1.55962001501078,0.619954448883577,0.966893366873804,0.916712199408961,0.990146481088277,0.901383777241623,1.60133689106658,77.3663075101506,19.1171540119091,9.54992586021436
1768,590,0.035,1,0,1.6454266668571,0.581511018489893,0.956833736894502,0.988298442723493,1,0.90127148412503,1.6060980830208,77.5323452422365,19.2329888128891,1.16949939101987
1769,590,0.05,1,0,1.62796618323725,0.593038687236935,0.965446928173141,0.978877493893869,1,0.901256373268817,1.62195207903257,78.0824485818067,19.627916918896,1.14815362149688
1770,590,0.075,1,0,1.59618611215705,0.611290907839363,0.975734057581069,1.04152286875852,1,0.901231179353745,1.58709905145293,76.8674828197178,18.7779497710539,9.1201083935591
1771,591,0.035,1,0,1.68123311670299,0.56709086323966,0.953411939458201,0.968627509725128,1,0.901118708428688,1.5789684162472,76.5810692962638,18.5888638021452,1.19124200802737
1772,591,0.05,1,0,1.66483388062167,0.58012933167107,0.965818966508403,0.945426162005149,1,0.901103549690857,1.59607590621096,77.1823913259572,18.990581819418,1.18032063565173
1773,591,0.075,1,0,1.63376252963394,0.601100707000497,0.982055811633879,1.08904796556715,1,0.901078275930647,1.57488518779575,76.4368037369454,18.4951172226808,8.70963589956081
1774,592,0.035,1,0,1.60226940624693,0.539022495771071,0.863659254252853,1.02396890457989,1,0.902377953745532,1.62835197792127,78.3033073259928,19.7915516900764,1.11686324778056
1775,592,0.05,1,0,1.59197000704333,0.550218538531082,0.875931410660696,1.03616087676276,1,0.902363167209354,1.64286271148321,78.8015118385622,20.1721521456238,1.10662378397767
1776,592,0.075,1,0,1.57250355774736,0.569001850775778,0.894757434709745,1.08611789419033,0.99205070110444,0.90233851410297,1.6522023897866,79.1203057232497,20.4245648552081,9.28966386779936
1777,593,0.035,1,0,1.63656304370601,0.518919017659097,0.849243686977105,0.99152458766665,1,0.902197818006996,1.59747962664168,77.2315094637707,19.0242095251438,1.15877735615513
1778,593,0.05,1,0,1.62818769394183,0.531231022005488,0.864943812669477,0.987664921847482,1,0.902182975666513,1.61334904269226,77.7844686295533,19.4118165167486,1.13762728582343
1779,593,0.075,1,0,1.61162484209046,0.55227495011878,0.890060029275692,0.95568023027471,1,0.902158229504057,1.63874262995731,78.6604149587486,20.0626924575543,1.11686324778056
1780,594,0.035,1,0,1.66749609027773,0.497267938138721,0.829192342666786,0.977505754770003,1,0.902017248236938,1.56330943624653,76.0262587065638,18.2335946076223,1.19124200802737
1781,594,0.05,1,0,1.66151046897449,0.510414257033133,0.848058631574389,0.967605004994291,1,0.902002349819143,1.5807787538859,76.6449391853238,18.6306840692822,1.16949939101987
1782,594,0.075,1,0,1.64899344846709,0.53332130231196,0.879443333440357,0.904211354619539,1,0.901977510146198,1.6085747362277,77.6185614667585,19.293737027517,1.14815362149688
1783,595,0.035,1,0,2.68425172189835,0.634868847677738,1.70414779755859,1.02016482209372,1,0.945791334525087,1.75969390469857,82.6856698022486,23.8877540318471,14.8593564228701
1784,595,0.05,1,0,2.72427345323939,0.659035108387597,1.79539185053308,1.05616320146704,1,0.945782028405548,1.72356377786869,81.5083359616823,22.5872769558245,12.4738351424294
1785,595,0.075,1,0,2.82996705776695,0.709044171477237,2.00657164778224,0.951532978898685,1,0.945766511510684,1.67775369000664,79.9850170807495,21.1478937379938,10.0925288607668
1786,596,0.035,1,0,2.7181515667864,0.60952821870968,1.65679008268624,0.989016945296698,1,0.945715803216348,1.75382863489895,82.4959744369852,23.6647381780511,14.0604752412991
1787,596,0.05,1,0,2.76368894788138,0.632366843841859,1.74766525733238,0.976855627644407,1,0.945706470457749,1.71487684104513,81.2221109606399,22.298238523304,11.8032063565173
1788,596,0.075,1,0,2.88330773943148,0.678112803952102,1.95520789584268,1.02138761525607,1,0.945690909136023,1.66477023475904,79.5469865092152,20.7740835704334,9.72747223776965
1789,597,0.035,1,0,2.74012198438674,0.584829943722322,1.6025053859212,0.974547812537022,1,0.945640116767988,1.74804534532426,82.3083896752883,23.4496490095543,1.25892541179417
1790,597,0.05,1,0,2.78871413583046,0.606214328161278,1.69055846628632,0.949158175271244,1,0.945630757268643,1.70763602189143,80.9825932400758,22.0634646074064,11.3762728582343
1791,597,0.075,1,0,2.91389087158084,0.647576724244618,1.88696790542462,1.04444329089767,1,0.945615151350983,1.65417239823336,79.1873621285418,20.4785875978431,9.3756200692588
1792,598,0.035,1,0,2.43391414850042,0.540298868352456,1.31504106010181,1.01373431041576,1,0.946240574622422,1.76658693603325,82.9079010178233,24.1564567244233,1.20226443461741
1793,598,0.05,1,0,2.45891707227707,0.55558265462893,1.36613167452809,1.02149430629551,1,0.946231419270392,1.76766748281124,82.9426689767687,24.1992513835751,11.9124200802738
1794,598,0.075,1,0,2.51578402483349,0.583825118500667,1.4687779064205,1.03283136026422,0.995525027260594,0.946216153812978,1.72651555201996,81.605314165423,22.6874060666418,9.6382902362397
1795,599,0.035,1,0,2.45559891563426,0.512303506464589,1.25801193495007,0.992701568417709,1,0.946147450863438,1.75315825755985,82.4742578529993,23.6395654813717,1.22461619926505
1796,599,0.05,1,0,2.48312022976559,0.526604555762666,1.307622425501,0.98901798336174,1,0.946138262946252,1.7615338163613,82.7450628852632,23.9587633819225,11.2719745617551
1797,599,0.075,1,0,2.54487109328011,0.552394842944721,1.40577366788703,0.951392514459628,1,0.946122943179038,1.71643812092449,81.2736440489007,22.3495812105778,9.20449571753171
1798,600,0.035,1,0,2.46832161896327,0.485898194991968,1.1993530193139,0.983219216934629,1,0.94605408805345,1.73866032407704,82.0028342298352,23.1102132183061,1.25892541179417
1799,600,0.05,1,0,2.49714782329873,0.499226247858001,1.2466417381722,0.974927990998743,1,0.946044867416613,1.7506286467834,82.3922471865303,23.5451500877017,1.23594743344451
1800,600,0.075,1,0,2.56079208285538,0.522695862323234,1.3385154259786,0.912303413205224,1,0.946029493082,1.7079477218909,80.9929215607045,22.073460083799,8.87156012037961
1801,601,0.035,1,0,2.24894176509038,0.475572162292913,1.06953409809488,1.01094325422499,1,0.94668291533851,1.76367737923677,82.8141896272624,24.0421418919895,1.18032063565173
1802,601,0.05,1,0,2.2662069741338,0.48658542046955,1.10270327337992,1.014734549673,1,0.946673907236194,1.77381474004179,83.1401104028146,24.4463255407668,1.15877735615513
1803,601,0.075,1,0,2.3028759534599,0.506020647542622,1.16530278118011,1.0370456002831,1,0.946658887347397,1.76248461491629,82.7757338074279,23.9956597280088,9.3756200692588
1804,602,0.035,1,0,2.26275280384865,0.445416558104562,1.00786756573171,0.994465695791457,1,0.946572687547545,1.74702095271312,82.2751067504917,23.4120313780611,1.21338885046498
1805,602,0.05,1,0,2.28144607185413,0.455633160718352,1.03950248472737,0.992661805199873,1,0.946563641223054,1.75818688786159,82.6369823072191,23.8299705304182,1.20226443461741
1806,602,0.075,1,0,2.32056431556789,0.473291907762984,1.09830431200183,0.984235232944221,1,0.946548557589588,1.75480581849209,82.5276169526925,23.7015464416438,8.87156012037961
1807,603,0.035,1,0,2.26952940312785,0.417532672694856,0.94760267744753,0.98742560732632,1,0.94646212031973,1.72855738598997,81.6723142057176,22.7572560547119,1.25892541179417
1808,603,0.05,1,0,2.28891392719592,0.427007028506205,0.977382334558397,0.983343212945667,1,0.946453035555589,1.74092870057668,82.0768177411779,23.191202550609,1.23594743344451
1809,603,0.075,1,0,2.32889779434708,0.443068795098187,1.03186193964819,0.965152205912409,1,0.946437887816646,1.74808996371682,82.3098389607735,23.4512907211589,8.47227414140596
1810,604,0.035,1,0,2.25504058531033,0.748605343252303,1.68813543141411,1.03129732538841,1,0.933156629216236,1.70552242484934,80.9125162925432,21.9959443510568,14.8593564228701
1811,604,0.05,1,0,2.18585275845261,0.77827774662667,1.70120055930619,1.09993491336264,0.996114393898499,0.93314546053709,1.66255282784459,79.4718964465462,20.7115620903424,12.5892541179417
1812,604,0.075,1,0,2.01828706442378,0.809819477009608,1.63444817496692,0.960065524405794,1,0.933126838369604,1.60874766677334,77.6245775596341,19.2979915125372,10.2801629812647
1813,605,0.035,1,0,2.33286415669526,0.7306591544537,1.7045285521863,0.983329219438449,1,0.933064634834838,1.69863234804219,80.6835653770269,21.7788905850674,14.1905752168909
1814,605,0.05,1,0,2.28018665095608,0.766059095457709,1.74675772330616,0.956477174811137,1,0.933053434779153,1.65242165276961,79.1277723452449,20.4305638996839,12.0226443461741
1815,605,0.075,1,0,2.09947031157158,0.811163645379706,1.70301399130087,1.02000907574586,1,0.933034760285633,1.59375833437649,77.101222653952,18.9352881008532,9.81747943019984
1816,606,0.035,1,0,2.39783797514487,0.708704389317165,1.69935829785655,0.961802406000708,1,0.932972453803407,1.69260344367953,80.4825909213059,21.592673449278,13.5518941235104
1817,606,0.05,1,0,2.36853955858352,0.747102644387129,1.76954216755327,0.912145122674013,1,0.932961222253297,1.64399321919395,78.8401775411026,20.2023858033509,11.5877735615513
1818,606,0.075,1,0,2.19904444931697,0.809460231425675,1.78003902885946,1.04323218821378,1,0.932942495237418,1.58163114377847,76.6749925838598,18.6504301999704,9.46237161365793
1819,607,0.035,1,0,2.20204573717048,0.62754443394127,1.38188154564543,1.01987693868669,1,0.933703263553369,1.71628967996321,81.2687461756688,22.3446885134974,1.19124200802737
1820,607,0.05,1,0,2.20153466178268,0.651426706636527,1.43413847427125,1.03454995780956,1,0.933692272175383,1.71512374408416,81.2302631240102,22.3063406213156,12.0226443461741
1821,607,0.075,1,0,2.187581089133,0.699115956328039,1.52937284517435,0.982944201794862,0.992657923542247,0.933673945685999,1.66620202330041,79.5954289837328,20.8146538571953,9.72747223776965
1822,608,0.035,1,0,2.24545061671625,0.60182997561493,1.35137948990287,0.98950697437076,1,0.933589821161539,1.70074246822167,80.7537654557636,21.8448754859855,1.21338885046498
1823,608,0.05,1,0,2.25357417964497,0.625521635312814,1.40965940615025,0.982989794912797,1,0.933578791409612,1.70789544924017,80.9911895937009,22.0717831387973,11.3762728582343
1824,608,0.075,1,0,2.26377765785374,0.674014840555855,1.52581973711219,1.07169116066305,1,0.933560400925289,1.65442620500281,79.1959966489269,20.485567882693,9.28966386779936
1825,609,0.035,1,0,2.27717030313261,0.575646067914145,1.31084413096915,0.97601944321968,1,0.933476091094791,1.68409797856824,80.1980420340922,21.335575336168,1.24738351424294
1826,609,0.05,1,0,2.29196592849631,0.598426545864962,1.37157325383022,0.961794652133486,1,0.93346502279014,1.69792333474781,80.65996131055,21.7568144968856,1.22461619926505
1827,609,0.075,1,0,2.32180492445752,0.64499981155333,1.49756373873869,1.11261516023296,1,0.933446568012224,1.6445524267683,78.8592956720635,20.217372968633,8.95364765549594
1828,610,0.035,1,0,2.08856767951808,0.544906330731615,1.13807375073084,1.0154337855625,1,0.934241614952635,1.71286845284932,81.1557616979608,22.2325730271031,1.16949939101987
1829,610,0.05,1,0,2.09649180856566,0.561542072743422,1.17726835567157,1.02180677076342,1,0.934230796822321,1.72472194836088,81.546403614455,22.6264454460015,1.15877735615513
1830,610,0.075,1,0,2.11258123776394,0.593305836036841,1.25340677746728,1.11113733294136,1,0.934212759250031,1.70901184136498,81.0281696651434,22.1076580706111,9.3756200692588
1831,611,0.035,1,0,2.11676152255771,0.515964037887947,1.09217282242471,0.992225780109827,1,0.934107311972723,1.69361143859563,80.5162342074859,21.6235731803646,1.20226443461741
1832,611,0.05,1,0,2.1288222367267,0.531951080450374,1.13242928891355,0.989271199286131,1,0.934096448782285,1.70658170363913,80.9476461421656,22.0297277295957,1.19124200802737
1833,611,0.075,1,0,2.15454930063857,0.562252607766806,1.21140096284618,0.972176786236074,1,0.934078336064928,1.69995968743846,80.7277322099906,21.8203476613818,8.95364765549594
1834,612,0.035,1,0,2.13560943615449,0.487953607653119,1.04207832890962,0.982426339497855,1,0.933972600413711,1.67253901315736,79.8094226181636,20.9961370336615,1.24738351424294
1835,612,0.05,1,0,2.15052387576605,0.503062357942232,1.08184761175394,0.975858326373269,1,0.933961691911963,1.68675338166709,80.2870062014479,21.4151539205991,1.22461619926505
1836,612,0.075,1,0,2.18265443196064,0.531294728407488,1.15963279363593,0.941825515915635,1,0.933943503630567,1.69206807623659,80.4647154588402,21.5762996994997,8.55066712884683
1837,613,0.035,1,0,1.80617832453208,0.734198313583862,1.32609307990318,1.04964069244796,1,0.920859124807314,1.65375573468357,79.173184877474,20.4671384178252,14.9968483550237
1838,613,0.05,1,0,1.76092578889189,0.740747470427941,1.30440132373299,1.04693051188707,0.988593889068026,0.920846249699025,1.60479318897524,77.4868778603434,19.2011186632853,12.7057410520854
1839,613,0.075,1,0,1.69145772614109,0.748490725488554,1.26604042057257,0.963741910482978,1,0.920824782673584,1.54428302979072,75.3464412264445,17.8166638792967,10.3752841581801
1840,614,0.035,1,0,1.84942761488535,0.731404939701834,1.35268049314813,0.974526651516431,1,0.920751523754668,1.64601708725323,78.9093444819036,20.256728022837,14.3218789927354
1841,614,0.05,1,0,1.79985381101735,0.73940356085154,1.33081831687844,0.906037265803105,1,0.920738613144093,1.59348152045736,77.091521626408,18.9287024653338,12.1338885046498
1842,614,0.075,1,0,1.72360306804273,0.748596339863201,1.29028294811377,1.01915385250077,1,0.920717086913769,1.52774123159617,74.7502926508814,17.4663338175879,10
1843,615,0.035,1,0,1.8957669563569,0.727153490301361,1.3785135591129,0.94256000995618,1,0.920643707026727,1.63925430466056,78.6779533467899,20.0762249375079,13.8038426460289
1844,615,0.05,1,0,1.84184596971909,0.7370926402506,1.35761110875517,0.838804473339954,1,0.920630760783063,1.58412064003275,76.7626954324357,18.7083050496664,11.6949939101987
1845,615,0.075,1,0,1.758112029368,0.748246169728427,1.31550059192808,1.04241022230846,1,0.920609175130478,1.51441457611129,74.2665416903061,17.1917469944814,9.6382902362397
1846,616,0.035,1,0,1.88080454133512,0.66805392235461,1.25647885102129,1.02828696783893,1,0.921497900017927,1.66945992686988,79.7055283610211,20.9075606082527,1.18032063565173
1847,616,0.05,1,0,1.84681920059726,0.683649174997088,1.2625764228571,1.05866559828017,1,0.921485225213225,1.66485244089686,79.549768756826,20.7764086488394,12.1338885046498
1848,616,0.075,1,0,1.7823337283446,0.705802145925322,1.2579749702207,0.907826489148887,0.992365117429969,0.921464092215603,1.60914763117058,77.638490002658,19.3078379739521,9.81747943019984
1849,617,0.035,1,0,1.93300983200584,0.65435748812178,1.26487945818604,0.985171982021937,1,0.921365188344632,1.65224675671395,79.1218166271674,20.4257784600064,1.20226443461741
1850,617,0.05,1,0,1.90092108147646,0.672869068933716,1.27907099820954,0.973193552921491,1,0.921352470101105,1.65671060499173,79.2736636384595,20.548604079958,11.4815362149688
1851,617,0.075,1,0,1.83453795392327,0.700082207538771,1.28432738059626,1.04873045117119,1,0.921331264664634,1.59598580798882,77.1792375151096,18.9884269601169,9.3756200692588
1852,618,0.035,1,0,1.98185479154103,0.637582106036998,1.26359515185025,0.966356010051227,1,0.92123214418196,1.63398757673648,78.4972181067331,19.9377522346219,1.22461619926505
1853,618,0.05,1,0,1.95428335696514,0.658793367610809,1.28746891400082,0.941322384502306,1,0.921219382300922,1.64925864341873,79.0199836532034,20.3443533590006,1.20226443461741
1854,618,0.075,1,0,1.89009640319088,0.691778421618825,1.30752790650681,1.09132507186149,1,0.921198104093473,1.5850147502238,76.7941682527512,18.7291657287524,9.03649473722302
1855,619,0.035,1,0,1.87595455883199,0.593475694554731,1.11333343475593,1.02122292061511,1,0.922127123759055,1.66557972716995,79.574378693295,20.7970014618944,1.15877735615513
1856,619,0.05,1,0,1.86305273084505,0.610593158165948,1.13756725075637,1.0320408226472,1,0.922114644771048,1.67885442470031,80.0220246716394,21.1802132008017,1.14815362149688
1857,619,0.075,1,0,1.83296825084177,0.640254765535795,1.17356665767726,1.0813983808101,0.992968946324761,0.922093838318797,1.65796038201726,79.3161177585453,20.5832516955871,9.46237161365793
1858,620,0.035,1,0,1.9174481338088,0.570856481874774,1.09458769584344,0.989346937307664,1,0.921969980030119,1.64430733150242,78.8509170259412,20.210801621965,1.19124200802737
1859,620,0.05,1,0,1.90959776034639,0.589156507089436,1.12505194643149,0.984485336113635,1,0.921957450013097,1.65872373927379,79.3420356914289,20.6044707718949,1.16949939101987
1860,620,0.075,1,0,1.88846016352603,0.622173742833532,1.17495032813301,0.945567145779939,1,0.921936558463489,1.64775633126308,78.9687293700938,20.3036524823999,9.03649473722302
1861,621,0.035,1,0,1.95107112231825,0.546733393103072,1.06671573489048,0.976060411474975,1,0.921812363960525,1.6212885725957,78.0595115613557,19.6110944853342,1.22461619926505
1862,621,0.05,1,0,1.94845445427092,0.565474446816164,1.10180120467534,0.965487194325009,1,0.921799782635024,1.63692881503379,78.598208388465,20.014860362741,1.20226443461741
1863,621,0.075,1,0,1.93829819218317,0.600350820340533,1.16365890974174,0.898656892006756,1,0.921778805522558,1.63890044308629,78.6658247004466,20.0668643666119,8.6297854776697
1864,622,0.035,1,0,3.08498883321079,0.62808737968511,1.93764255260919,1.01749368803586,1,0.955834805278797,1.7638977039696,82.8212906101389,24.0507520214229,15.2756605823807
1865,622,0.05,1,0,3.15284926442862,0.649133770950977,2.04662093225856,1.04789101590889,1,0.95582701501734,1.7293161967081,81.6971963165706,22.7833387472989,12.8233058265602
1866,622,0.075,1,0,3.33522240033807,0.688354362753919,2.29581489002731,0.960971958754417,1,0.9558140254209,1.68630734067745,80.2720705907186,21.401743702593,10.471285480509
1867,623,0.035,1,0,3.11121477142354,0.604742351880293,1.88148333807538,0.986598087368823,1,0.955769772646133,1.75871268546957,82.653973488938,23.8500927965107,14.4543977074593
1868,623,0.05,1,0,3.18266453655459,0.624490420686656,1.98754351533747,0.971823631348636,1,0.955761958994508,1.72148434581036,81.4399328265392,22.5173317288676,12.2461619926505
1869,623,0.075,1,0,3.37064708974022,0.659623870957103,2.22335928096473,1.0251286925551,1,0.955748930390481,1.67444673589656,79.8737138934909,21.0513980445052,10.0925288607668
1870,624,0.035,1,0,3.12376652519925,0.58263413505135,1.82001300751183,0.97269527146597,1,0.955704587860938,1.75430708319342,82.5114691498624,23.6827431325592,13.931568029453
1871,624,0.05,1,0,3.19610740127096,0.601104344408481,1.92119404410007,0.945389201386669,1,0.955696750724538,1.71517020089117,81.2317969084141,22.3078658213895,11.8032063565173
1872,624,0.075,1,0,3.38150666494865,0.632632571468194,2.1392512568833,1.04625595793517,1,0.955683682952089,1.66509030876572,79.5578187060261,20.7831393079377,9.72747223776965
1873,625,0.035,1,0,2.75928214676024,0.540417319182882,1.49116386062135,1.01188548677224,1,0.956145291573692,1.79001488804746,83.6575591972147,25.1290482369223,1.22461619926505
1874,625,0.05,1,0,2.79798945921961,0.554366093856508,1.55111048715926,1.01859602339009,1,0.956137609291593,1.77163543393917,83.0701830109527,24.3580197848749,12.2461619926505
1875,625,0.075,1,0,2.88651900269939,0.578617430996936,1.67019020986576,1.03041959210716,0.996118863281788,0.956124799780161,1.73238865495346,81.7978496474922,22.8896467962574,10
1876,626,0.035,1,0,2.77488117975618,0.514373902935311,1.42732646261293,0.991161827278435,1,0.956064959107445,1.78069350475929,83.3603336749525,24.730399534595,1.24738351424294
1877,626,0.05,1,0,2.81520724934203,0.527322410873538,1.4845218738317,0.986696035222593,1,0.956057248141722,1.76615440472214,82.8939785508381,24.1393785460682,11.5877735615513
1878,626,0.075,1,0,2.90580628439118,0.549110364151489,1.59560834697573,0.943398817347248,1,0.956044390792076,1.72318598779714,81.4959137456179,22.5745332268721,9.46237161365793
1879,627,0.035,1,0,2.78043685623406,0.490507518799899,1.36382518353116,0.982134182708906,1,0.955984392028652,1.77083392170881,83.0444458573386,24.3257414501804,1.27057410520854
1880,627,0.05,1,0,2.82107536220375,0.502556333044869,1.41774928927234,0.973273861127811,1,0.955976652232585,1.76144813067281,82.7422981201313,23.9554450658576,11.2719745617551
1881,627,0.075,1,0,2.91075978796765,0.52227218806668,1.52020888339837,0.907496666777961,1,0.95596374680084,1.71567315369051,81.2483997810279,22.3243927331018,9.20449571753171
1882,628,0.035,1,0,2.52830932411721,0.478982230763631,1.21101524012615,1.00946610447825,1,0.956451777514302,1.78694593179362,83.5598531227007,24.9959854634291,1.21338885046498
1883,628,0.05,1,0,2.55383771745213,0.489312798427594,1.24962548025644,1.01274447091313,1,0.956444201065448,1.79599420783537,83.8474947728453,25.3936608584758,1.19124200802737
1884,628,0.075,1,0,2.60819292831885,0.506767999132271,1.32174871163508,1.03173115763592,1,0.956431568057282,1.76675887647447,82.913434666131,24.1632539122951,9.6382902362397
1885,629,0.035,1,0,2.53668261077169,0.450881379018619,1.14374295367729,0.993337559686462,1,0.956356510824648,1.77535924419416,83.1896231196743,24.5093946313972,1.23594743344451
1886,629,0.05,1,0,2.5630819144329,0.460395607286215,1.18003165451965,0.991164455695632,1,0.956348900602047,1.78516189836174,83.5029865016576,24.9194630724268,1.21338885046498
1887,629,0.075,1,0,2.61838150256403,0.476050281626108,1.2464812517002,0.98107519041037,1,0.956336211268582,1.75975113193158,82.687517936927,23.8899549717437,9.1201083935591
1888,630,0.035,1,0,2.53738797013328,0.425625332882246,1.07997659943938,0.986685444293829,1,0.956260910741283,1.76283992707222,82.7871917779805,24.0094833681384,1.27057410520854
1889,630,0.05,1,0,2.56388849707394,0.434440984179195,1.11385824199452,0.982351976037686,1,0.956253266540162,1.77350733797116,83.1302513750434,24.4338212534567,1.24738351424294
1890,630,0.075,1,0,2.61858576731603,0.448629132025778,1.17477385992605,0.963073795778971,1,0.956240520537372,1.75381681297844,82.4955915334896,23.6642937099352,8.79022516830884
1891,631,0.035,1,0,2.81459063751138,0.759928731686789,2.13888829338153,1.02726170113806,1,0.945404626893755,1.71050684704967,81.0776592449953,22.1558988203977,15.2756605823807
1892,631,0.05,1,0,2.84537392742096,0.806285033700369,2.29418241296076,1.09564792922195,0.996795877870302,0.945395207325869,1.66931174044943,79.7005242971928,20.9033166815559,12.9419584144999
1893,631,0.075,1,0,2.54775945372607,0.937845028658865,2.38940353789562,0.96689687422843,1,0.945379501238747,1.61867898188196,77.9692273224745,19.5451862806633,10.5681750921366
1894,632,0.035,1,0,2.87198877094265,0.736424998877694,2.11500432741819,0.979581854829814,1,0.945325061089327,1.70440651718628,80.8754885293148,21.9604756999488,14.5881426027535
1895,632,0.05,1,0,2.92536661959984,0.780813318027589,2.2841652166969,0.947125676589268,1,0.945315613678836,1.66014606372404,79.3903013221006,20.6441222505464,12.3594743344451
1896,632,0.075,1,0,3.02550331856128,0.928747330784509,2.80992813139346,1.02364194340385,1,0.945299861157073,1.60491841804942,77.4912425654498,19.2041731340045,10.1859138805412
1897,633,0.035,1,0,2.90891298426023,0.712044314832613,2.07127495278526,0.958883719444711,1,0.945245311059831,1.69922224542979,80.7031976125758,21.7972942247778,14.0604752412991
1898,633,0.05,1,0,2.97575609388553,0.753464247100596,2.24212582483447,0.905411230146614,1,0.945235835694622,1.6527752519252,79.1398118600472,20.4402456052754,12.0226443461741
1899,633,0.075,1,0,3.2355437309221,0.875226054903292,2.83183217508203,1.04511850379036,1,0.945220036551513,1.59413197644676,77.1143149779099,18.9441836743833,9.90831944892768
1900,634,0.035,1,0,2.58146247298701,0.635310149216431,1.64002930890999,1.0172416240455,1,0.945784308691904,1.74351305326794,82.1610056527912,23.2842816828281,1.21338885046498
1901,634,0.05,1,0,2.61263127789135,0.660513089781581,1.72567715782002,1.02996427342435,1,0.945775017559198,1.71984779358571,81.3860487924461,22.4626224566801,12.3594743344451
1902,634,0.075,1,0,2.69173138836917,0.713907039869388,1.92164598759415,0.97866806611362,0.993714273058481,0.945759525664038,1.67311544745693,79.8288551263695,21.0128036165322,10.0925288607668
1903,635,0.035,1,0,2.61457376939697,0.609165106479339,1.59270710863279,0.987269114254867,1,0.945686011085699,1.7325708761292,81.8038143836095,22.8959872313361,1.23594743344451
1904,635,0.05,1,0,2.65230417014139,0.633029820142556,1.67898763178795,0.979347538991095,1,0.945676685796566,1.71337018811431,81.1723432317778,22.2489377562507,11.6949939101987
1905,635,0.075,1,0,2.74999163599369,0.682179908680444,1.87598904311416,1.07810786768537,1,0.945661136938969,1.6623291132723,79.4643160500777,20.7052750213861,9.54992586021436
1906,636,0.035,1,0,2.63359740793668,0.583878976570608,1.53770215924507,0.974428352041293,1,0.945587429361321,1.72105153313555,81.425686563389,22.5028341165063,1.25892541179417
1907,636,0.05,1,0,2.67487412651772,0.606193051013214,1.62149010783009,0.959189893391349,1,0.945578069744839,1.70782658333578,80.9889077686917,22.069574292002,11.2719745617551
1908,636,0.075,1,0,2.78056318887309,0.65063334443547,1.80912712699065,1.11421011199321,1,0.945562463638784,1.65356007223316,79.1665263329508,20.4617662615954,9.28966386779936
1909,637,0.035,1,0,2.39382969191362,0.553897709532601,1.32593678336209,1.01336913305279,1,0.946159152037564,1.73987173392784,82.0423549216149,23.1533832280532,1.20226443461741
1910,637,0.05,1,0,2.41671252704937,0.570938258625486,1.37979364179196,1.01889185289947,1,0.946149986826835,1.75058061178613,82.3906888839182,23.5433658923778,1.18032063565173
1911,637,0.075,1,0,2.46940053704957,0.603324620248355,1.48985014125652,1.08159444472334,1,0.946134704934854,1.71408485166017,81.1959546024816,22.2722931127698,9.6382902362397
1912,638,0.035,1,0,2.41472836346968,0.525594678245676,1.26916837724856,0.990632144336852,1,0.946042565311542,1.72628373119973,81.5977029978223,22.6795061834602,1.23594743344451
1913,638,0.05,1,0,2.44078843055677,0.541562151251334,1.32183863320169,0.987068089257517,1,0.946033359872309,1.73784121303501,81.976098346755,23.0811285869411,1.21338885046498
1914,638,0.075,1,0,2.50026969994441,0.571209371616559,1.42817748417717,0.966728006661423,1,0.946018010890739,1.70581616710011,80.9222597816809,22.0053013918244,9.20449571753171
1915,639,0.035,1,0,2.42488156670084,0.499212143351449,1.21053032428614,0.981378416705541,1,0.945925574773815,1.71172142280226,81.1178387793579,22.1952600715739,1.25892541179417
1916,639,0.05,1,0,2.45250625097285,0.514091626270801,1.26081292700194,0.974399080169525,1,0.945916328865005,1.72419811527026,81.5291885597378,22.6087109264468,1.23594743344451
1917,639,0.075,1,0,2.51461038294337,0.541077129851023,1.36059816869658,0.938426175663385,1,0.945900912390563,1.69882593124023,80.6900086036215,21.7849263499768,8.87156012037961
1918,640,0.035,1,0,2.07300795718368,0.82204644777742,1.70410882741717,1.04350831170923,1,0.935202620043697,1.65941455043507,79.3654821204596,20.6237104081016,15.4170045294956
1919,640,0.05,1,0,1.97379933740806,0.827045546157741,1.63242195101244,1.03932377921236,0.989676424524985,0.93519168186455,1.61239384771968,77.751306561028,19.3880886436675,13.0617088813184
1920,640,0.075,1,0,1.84579982526271,0.827940677147181,1.52821275720615,0.969659289653685,1,0.935173443926331,1.55528839345468,75.7404290837815,18.0559274157635,10.7646521362983
1921,641,0.035,1,0,2.14549551496994,0.821945860518785,1.76348115729116,0.968612541199705,1,0.935109144982364,1.65255195908899,79.1322093209653,20.4341307084631,14.7231250243272
1922,641,0.05,1,0,2.02892839470869,0.829557047971602,1.6831118496603,0.88723054972077,1,0.935098174970838,1.60213908852739,77.3943096893609,19.136584097581,12.4738351424294
1923,641,0.075,1,0,1.88240827996051,0.83113516580982,1.56453571788676,1.02270687084872,1,0.935079883945139,1.5400497822379,75.1943329139273,17.7259708112155,10.2801629812647
1924,642,0.035,1,0,2.23038022067157,0.81850925383757,1.82558685019596,0.937838174534835,1,0.935015455716186,1.6467237941745,78.9334804533614,20.2757696662426,14.1905752168909
1925,642,0.05,1,0,2.09379332224507,0.831011001164584,1.73996528495059,0.825665410718126,1,0.935004453745282,1.59390385272838,77.1063218637884,18.9387517008796,12.1338885046498
1926,642,0.075,1,0,1.92338969538551,0.834150516808084,1.60439650842916,1.04434240237959,1,0.934986109421944,1.52814881808747,74.7650389185422,17.4748369651468,10
1927,643,0.035,1,0,2.24005379673328,0.72326762884141,1.62015839804048,1.02461903317563,1,0.935648457288933,1.69963861757563,80.7170513557576,21.81030419069,1.20226443461741
1928,643,0.05,1,0,2.19027520679702,0.753124254550525,1.6495493823795,1.05102144989277,1,0.935637665831399,1.67023638906277,79.7317425225545,20.9298261351101,12.4738351424294
1929,643,0.075,1,0,2.04760264558376,0.792753059084,1.62324326107501,0.898603739412271,0.994846372534154,0.935619672577812,1.61692283243062,77.9084047745701,19.5010595098232,10.1859138805412
1930,644,0.035,1,0,2.3070337982993,0.703406509577927,1.62278259154001,0.981959943685913,1,0.935532961071001,1.68735290451171,80.3070759558699,21.4332061218206,1.22461619926505
1931,644,0.05,1,0,2.27345578219513,0.73710671042813,1.67577951291766,0.967340957269649,1,0.935522130551476,1.66292074031272,79.4843610652751,20.7219097981467,11.8032063565173
1932,644,0.075,1,0,2.13503223804187,0.790174006027969,1.68704697653241,1.05528950607471,1,0.935504072153946,1.60483980652143,77.4885026886597,19.2022556142664,9.72747223776965
1933,645,0.035,1,0,2.35924786372617,0.680293001103418,1.6049798095611,0.964043400001529,1,0.935417134441138,1.67448338390648,79.8749483601351,21.0524625133726,1.24738351424294
1934,645,0.05,1,0,2.34433903280658,0.715326009990461,1.67696668640243,0.937128257358815,1,0.935406264665605,1.65667106375834,79.2723200227945,20.5475097434972,11.4815362149688
1935,645,0.075,1,0,2.2365312337124,0.781632740632946,1.74814603771781,1.09347852583279,1,0.935388140802005,1.59505188610817,77.1465382207431,18.9661156453789,9.3756200692588
1936,646,0.035,1,0,2.18790137675482,0.625402436248649,1.36831885129424,1.01841968757847,1,0.936088674404,1.69549873189376,80.5791803923328,21.6816790395922,1.19124200802737
1937,646,0.05,1,0,2.18581870263092,0.649261579810012,1.41916810404842,1.02782615166059,1,0.936078026846306,1.70762996659543,80.9823925793583,22.0632705257109,1.16949939101987
1938,646,0.075,1,0,2.16805687477875,0.69645922715565,1.50996321543791,1.07660303956147,0.993940713729205,0.936060273569035,1.66373533210068,79.5119508485018,20.7448571068502,9.72747223776965
1939,647,0.035,1,0,2.22836868240573,0.599538553392341,1.33599293627433,0.987146073914313,1,0.935951671767474,1.68027144241758,80.0696364292057,21.2219684661247,1.22461619926505
1940,647,0.05,1,0,2.23495821169957,0.62327144781057,1.39298564040211,0.981269120444868,1,0.935940978188644,1.6932774933519,80.5050901550764,21.613325894155,1.20226443461741
1941,647,0.075,1,0,2.24096656184322,0.671607286380304,1.50504947146852,0.935774833703726,1,0.935923148163112,1.6543974884706,79.195019764906,20.4847778774829,9.28966386779936
1942,648,0.035,1,0,2.25562971498596,0.573432772053826,1.29345200019138,0.974608292025031,1,0.935814199440644,1.66406952359312,79.5232665375973,20.7542859941762,1.24738351424294
1943,648,0.05,1,0,2.26874788904773,0.596236732727264,1.3527108287477,0.963356119277126,1,0.935803459568498,1.67803068334566,79.9943317096674,21.156017241919,1.22461619926505
1944,648,0.075,1,0,2.29400360940958,0.64274304640154,1.47445486836804,0.89317967527828,1,0.935785552340108,1.64652371589895,78.9266480831464,20.2703752315936,8.95364765549594
1945,649,0.035,1,0,2.21589334606495,0.630090304811535,1.39621291385191,1.02797784068201,1,0.92972490922576,1.74415335991558,82.1818476394413,23.3074782221006,1.18032063565173
1946,649,0.05,1,0,2.21693997019686,0.653872442250744,1.44959595263591,1.04454013686595,0.995355838616361,0.929713353082045,1.71996763576126,81.3899961160493,22.4666186885221,12.1338885046498
1947,649,0.075,1,0,2.20701257554263,0.701773038220717,1.54882192052988,0.975862041313294,1,0.929694085033854,1.67154026708854,79.7757402628085,20.9673232046648,9.72747223776965
1948,650,0.035,1,0,2.26369486149218,0.605081204183378,1.36971921269541,0.991919349673217,1,0.929654722530748,1.72806693451964,81.6562268742183,22.7404336537128,1.20226443461741
1949,650,0.05,1,0,2.27319006737523,0.628634059636897,1.42900470038036,0.970318904108945,1,0.929643141826299,1.70878778565397,81.0207495388086,22.1004479463318,11.4815362149688
1950,650,0.075,1,0,2.28732421267033,0.677022301301851,1.54856950228551,1.00726146144611,1,0.929623832819073,1.65601522566801,79.2500307621117,20.5293755144663,9.28966386779936
1951,651,0.035,1,0,2.30275427332957,0.579324348991606,1.33404162028429,0.974431465539603,1,0.929584463235445,1.71061282833073,81.0811661852194,22.1593273289328,1.23594743344451
1952,651,0.05,1,0,2.31911608641309,0.602060602418752,1.39624842806488,0.926735907785446,1,0.929572857906781,1.69928582506302,80.7053132502042,21.7992797634622,11.0662378397767
1953,651,0.075,1,0,2.35331183477639,0.648630623444818,1.52643012255108,1.02214431049529,1,0.92955350783339,1.64286256151602,78.8015067079517,20.1721481407166,9.03649473722302
1954,652,0.035,1,0,2.07086594912604,0.53263965773801,1.10302533036379,1.01687076476544,1,0.930432695120022,1.74367389852156,82.166241788842,23.2901035837247,1.15877735615513
1955,652,0.05,1,0,2.07970530226755,0.547862123334792,1.13939176281092,1.03309216270276,1,0.930421363304291,1.75510105168475,82.5371739847235,23.7126941694502,1.13762728582343
1956,652,0.075,1,0,2.09822227254068,0.576590472320469,1.20981497115756,0.944284955097524,0.996860975413817,0.930402469352153,1.72304598859213,81.4913098050573,22.5698148195263,9.3756200692588
1957,653,0.035,1,0,2.10262109483616,0.503972817370215,1.05966387702663,0.995019281880194,1,0.930346299301935,1.72296622749135,81.4886866807311,22.5671276101953,1.19124200802737
1958,653,0.05,1,0,2.11503210728157,0.518609888575321,1.09687656549052,0.991140441414841,1,0.930334937576946,1.73557596586613,81.9021039289469,23.0011329176062,1.16949939101987
1959,653,0.075,1,0,2.14156000123092,0.545967300027781,1.16922173171954,1.02180588987318,1,0.930315993746242,1.71041817256818,81.0747248489072,22.153031078207,8.87156012037961
1960,654,0.035,1,0,2.12756963241651,0.475646870727002,1.01197183791271,0.984187650563987,1,0.930259790427686,1.69985113388482,80.7241212080776,21.8169508646315,1.23594743344451
1961,654,0.05,1,0,2.1426788751746,0.489526879492132,1.04889890351793,0.97248342849003,1,0.930248398696517,1.71382392563993,81.1873349793847,22.2637597568186,1.21338885046498
1962,654,0.075,1,0,2.17501881566195,0.515091098361636,1.12033283071654,1.05304505683097,1,0.930229404825818,1.69947375371611,80.7115662629942,21.8051508734744,8.55066712884683
1963,655,0.035,1,0,1.94296527460304,0.466981969893067,0.907329751367951,1.01288708469617,1,0.931127039327207,1.74313369126342,82.1486542976783,23.2705638807338,1.13762728582343
1964,655,0.05,1,0,1.95115720716977,0.47787545552548,0.932410139178078,1.01920250530466,1,0.931115925526487,1.75435344210702,82.5129703039649,23.6844894508938,1.12719745617551
1965,655,0.075,1,0,1.96818539218593,0.497520327552313,0.979212241004021,1.06257112486737,0.997180160783662,0.931097395141894,1.7605109119757,82.7120498133318,23.9192224604301,9.1201083935591
1966,656,0.035,1,0,1.96592996454621,0.435596355395069,0.856351927518288,0.996282224680571,1,0.93102493900152,1.71763116081556,81.3129958655281,22.3889906249279,1.18032063565173
1967,656,0.05,1,0,1.97615518760722,0.445924224837181,0.881215470191722,0.994615537534188,1,0.931013790227799,1.73028304249224,81.7288865600072,22.8166706789012,1.15877735615513
1968,656,0.075,1,0,1.99721554763318,0.464318775497876,0.927344677482357,0.980502756596852,1,0.93099520152206,1.75014721062508,82.3766272460281,23.527282276569,1.13762728582343
1969,657,0.035,1,0,1.98325098532164,0.405213414952887,0.80363990447086,0.988289422546339,1,0.930922676559867,1.68830663552265,80.3389910398598,21.4619892614086,1.22461619926505
1970,657,0.05,1,0,1.99494579040775,0.414911975553728,0.827726899020674,0.98310786128,1,0.93091149267895,1.70268003346671,80.8181605794641,21.9058421786594,1.21338885046498
1971,657,0.075,1,0,2.01877876178821,0.431937661808389,0.871986578075233,0.947360435879672,1,0.930892845425167,1.72518543464323,81.5616317358685,22.6421629862291,1.18032063565173
1972,658,0.035,1,0,1.82488401327356,0.672588526792274,1.22739605005444,1.04502616619475,1,0.913690122282572,1.69102888936714,80.4300044230149,21.5445914080882,1.16949939101987
1973,658,0.05,1,0,1.79098794450121,0.685616977887914,1.22793174194261,1.00634679916569,0.99217292750357,0.913676417425834,1.65836719825611,79.3299314210951,20.5945546353818,12.2461619926505
1974,658,0.075,1,0,1.73062841364226,0.703776766128882,1.21797606832391,0.974276910717206,1,0.913653567237632,1.60161039282404,77.3758558239187,19.1237746087727,9.90831944892768
1975,659,0.035,1,0,1.87731170346706,0.662216391154986,1.24318658134297,0.987685833694902,1,0.913605170439662,1.67264252840802,79.8129126864101,20.9991280251957,1.19124200802737
1976,659,0.05,1,0,1.84319643394266,0.677890916299046,1.24948611952452,0.93418422007853,1,0.913591437099312,1.64531211928686,78.8852595606759,20.2377674016434,11.5877735615513
1977,659,0.075,1,0,1.77890833601319,0.700055496024083,1.24533455754909,1.00778526682882,1,0.913568539411405,1.5837061142892,76.7480994130004,18.6986471079593,9.46237161365793
1978,660,0.035,1,0,1.93030007367887,0.649258176722049,1.25326310636318,0.961758000118338,1,0.913520131781373,1.65294618703076,79.1456311915748,20.4449290855835,1.22461619926505
1979,660,0.05,1,0,1.89785175357259,0.66780686088417,1.26739842197683,0.875366198619385,1,0.913506369884744,1.63426302462651,78.5066820568493,19.9449497315989,11.1686324778056
1980,660,0.075,1,0,1.83141380039838,0.694897818895228,1.27264545539146,1.02395983851669,1,0.913483424576238,1.56867170598202,76.2167236405999,18.353972998442,9.1201083935591
1981,661,0.035,1,0,1.82787787248202,0.588979946532562,1.07658341160251,1.02424965719712,1,0.914544526271582,1.69042494115659,80.4098231043622,21.5262082515045,1.14815362149688
1982,661,0.05,1,0,1.81504741775562,0.604805389996572,1.09775046135796,1.05910433629898,1,0.914531080439576,1.70364655181627,80.8502598734184,21.9363909880612,1.12719745617551
1983,661,0.075,1,0,1.78662326627835,0.631949806884042,1.12905622809914,0.899960688781772,0.998632055672976,0.914508662193539,1.6621550773932,79.4584184014413,20.7003866912743,9.46237161365793
1984,662,0.035,1,0,1.87284501790219,0.567790940953019,1.06338443497386,0.992915635861299,1,0.914439927774796,1.66683519583904,79.6168405774056,20.8326455070944,1.18032063565173
1985,662,0.05,1,0,1.86423391170462,0.584932028080107,1.09045012278909,0.985996153154237,1,0.914426447233491,1.6812636942721,80.1029562907156,21.2513078601596,1.15877735615513
1986,662,0.075,1,0,1.84284203797609,0.615428729851019,1.13413793474769,1.01820909594578,1,0.914403971105704,1.64739648150762,78.9564467890196,20.2939266636592,9.03649473722302
1987,663,0.035,1,0,1.91292303315583,0.544732910589963,1.04203213158556,0.977647295153132,1,0.914335194062862,1.64089952971568,78.7343159986359,20.1198544179446,1.21338885046498
1988,663,0.05,1,0,1.90907037848047,0.56262598300647,1.07409259832111,0.957825015408901,1,0.91432167870131,1.6567048462156,79.273467956207,20.5484446939421,1.19124200802737
1989,663,0.075,1,0,1.89702228175864,0.595483598391282,1.12964565457008,1.04891973809926,1,0.914299144507807,1.63467861694542,78.5209587288026,19.9558184569726,8.6297854776697
1990,664,0.035,1,0,1.77508332647613,0.518811104107642,0.920932940492146,1.01794499902046,1,0.915382984260608,1.68973772023501,80.3868518642538,21.5053303349135,1.12719745617551
1991,664,0.05,1,0,1.77284914139394,0.532085182236299,0.943306758476063,1.0285187489152,1,0.915369790360488,1.70272510549472,80.8196578188318,21.9072647413536,1.11686324778056
1992,664,0.075,1,0,1.76753813892381,0.556045002894831,0.982830749574616,1.02963304200364,0.993897564365507,0.915347792226511,1.70668020770891,80.9509119907703,22.0328750056806,9.20449571753171
1993,665,0.035,1,0,1.80924048197732,0.49175285531189,0.889699172958205,0.994846697312743,1,0.91525934022196,1.66075715840986,79.4110280532723,20.6612045593446,1.16949939101987
1994,665,0.05,1,0,1.81036127455067,0.505250034335944,0.914685096127188,0.992165742096411,1,0.915246105709837,1.67519192214282,79.8988106769832,21.0730640370192,1.14815362149688
1995,665,0.075,1,0,1.81188811210721,0.529896311830916,0.960112828055893,0.959349267445465,1,0.915224039851939,1.69472602318457,80.5534156124133,21.6578491036011,8.70963589956081
1996,666,0.035,1,0,1.83769475980353,0.464094222957687,0.852863521584435,0.983833480040818,1,0.915135502256021,1.62801994748563,78.2918660554486,19.7830002964238,1.21338885046498
1997,666,0.05,1,0,1.84185897652365,0.477446036063099,0.879388267328453,0.975666507898181,1,0.915122226977763,1.64413762349627,78.8451149228217,20.2062539068844,1.19124200802737
1998,666,0.075,1,0,1.84980936069688,0.50191808941874,0.928452780109881,0.910606099153235,1,0.915100093138208,1.6696450151289,79.711778039874,20.9128638029084,1.15877735615513
1999,667,0.035,1,0,1.58644001184358,0.646951695529452,1.02635005551797,1.07845456455343,1,0.898205032382835,1.64239825099568,78.7856201141689,20.1597558905789,1.14815362149688
2000,667,0.05,1,0,1.56322408443198,0.653513174525775,1.02158753391229,0.959457926324981,0.989818316707973,0.89818941482408,1.60013784823563,77.3244322743828,19.0881766276576,12.3594743344451
2001,667,0.075,1,0,1.52533764569476,0.663243020636375,1.01166954762097,0.97313318925718,1,0.89816337611464,1.53646071569623,75.0651271468763,17.649645845094,10.0925288607668
2002,668,0.035,1,0,1.61819523191897,0.64179363735439,1.03854740384281,0.981116055282946,1,0.898106270881714,1.62236548626056,78.0967360580991,19.6384117532191,1.18032063565173
2003,668,0.05,1,0,1.59359584697213,0.649331614864966,1.03477216475651,1.04854264278156,1,0.89809062157789,1.5855585180104,76.8133022675879,18.741871935436,11.8032063565173
2004,668,0.075,1,0,1.55319373609651,0.660415593725026,1.02575336339417,1.00818150296083,1,0.898064529932464,1.51668323271784,74.3491122825359,17.238027775116,9.6382902362397
2005,669,0.035,1,0,1.65130206764773,0.635814305584675,1.04992147745198,0.943087297885185,1,0.898007409681044,1.60106574700034,77.3568402487683,19.1105944731234,1.20226443461741
2006,669,0.05,1,0,1.62540748005034,0.644496256014506,1.04756903539042,1.10661116224606,1,0.897991728553051,1.5732729690926,76.3797631371909,18.4583208010377,11.3762728582343
2007,669,0.075,1,0,1.58245433673273,0.657178425366572,1.03995484922852,1.0253731969999,1,0.897965583838694,1.50022204190835,73.7479369789062,16.9063699401309,9.28966386779936
2008,670,0.035,1,0,1.6103212764894,0.595021453951704,0.95817570726609,1.03423454921728,1,0.899195784194038,1.64170178225478,78.7617833379347,20.1411946158035,1.13762728582343
2009,670,0.05,1,0,1.59249058089316,0.605005890125317,0.96346618140945,1.138992680498,0.998499736466225,0.899180454090734,1.6563165556978,79.2602726320461,20.5377035369274,1.11686324778056
2010,670,0.075,1,0,1.56103451794439,0.620664655208176,0.968878950848018,0.929997542765892,1,0.899154894716596,1.60463531615343,77.4813750174261,19.1972692044849,9.54992586021436
2011,671,0.035,1,0,1.64801360834496,0.58278638762912,0.960439897570993,0.990137758320234,1,0.89907415114843,1.61604168271281,77.8778673201209,19.4789869664609,1.16949939101987
2012,671,0.05,1,0,1.63045717603358,0.594263272199225,0.968920816610425,0.977298218952846,1,0.899058782336447,1.63180693587938,78.4222496712042,19.8809430104523,1.14815362149688
2013,671,0.075,1,0,1.59852393257545,0.612424522853979,0.978975256678184,1.01628144269836,1,0.899033158413808,1.58811095641935,76.9030494028328,18.8017124944846,9.1201083935591
2014,672,0.035,1,0,1.68556489839122,0.568842062081599,0.958820212573225,0.969121306565244,1,0.898952362791165,1.58816824274555,76.9050623868333,18.8030593031495,1.20226443461741
2015,672,0.05,1,0,1.66895202956958,0.581862684649334,0.971100908476312,0.93524577491598,1,0.898936955149604,1.60522517437225,77.5019330519899,19.2116588918285,1.18032063565173
2016,672,0.075,1,0,1.63750127126582,0.602779325590402,0.987051911947038,1.04622178298653,1,0.898911266476909,1.57398837692329,76.4050799162526,18.474633749267,8.79022516830884
2017,673,0.035,1,0,1.60367236811711,0.540537578849606,0.866845179130039,1.02428961679939,1,0.900168358985489,1.64084322269923,78.7323877660023,20.118358246171,1.11686324778056
2018,673,0.05,1,0,1.59332957955563,0.551674090873719,0.878998647263556,1.04226384314594,1,0.900153308678361,1.65524266103906,79.2237652294362,20.5080538779637,1.10662378397767
2019,673,0.075,1,0,1.57379231935326,0.570353536314885,0.897618014768337,0.989712528984665,0.990952683110892,0.900128215864609,1.65532968688405,79.2267244188168,20.5104534979072,9.28966386779936
2020,674,0.035,1,0,1.63964451950805,0.520974758006112,0.854213406766754,0.993058890228762,1,0.900024542304907,1.60937595408428,77.6464308149195,19.3134629353139,1.14815362149688
2021,674,0.05,1,0,1.631145517348,0.533255404536975,0.869817162712081,0.988756991949562,1,0.900009446677661,1.62513775130643,78.1924717240454,19.7090561574697,1.13762728582343
2022,674,0.075,1,0,1.61435264263843,0.554235167797505,0.894731007777053,1.05907960164873,1,0.899984278291044,1.64182366484954,78.7659553808827,20.1444405041208,8.79022516830884
2023,675,0.035,1,0,1.6730138170268,0.499760906398032,0.836106901613747,0.978325353823671,1,0.899880502831287,1.57436821355444,76.4185179592063,18.4833047088528,1.19124200802737
2024,675,0.05,1,0,1.66686032958576,0.512941826611823,0.855002382164504,0.965558665453565,1,0.899865361714577,1.59175695471748,77.03105421578,18.8877629282057,1.16949939101987
2025,675,0.075,1,0,1.65399128044887,0.535900355915948,0.886374515874423,1.11024202659093,1,0.899840117473298,1.61941530381586,77.9947135879307,19.5637419524824,1.14815362149688
2026,676,0.035,1,0,2.68290289439742,0.635325018914837,1.70451533212971,1.02562503130909,1,0.944121213056238,1.76183280789417,82.754709332907,23.9703510636117,14.8593564228701
2027,676,0.05,1,0,2.72256815257092,0.659398000039687,1.79525599477701,1.04263867320818,0.995731555517177,0.944111652876198,1.72600445975106,81.5885327667188,22.6699975278868,12.4738351424294
2028,676,0.075,1,0,2.82726628188965,0.709213066838403,2.00513419054777,0.978292654656518,1,0.944095712401831,1.68051641144,80.0778640138021,21.2292040929217,10.1859138805412
2029,677,0.035,1,0,2.71908154414396,0.610482908580661,1.659952809737,0.989730014752002,1,0.944059616460102,1.75437057086814,82.5135249439123,23.6851347611443,14.0604752412991
2030,677,0.05,1,0,2.76417457895978,0.63328515398116,1.75051072386735,0.963307493701081,1,0.944050034293206,1.71571879702099,81.249906299505,22.3258938981558,11.9124200802738
2031,677,0.075,1,0,2.88251778946942,0.678988995480848,1.95719785832751,1.00906651441071,1,0.944034057151305,1.66608668914189,79.5915280838396,20.8113799680517,9.72747223776965
2032,678,0.035,1,0,2.74514653931091,0.586020340724049,1.60871171030443,0.972644868616023,1,0.943997930721336,1.74799438681566,82.3067344122581,23.4477743482193,13.5518941235104
2033,678,0.05,1,0,2.79358530419179,0.607433302229901,1.69691674638614,0.922089364666609,1,0.943988326502743,1.70717067819121,80.9671709071985,22.048560394886,11.4815362149688
2034,678,0.075,1,0,2.91840820639618,0.648903295521284,1.89376470280684,1.02326899857683,1,0.943972312584206,1.65417718004612,79.1875248160253,20.4787190660976,9.3756200692588
2035,679,0.035,1,0,2.4332741658347,0.54149563730576,1.3176073451683,1.01540859320186,1,0.944583344154319,1.77317857870151,83.1197057121868,24.4204658540321,1.19124200802737
2036,679,0.05,1,0,2.45806642278859,0.556725585763191,1.36846846907181,1.03016078187934,1,0.944573938066206,1.76985382944171,83.01296044858,24.2864151682108,12.0226443461741
2037,679,0.075,1,0,2.5144663477454,0.58487840838129,1.47065707539765,0.94242322517641,0.997381330784142,0.944558254571236,1.72912226352025,81.6908379551316,22.7766662144842,9.72747223776965
2038,680,0.035,1,0,2.45814349813653,0.514015660945582,1.26352425489373,0.993703214688653,1,0.944507367940969,1.75943545021755,82.6773224463483,23.8778200680547,1.22461619926505
2039,680,0.05,1,0,2.48550865789081,0.528322604882788,1.31315040859559,0.988801353053922,1,0.944497934967211,1.76206211017828,82.7621064075604,23.9792471125532,11.3762728582343
2040,680,0.075,1,0,2.54694905831652,0.554150791917709,1.41139383764016,1.02605960269922,1,0.944482206634113,1.71735861240867,81.304008039196,22.3799740564662,9.20449571753171
2041,681,0.035,1,0,2.47519789893684,0.487665261242412,1.20706803001171,0.983184322982409,1,0.944431253931418,1.74450753878004,82.193373325136,23.3203323858092,1.25892541179417
2042,681,0.05,1,0,2.50408967569154,0.501038830317895,1.25464616211961,0.97069985340365,1,0.944421793972652,1.75531246067561,82.5440166732167,23.7206844953999,10.8642562361707
2043,681,0.075,1,0,2.56795816018822,0.524613536783212,1.34718561272765,1.05462558026946,1,0.944406020636157,1.70740748447471,80.9750195390958,22.0561421921509,8.87156012037961
2044,682,0.035,1,0,2.24891285792925,0.477434085995615,1.07370765480924,1.01174328831731,1,0.945038327484935,1.77144578390022,83.0640941318755,24.3503726375885,1.18032063565173
2045,682,0.05,1,0,2.26603512047404,0.488411860183409,1.10675842843166,1.01749519028513,1,0.945029071896753,1.78141448782634,83.3833723831838,24.7606582044033,1.15877735615513
2046,682,0.075,1,0,2.30241839777833,0.50779438193461,1.16915512725472,1.06121674230239,0.99751272927423,0.945013639390611,1.76486985165822,82.8526132968516,24.0888329951426,9.3756200692588
2047,683,0.035,1,0,2.26650639077189,0.447710973077418,1.01473978169867,0.995320843150477,1,0.944948358461263,1.75445376425789,82.5162187306721,23.6882695935508,1.21338885046498
2048,683,0.05,1,0,2.28514767163396,0.457943432965566,1.04646836958132,0.993221234039692,1,0.944939071307617,1.76546891228412,82.8719075631089,24.112372973352,1.19124200802737
2049,683,0.075,1,0,2.3241957057927,0.475647263065978,1.10549732629,0.975862576568755,1,0.944923586158641,1.75543187596852,82.5478814787793,23.7252007186836,8.87156012037961
2050,684,0.035,1,0,2.27774569998526,0.419679155083593,0.955922390865099,0.987604129520194,1,0.944858193174648,1.73551649874473,81.9001603143346,22.9990414683033,1.25892541179417
2051,684,0.05,1,0,2.29725359676118,0.42919468958372,0.985969044357001,0.982103668790758,1,0.944848874315898,1.74776346684593,82.2992330156568,23.4392836947015,1.23594743344451
2052,684,0.075,1,0,2.33754336223222,0.445337314402378,1.0409952832356,0.944444828795565,1,0.944833336292117,1.74723533078384,82.2820733773702,23.419891976953,8.55066712884683
2053,685,0.035,1,0,2.25518642620753,0.748357504463179,1.6876856860159,1.04133613685524,1,0.931125869019318,1.70807876700097,80.997263325093,22.0776653229194,14.9968483550237
2054,685,0.05,1,0,2.18641489551478,0.777875119832234,1.70075774885154,1.00312045417541,0.99275973669915,0.931114409665046,1.66544737094372,79.5699006741061,20.7932508224227,12.5892541179417
2055,685,0.075,1,0,2.01979039999378,0.809397753678428,1.63481381265622,0.976871971801294,1,0.931095302892252,1.61198800767454,77.7372120864428,19.3780230227678,10.2801629812647
2056,686,0.035,1,0,2.33445718620073,0.730739634268456,1.70588039045969,0.984306790196881,1,0.931050874710648,1.69926616174759,80.704658952638,21.798665653403,14.1905752168909
2057,686,0.05,1,0,2.2820195782937,0.765939979812209,1.74789002972934,0.922328684475398,1,0.931039389489378,1.65339179044101,79.160799061614,20.4571480717819,12.0226443461741
2058,686,0.075,1,0,2.10225682399083,0.811014485601532,1.70496073671123,1.00971917861431,1,0.931020239578512,1.59528670021774,77.1547611399451,18.9717210337229,9.81747943019984
2059,687,0.035,1,0,2.40260436153077,0.709301363737715,1.70417055015595,0.958972181803316,1,0.930975773138012,1.69175428952488,80.4542361944129,21.5667149293702,13.6772882559585
2060,687,0.05,1,0,2.37322326242588,0.747613856004946,1.77425459438285,1.13161177890204,1,0.930964261974228,1.64342097899401,78.820608422142,20.187071328138,11.5877735615513
2061,687,0.075,1,0,2.20353730044591,0.809962921034811,1.78478350847833,1.02517604290461,1,0.930945068800252,1.5815707208367,76.6728626138249,18.6490292963358,9.54992586021436
2062,688,0.035,1,0,2.20206406114081,0.628241621194992,1.38342829574633,1.02219021691606,1,0.931687698864093,1.72411680534842,81.5265160210113,22.6059609525776,1.18032063565173
2063,688,0.05,1,0,2.20139443078525,0.652008229407773,1.43532728504442,1.05371724000382,1,0.931676420361684,1.71774576009135,81.3167746432436,22.3927842512775,12.1338885046498
2064,688,0.075,1,0,2.18717046275355,0.699439532648475,1.52979348629089,0.896688530427932,0.999586171643214,0.931657615186593,1.66929015501879,79.6997953546685,20.902698638498,9.81747943019984
2065,689,0.035,1,0,2.2478372476146,0.603061421178357,1.35558392512411,0.991028289334179,1,0.931595180164555,1.70814544589889,80.9994724111889,22.0798057171671,1.21338885046498
2066,689,0.05,1,0,2.25570350625884,0.626691187912132,1.41362950991491,0.982276916874653,1,0.931583870017183,1.70851858816206,81.0118333513924,22.0917919145575,11.4815362149688
2067,689,0.075,1,0,2.26529404721385,0.675026515495236,1.52913354726287,1.02212295689629,1,0.931565012068782,1.65549900354004,79.2324814270698,20.5151237484903,9.28966386779936
2068,690,0.035,1,0,2.28348529955892,0.577203023183176,1.31803461829975,0.97619174706181,1,0.931502495621847,1.69095702077619,80.4276032027221,21.5424021254489,1.24738351424294
2069,690,0.05,1,0,2.29819780417945,0.600022947981939,1.37897142150937,0.95501194126511,1,0.931491153714655,1.70055020482663,80.7473722087009,21.8388456047378,10.9647819614319
2070,690,0.075,1,0,2.3278031192426,0.64670255624758,1.50539622765528,1.05061191577044,1,0.931472242801275,1.64389846303502,78.836937507642,20.1998483750941,8.95364765549594
2071,691,0.035,1,0,2.08902308024112,0.546372285439601,1.14138431468741,1.01637362742303,1,0.932240958940295,1.72205230916116,81.4586230225973,22.5363880406309,1.16949939101987
2072,691,0.05,1,0,2.09680313060557,0.562938920550479,1.18037209094997,1.0260202754392,1,0.932229857163487,1.73376650678292,81.8429382136243,22.937689301706,1.14815362149688
2073,691,0.075,1,0,2.11259088267919,0.594572797272186,1.25608907060628,1.0274332877099,0.99439859922863,0.932211346704056,1.71185771317888,81.1223459144258,22.1996864287363,9.46237161365793
2074,692,0.035,1,0,2.12032993644316,0.517974558881757,1.09827696351293,0.993507123348455,1,0.932131380710536,1.70235314465094,80.8073007234351,21.8955308498706,1.20226443461741
2075,692,0.05,1,0,2.13226081808637,0.533959755121773,1.13854146428115,0.990124597928007,1,0.932120241764303,1.71518370696653,81.2322428086419,22.3083092756544,1.18032063565173
2076,692,0.075,1,0,2.15771219915017,0.564272739537932,1.21753817374888,0.951226089003015,1,0.932101669317488,1.70069029254445,80.7520305417166,21.8432387687946,8.95364765549594
2077,693,0.035,1,0,2.14339612863086,0.490073062039081,1.05042070392084,0.982871770498422,1,0.932021566218763,1.68066110137642,80.0827231362046,21.2334801661719,1.24738351424294
2078,693,0.05,1,0,2.15836832451492,0.50524453973959,1.09050381070805,0.974189351979533,1,0.932010389940968,1.69476666460344,80.5547709824994,21.6591010843704,1.22461619926505
2079,693,0.075,1,0,2.19066426426541,0.533622426393125,1.16898758011002,0.906151056316946,1,0.93199175523866,1.69103518451363,80.4302147477483,21.5447831949595,8.6297854776697
2080,694,0.035,1,0,1.80820551552384,0.734022658262725,1.32726381919013,1.07207711978866,1,0.918487695819067,1.65668175797811,79.2726834161892,20.5478057036407,15.1356124843621
2081,694,0.05,1,0,1.76300881257584,0.740566270656104,1.30562486146313,0.953876341229197,0.990827928325276,0.918474501557835,1.60808643293666,77.6015711062333,19.2817326948786,12.7057410520854
2082,694,0.075,1,0,1.69358445299285,0.748304621968381,1.26731707386834,0.97584364843044,1,0.91845250247126,1.54793094526392,75.4772678710429,17.8954075780081,10.3752841581801
2083,695,0.035,1,0,1.85252015438501,0.731515887001298,1.35514792392273,0.975843984056026,1,0.918400010988668,1.64672956121853,78.9336773792386,20.2759251960051,14.3218789927354
2084,695,0.05,1,0,1.80289211086875,0.739505757144203,1.33324909549731,1.05562516469811,1,0.91838678749266,1.59456995216502,77.1296585015075,18.9546201398659,12.1338885046498
2085,695,0.075,1,0,1.7265243036627,0.748681045511341,1.29261602076693,1.01021360744424,1,0.918364739651866,1.52939539484451,74.8101214263602,17.5008828397633,10
2086,696,0.035,1,0,1.90030669459519,0.727724061408765,1.38289890571308,0.938700643251794,1,0.918312202202418,1.63826562519024,78.6440609699221,20.0500924484139,13.8038426460289
2087,696,0.05,1,0,1.84609912933119,0.737641027009489,1.36175845772118,1.10850835687129,1,0.918298949387075,1.5834389663962,76.7386912091188,18.6924273926685,11.8032063565173
2088,696,0.075,1,0,1.76195022314464,0.748735952641924,1.31923547883385,1.0266616954232,1,0.918276852653445,1.51430883083231,74.262690758999,17.1895943321946,9.72747223776965
2089,697,0.035,1,0,1.88202333227599,0.668398454500936,1.25794148662797,1.0314067816004,1,0.91914367134517,1.67834279831423,80.0048258735195,21.1651784177506,1.16949939101987
2090,697,0.05,1,0,1.84809772729898,0.683910875559183,1.26393413479598,1.13597051059308,0.998948221330796,0.919130681004355,1.66785739959562,79.6513937244533,20.8617572228391,12.1338885046498
2091,697,0.075,1,0,1.78374816632707,0.705955298689483,1.25924646954624,0.940242338258327,1,0.919109021974185,1.61264132038015,77.7598997013309,19.3942310645364,9.90831944892768
2092,698,0.035,1,0,1.9357975649457,0.655158312519038,1.26825386602829,0.987481318002303,1,0.919035477163166,1.6606143325325,79.4061843310184,20.6572095605562,1.20226443461741
2093,698,0.05,1,0,1.90360904300478,0.673590284406495,1.28225255667636,0.971251271513794,1,0.919022451040915,1.65740658300224,79.2973087791475,20.5678845718738,11.5877735615513
2094,698,0.075,1,0,1.83709497828534,0.700677163330473,1.28721049815363,1.01994255521704,1,0.919000732341159,1.59717901616266,77.2209935120839,19.0169993099306,9.46237161365793
2095,699,0.035,1,0,1.98734084812373,0.63894428094418,1.26980006919541,0.967041882672249,1,0.918927091289044,1.64172127692076,78.7624506573816,20.141713716633,1.22461619926505
2096,699,0.05,1,0,1.95943615774036,0.66015462841495,1.2935308486159,0.930779353624514,1,0.918914029257719,1.64841689611346,78.9912704721435,20.3215292480611,11.0662378397767
2097,699,0.075,1,0,1.89454018433009,0.693082654259557,1.31307293955689,1.0479679249051,1,0.918892250675206,1.58423559047779,76.7667424736148,18.7109847611137,9.1201083935591
2098,700,0.035,1,0,1.87704705741494,0.594585788715742,1.11606550508963,1.02219997022013,1,0.919789777355863,1.67599241348113,79.9257598009387,21.0963885449122,1.15877735615513
2099,700,0.05,1,0,1.86407127099185,0.611609204767386,1.14008314768106,1.0386321054469,1,0.919776986380443,1.68915358945516,80.3673204245665,21.4876175935983,1.14815362149688
2100,700,0.075,1,0,1.83388690161391,0.641096896640807,1.1756992014149,0.986175296495538,0.991748486641819,0.919755659811061,1.66121839017762,79.4266677049325,20.674116155469,9.54992586021436
2101,701,0.035,1,0,1.9208522510805,0.572544273017095,1.09977295566813,0.991242377013874,1,0.919661610408021,1.65416363249636,79.187063898454,20.4783466022696,1.19124200802737
2102,701,0.05,1,0,1.9128136198876,0.590800693779586,1.13009161370064,0.985803469667678,1,0.919648777385814,1.66845311175156,79.6715223347714,20.8787603269801,1.16949939101987
2103,701,0.075,1,0,1.8912891451005,0.623718595823356,1.17963220987804,1.06579251020676,1,0.919627380698864,1.64857596877748,78.9966975729119,20.3258387412262,9.03649473722302
2104,702,0.035,1,0,1.95803089284614,0.548822440866964,1.07461129390474,0.977009200477066,1,0.919533170313397,1.63038345073149,78.3732683388482,19.84402181285,1.22461619926505
2105,702,0.05,1,0,1.95525181616459,0.567629455386911,1.10985852355377,0.963410645358447,1,0.919520295065221,1.64594417142666,78.906853730936,20.2547653192314,1.20226443461741
2106,702,0.075,1,0,1.94464414749862,0.602637153337462,1.17191481330293,1.1116827036153,1,0.91949882796112,1.63769188422971,78.6243853382753,20.03495697461,8.70963589956081
2107,703,0.035,1,0,3.08226540454878,0.628550860464512,1.93736057220913,1.02317846191206,1,0.95411861689353,1.76608619471568,82.8917827108738,24.1366880294751,15.2756605823807
2108,703,0.05,1,0,3.14948491928614,0.649513672445723,2.04563351623796,1.04065386224896,0.996128568372063,0.954110551962608,1.73187328261192,81.78097679678,22.8717359482601,12.9419584144999
2109,703,0.075,1,0,3.32998062152567,0.688599099277712,2.29302165659481,0.980722102760876,1,0.954097104412708,1.68927723443063,80.3714551809821,21.4913643657899,10.5681750921366
2110,704,0.035,1,0,3.11137583428657,0.605773034002435,1.88478757905763,0.987466298652536,1,0.954064655706242,1.75931466421246,82.6734210298027,23.8731809585377,14.4543977074593
2111,704,0.05,1,0,3.18214323969409,0.625526243498641,1.99051410700044,0.956355047061758,1,0.954056571209037,1.72242275583805,81.4708106309814,22.548836695197,12.2461619926505
2112,704,0.075,1,0,3.36828155586451,0.660788110347179,2.22572040441697,1.01086925864504,1,0.954043091027523,1.67591331361155,79.9230973190296,21.0940814155525,10.0925288607668
2113,705,0.035,1,0,3.12902804862458,0.583825449239561,1.82680620617144,0.970810146784285,1,0.95401060124053,1.75366078703509,82.4905377552489,23.6584294786818,14.0604752412991
2114,705,0.05,1,0,3.20112600657011,0.602358388101643,1.92822510142782,0.917360058185063,1,0.954002497114737,1.7147580274931,81.2181876593542,22.2943419770424,11.9124200802738
2115,705,0.075,1,0,3.38609316254023,0.634115195092974,2.14717312636718,1.02438349036701,1,0.953988984195826,1.66516339342182,79.5602918554909,20.7852081682638,9.81747943019984
2116,706,0.035,1,0,2.75774192720214,0.541632272702205,1.49368202755666,1.0139025134834,1,0.954440525824454,1.79565262626454,83.8366594887826,25.3783479779588,1.22461619926505
2117,706,0.05,1,0,2.79610078090413,0.555537494034488,1.55333882089135,1.02715467206948,1,0.954432572068493,1.77387398634121,83.1420103827165,24.4487373565199,12.3594743344451
2118,706,0.075,1,0,2.883844729145,0.57973542984173,1.67186696364769,0.940519347129725,0.997923098736945,0.954419309930697,1.73511094328953,81.8869036740334,22.9847897866256,10
2119,707,0.035,1,0,2.77728274635674,0.516106914083246,1.43337482775882,0.992357009672488,1,0.954373853800081,1.78601346678054,83.5301367975782,24.9559142316916,1.24738351424294
2120,707,0.05,1,0,2.81737995523892,0.529081836662447,1.49062456129377,0.986409796150716,1,0.954365876044749,1.76672835043182,82.9124522651508,24.1620468068712,11.6949939101987
2121,707,0.075,1,0,2.90754904940481,0.550965389641721,1.60195889490774,1.03003421517015,1,0.954352573881717,1.72420134626472,81.5292947556005,22.6088202170595,9.54992586021436
2122,708,0.035,1,0,2.78806137189834,0.492174614789706,1.37221303172413,0.982165515427406,1,0.954307037726862,1.77576155610236,83.2025139436743,24.5258897858949,1.27057410520854
2123,708,0.05,1,0,2.82877534676071,0.504279588057397,1.42649366657141,0.968884384282774,1,0.954299035876048,1.76068978337244,82.7178238919562,23.9261254071023,11.2719745617551
2124,708,0.075,1,0,2.9187588645456,0.524124795262817,1.5297938923015,1.05614901054134,1,0.95428569352635,1.71520196891123,81.23284571816,22.3089089135267,9.20449571753171
2125,709,0.035,1,0,2.52770812634213,0.480856496553555,1.21546487394283,1.01057595587113,1,0.954758248200412,1.79350038100325,83.7683459411481,25.2824175464609,1.21338885046498
2126,709,0.05,1,0,2.55301423542546,0.491160940258355,1.25394087236453,1.01575309510887,1,0.954750403410313,1.80241082400778,84.050694206083,25.685917749338,1.19124200802737
2127,709,0.075,1,0,2.60692298495611,0.508589947304265,1.32585482354511,1.05984062313776,0.997855324196165,0.954737322999533,1.76920909429753,82.9922400159253,24.2606307765293,9.6382902362397
2128,710,0.035,1,0,2.5406578141103,0.453140834051834,1.15127580092625,0.994346276392496,1,0.954679162965693,1.78155152552829,83.38775043188,24.7664201215564,1.23594743344451
2129,710,0.05,1,0,2.5669822145564,0.462682741973558,1.18769836962831,0.991807115083686,1,0.954671289912469,1.79123481862989,83.6963566451086,25.1824523426765,1.21338885046498
2130,710,0.075,1,0,2.62218972890245,0.478410291711545,1.25448255312724,0.971292957986822,1,0.95465816236699,1.76045170664398,82.7101385159988,23.9169386908926,9.1201083935591
2131,711,0.035,1,0,2.5466136221032,0.427583743960104,1.08889058695869,0.986913853982099,1,0.954599872731934,1.76856718265397,82.9716037373862,24.2350263925542,1.27057410520854
2132,711,0.05,1,0,2.57326732455403,0.436442767304549,1.12308391214273,0.981090413014149,1,0.954591971280884,1.77913864280371,83.3106206327683,24.6654617660847,1.24738351424294
2133,711,0.075,1,0,2.62835646773287,0.450713488613264,1.18463571289112,0.941524708122954,1,0.954578796373474,1.75301879902038,82.4697392470709,23.6343368341011,8.79022516830884
2134,712,0.035,1,0,2.81222416489021,0.759614600196579,2.13620653467623,1.03748094365614,1,0.943307444560268,1.71312861565643,81.1643601683545,22.2410552688001,15.4170045294956
2135,712,0.05,1,0,2.84219392821871,0.805697903587777,2.28994968955573,0.999721774861654,0.993390973594393,0.943297705353378,1.67234641047594,79.8029284496474,20.9905742221825,12.9419584144999
2136,712,0.075,1,0,2.55256284944427,0.93639460021985,2.39020606894141,0.979464998735855,1,0.943281466351275,1.62215393697376,78.0894252130783,19.633040037993,10.6659612123026
2137,713,0.035,1,0,2.87117742942438,0.736465120632964,2.11452203191967,0.980793410031497,1,0.943241461204553,1.70511001935951,80.8988343352123,21.9828218294933,14.5881426027535
2138,713,0.05,1,0,2.92306114820914,0.780537040107003,2.28155749667494,1.08883843553582,1,0.943231698739986,1.66123804074103,79.4273339462246,20.6746666021693,12.4738351424294
2139,713,0.075,1,0,3.0180169579401,0.924925933002638,2.79144215064053,1.01164998603722,1,0.943215420950275,1.60662134452803,77.5505694927956,19.2457951391516,10.1859138805412
2140,714,0.035,1,0,2.91288461984721,0.712470367563786,2.07534397577344,0.956094588542703,1,0.943175364965947,1.69843526034413,80.6770048743245,21.7727492100699,14.1905752168909
2141,714,0.05,1,0,2.97869077727101,0.753735903111905,2.24514618309747,1.13283912608951,1,0.943165579170128,1.65226354165172,79.12238822518,20.4262376286428,12.0226443461741
2142,714,0.075,1,0,3.22877089705017,0.874140798329245,2.82240036956967,1.02638101311497,1,0.943149262469541,1.59418856030952,77.1162974543287,18.9455314416038,9.90831944892768
2143,715,0.035,1,0,2.58025876636994,0.635943146620493,1.64089787898041,1.02006048310296,1,0.943700741541759,1.75024674362013,82.3798568468041,23.5309736638155,1.21338885046498
2144,715,0.05,1,0,2.61099137783511,0.661029588953891,1.7259425572525,1.04823616885984,1,0.943691134302178,1.72252737110301,81.4742520443226,22.5523550169482,12.3594743344451
2145,715,0.075,1,0,2.68889494665438,0.714166640109537,1.92031906965967,0.924583027568687,1,0.943675115382352,1.67633918897519,79.9374309541814,21.1065091140064,10.0925288607668
2146,716,0.035,1,0,2.61639444356727,0.610344968880343,1.59690318523777,0.989091046544515,1,0.943619204609678,1.73891181904119,82.0110408802923,23.1191602026258,1.23594743344451
2147,716,0.05,1,0,2.65361551180297,0.634169200273245,1.68284122695276,0.978464983172618,1,0.943609568833175,1.71405155709111,81.1948547869201,22.271203843202,11.8032063565173
2148,716,0.075,1,0,2.74981919215318,0.683257091749934,1.87883346406874,1.02585548900257,1,0.943593502322288,1.66351104338996,79.5043554134529,20.7385337909641,9.6382902362397
2149,717,0.035,1,0,2.64049848041198,0.585229150023044,1.54529668132864,0.974708944699968,1,0.943537493322847,1.72691242585811,81.6183423466254,22.7009449664841,1.25892541179417
2150,717,0.05,1,0,2.68165768760432,0.60758591866259,1.62933744966167,0.952139035711258,1,0.943527828896876,1.70690595117642,80.9583957929511,22.0400913450607,11.3762728582343
2151,717,0.075,1,0,2.78707686499441,0.652164427378059,1.81763238771771,1.05224935617017,1,0.943511714606914,1.65298274651889,79.1468757629736,20.4459310562621,9.28966386779936
2152,718,0.035,1,0,2.39353561912491,0.555297864203439,1.32912521719492,1.0147654858977,1,0.944088981773746,1.74768372221742,82.2966423253486,23.4363532633392,1.20226443461741
2153,718,0.05,1,0,2.4161435081187,0.572271897930503,1.38269103106355,1.0234629251611,1,0.944079503923483,1.7582500883671,82.6390248696604,23.8323870467744,1.18032063565173
2154,718,0.075,1,0,2.46821155141481,0.60454300374361,1.49214002516698,1.02519460793212,0.994919272390646,0.944063700787417,1.71702161937836,81.2928933489833,22.3688366028735,9.72747223776965
2155,719,0.035,1,0,2.41834573864166,0.527505919440048,1.27569169238609,0.992146299520533,1,0.943992251279198,1.73365708221879,81.8393585484599,22.9338654908072,1.23594743344451
2156,719,0.05,1,0,2.44421160085811,0.543484551144388,1.32839124479427,0.988049415228485,1,0.943982739813123,1.74509219959112,82.2123949287617,23.3415877698066,1.21338885046498
2157,719,0.075,1,0,2.50328859983067,0.573186273807614,1.43485066480202,0.943496258068037,1,0.943966880614159,1.70663302049649,80.9493475443498,22.0313672187793,9.20449571753171
2158,720,0.035,1,0,2.43368854017067,0.501052718985867,1.21940626021726,0.981901268653908,1,0.943895272614904,1.7185065982844,81.3418569698496,22.4180067426739,1.25892541179417
2159,720,0.05,1,0,2.46142001112153,0.515992349043796,1.270073893522,0.972695449108498,1,0.943885727373165,1.73089400965423,81.7489043767123,22.8377909215022,1.23594743344451
2160,720,0.075,1,0,2.523858722925,0.543117888428063,1.37075282028577,0.901720744489246,1,0.943869811847098,1.69785839492711,80.6577989582522,21.7547948872334,8.87156012037961
2161,721,0.035,1,0,2.07561244698464,0.82132824117917,1.70475912045149,1.06541623662281,1,0.932741723490618,1.66242135419816,79.4674416640092,20.7078668174096,15.5596563160507
2162,721,0.05,1,0,1.97661356626073,0.826435989261919,1.63354458802121,0.947868062873921,0.991952110026331,0.932730428278224,1.6158432171054,77.8709874064682,19.4740217092853,13.1825673855641
2163,721,0.075,1,0,1.84859827529645,0.827437711558346,1.529599926502,0.978552351020475,1,0.932711595098992,1.55920251186518,75.8800474622626,18.1422717639121,10.7646521362983
2164,722,0.035,1,0,2.14998889675353,0.821456422685917,1.7661221879416,0.970319021308767,1,0.932664247595616,1.65334214571581,79.159109371822,20.4557860496445,14.7231250243272
2165,722,0.05,1,0,2.03331594162774,0.829243145062004,1.6861133063401,1.06199249443936,1,0.932652925830471,1.60334378336044,77.4363411954186,19.1658286704836,12.5892541179417
2166,722,0.075,1,0,1.88629462088691,0.830935333288787,1.56738884948751,1.01224224624861,1,0.932634048369705,1.54190374037292,75.2609873377868,17.7656001654551,10.3752841581801
2167,723,0.035,1,0,2.23731053625951,0.818532432930556,1.83131123646566,0.934130781519162,1,0.93258664051549,1.64579597830248,78.9017912882862,20.2507774717284,14.3218789927354
2168,723,0.05,1,0,2.09993788176768,0.831233645302577,1.74553902037072,1.11032464871436,1,0.932575292114295,1.5933037629639,77.0852913711774,18.9244755620155,12.1338885046498
2169,723,0.075,1,0,1.92829790896229,0.834406000506612,1.60898334600249,1.0279381951763,1,0.932556370233049,1.52815440796362,74.7652411372048,17.4749536264357,10.0925288607668
2170,724,0.035,1,0,2.24011329912133,0.723164047715796,1.61996940073457,1.02846709523505,1,0.933203143384908,1.70734964399847,80.9731025775156,22.0542897993336,1.20226443461741
2171,724,0.05,1,0,2.19055709672055,0.752803492509436,1.64905903295256,1.13281949786517,0.999426075041319,0.933191998630262,1.67330339016905,79.8351897796249,21.0182434371528,12.4738351424294
2172,724,0.075,1,0,2.04894306709686,0.792248078310249,1.62327120747459,0.949160711085764,1,0.933173416364103,1.62058618610222,78.0352223673209,19.5933150244625,10.1859138805412
2173,725,0.035,1,0,2.30917852519998,0.703741297991963,1.6250642926194,0.984741822109496,1,0.933107392423928,1.69459655297605,80.5490976674615,21.65386172336,1.22461619926505
2174,725,0.05,1,0,2.27554191245781,0.737209432314869,1.67755096149172,0.965043927884231,1,0.933096215079799,1.66368841894528,79.5103622251284,20.7435341791793,11.9124200802738
2175,725,0.075,1,0,2.13797894916695,0.790014593256886,1.68903456991791,1.02347602250015,1,0.933077578464389,1.60615267144386,77.5342466756626,19.2343241042072,9.72747223776965
2176,726,0.035,1,0,2.36565918332941,0.681155148357542,1.61138093198412,0.964914312792164,1,0.933011438804566,1.6811612723932,80.0995177130981,21.2482755414357,1.24738351424294
2177,726,0.05,1,0,2.35054141469339,0.716134974320966,1.68330491565182,0.926199950816413,1,0.933000228743208,1.6555986962204,79.2358708967165,20.5178745378939,11.4815362149688
2178,726,0.075,1,0,2.24227541849544,0.782370637417924,1.75429044843482,1.04966326120439,1,0.932981537567121,1.5943788993143,77.1229657845495,18.9500663374646,9.3756200692588
2179,727,0.035,1,0,2.18816260266741,0.626264995635614,1.37036964280952,1.02005384596769,1,0.933658697418132,1.70442743545465,80.8761828215842,21.9611394440517,1.19124200802737
2180,727,0.05,1,0,2.18586065787746,0.64998601337003,1.42077885479616,1.03489987156153,1,0.93364770023337,1.71575574662462,81.2511258451426,22.3271092979659,12.0226443461741
2181,727,0.075,1,0,2.16772182824533,0.696870176640348,1.51062069335646,0.982562281556916,0.99258746685179,0.933629364063749,1.66710303070984,79.6258957726317,20.8402654141409,9.81747943019984
2182,728,0.035,1,0,2.23170104533346,0.600968636966866,1.34118233533158,0.989391956900968,1,0.933545089601254,1.68866650524136,80.3510296067901,21.4728709092406,1.22461619926505
2183,728,0.05,1,0,2.237975914196,0.624638955288873,1.39792693700505,0.982790846929104,1,0.933534054013495,1.70156060028909,80.7809636468159,21.8705741216808,1.20226443461741
2184,728,0.075,1,0,2.24322884790871,0.672806433724995,1.50925880119049,1.07174017965807,1,0.933515653800607,1.65531305430416,79.2261588615057,20.5099948346047,9.28966386779936
2185,729,0.035,1,0,2.2638110518329,0.575109876246996,1.3019400938662,0.975677883442698,1,0.933431193278242,1.67177102082349,79.7835238208591,20.9739733564117,1.24738351424294
2186,729,0.05,1,0,2.27686720479275,0.597976012389866,1.36151197186323,0.961231910883694,1,0.933420119108894,1.68565950637408,80.2503721156108,21.3822976064493,1.22461619926505
2187,729,0.075,1,0,2.30191915184973,0.644645022913999,1.48392072439034,1.11305119666831,1,0.933401654553695,1.64540159623272,78.8883169628594,20.2401720625138,8.95364765549594
