delayPlantCaseID,sensorDelay_s,delayDiskMargin,delayPhaseMargin_deg,delayGainMargin_dB,delayCriticalFrequency_radps
1,0,1.69662194891341,80.6166148232119,21.7164176150637,1.19124200802737
1,0.01,1.66569552190721,79.5782961472277,20.8002838973299,11.2719745617551
1,0.02,1.6190134904383,77.9808067839938,19.553612081927,10.6659612123026
1,0.04,1.53093770031099,74.8658614589133,17.5331905300124,9.6382902362397
1,0.06,1.44889632167053,71.8427635576005,15.9289365875979,8.79022516830884
1,0.08,1.37183832216883,68.8939456150272,14.5959060867127,8.09095899178382
2,0,1.68102023546026,80.0947824404717,21.2441014349488,1.21338885046498
2,0.01,1.65834153990908,79.3290602598063,20.5938413861204,10.6659612123026
2,0.02,1.61141168664692,77.7171921514737,19.363745277689,10.1859138805412
2,0.04,1.52251977546008,74.5611264416562,17.3579610099242,9.20449571753171
2,0.06,1.43932707855057,71.4823782294626,15.7552779462878,8.39459986519397
2,0.08,1.36089198663616,68.4663444122772,14.4176058456943,7.72680585095702
3,0,1.66429451652094,79.5308837275046,20.7606387504852,1.24738351424294
3,0.01,1.65170961068214,79.1035220486653,20.4110948748892,10.2801629812647
3,0.02,1.60443291753504,77.4743195551566,19.1923360616858,9.81747943019984
3,0.04,1.51464470907965,74.274921777209,17.1964332203472,8.87156012037961
3,0.06,1.43036275897079,71.1432882561992,15.5948334911273,8.09095899178382
3,0.08,1.35069461535599,68.0660367723645,14.2537168655121,7.51622894018205
4,0,1.68963208263015,80.3833201017708,21.5021247988891,1.18032063565173
4,0.01,1.6975145654556,80.6463490433309,21.7441085275868,1.16949939101987
4,0.02,1.68093230506027,80.091830037248,21.2414999139025,10.2801629812647
4,0.04,1.6065101580502,77.5466974586866,19.2430726869931,9.20449571753171
4,0.06,1.536629400646,75.0712047951617,17.6532215685682,8.39459986519397
4,0.08,1.47051317793017,72.6508605327834,16.3307708400139,7.72680585095702
5,0,1.66893986737242,79.6879650176959,20.8926741835933,1.21338885046498
5,0.01,1.67760428790603,79.979992515089,21.1435148022348,1.20226443461741
5,0.02,1.67628451913551,79.9355911061798,21.1049129299814,9.72747223776965
5,0.04,1.60133527504331,77.3662510888206,19.1171149051949,8.79022516830884
5,0.06,1.53059142185122,74.8533503170654,17.5259287978044,8.01678063387679
5,0.08,1.46334096402887,72.3836654428308,16.1959360707656,7.37904230129101
6,0,1.64616499827739,78.9143967399059,20.2607105228418,1.24738351424294
6,0.01,1.65570887865434,79.2396168163205,20.520915607034,1.23594743344451
6,0.02,1.66496211429711,79.5534804524429,20.77951140483,1.22461619926505
6,0.04,1.59587214428012,77.1752586170252,18.9857090986907,8.39459986519397
6,0.06,1.52422930106163,74.6231126576477,17.3933293166227,7.72680585095702
6,0.08,1.45589769149959,72.105404928174,16.0576061721825,7.11213513653329
7,0,1.68221693318855,80.1349507626907,21.2795723778116,1.16949939101987
7,0.01,1.69012890343934,80.3999286184044,21.5172093633926,1.15877735615513
7,0.02,1.6978148304848,80.6563483199169,21.7534402690552,1.14815362149688
7,0.04,1.66115570240534,79.424542268289,20.6723603547892,8.95364765549594
7,0.06,1.60041036840897,77.3339518890595,19.0947558584731,8.16582371358592
7,0.08,1.54267248856077,75.2886082348053,17.7820735342778,7.44731973905989
8,0,1.65597123189791,79.2485353363508,20.5281601875792,1.20226443461741
8,0.01,1.66484026781275,79.5493567687197,20.7760643185707,1.19124200802737
8,0.02,1.67344970217797,79.840120854643,21.0224802712904,1.18032063565173
8,0.04,1.65838240482117,79.3304477145959,20.5949773695274,8.47227414140596
8,0.06,1.59705996600272,77.2168284748782,19.0141451837939,7.72680585095702
8,0.08,1.53846895929332,75.1374511791674,17.6922894988429,7.11213513653329
9,0,1.62614715196782,78.2272974916851,19.7348946132237,1.24738351424294
9,0.01,1.63617244903638,78.5722517271763,19.9949777762148,1.23594743344451
9,0.02,1.64589841176957,78.90529056922,20.2535337751569,1.22461619926505
9,0.04,1.65475542750651,79.2071952133238,20.494629197164,8.16582371358592
9,0.06,1.59276745704759,77.0664910150571,18.9117326403941,7.44731973905989
9,0.08,1.53332672912301,74.9521208060092,17.5834174359874,6.85488226452662
10,0,1.63497494355435,78.531136539522,19.9635748950773,1.16949939101987
10,0.01,1.59383601106322,77.1039446217881,18.9371368095638,11.4815362149688
10,0.02,1.538662028585,75.1444005972796,17.6963976858154,10.8642562361707
10,0.04,1.43557521530355,71.3406330758374,15.6878677006381,9.81747943019984
10,0.06,1.34073873509932,67.6733782300164,14.095699065275,8.95364765549594
10,0.08,1.25271814582249,64.1226895905382,12.7752399163441,8.24138115013002
11,0,1.61742347371612,77.9257493266687,19.5136206577473,1.20226443461741
11,0.01,1.58547198787092,76.8102577975837,18.7398490020784,10.8642562361707
11,0.02,1.53014817960811,74.8373327940025,17.5166404331909,10.2801629812647
11,0.04,1.4264101143695,70.9933153557413,15.5247571752271,9.3756200692588
11,0.06,1.33058524246905,67.2710592906899,13.9365054213304,8.55066712884683
11,0.08,1.24134680249928,63.6535485813759,12.6136441509231,7.94328234724282
12,0,1.59882614715074,77.2785945126476,19.0565649548163,1.22461619926505
12,0.01,1.57795585480119,76.5453209385462,18.5655419597868,10.471285480509
12,0.02,1.52235394110765,74.5551106846156,17.3545358978725,10
12,0.04,1.41783973326857,70.6671705410947,15.3741826672091,9.03649473722302
12,0.06,1.32105866909736,66.8918642924566,13.7888860087723,8.31763771102671
12,0.08,1.23072847890255,63.2133109157879,12.4644161024023,7.72680585095702
13,0,1.62695816680493,78.2552662007349,19.7557001964047,1.15877735615513
13,0.01,1.63591644535112,78.5634641169028,19.9882566353348,1.14815362149688
13,0.02,1.61132974952177,77.7143454052535,19.3617169065176,10.3752841581801
13,0.04,1.52322309841356,74.5866346301038,17.3724987516273,9.3756200692588
13,0.06,1.44138685337274,71.5600892615737,15.7924468590795,8.55066712884683
13,0.08,1.36475022535259,68.617309198512,14.4801662245346,7.87045789695099
14,0,1.60383691552745,77.4535393287669,19.1778225048592,1.19124200802737
14,0.01,1.61357235617021,77.7922193034067,19.4173713656814,1.18032063565173
14,0.02,1.60608567867855,77.5319131649689,19.2326854123712,9.81747943019984
14,0.04,1.51754603297502,74.3804913131085,17.2556781566404,8.87156012037961
14,0.06,1.43491596827215,71.315700726318,15.6760616374537,8.16582371358592
14,0.08,1.3572052832499,68.3218381160245,14.3581119866884,7.51622894018205
15,0,1.57877161180629,76.57412251777,18.5843270285281,1.22461619926505
15,0.01,1.58936564110844,76.9471249106236,18.8312483219307,1.21338885046498
15,0.02,1.5996727635921,77.3081831169714,19.0769576709184,1.20226443461741
15,0.04,1.51149274927777,74.160065246726,17.1324152366464,8.55066712884683
15,0.06,1.42802029368757,71.0544432986043,15.5532552768767,7.87045789695099
15,0.08,1.34931716483783,68.0118182159675,14.2317384970306,7.2443596007499
16,0,1.618457062371,77.9615442362699,19.5396000874194,1.14815362149688
16,0.01,1.62743947360147,78.2718593279031,19.7680667222034,1.13762728582343
16,0.02,1.63619329126281,78.572967111169,19.995525157,1.12719745617551
16,0.04,1.58741853548703,76.8787139842579,18.7854466921352,9.03649473722302
16,0.06,1.51557277146596,74.3087069239707,17.2153509260963,8.24138115013002
16,0.08,1.44788879065631,71.8048962041057,15.9105336984859,7.58577575029184
17,0,1.58928583471825,76.9443222137469,18.8293672664368,1.19124200802737
17,0.01,1.59923536448469,77.2928978745791,19.0664171211179,1.18032063565173
17,0.02,1.60892634660407,77.6307931310988,19.3023892045327,1.16949939101987
17,0.04,1.58438292338284,76.7719292675899,18.7144203265694,8.6297854776697
17,0.06,1.5120056619698,74.1787675088591,17.1428084855433,7.87045789695099
17,0.08,1.44350557392911,71.6399450184777,15.8307994313863,7.2443596007499
18,0,1.55685126743525,75.7962092784021,18.0903238733133,1.22461619926505
18,0.01,1.56787739433501,76.1885413909439,18.336058715665,1.21338885046498
18,0.02,1.57861610087411,76.5686328420833,18.5807434833223,1.20226443461741
18,0.04,1.58033052565748,76.629130640401,18.6203148074936,8.31763771102671
18,0.06,1.50730458484211,74.0071800580662,17.0478992408907,7.58577575029184
18,0.08,1.43797665383831,71.4313883007237,15.7309713379407,6.98232404077171
19,0,1.57891020750476,76.5790147206134,18.587521768247,1.15877735615513
19,0.01,1.52647600024626,74.704498764606,17.4399787438028,11.5877735615513
19,0.02,1.46384336394512,72.4024117253006,16.205331184075,10.9647819614319
19,0.04,1.34785577359585,67.9542577573188,14.2084617300508,10
19,0.06,1.24236152074931,63.6955095750419,12.6279882604851,9.1201083935591
19,0.08,1.14546841949673,59.6024859493936,11.3191442373079,8.47227414140596
20,0,1.56004729780888,75.9101466133275,18.1609955689093,1.18032063565173
20,0.01,1.51742022667784,74.3759166978433,17.2531028309796,11.0662378397767
20,0.02,1.45476392251012,72.0629333306171,16.0366758186374,10.471285480509
20,0.04,1.33835077966499,67.5789282512282,14.0580832695339,9.54992586021436
20,0.06,1.23207158420673,63.2691118137401,12.4832046567695,8.79022516830884
20,0.08,1.13414787538154,59.112884537493,11.1735151309558,8.16582371358592
21,0,1.54025423742715,75.2016865197296,17.7303343238647,1.20226443461741
21,0.01,1.50927963837572,74.0793159781312,17.0876779569129,10.6659612123026
21,0.02,1.44643360916839,71.750172220551,15.8840040455839,10.1859138805412
21,0.04,1.32944469670457,67.225748740765,13.9187440776766,9.28966386779936
21,0.06,1.22237722078514,62.8655970008006,12.3481480951852,8.55066712884683
21,0.08,1.12352102061923,58.6511150696083,11.038058562825,7.94328234724282
22,0,1.57009106213011,76.2670554663163,18.3860563904749,1.14815362149688
22,0.01,1.57987235700803,76.6129679443486,18.6097256845779,1.13762728582343
22,0.02,1.54565730683738,75.3957545840907,17.8462642009028,10.471285480509
22,0.04,1.44547741606138,71.7141927475608,15.8666033866065,9.46237161365793
22,0.06,1.35335821215022,68.1707817978572,14.2963236307264,8.70963589956081
22,0.08,1.26789807560132,64.7452291159343,12.9939390833267,8.01678063387679
23,0,1.54541903894969,75.3872071365757,17.8411266014009,1.16949939101987
23,0.01,1.55592052773171,75.76299553915,18.0698269603293,1.15877735615513
23,0.02,1.54001892989956,75.1932231898907,17.7253125026398,10
23,0.04,1.43955634601602,71.4910317699779,15.7594094486138,9.03649473722302
23,0.06,1.34677159014184,67.9115293504687,14.1912201828271,8.31763771102671
23,0.08,1.26038122952886,64.4374907578865,12.885209195522,7.65596606911256
24,0,1.51895863817421,74.4318379648049,17.2846348368962,1.20226443461741
24,0.01,1.53025110944955,74.8410526932792,17.5187967024711,1.19124200802737
24,0.02,1.53413095151203,74.9811360437333,17.6003755979286,9.6382902362397
24,0.04,1.43317680810121,71.2498893042467,15.644971175096,8.70963589956081
24,0.06,1.33966031654651,67.6307368254705,14.0786979779918,8.01678063387679
24,0.08,1.25239111941477,64.1092310934236,12.7705662998405,7.44731973905989
25,0,1.5607418713135,75.9348845614719,18.1764136890643,1.13762728582343
25,0.01,1.5705177134845,76.2821781801228,18.3957187077991,1.12719745617551
25,0.02,1.58007397989545,76.6200809862052,18.6143843050388,1.11686324778056
25,0.04,1.51782740829824,74.3907217840222,17.261440165708,9.20449571753171
25,0.06,1.43621933327041,71.364985733533,15.6994139619815,8.39459986519397
25,0.08,1.35998655944119,68.4308776718083,14.4029689136955,7.72680585095702
26,0,1.52975045922311,74.8229573855627,17.508312465792,1.16949939101987
26,0.01,1.54042195254467,75.2077181588711,17.733914985331,1.15877735615513
26,0.02,1.55085243144384,75.5818758486687,17.9588714201502,1.14815362149688
26,0.04,1.51470510199919,74.2771207777962,17.1976633260033,8.70963589956081
26,0.06,1.43265708905115,71.2302121368985,15.6356957676526,8.01678063387679
26,0.08,1.35567478300748,68.2617749222865,14.33349471261,7.37904230129101
27,0,1.49589662625806,73.5891792119666,16.8207795612998,1.20226443461741
27,0.01,1.50754739195841,74.0160519229751,17.052782117019,1.19124200802737
27,0.02,1.51893739965773,74.4310662266247,17.2841989301231,1.18032063565173
27,0.04,1.51038791620927,74.1197641995007,17.1100596624793,8.39459986519397
27,0.06,1.42775315959246,71.0443051897948,15.5485227276423,7.72680585095702
27,0.08,1.35002512934375,68.0396891059386,14.2430299706483,7.11213513653329
28,0,1.72012647279696,81.3952274796264,22.4719176725164,12.3594743344451
28,0.01,1.67148599657564,79.7739095348661,20.9657597865966,11.6949939101987
28,0.02,1.62473469878142,78.1785610277288,19.6987563171508,10.9647819614319
28,0.04,1.53635337018971,75.061259275224,17.6473709619474,9.90831944892768
28,0.06,1.45381635215205,72.0274192573881,16.0192109531925,9.03649473722302
28,0.08,1.37610145934535,69.0598887958656,14.6660303975794,8.31763771102671
29,0,1.71381096105683,81.1869066687797,22.2633359488258,11.8032063565173
29,0.01,1.66506620217032,79.5570029309875,20.7824569950403,11.0662378397767
29,0.02,1.61809606432156,77.9490443237904,19.530519193578,10.471285480509
29,0.04,1.52894560737388,74.7938579677164,17.4914781304724,9.46237161365793
29,0.06,1.44530067820614,71.707540696603,15.8633898949917,8.6297854776697
29,0.08,1.36622835440624,68.6750734929258,14.5042153699392,8.01678063387679
30,0,1.70847146124455,81.0102723217991,22.0902773085985,11.3762728582343
30,0.01,1.65950618326558,79.3685915804277,20.6262651127068,10.7646521362983
30,0.02,1.61223403198434,77.7457566320311,19.3841237808214,10.1859138805412
30,0.04,1.52228031078627,74.5524395391132,17.3530154803379,9.20449571753171
30,0.06,1.43760510377328,71.4173534239385,15.7242922938353,8.39459986519397
30,0.08,1.35735446143112,68.3276902042941,14.3605139709665,7.79830110523259
31,0,1.73081119295451,81.7461913128965,22.8349254641887,1.21338885046498
31,0.01,1.72408189772241,81.5253686252046,22.6047805758631,11.1686324778056
31,0.02,1.68479958513111,80.2215593272154,21.3565418256813,10.471285480509
31,0.04,1.61002257437172,77.6689147312464,19.3294089927273,9.46237161365793
31,0.06,1.53961116932176,75.1785549439302,17.7166155605856,8.6297854776697
31,0.08,1.47278469986764,72.735293804397,16.3737970834938,7.94328234724282
32,0,1.71751241869392,81.3090802565017,22.3850613567509,1.23594743344451
32,0.01,1.72022938976075,81.3986168731601,22.4753525843415,10.5681750921366
32,0.02,1.68085481888147,80.0892282093952,21.2392079397322,10
32,0.04,1.60560045402812,77.5150094061119,19.2208238687167,9.03649473722302
32,0.06,1.53434300468831,74.9887847535604,17.6048512716071,8.24138115013002
32,0.08,1.46638341190679,72.4971210250576,16.2529455216504,7.58577575029184
33,0,1.70331242071754,80.8391646899702,21.9258197329796,1.27057410520854
33,0.01,1.71133922820938,81.1051979508701,22.1828576720319,1.24738351424294
33,0.02,1.67690179293108,79.9563618400878,21.1229496465024,9.6382902362397
33,0.04,1.60104342369651,77.3560607528892,19.1100546026368,8.70963589956081
33,0.06,1.52895483786936,74.7941917603353,17.491671054792,7.94328234724282
33,0.08,1.45997703213283,72.2580298031821,16.1332196914512,7.31139083483417
34,0,1.72408198741597,81.5253715734116,22.6047836086105,1.20226443461741
34,0.01,1.73104407388158,81.7538201771401,22.8429852281089,1.19124200802737
34,0.02,1.72832308129521,81.6646292486955,22.7492159315426,10.1859138805412
34,0.04,1.66362749992445,79.5082992654981,20.7418165431639,9.1201083935591
34,0.06,1.60235543046398,77.4018596265776,19.1418300979969,8.31763771102671
34,0.08,1.54391385610814,75.3331885329788,17.8087255666196,7.65596606911256
35,0,1.70719604571079,80.9680117240656,22.0493723134762,1.23594743344451
35,0.01,1.71486000937334,81.2215551818204,22.2976864295889,1.22461619926505
35,0.02,1.72224505163062,81.4649644830213,22.5428631268076,1.20226443461741
35,0.04,1.66139852826796,79.432774944617,20.6791632239017,8.70963589956081
35,0.06,1.5995841133909,77.3050854321791,19.0748205301485,7.94328234724282
35,0.08,1.54031136818183,75.2037412021698,17.731553918637,7.31139083483417
36,0,1.68872000563754,80.3528191502048,21.4744896236239,1.27057410520854
36,0.01,1.6971735940663,80.6349923875696,21.7335220072074,1.25892541179417
36,0.02,1.70532348254277,80.9059165338455,21.9896120030872,1.23594743344451
36,0.04,1.65847465873371,79.3335798379813,20.5975423433233,8.39459986519397
36,0.06,1.59604512242781,77.18131378166,18.9898455224875,7.65596606911256
36,0.08,1.53596157901383,75.0471405594173,17.6390719419335,7.04693068967147
37,0,1.65849958023435,79.3344259264099,20.5982353539108,12.4738351424294
37,0.01,1.60053017144458,77.3381364218608,19.0976494271376,11.8032063565173
37,0.02,1.54521116050233,75.3797490526651,17.8366461848053,11.1686324778056
37,0.04,1.44165429857016,71.5701738469843,15.7972813590454,10.0925288607668
37,0.06,1.34613995823831,67.886626411366,14.1811860854134,9.20449571753171
37,0.08,1.25727673044709,64.3100881915132,12.8405525231908,8.47227414140596
38,0,1.65118639524369,79.08569729084,20.396811783106,11.9124200802738
38,0.01,1.59322983077803,77.0826999494058,18.9227180077022,11.2719745617551
38,0.02,1.53776935271526,75.1122638104088,17.6774155648259,10.6659612123026
38,0.04,1.43357273298249,71.2648762315255,15.6520419984759,9.6382902362397
38,0.06,1.33709097535345,67.5290576191981,14.038282301675,8.87156012037961
38,0.08,1.24697486711491,63.8860417871214,12.6933891123563,8.16582371358592
39,0,1.64502308715312,78.8753824965381,20.2300035061185,11.4815362149688
39,0.01,1.58689193367412,76.8602008529938,18.7730923464977,10.8642562361707
39,0.02,1.53119217255915,74.8750542826741,17.5385299775372,10.2801629812647
39,0.04,1.42629184810663,70.9888237269988,15.5226666420227,9.3756200692588
39,0.06,1.3288959791351,67.2039413051245,13.9102076746585,8.6297854776697
39,0.08,1.23771772282122,63.5033213993158,12.5624631971939,7.94328234724282
40,0,1.67371130580114,79.8489366560139,21.0300599783756,1.19124200802737
40,0.01,1.66277947988148,79.4795755266544,20.7179355712093,11.2719745617551
40,0.02,1.61584322916576,77.870987824567,19.4740220109444,10.6659612123026
40,0.04,1.52726096824696,74.7329132508899,17.4563226249831,9.54992586021436
40,0.06,1.44474123042393,71.6864805478766,15.853223536195,8.70963589956081
40,0.08,1.3672415338283,68.7146449020031,14.5207261003697,8.01678063387679
41,0,1.65846938327832,79.3334007342053,20.5973956507165,1.22461619926505
41,0.01,1.65835870234877,79.3296429662551,20.5943184612579,10.6659612123026
41,0.02,1.6113964437408,77.7166625749435,19.3633679073713,10.0925288607668
41,0.04,1.52241283538303,74.5572471706737,17.3557521716226,9.1201083935591
41,0.06,1.43911904671139,71.474525398825,15.7515303429044,8.31763771102671
41,0.08,1.36053425791611,68.4523335056269,14.4118208787091,7.72680585095702
42,0,1.64233718244804,78.7835303570589,20.1581270769773,1.24738351424294
42,0.01,1.65150823066317,79.0966620322899,20.4055951698096,1.23594743344451
42,0.02,1.60690601946625,77.5604822499556,19.2527686622146,9.81747943019984
42,0.04,1.51736979756116,74.37408289778,17.2520706812332,8.87156012037961
42,0.06,1.43328063935573,71.2538198959877,15.6468250986878,8.09095899178382
42,0.08,1.3537610012689,68.1866100745506,14.3027789469838,7.44731973905989
43,0,1.66588064880343,79.5845587153531,20.8055338398039,1.19124200802737
43,0.01,1.67394576406645,79.8568367193513,21.0368578821933,1.18032063565173
43,0.02,1.66756687409537,79.641574973508,20.8534749628373,10.2801629812647
43,0.04,1.59029882167537,76.9798889173258,18.8532676706923,9.28966386779936
43,0.06,1.51781801918023,74.3903804292532,17.2612478483877,8.39459986519397
43,0.08,1.44930683054404,71.8581870522466,15.9364427740934,7.72680585095702
44,0,1.64663779689325,78.9305438585926,20.2734507021287,1.22461619926505
44,0.01,1.65542584240049,79.2299939025249,20.5131054943964,1.20226443461741
44,0.02,1.66391670151328,79.5180922286149,20.7499732114154,1.19124200802737
44,0.04,1.58789487576216,76.8954560400058,18.7966339031207,8.79022516830884
44,0.06,1.51489605218663,74.2840731520271,17.2015535394223,8.01678063387679
44,0.08,1.44557198815598,71.7177520183103,15.868323272904,7.37904230129101
45,0,1.62582208726848,78.2160841724909,19.7265668433947,1.25892541179417
45,0.01,1.63540426215778,78.5458795513477,19.9748224928476,1.23594743344451
45,0.02,1.64467392263681,78.8634486668241,20.2206319587804,1.22461619926505
45,0.04,1.58463064590122,76.7806493979502,18.7201992435173,8.55066712884683
45,0.06,1.51103592081823,74.1434040905162,17.123166340129,7.79830110523259
45,0.08,1.44091893069194,71.5424421722837,15.7839930693791,7.17794291271362
46,0,1.60022207959772,77.3273747609035,19.0902097305527,12.5892541179417
46,0.01,1.53390152067405,74.9728596433783,17.5955351364085,11.9124200802738
46,0.02,1.47103024731339,72.6700882329144,16.3405511822706,11.2719745617551
46,0.04,1.35440211340247,68.2117975519661,14.3130604597981,10.2801629812647
46,0.06,1.24804290344383,63.9300957164075,12.708573897782,9.3756200692588
46,0.08,1.15015592416407,59.804517436214,11.3798559875284,8.70963589956081
47,0,1.59213696334291,77.0443825947632,18.8967707803113,12.0226443461741
47,0.01,1.52596873999198,74.6861310964925,17.429429509877,11.3762728582343
47,0.02,1.46308275924906,72.3740291811446,16.1911104119585,10.8642562361707
47,0.04,1.34600898993112,67.881461897206,14.1791065006806,9.81747943019984
47,0.06,1.23885122261178,63.5502692862766,12.5784288985792,9.03649473722302
47,0.08,1.139875864695,59.3609119387532,11.2470268856952,8.39459986519397
48,0,1.58533273967777,76.8053582302415,18.7365943906254,11.6949939101987
48,0.01,1.51908316900606,74.4363628488227,17.2871910858099,11.0662378397767
48,0.02,1.45602990391088,72.1103561849562,16.0600493188607,10.471285480509
48,0.04,1.33841376469719,67.5814208156023,14.059074029513,9.54992586021436
48,0.06,1.23049681194594,63.2036826546135,12.4611778666631,8.79022516830884
48,0.08,1.13060627764636,58.9592246143992,11.1282390365537,8.16582371358592
49,0,1.6207976476067,78.0425357856171,19.5986646324182,1.18032063565173
49,0.01,1.60452474714613,77.4775207521057,19.1945739831127,11.3762728582343
49,0.02,1.55068999432954,75.5760634402626,17.9553333267022,10.7646521362983
49,0.04,1.44990644195746,71.8807100351746,15.9474151698344,9.72747223776965
49,0.06,1.35697149129332,68.3126659107605,14.3543485048744,8.87156012037961
49,0.08,1.27053310164508,64.852859373186,13.0322591947646,8.16582371358592
50,0,1.6041463034194,77.4643272121012,19.1853541434602,1.20226443461741
50,0.01,1.59969974259193,77.3091258117376,19.0776081524793,10.8642562361707
50,0.02,1.54592482848662,75.4053502853787,17.8520353783826,10.2801629812647
50,0.04,1.44487347526325,71.6914593474688,15.8556259310443,9.28966386779936
50,0.06,1.35128762872753,68.0893680210856,14.2631904622682,8.47227414140596
50,0.08,1.2638639729061,64.5802035503843,12.9354795504098,7.87045789695099
51,0,1.5865996289001,76.8499225829712,18.7662407412854,1.23594743344451
51,0.01,1.59493929283138,77.1425950002131,18.9634288867972,10.471285480509
51,0.02,1.54105308540952,75.2304115853968,17.7473996594071,9.90831944892768
51,0.04,1.43956458152551,71.4913425960362,15.7595578824997,9.03649473722302
51,0.06,1.34527420669163,67.8524811501005,14.1674454285994,8.24138115013002
51,0.08,1.25701098597275,64.2991742730344,12.8367366240588,7.65596606911256
52,0,1.61210691482257,77.7413419185712,19.3809711771214,1.18032063565173
52,0.01,1.6210444472035,78.0510704189294,19.6049116111983,1.15877735615513
52,0.02,1.60963786674813,77.6555387501578,19.3199190253792,10.3752841581801
52,0.04,1.52103907909152,74.507396124538,17.3274153010396,9.3756200692588
52,0.06,1.43868680512799,71.4582065739416,15.7437474161797,8.55066712884683
52,0.08,1.36151751172876,68.490838307812,14.4277277544105,7.87045789695099
53,0,1.59111495593899,77.008531217021,18.8725616429091,1.20226443461741
53,0.01,1.60075044878028,77.3458297267349,19.1029717370266,1.19124200802737
53,0.02,1.60724599787265,77.572318941685,19.2611028218675,9.90831944892768
53,0.04,1.51860767851762,74.4190842268176,17.277433747728,8.95364765549594
53,0.06,1.43580984996691,71.3495049474144,15.6920724139298,8.16582371358592
53,0.08,1.35789409676319,68.3488560894503,14.369206646757,7.51622894018205
54,0,1.56867206111993,76.2167362384942,18.3539810144278,1.23594743344451
54,0.01,1.57910330158601,76.5858300780369,18.5919742856036,1.22461619926505
54,0.02,1.58924764372237,76.9429809569801,18.8284672101402,1.21338885046498
54,0.04,1.51514114290033,74.2929958118513,17.2065486884613,8.6297854776697
54,0.06,1.43182178641162,71.1985764629363,15.6208029997917,7.87045789695099
54,0.08,1.35317157213862,68.1634464609572,14.2933335373258,7.31139083483417
55,0,1.72580323166717,81.581924402927,22.6631516630037,12.7057410520854
55,0.01,1.67722895323883,79.9673679447898,21.1325220054231,12.0226443461741
55,0.02,1.63051025918682,78.3776331329596,19.8473056796147,11.2719745617551
55,0.04,1.54204558338928,75.2660844883035,17.7686378824119,10.1859138805412
55,0.06,1.45928818406418,72.232277964946,16.120417666223,9.28966386779936
55,0.08,1.3812526312281,69.2599585636526,14.7512851061175,8.55066712884683
56,0,1.72033408833608,81.4020647640607,22.4788481577354,12.1338885046498
56,0.01,1.67170808665056,79.7814010748807,20.972159218058,11.4815362149688
56,0.02,1.62480840903184,78.1811052210584,19.7006392107993,10.8642562361707
56,0.04,1.53566390571034,75.036411719725,17.6327706191392,9.81747943019984
56,0.06,1.45185110279775,71.9537124677792,15.9830701849235,8.95364765549594
56,0.08,1.3725089127821,68.9200703292915,14.6069108907973,8.24138115013002
57,0,1.71592105950646,81.2565818313678,22.3325487957345,11.8032063565173
57,0.01,1.66713874634702,79.6271031879522,20.8412819458508,11.1686324778056
57,0.02,1.61999490625875,78.0147688768166,19.5783708263673,10.471285480509
57,0.04,1.53016094760328,74.8377942412239,17.5169078866839,9.54992586021436
57,0.06,1.4454351514245,71.7126020439524,15.8658348423026,8.70963589956081
57,0.08,1.36502651669693,68.6281095009107,14.4846580291558,8.01678063387679
58,0,1.76092793182786,82.7255106755062,23.9353234567001,1.22461619926505
58,0.01,1.72804938500869,81.6556511591983,22.7398322299191,11.3762728582343
58,0.02,1.68872173670982,80.3528770523338,21.4745420034083,10.7646521362983
58,0.04,1.61376889300856,77.7990399247282,19.422262526865,9.72747223776965
58,0.06,1.54300789664678,75.3006561319314,17.7892684918928,8.79022516830884
58,0.08,1.47569474848232,72.8433276120808,16.4291484003593,8.09095899178382
59,0,1.7519032610038,82.433583377005,23.5926115220771,1.24738351424294
59,0.01,1.72484457865684,81.5504330464247,22.6306016440441,10.8642562361707
59,0.02,1.68547261141035,80.244110993231,21.3766943785128,10.2801629812647
59,0.04,1.61009476316061,77.6714243985158,19.3311906760926,9.28966386779936
59,0.06,1.53855258053186,75.1404611571579,17.694068633432,8.47227414140596
59,0.08,1.47016575058767,72.637938462361,16.3242038140741,7.79830110523259
60,0,1.74246726870433,82.1269511389079,23.2465115379052,1.27057410520854
60,0.01,1.72183335345114,81.4514183815737,22.529037372761,10.5681750921366
60,0.02,1.68231651855961,80.1382923753632,21.2825296541328,10
60,0.04,1.60644052966162,77.544272564928,19.2413681527589,8.95364765549594
60,0.06,1.53417060456493,74.9825663798711,17.6012123956317,8.16582371358592
60,0.08,1.46486141845415,72.4403851067428,16.2243921195645,7.58577575029184
61,0,1.75503302086774,82.5349718743345,23.7101242763672,1.22461619926505
61,0.01,1.76119403459365,82.7340986740825,23.9456113459752,1.21338885046498
61,0.02,1.73119031129605,81.7586102677493,22.8480496617392,10.3752841581801
61,0.04,1.66626015941217,79.5973952137025,20.8163045055621,9.3756200692588
61,0.06,1.60462358085429,77.4809659528376,19.1969831139315,8.47227414140596
61,0.08,1.54565674815281,75.3957345434024,17.846252151641,7.79830110523259
62,0,1.74358796236954,82.1634442861151,23.2869926443239,1.24738351424294
62,0.01,1.75022407146677,82.3791212052259,23.5301326993057,1.23594743344451
62,0.02,1.72968595207199,81.709317555109,22.7960729735896,9.90831944892768
62,0.04,1.66460295812728,79.5413247232694,20.7693539985789,8.95364765549594
62,0.06,1.60246781112069,77.405781191069,19.1445561795835,8.09095899178382
62,0.08,1.5427085545254,75.2899038221884,17.7828469774905,7.44731973905989
63,0,1.73139129093005,81.7651929057167,22.8550140782525,1.28233058265602
63,0.01,1.73860883433017,82.0011539176544,23.1083824477931,1.25892541179417
63,0.02,1.72775758658793,81.6460779244107,22.7298375328391,9.6382902362397
63,0.04,1.66236441876519,79.4655124049889,20.7062669632078,8.6297854776697
63,0.06,1.59968938366008,77.3087638534993,19.077358387161,7.87045789695099
63,0.08,1.53920825686721,75.1640582580323,17.7080286013439,7.2443596007499
64,0,1.66516174309163,79.560236010095,20.7851614466431,12.8233058265602
64,0.01,1.60720536036649,77.5709042092431,19.260106304329,12.1338885046498
64,0.02,1.55184593011457,75.6174157808132,17.9805354829397,11.4815362149688
64,0.04,1.44806360866517,71.8114679171701,15.913724783753,10.3752841581801
64,0.06,1.35216114924938,68.123723727441,14.2771579881073,9.46237161365793
64,0.08,1.26279500586199,64.5364242187879,12.9200304047881,8.70963589956081
65,0,1.65881782715663,79.3452295429956,20.6070891151796,12.2461619926505
65,0.01,1.60090359464891,77.3511779416966,19.1066735646782,11.5877735615513
65,0.02,1.54543809263026,75.3878906905918,17.8415373558709,10.9647819614319
65,0.04,1.44107698841459,71.5484035497272,15.7868479780047,9.90831944892768
65,0.06,1.34423235701424,67.8113724203702,14.1509292148801,9.1201083935591
65,0.08,1.2536787465081,64.1622108561229,12.7889772191321,8.39459986519397
66,0,1.65370022847639,79.1712960233188,20.4656141466327,11.9124200802738
66,0.01,1.59567853453074,77.1684806298129,18.9810811751644,11.2719745617551
66,0.02,1.54001589781508,75.1931141283167,17.7252478079244,10.6659612123026
66,0.04,1.43505763933517,71.3210593025235,15.6785977690736,9.6382902362397
66,0.06,1.33737752833627,67.5404036607649,14.0427835449886,8.87156012037961
66,0.08,1.24581353840583,63.8381157932896,12.676896705257,8.24138115013002
67,0,1.70860652485955,81.0147460648961,22.0946187042241,1.21338885046498
67,0.01,1.66745326715133,79.637735072511,20.8502380621925,11.4815362149688
67,0.02,1.62043233363915,78.0299008883368,19.589424502142,10.8642562361707
67,0.04,1.53155345180963,74.8881035758419,17.5461148151378,9.81747943019984
67,0.06,1.44856639308479,71.830365416568,15.9229072222655,8.95364765549594
67,0.08,1.37044746909136,68.8397350253681,14.573111770385,8.24138115013002
68,0,1.69808109228763,80.6652139988903,21.7617223720303,1.23594743344451
68,0.01,1.66377816222802,79.513401176022,20.7460650415432,10.9647819614319
68,0.02,1.61677094456001,77.9031418299817,19.497251527567,10.3752841581801
68,0.04,1.52754695535141,74.7432628167688,17.4622830260764,9.3756200692588
68,0.06,1.44382834436048,71.6521033706884,15.8366528832888,8.55066712884683
68,0.08,1.36467931830048,68.6145371988786,14.4790137091878,7.94328234724282
69,0,1.68713071503557,80.2996385852617,21.4265120943679,1.25892541179417
69,0.01,1.66030381932685,79.3956525750361,20.6485294207785,10.6659612123026
69,0.02,1.61317653444117,77.778480703867,19.4075273921051,10.0925288607668
69,0.04,1.52349867656432,74.5966269688327,17.3782000304957,9.1201083935591
69,0.06,1.4390842112291,71.4732103458354,15.7509029105101,8.31763771102671
69,0.08,1.35905849554257,68.3945087228705,14.3879834279434,7.72680585095702
70,0,1.70165940735637,80.7842476709758,21.8736821673521,1.21338885046498
70,0.01,1.70888286787096,81.0238985080049,22.1035070723595,1.20226443461741
70,0.02,1.6709560590711,79.7560303809643,20.9505057608416,10.471285480509
70,0.04,1.59337235445372,77.0876955109291,18.9261064079239,9.46237161365793
70,0.06,1.52042291435747,74.4850259369657,17.3147282991851,8.6297854776697
70,0.08,1.45128680267832,71.9325356295747,15.9727129008691,7.87045789695099
71,0,1.68837137037652,80.3411567446072,21.4639458485044,1.23594743344451
71,0.01,1.69611634432706,80.5997666660896,21.7007658197741,1.22461619926505
71,0.02,1.66928775006954,79.6997141387712,20.9026297812601,10
71,0.04,1.59161235538497,77.0259819071276,18.8843372490128,9.03649473722302
71,0.06,1.51817941367262,74.4035183276032,17.2686526252258,8.24138115013002
71,0.08,1.44825189649269,71.8185453737577,15.9171626935236,7.58577575029184
72,0,1.67431052902235,79.8691256499179,21.0474427709299,1.27057410520854
72,0.01,1.68267094132218,80.1501837922528,21.2930614303886,1.24738351424294
72,0.02,1.66708624336489,79.6253282464502,20.8397876501614,9.72747223776965
72,0.04,1.58913627782473,76.9390696763007,18.825843046568,8.70963589956081
72,0.06,1.51518892494719,74.2947352204732,17.2075227791578,8.01678063387679
72,0.08,1.44454367558055,71.6790423523997,15.8496355963253,7.37904230129101
73,0,1.60770310691103,77.5882305579697,19.2723184359572,12.9419584144999
73,0.01,1.54132044626473,75.2400228995543,17.7531169117626,12.2461619926505
73,0.02,1.47832403311803,72.9408091526491,16.4793841567038,11.5877735615513
73,0.04,1.36129877854,68.4822741093982,14.424187419373,10.471285480509
73,0.06,1.25439877272445,64.1918231488249,12.799283065203,9.6382902362397
73,0.08,1.15582947988569,60.0485008301114,11.4536669400374,8.87156012037961
74,0,1.60066888300335,77.3429810943258,19.1010006519249,12.4738351424294
74,0.01,1.5344734402045,74.9934891438859,17.6076051715129,11.6949939101987
74,0.02,1.47147213953144,72.6865166408945,16.3489159759146,11.1686324778056
74,0.04,1.35404435355719,68.1977431067669,14.3073220504831,10.0925288607668
74,0.06,1.24634999941044,63.8602577004626,12.684512737446,9.28966386779936
74,0.08,1.14671119803991,59.6560895421802,11.335216787607,8.6297854776697
75,0,1.59501205489009,77.1451432840657,18.9651650966386,12.0226443461741
75,0.01,1.52877518026494,74.7876947258018,17.4879166637783,11.3762728582343
75,0.02,1.46565139449882,72.4698384776026,16.2392039019755,10.8642562361707
75,0.04,1.34776814648239,67.950805110554,14.2070673572015,9.81747943019984
75,0.06,1.23937858057054,63.5721035558973,12.5858631010409,9.03649473722302
75,0.08,1.1388839556411,59.318005029699,11.2342715810211,8.39459986519397
76,0,1.6594307055751,79.3660303376492,20.6241607648408,1.20226443461741
76,0.01,1.60980312662259,77.661285013794,19.3239946333559,11.5877735615513
76,0.02,1.55583740025898,75.7600283802273,18.0679981420141,10.9647819614319
76,0.04,1.45463778533492,72.0582067478001,16.0343494842739,9.90831944892768
76,0.06,1.36112489563316,68.4754653406397,14.4213737151124,9.03649473722302
76,0.08,1.27392317056166,64.9911414191644,13.0817181159045,8.39459986519397
77,0,1.64769679040791,78.9666972400701,20.3020426258001,1.22461619926505
77,0.01,1.60579206210888,77.5216849303759,19.2255062641665,11.0662378397767
77,0.02,1.55192176669452,75.6201279425308,17.9821908857397,10.5681750921366
77,0.04,1.45050024633554,71.9030085667286,15.958291213548,9.54992586021436
77,0.06,1.35633599733164,68.2877289612011,14.3441241848428,8.70963589956081
77,0.08,1.26821666675667,64.7582491072927,12.9985665287497,8.09095899178382
78,0,1.63555451507157,78.5510385775766,19.9787617418162,1.24738351424294
78,0.01,1.60196550054414,77.3882512104517,19.1323766574641,10.7646521362983
78,0.02,1.54802421141832,75.4806096853238,17.8974280718236,10.1859138805412
78,0.04,1.44624504567565,71.7430782782152,15.8805705997211,9.28966386779936
78,0.06,1.35146936376879,68.0965168372938,14.2660951413232,8.47227414140596
78,0.08,1.26255044983051,64.526405505299,12.9164984196353,7.87045789695099
79,0,1.65160122647495,79.0998300216916,20.408134535813,1.20226443461741
79,0.01,1.65971250891161,79.3755925031929,20.632019713071,1.19124200802737
79,0.02,1.61347763235878,77.7889317709767,19.4150147921824,10.5681750921366
79,0.04,1.5244788713202,74.6321576303125,17.3985018563047,9.54992586021436
79,0.06,1.44154849585333,71.5661844852744,15.7953685737393,8.70963589956081
79,0.08,1.36364235298217,68.5739882157141,14.4621708977716,8.01678063387679
80,0,1.63684784915493,78.5954302941605,20.0127302324735,1.22461619926505
80,0.01,1.64550405795814,78.8918178864793,20.2429263575318,1.21338885046498
80,0.02,1.61173462868097,77.7284110353785,19.37174349586,10.0925288607668
80,0.04,1.52274536986861,74.5693092646098,17.3626220464694,9.1201083935591
80,0.06,1.43941492432945,71.4856940182542,15.7568607993974,8.31763771102671
80,0.08,1.36078669280254,68.4622206855759,14.4159028268702,7.72680585095702
81,0,1.62138475099347,78.0628368524059,19.6135313402756,1.25892541179417
81,0.01,1.63062419682824,78.3815546776857,19.8502571037522,1.23594743344451
81,0.02,1.6093403770969,77.6451935458458,19.3125862681557,9.81747943019984
81,0.04,1.52012932635926,74.4743647327635,17.3086881934514,8.87156012037961
81,0.06,1.43632912003003,71.3691357837943,15.7013830655564,8.09095899178382
81,0.08,1.35705305239814,68.3158658568249,14.3556613146012,7.51622894018205
82,0,1.70601921289512,80.9289940253139,22.0117743625642,1.19124200802737
82,0.01,1.66915707929921,79.6953012010471,20.8988891694176,11.3762728582343
82,0.02,1.62275668537905,78.1102533547257,19.6483522893763,10.6659612123026
82,0.04,1.53518213666266,75.0190443711746,17.6225796812154,9.6382902362397
82,0.06,1.45360955187866,72.0196664436713,16.0154027661744,8.79022516830884
82,0.08,1.37699200224078,69.0945116154915,14.6807282043352,8.09095899178382
83,0,1.6899528981349,80.3940452982765,21.5118629258741,1.21338885046498
83,0.01,1.65920447361319,79.3583528645925,20.6178558611044,10.7646521362983
83,0.02,1.61237603038216,77.7506878389258,19.3876465417087,10.1859138805412
83,0.04,1.52370683848217,74.6041739455806,17.3825084641015,9.20449571753171
83,0.06,1.44077139684269,71.5368773148092,15.7813288575118,8.39459986519397
83,0.08,1.36262010511908,68.5339955757945,14.4455889011939,7.72680585095702
84,0,1.67263872148767,79.8127843373428,20.9990180119767,1.24738351424294
84,0.01,1.65051298185415,79.0627488910413,20.3784569778062,10.3752841581801
84,0.02,1.60318863752527,77.4309295815426,19.1620579973625,9.81747943019984
84,0.04,1.51336963139372,74.2284792833073,17.1704927015103,8.87156012037961
84,0.06,1.42911416948127,71.0959440413378,15.5726536189428,8.16582371358592
84,0.08,1.34947167693885,68.0179017728354,14.2342019979137,7.51622894018205
85,0,1.70117089007984,80.7680093908915,21.8583247301833,1.16949939101987
85,0.01,1.70889415932196,81.0242724527709,22.1038704188181,1.15877735615513
85,0.02,1.68419435935734,80.2012731230802,21.3384530113921,10.2801629812647
85,0.04,1.61027675026143,77.6777508478906,19.3356835854794,9.28966386779936
85,0.06,1.54089593618995,75.2247616725639,17.7440405285069,8.39459986519397
85,0.08,1.47523197171933,72.8261573422391,16.420328629085,7.72680585095702
86,0,1.6800052007066,80.0606932495469,21.2141102483044,1.21338885046498
86,0.01,1.68854602795923,80.3469995698709,21.4692266665048,1.19124200802737
86,0.02,1.67684642657289,79.954499067297,21.1213305611653,9.72747223776965
86,0.04,1.60204288022672,77.3909519399025,19.1342519910438,8.79022516830884
86,0.06,1.53147483702713,74.8852642282773,17.5444639139382,8.01678063387679
86,0.08,1.46442470029135,72.4240977983311,16.2162117365652,7.37904230129101
87,0,1.65651369195572,79.2669722521612,20.543155479619,1.24738351424294
87,0.01,1.66596354146785,79.5873626663684,20.8078854179465,1.23594743344451
87,0.02,1.66990449274489,79.720538587155,20.9203029738246,9.3756200692588
87,0.04,1.59412971959155,77.114235905429,18.9441299219575,8.47227414140596
87,0.06,1.52238885933857,74.5563774078087,17.3552570071136,7.72680585095702
87,0.08,1.4540032635835,72.0344257947641,16.0226539355416,7.11213513653329
88,0,1.69607496975165,80.598387763653,21.6994860621072,1.15877735615513
88,0.01,1.70379399679772,80.8551553611029,21.941059346446,1.14815362149688
88,0.02,1.71129322064312,81.1036761206895,22.1813657256259,1.13762728582343
88,0.04,1.66442672122116,79.5353591565406,20.7643734019738,9.03649473722302
88,0.06,1.60416253117039,77.4648930040359,19.18574933118,8.16582371358592
88,0.08,1.54686640122189,75.4391135645845,17.8723713012287,7.51622894018205
89,0,1.66938264744912,79.7029187804119,20.9053471787319,1.20226443461741
89,0.01,1.67809216053198,79.996398869344,21.1578210747328,1.19124200802737
89,0.02,1.68654510855956,80.2800326185677,21.4088900187393,1.18032063565173
89,0.04,1.65877941600246,79.3439256785333,20.6060201036928,8.55066712884683
89,0.06,1.59758320446637,77.2351324647671,19.0266949721344,7.79830110523259
89,0.08,1.53913841664211,75.1615451376933,17.706540815244,7.11213513653329
90,0,1.63879545293413,78.6622257460787,20.0640886899696,1.24738351424294
90,0.01,1.64868802751762,79.000520439746,20.3288756221647,1.23594743344451
90,0.02,1.65828278952141,79.3270655044642,20.5922084290879,1.22461619926505
90,0.04,1.65286136991132,79.1427437302815,20.4426049058997,8.16582371358592
90,0.06,1.59068914670658,76.9935888275119,18.8624909687082,7.44731973905989
90,0.08,1.53109657537771,74.8716009617238,17.5365238211661,6.85488226452662
91,0,1.64588035682663,78.904673798046,20.2530478963191,1.16949939101987
91,0.01,1.59787860327734,77.2454640785435,19.0337864656868,11.4815362149688
91,0.02,1.54299202208902,75.3000859600444,17.788927857459,10.8642562361707
91,0.04,1.44043060586824,71.5240214662931,15.7751769981537,9.81747943019984
91,0.06,1.34607250362205,67.8839664915448,14.1801149631385,8.95364765549594
91,0.08,1.25848891488488,64.3598550874099,12.8579720012526,8.24138115013002
92,0,1.62775336533162,78.2826786882596,19.7761394699671,1.20226443461741
92,0.01,1.58646679327885,76.8452512199944,18.763128499245,10.9647819614319
92,0.02,1.53123572215171,74.8766274009169,17.5394440059194,10.3752841581801
92,0.04,1.42771606136166,71.0428971592844,15.5478656407152,9.3756200692588
92,0.06,1.33214556140828,67.3330076088521,13.9608429640931,8.6297854776697
92,0.08,1.2431496694322,63.7280882168822,12.6391397323793,7.94328234724282
93,0,1.60842620304037,77.6133937296569,19.2900841106222,1.22461619926505
93,0.01,1.57653000946633,76.4949517903647,18.5327846841781,10.5681750921366
93,0.02,1.52085965693914,74.5008827934525,17.3237194950266,10
93,0.04,1.41632201477494,70.6092762972302,15.3477097273909,9.1201083935591
93,0.06,1.31954232833527,66.83135445381,13.7655419204897,8.31763771102671
93,0.08,1.22924055807181,63.1514544169795,12.443630896307,7.72680585095702
94,0,1.64028657889097,78.7133226451345,20.1035786523703,1.15877735615513
94,0.01,1.64913272815579,79.0156892615146,20.3409360000308,1.14815362149688
94,0.02,1.61516716978488,77.8475468641567,19.457125393116,10.471285480509
94,0.04,1.52759747815325,74.745091034268,17.4633363219482,9.3756200692588
94,0.06,1.44626393034009,71.7437887663141,15.8809144156603,8.55066712884683
94,0.08,1.37009871321487,68.8261362262276,14.567402527788,7.87045789695099
95,0,1.61652396789253,77.8945832054393,19.4910624530435,1.19124200802737
95,0.01,1.62616426697996,78.2278878357711,19.7353332593604,1.18032063565173
95,0.02,1.60672207617789,77.5540772593353,19.2482621919874,9.90831944892768
95,0.04,1.51833475616296,74.4091648439899,17.2718369815426,8.95364765549594
95,0.06,1.4358771817717,71.3520506769792,15.6932792869939,8.16582371358592
95,0.08,1.35838101007214,68.3679495264058,14.3770551259768,7.51622894018205
96,0,1.59055835799162,76.988998600822,18.8593995912633,1.22461619926505
96,0.01,1.60108326859477,77.357452070298,19.11101823709,1.21338885046498
96,0.02,1.59875910787153,77.2762510184507,19.0549517930938,9.46237161365793
96,0.04,1.50944524277077,74.0853613228002,17.091019577558,8.6297854776697
96,0.06,1.42586563281223,70.9726344333772,15.5151356238947,7.87045789695099
96,0.08,1.34711982395168,67.9252558217316,14.1967555608492,7.31139083483417
97,0,1.63442735744707,78.5123276621322,19.9492460964065,1.14815362149688
97,0.01,1.64324787277557,78.8146875597446,20.1824429722565,1.13762728582343
97,0.02,1.65184242147879,79.1080458812728,20.414723523156,1.12719745617551
97,0.04,1.59125128615504,77.0133146272879,18.8757879080474,9.1201083935591
97,0.06,1.51991925831902,74.4667355040194,17.3043683364571,8.31763771102671
97,0.08,1.45273116621967,71.9867278128173,15.9992409722842,7.65596606911256
98,0,1.60463476507102,77.4813558080577,19.1972557696797,1.18032063565173
98,0.01,1.61442595170532,77.8218377571079,19.4386307307626,1.16949939101987
98,0.02,1.62396160490785,78.1518712814572,19.6790279459787,1.15877735615513
98,0.04,1.58483474221152,76.787833043388,18.7249627300583,8.6297854776697
98,0.06,1.51257951377207,74.1996863161839,17.1544477101536,7.87045789695099
98,0.08,1.44422388785634,71.6670004523939,15.8438299624096,7.2443596007499
99,0,1.57110489064994,76.3029856285764,18.4090302489582,1.22461619926505
99,0.01,1.58203162217456,76.6891082710716,18.659719796399,1.21338885046498
99,0.02,1.59267027520559,77.0630837521159,18.9094251393884,1.20226443461741
99,0.04,1.57809546477939,76.5502508979856,18.5687545939073,8.31763771102671
99,0.06,1.50486878601142,73.9181217410457,16.9990291545414,7.58577575029184
99,0.08,1.43538204149227,71.3333281580909,15.6844070726875,6.98232404077171
100,0,1.59108453297898,77.0074637250514,18.8718418112971,1.15877735615513
100,0.01,1.53102164897697,74.8688942338269,17.534951699762,11.6949939101987
100,0.02,1.46866676117051,72.5821610955325,16.2959118715328,11.0662378397767
100,0.04,1.35319686236902,68.1644404563232,14.2937386623429,10
100,0.06,1.24817202631783,63.9354202927986,12.7104108223405,9.1201083935591
100,0.08,1.15165553175315,59.8690642145927,11.3993302355891,8.47227414140596
101,0,1.57151372681434,76.317469808443,18.4183082008001,1.18032063565173
101,0.01,1.51849069644133,74.4148326644061,17.2750344835224,11.0662378397767
101,0.02,1.45592564742796,72.1064518829328,16.0581227267098,10.5681750921366
101,0.04,1.33973657635089,67.6337528888543,14.0798994686873,9.54992586021436
101,0.06,1.23367100420981,63.3355179639008,12.5056114806763,8.79022516830884
101,0.08,1.13596393286192,59.1915876425064,11.1967837542261,8.16582371358592
102,0,1.55087110483392,75.5825440002206,17.9592782227098,1.20226443461741
102,0.01,1.50763616604867,74.0192953574645,17.0545678897673,10.7646521362983
102,0.02,1.44471911219219,71.6856478025063,15.8528217773775,10.1859138805412
102,0.04,1.32767254569149,67.1552990776775,13.8911947550363,9.28966386779936
102,0.06,1.22060967027835,62.7918371086566,12.3236615926864,8.55066712884683
102,0.08,1.1217968406472,58.5759961214102,11.0161928321361,7.94328234724282
103,0,1.5849346927764,76.7913507762065,18.7272962721373,1.14815362149688
103,0.01,1.59462343551207,77.1315319494563,18.955895272675,1.13762728582343
103,0.02,1.54996558647791,75.5501367393587,17.9395683609948,10.5681750921366
103,0.04,1.4503360551517,71.8968434916941,15.9552829213007,9.54992586021436
103,0.06,1.35872034999419,68.3812535813986,14.3825277423746,8.70963589956081
103,0.08,1.27373414208463,64.9834364727263,13.0789555892115,8.01678063387679
104,0,1.55941577762709,75.8876471404432,18.1469956095261,1.16949939101987
104,0.01,1.56984941609163,76.2584889002262,18.3805876050958,1.15877735615513
104,0.02,1.5407067437957,75.2179591568704,17.739997788577,10
104,0.04,1.44040178013936,71.5229339618944,15.7746567884197,9.1201083935591
104,0.06,1.34778037982253,67.9512871319109,14.2072620120613,8.31763771102671
104,0.08,1.2615886956241,64.4869946457041,12.9026171303169,7.72680585095702
105,0,1.53187501505805,74.8997164254393,17.5528701083973,1.20226443461741
105,0.01,1.5431316838744,75.30510208971,17.7919250575739,1.19124200802737
105,0.02,1.5319771732116,74.9034053605209,17.5550170552633,9.6382902362397
105,0.04,1.43084998200325,71.1617552715749,15.6034994901953,8.79022516830884
105,0.06,1.3372432588057,67.5350874568879,14.0406742126552,8.01678063387679
105,0.08,1.24989990846909,64.0066424062598,12.7350153435451,7.44731973905989
106,0,1.57848069416965,76.5638525255567,18.577624163785,1.13762728582343
106,0.01,1.58811637221147,76.9032397107353,18.8018398133347,1.12719745617551
106,0.02,1.59753378423705,77.2334038401671,19.0255090165461,1.11686324778056
106,0.04,1.52213919318214,74.5473198390625,17.3501020609963,9.20449571753171
106,0.06,1.44105496196243,71.5475728167709,15.7864500859187,8.39459986519397
106,0.08,1.36531690172616,68.6394592317756,14.4893806711599,7.72680585095702
107,0,1.54655313849058,75.4278821760745,17.8656014202431,1.16949939101987
107,0.01,1.55711837769444,75.8057384253052,18.0962131812295,1.15877735615513
107,0.02,1.56744230618556,76.1730998156584,18.3262583433232,1.14815362149688
107,0.04,1.51519435443599,74.2949328674831,17.2076334706221,8.79022516830884
107,0.06,1.43325080709617,71.2526905984613,15.6462924099075,8.01678063387679
107,0.08,1.35641796174282,68.290945679716,14.3454424334442,7.37904230129101
108,0,1.5113671935768,74.1554864241008,17.1298725086539,1.20226443461741
108,0.01,1.52296176027222,74.5771574013697,17.3670947079304,1.19124200802737
108,0.02,1.53429283480867,74.9869752081512,17.603792207575,1.18032063565173
108,0.04,1.5078610690031,74.0275117526545,17.0590932594066,8.39459986519397
108,0.06,1.42501496310315,70.9403129787649,15.500118603521,7.72680585095702
108,0.08,1.34712898437172,67.9256168717743,14.196901203105,7.11213513653329
109,0,1.72339987281575,81.502946840952,22.5817460822325,12.4738351424294
109,0.01,1.67507111968313,79.8947428519048,21.0695486785377,11.6949939101987
109,0.02,1.62863710745868,78.3131309776378,19.7989006326735,11.0662378397767
109,0.04,1.54086181485539,75.2235348673635,17.7433113028151,9.90831944892768
109,0.06,1.4588839339958,72.2171615809993,16.1129112113821,9.03649473722302
109,0.08,1.38171039597857,69.2777146962886,14.7588893661706,8.31763771102671
110,0,1.71468706006568,81.2158441585506,22.2920152816604,11.8032063565173
110,0.01,1.6660568128235,79.590517553308,20.8105320629335,11.1686324778056
110,0.02,1.61921288136944,77.9877080670077,19.5586376088621,10.5681750921366
110,0.04,1.5303426830591,74.8443620213783,17.5207154152663,9.54992586021436
110,0.06,1.44699084432091,71.7711322381759,15.8941561654709,8.70963589956081
110,0.08,1.36824289899913,68.7537365366096,14.5370654148422,8.01678063387679
111,0,1.70742826401359,80.9757082057019,22.0568077577615,11.3762728582343
111,0.01,1.65839757880016,79.330962897889,20.5953992148041,10.7646521362983
111,0.02,1.61108954558153,77.7059993292997,19.3557728044759,10.1859138805412
111,0.04,1.52111874849818,74.5102880797781,17.329056745394,9.20449571753171
111,0.06,1.43649332366425,71.375342443932,15.7043287729181,8.47227414140596
111,0.08,1.35629433359352,68.2860938080385,14.3434541513399,7.79830110523259
112,0,1.74020444037359,82.0532048935257,23.165272351043,1.20226443461741
112,0.01,1.7271289988129,81.6254507104497,22.7083407985101,11.2719745617551
112,0.02,1.68812237514962,80.3328262301815,21.4564220953208,10.5681750921366
112,0.04,1.61392544909388,77.8044725838498,19.4261602882949,9.54992586021436
112,0.06,1.54405999326591,75.3384348859053,17.8118672726942,8.6297854776697
112,0.08,1.47776116843327,72.9199510734513,16.4686118581741,7.94328234724282
113,0,1.72642671003174,81.6023973982804,22.6843778172388,1.23594743344451
113,0.01,1.72079086550116,81.4171050762825,22.4941127584348,10.6659612123026
113,0.02,1.68149956319413,80.1108743843429,21.2582944200267,10.0925288607668
113,0.04,1.60642314603137,77.5436671458918,19.2409426355904,9.03649473722302
113,0.06,1.53538097808767,75.02621291868,17.6267846933687,8.24138115013002
113,0.08,1.4676721354509,72.5451290708912,16.277176577934,7.58577575029184
114,0,1.71156441129018,81.1126460182861,22.1901631377725,1.27057410520854
114,0.01,1.71505848964382,81.2281086710494,22.3041986733848,10.1859138805412
114,0.02,1.67539209550145,79.9055506546746,21.0788917178692,9.6382902362397
114,0.04,1.59939329199874,77.2984171470819,19.0702217168346,8.70963589956081
114,0.06,1.52722104115407,74.7314682187392,17.4554907327816,7.94328234724282
114,0.08,1.45820372001199,72.1917193327664,16.1002910964247,7.37904230129101
115,0,1.7352157198098,81.890328823481,22.9884698098644,1.20226443461741
115,0.01,1.74200009629338,82.111732620884,23.229685009367,1.18032063565173
115,0.02,1.73113309493553,81.7567361542353,22.846067864028,10.2801629812647
115,0.04,1.66694976273786,79.6207141011665,20.8359042556066,9.20449571753171
115,0.06,1.60620492684998,77.5360667975657,19.2356024818838,8.39459986519397
115,0.08,1.54828980618211,75.4901253697459,17.9031838419201,7.65596606911256
116,0,1.71779639146217,81.3184440855853,22.394460775454,1.23594743344451
116,0.01,1.72531424671421,81.5658633143149,22.6465355636783,1.21338885046498
116,0.02,1.72666400155283,81.6101876190458,22.6924681210165,9.72747223776965
116,0.04,1.66186879599785,79.448715930206,20.6923505728298,8.79022516830884
116,0.06,1.60019425581026,77.3264027952233,19.0895381022093,7.94328234724282
116,0.08,1.54108547155935,75.2315758962376,17.7480920514444,7.31139083483417
117,0,1.6985221727695,80.6798980264848,21.7754570006537,1.27057410520854
117,0.01,1.70686774096093,80.9571291141968,22.0388695196643,1.25892541179417
117,0.02,1.71491368498414,81.2233275248427,22.2994471421073,1.23594743344451
117,0.04,1.65664159741439,79.2713187360612,20.546694312225,8.39459986519397
117,0.06,1.59402836060779,77.1106845439443,18.9417160876962,7.65596606911256
117,0.08,1.53379636958333,74.9690661566775,17.5933173821137,7.04693068967147
118,0,1.66236335210811,79.4654762607636,20.7062369930706,12.5892541179417
118,0.01,1.60474123420712,77.485066962597,19.1998516839858,11.8032063565173
118,0.02,1.54974642154652,75.5422909909103,17.9348031386331,11.1686324778056
118,0.04,1.44679818075751,71.7638859578489,15.8906451080609,10.0925288607668
118,0.06,1.35185999865602,68.1118809974641,14.2723408984562,9.20449571753171
118,0.08,1.26354167652303,64.5670061914182,12.9308197641761,8.47227414140596
119,0,1.65220494751624,79.1203928269467,20.4246348150709,11.9124200802738
119,0.01,1.59435439744567,77.1221074216099,18.9494824657002,11.2719745617551
119,0.02,1.53902587916771,75.1574954273634,17.7041438745333,10.6659612123026
119,0.04,1.4351164472064,71.3232835499527,15.6796506771945,9.72747223776965
119,0.06,1.33890327535195,67.6007901957449,14.0667766535355,8.87156012037961
119,0.08,1.24913116358252,63.9749620983467,12.7240632726693,8.24138115013002
120,0,1.64376314292071,78.8323101942778,20.1962257607782,11.5877735615513
120,0.01,1.58557206932719,76.8137790444973,18.7421887769232,10.9647819614319
120,0.02,1.52981526395843,74.825299909127,17.5096690120126,10.3752841581801
120,0.04,1.42489408202404,70.9357190108026,15.4979861693826,9.3756200692588
120,0.06,1.32750520686283,67.1486437568484,13.8885963522596,8.6297854776697
120,0.08,1.23641347555488,63.4492719328383,12.5441149060844,8.01678063387679
121,0,1.68475658709993,80.2201183013015,21.3552556652931,1.19124200802737
121,0.01,1.66638697398677,79.6016840329961,20.8199060364787,11.2719745617551
121,0.02,1.61975488430231,78.006464374309,19.5723103722361,10.6659612123026
121,0.04,1.53177774565724,74.8962038543432,17.5508262808169,9.6382902362397
121,0.06,1.44983987486125,71.8782099164897,15.9461965508255,8.79022516830884
121,0.08,1.37288801025256,68.9348355052058,14.6131363491043,8.09095899178382
122,0,1.6689068307683,79.6868491604457,20.8917292473523,1.22461619926505
122,0.01,1.65900317443055,79.3515207998852,20.6122490043679,10.7646521362983
122,0.02,1.6121226455228,77.7418882525425,19.3813612606207,10.1859138805412
122,0.04,1.52333069827143,74.590536310091,17.3747244844141,9.20449571753171
122,0.06,1.44024598910441,71.5170561971693,15.7718456601724,8.39459986519397
122,0.08,1.36192488303785,68.5067860508671,14.4343239364878,7.72680585095702
123,0,1.6519727617665,79.1124852760176,20.4182858900564,1.24738351424294
123,0.01,1.65233445109801,79.1248029392828,20.4281776482785,10.3752841581801
123,0.02,1.60509791633761,77.4974982918767,19.2085527924979,9.81747943019984
123,0.04,1.515408401522,74.3027243066992,17.2119981191288,8.87156012037961
123,0.06,1.43123627919825,71.1763939103526,15.6103747694788,8.09095899178382
123,0.08,1.35164799990976,68.1035431663327,14.2689509303539,7.51622894018205
124,0,1.67893492215292,80.0247302740974,21.1825807094465,1.19124200802737
124,0.01,1.68682677047228,80.2894632992549,21.4173620280005,1.16949939101987
124,0.02,1.67090222611125,79.7542138912757,20.9489574536407,10.3752841581801
124,0.04,1.59419747086556,77.1166096402492,18.9457436967316,9.28966386779936
124,0.06,1.52227535102004,74.5522596063367,17.352913071721,8.47227414140596
124,0.08,1.45431716607673,72.0461913010602,16.0284383767166,7.79830110523259
125,0,1.65899022541419,79.3510812890356,20.6118884336302,1.22461619926505
125,0.01,1.66762379535725,79.643498824607,20.855097147521,1.20226443461741
125,0.02,1.66571504251061,79.5789565271563,20.8008373499867,9.81747943019984
125,0.04,1.58841667729319,76.9137914776249,18.8089019501252,8.87156012037961
125,0.06,1.5155678083355,74.3085262865008,17.2152496741377,8.09095899178382
125,0.08,1.44641725213951,71.7495568783453,15.8837061708264,7.44731973905989
126,0,1.63715808773134,78.6060745755548,20.0208946158951,1.25892541179417
126,0.01,1.64666537962615,78.9314857542996,20.274194430206,1.23594743344451
126,0.02,1.65584284999137,79.2441712243823,20.5246144450754,1.22461619926505
126,0.04,1.58246141711536,76.7042542207072,18.6696981774709,8.55066712884683
126,0.06,1.50866437911958,74.0568518849091,17.075271540595,7.79830110523259
126,0.08,1.43839020162937,71.4470066871688,15.738409684904,7.17794291271362
127,0,1.60458300702934,77.4795516278419,19.1959940377863,12.7057410520854
127,0.01,1.53862327842571,75.1430058595935,17.6955730282604,12.0226443461741
127,0.02,1.47607753486923,72.8575271542068,16.4364486819854,11.3762728582343
127,0.04,1.36004710861735,68.4332499263839,14.4039472147762,10.2801629812647
127,0.06,1.25426019782916,64.1861247682156,12.7972990254628,9.3756200692588
127,0.08,1.15683519670587,60.0916877899596,11.4667888159238,8.70963589956081
128,0,1.59324801518438,77.0833373457726,18.9231502705815,12.1338885046498
128,0.01,1.5271929929333,74.7304530873505,17.4549063765987,11.4815362149688
128,0.02,1.46441832421589,72.4238599788775,16.2160923449315,10.8642562361707
128,0.04,1.3476250851555,67.945167966847,14.2047912074918,9.90831944892768
128,0.06,1.24075855863167,63.6292145721773,12.6053354332332,9.03649473722302
128,0.08,1.14206086400426,59.4553636574139,11.2751622841325,8.39459986519397
129,0,1.58386657796631,76.7537499082753,18.7023847061388,11.6949939101987
129,0.01,1.5175483814683,74.3805767072577,17.2557262371277,11.0662378397767
129,0.02,1.45443925891418,72.0507670375917,16.0306890004635,10.5681750921366
129,0.04,1.33679681164882,67.5174086690591,14.0336631288996,9.6382902362397
129,0.06,1.22890517877433,63.1375062094235,12.4389501039202,8.87156012037961
129,0.08,1.12908081468894,58.8929671938128,11.108778443142,8.24138115013002
130,0,1.633261303871,78.4722584052335,19.9187979362284,1.18032063565173
130,0.01,1.60861602196621,77.6199978053815,19.2947525983488,11.4815362149688
130,0.02,1.55510930449464,75.7340345603069,18.0519927004188,10.8642562361707
130,0.04,1.45494641485494,72.0697711392456,16.0400423077048,9.72747223776965
130,0.06,1.36259753493313,68.5331123645799,14.4452230309936,8.95364765549594
130,0.08,1.27667928339555,65.1034077538184,13.1220606292218,8.24138115013002
131,0,1.61586273090113,77.8716638919493,19.4745098081691,1.21338885046498
131,0.01,1.60040149274867,77.3336418663859,19.0945415178603,10.8642562361707
131,0.02,1.54671353728287,75.4336331563406,17.8690672683272,10.2801629812647
131,0.04,1.44586436070301,71.7287546029227,15.8736419118072,9.28966386779936
131,0.06,1.35246568776272,68.1356980044533,14.2820311070677,8.55066712884683
131,0.08,1.26531357820411,64.6395380923215,12.9564576162799,7.87045789695099
132,0,1.59735177194831,77.2270370410131,19.0211423151121,1.23594743344451
132,0.01,1.59298839694106,77.0742367209041,18.9169804894778,10.471285480509
132,0.02,1.53899875449701,75.1565193012581,17.7035662210762,9.90831944892768
132,0.04,1.43733251129698,71.4070549845229,15.7193944741161,9.03649473722302
132,0.06,1.34296210192741,67.7612245633625,14.1308206538741,8.31763771102671
132,0.08,1.2546385349628,64.2016816455894,12.8027165216271,7.65596606911256
133,0,1.62675337508104,78.2482047882406,19.7504426913935,1.16949939101987
133,0.01,1.63553528418871,78.5503782945807,19.9782574754806,1.15877735615513
133,0.02,1.61342857917404,77.7872292465674,19.4137946318652,10.471285480509
133,0.04,1.5254347188139,74.6667895716292,17.4183342952023,9.46237161365793
133,0.06,1.44366198905955,71.6458372103588,15.8336356691018,8.55066712884683
133,0.08,1.36705412966343,68.7073269280966,14.5176705525641,7.87045789695099
134,0,1.60489237429862,77.4903348645735,19.2035378281472,1.20226443461741
134,0.01,1.61442465768102,77.8217928658036,19.4385984704218,1.19124200802737
134,0.02,1.60768737422851,77.5876829743286,19.2719322258311,9.90831944892768
134,0.04,1.51916854381004,74.4394648240682,17.2889439077231,8.95364765549594
134,0.06,1.43652814982338,71.3766587603637,15.7049536240026,8.16582371358592
134,0.08,1.35878473030028,68.3837774187507,14.3835662834313,7.58577575029184
135,0,1.58127051714642,76.6622792005684,18.6420717328073,1.23594743344451
135,0.01,1.59163216733622,77.0266768991796,18.8848065471543,1.22461619926505
135,0.02,1.60170661135037,77.379214638967,19.1261047106893,1.21338885046498
135,0.04,1.51268545409798,74.2035475620505,17.1565977490256,8.6297854776697
135,0.06,1.42915379707604,71.0974470765134,15.57335693959,7.94328234724282
135,0.08,1.35033941454807,68.0520588397521,14.2480457479987,7.31139083483417
136,0,1.72913922609388,81.6913941203605,22.7772496578696,12.8233058265602
136,0.01,1.6809197784837,80.0914094270833,21.2411293541529,12.0226443461741
136,0.02,1.63453695820609,78.5160927109968,19.9521124960469,11.3762728582343
136,0.04,1.54676344502511,75.4354224705345,17.8701458777594,10.2801629812647
136,0.06,1.46465517540145,72.4326937396993,16.2205281762733,9.28966386779936
136,0.08,1.38724603394896,69.4921345239554,14.8512122407205,8.6297854776697
137,0,1.72128474032558,81.433363082885,22.5106431010542,12.2461619926505
137,0.01,1.6727953225692,79.818063892793,21.0035444666623,11.4815362149688
137,0.02,1.62603201883011,78.2233261029251,19.7319442971139,10.8642562361707
137,0.04,1.53719630831222,75.0916266124764,17.6652469702231,9.81747943019984
137,0.06,1.4537561149111,72.0251610793685,16.018101570785,8.95364765549594
137,0.08,1.37478919186175,69.0088437822165,14.6444034483506,8.31763771102671
138,0,1.71494971368378,81.2245171489238,22.3006291574839,11.8032063565173
138,0.01,1.66610110283999,79.5920156045305,20.8117890607966,11.1686324778056
138,0.02,1.61892383928083,77.9777035749545,19.5513532460039,10.5681750921366
138,0.04,1.52907785720712,74.798640236248,17.4942425645804,9.54992586021436
138,0.06,1.44443127472628,71.6748100034714,15.8475946788401,8.70963589956081
138,0.08,1.36408977394589,68.5914863463774,14.4694353585265,8.09095899178382
139,0,1.76886356076433,82.9811325653425,24.2468399411049,1.22461619926505
139,0.01,1.73111459329911,81.7561301244892,22.8454271083168,11.4815362149688
139,0.02,1.6920976741809,80.4657038322029,21.577204245304,10.8642562361707
139,0.04,1.61775908739378,77.9373741749504,19.5220494760289,9.72747223776965
139,0.06,1.54760843705756,75.4657109349934,17.8884236460487,8.87156012037961
139,0.08,1.48090821652827,73.0364992452767,16.5289683492965,8.16582371358592
140,0,1.75937825965879,82.6754752068976,23.8756232400232,1.24738351424294
140,0.01,1.72545210849222,81.5703918841396,22.651217441707,10.9647819614319
140,0.02,1.68617496667569,80.2676374367945,21.3977672365375,10.3752841581801
140,0.04,1.61100564341541,77.7030838513493,19.3536973280791,9.28966386779936
140,0.06,1.53971351324991,75.1822368023709,17.7187977781243,8.47227414140596
140,0.08,1.47162420043688,72.6921690701158,16.3517957821724,7.79830110523259
141,0,1.74933478667685,82.3502601302975,23.4972030687465,1.28233058265602
141,0.01,1.7204727548576,81.4066309988487,22.4834796830317,10.5681750921366
141,0.02,1.6808629565699,80.0895014610427,21.2394486216335,10
141,0.04,1.60485104636451,77.488894441528,19.2025297596182,9.03649473722302
141,0.06,1.53249409135223,74.9220685065941,17.5658867990559,8.24138115013002
141,0.08,1.46314986950152,72.3765338652189,16.1923644649425,7.58577575029184
142,0,1.7642650324278,82.833127742009,24.0651237071906,1.22461619926505
142,0.01,1.7676451937754,82.941951987137,24.1983667498962,11.1686324778056
142,0.02,1.73400368584833,81.8506965156467,22.9459824710115,10.471285480509
142,0.04,1.66962886028362,79.7112325790215,20.9124008226004,9.46237161365793
142,0.06,1.60854568386338,77.617550712169,19.2930224376487,8.55066712884683
142,0.08,1.55015578220773,75.5569447627327,17.9437053593275,7.87045789695099
143,0,1.75226938672136,82.445452136611,23.6062866469698,1.24738351424294
143,0.01,1.75880003393093,82.6567957306888,23.8534395946038,1.23594743344451
143,0.02,1.73006965179914,81.7218935703521,22.809304531382,10
143,0.04,1.66511325814836,79.5585953116234,20.7837889085579,8.95364765549594
143,0.06,1.60313289950425,77.4289852936451,19.1607036576793,8.16582371358592
143,0.08,1.54357882082974,75.321159300289,17.8015261738937,7.51622894018205
144,0,1.73933494138527,82.0248456786732,23.1342309709208,1.28233058265602
144,0.01,1.74646768641703,82.2571238807931,23.3917734314606,1.27057410520854
144,0.02,1.72619869115582,81.594910734598,22.676609782106,9.6382902362397
144,0.04,1.66058498165027,79.4051888984022,20.6563887726533,8.6297854776697
144,0.06,1.59772570750136,77.2401167136933,19.0301153947723,7.87045789695099
144,0.08,1.53709878364689,75.0881138621814,17.6631773387428,7.2443596007499
145,0,1.6691069525951,79.6936082756875,20.8974545874555,12.9419584144999
145,0.01,1.61154025146278,77.7216586565391,19.366928696797,12.1338885046498
145,0.02,1.55653731674042,75.7850075236225,18.0834057881837,11.4815362149688
145,0.04,1.45343912225876,72.0132765699908,16.0122652495885,10.3752841581801
145,0.06,1.35820507497676,68.3610510439846,14.3742187000682,9.46237161365793
145,0.08,1.26947754782306,64.8097596326092,13.0168958211775,8.79022516830884
146,0,1.65991570757529,79.3824866292346,20.6376901931903,12.3594743344451
146,0.01,1.60214817138903,77.3946266806193,19.1368042936974,11.6949939101987
146,0.02,1.54682758900255,75.437722124993,17.8715323137926,11.0662378397767
146,0.04,1.44277951322576,71.6125884268943,15.8176426929229,10
146,0.06,1.34629912959403,67.8929026433741,14.1837139444381,9.1201083935591
146,0.08,1.25608801375929,64.2612583722334,12.8234915854378,8.47227414140596
147,0,1.65253068243473,79.1314848628441,20.4335482307237,12.0226443461741
147,0.01,1.59444036228087,77.1251189438926,18.9515311181807,11.2719745617551
147,0.02,1.5387477218051,75.1474848676846,17.6982215712406,10.6659612123026
147,0.04,1.43374843594141,71.2715262079461,15.6551812002065,9.72747223776965
147,0.06,1.33614533680064,67.4916044797483,14.0234390367121,8.95364765549594
147,0.08,1.2446719852117,63.7909815503419,12.6607041255585,8.24138115013002
148,0,1.71804250830723,81.3265585755564,22.4026142467177,1.21338885046498
148,0.01,1.67108627969856,79.760424226616,20.9542520323183,11.5877735615513
148,0.02,1.62440454072291,78.1671641196799,19.6903266511693,10.9647819614319
148,0.04,1.53620104819514,75.0557704671779,17.6441437151632,9.90831944892768
148,0.06,1.45385997803578,72.0290546672605,16.0200144704393,8.95364765549594
148,0.08,1.37637927111531,69.0706911986717,14.6706136557468,8.24138115013002
149,0,1.70694466452848,80.9596791264426,22.0413294085692,1.24738351424294
149,0.01,1.6644816768264,79.5372194428589,20.7659262365334,11.0662378397767
149,0.02,1.61757052972325,77.9308432268572,19.5173131028684,10.471285480509
149,0.04,1.52857168794507,74.780335066064,17.4836656849674,9.46237161365793
149,0.06,1.4451011536191,71.7000303289848,15.8597631214939,8.6297854776697
149,0.08,1.36624408451466,68.675688001232,14.5044715433259,7.94328234724282
150,0,1.69525948506558,80.5712041254016,21.6742948672605,1.27057410520854
150,0.01,1.65867624178899,79.3404233138438,20.6031492273334,10.6659612123026
150,0.02,1.61144784762288,77.7184484580841,19.3646405718268,10.0925288607668
150,0.04,1.5216200899635,74.5284839494936,17.3393913990757,9.1201083935591
150,0.06,1.43712205373387,71.399103068221,15.715614424028,8.39459986519397
150,0.08,1.35704037759977,68.3153685852125,14.3554572918718,7.72680585095702
151,0,1.71259933571827,81.1468661210849,22.2238063005135,1.21338885046498
151,0.01,1.71481557069147,81.2200878022073,22.2962289461087,11.1686324778056
151,0.02,1.67429684544798,79.8686646901568,21.0470455007519,10.5681750921366
151,0.04,1.59732603108227,77.2261365785946,19.0205249011807,9.54992586021436
151,0.06,1.52497289746359,74.6500590103757,17.4087478658135,8.6297854776697
151,0.08,1.45643397755465,72.125486512736,16.067519278692,7.94328234724282
152,0,1.69863020511297,80.6834940482886,21.7788237902282,1.23594743344451
152,0.01,1.70626967288003,80.937299884263,22.0197645399909,1.22461619926505
152,0.02,1.66973501792416,79.714816863128,20.915443562393,10.0925288607668
152,0.04,1.59219527754323,77.0464276819345,18.8981537380544,9.03649473722302
152,0.06,1.51893422696471,74.4309509406662,17.2841338140834,8.24138115013002
152,0.08,1.4492193395778,71.8549001247577,15.934842600851,7.58577575029184
153,0,1.68365766187647,80.1832788168197,21.3224388465652,1.27057410520854
153,0.01,1.69195222222186,80.4608465709445,21.5727598393908,1.25892541179417
153,0.02,1.66522607138601,79.5624127767328,20.7869827656824,9.72747223776965
153,0.04,1.587025698197,76.8649039074847,18.7762292091188,8.79022516830884
153,0.06,1.51287164016945,74.2103330771413,17.1603773357688,8.01678063387679
153,0.08,1.44206938526789,71.5858230331191,15.8047885589919,7.37904230129101
154,0,1.61216644302606,77.7434093365101,19.3824474076702,13.0617088813184
154,0.01,1.54618266782665,75.4145975176843,17.8576004882284,12.3594743344451
154,0.02,1.48355589201334,73.1344178164559,16.5799891194404,11.6949939101987
154,0.04,1.36721580896589,68.7136404057471,14.5203066235607,10.5681750921366
154,0.06,1.26095425867271,64.4609872604302,12.8934677649696,9.6382902362397
154,0.08,1.16296968908062,60.3547044059406,11.5470768984203,8.95364765549594
155,0,1.60188394666788,77.3854046816399,19.1304005112716,12.4738351424294
155,0.01,1.53581131142274,75.0417247580059,17.6358905508151,11.8032063565173
155,0.02,1.47296546672967,72.7420090400614,16.3772278440897,11.1686324778056
155,0.04,1.35585056188624,68.26867538713,14.3363196177383,10.1859138805412
155,0.06,1.24851571736426,63.9495914064646,12.7153014130964,9.28966386779936
155,0.08,1.14921287199001,59.7639047328228,11.3676221455165,8.6297854776697
156,0,1.59363341781064,77.0968450771525,18.9323157382673,12.1338885046498
156,0.01,1.52732474925316,74.7352215406418,17.4576516464099,11.4815362149688
156,0.02,1.46416304825746,72.4143379185978,16.2113133045784,10.8642562361707
156,0.04,1.34623416443501,67.8903410800076,14.1826821489681,9.90831944892768
156,0.06,1.23788570059164,63.5102802937377,12.5648280705856,9.1201083935591
156,0.08,1.13747044663275,59.2568293856341,11.2161131836789,8.47227414140596
157,0,1.6700501994575,79.7254574828383,20.9244826893928,12.4738351424294
157,0.01,1.61392497118703,77.8044560006172,19.4261483877472,11.6949939101987
157,0.02,1.56030995208068,75.9195022945476,18.1668234496769,11.0662378397767
157,0.04,1.45979257489018,72.251134897252,16.1297902611687,10
157,0.06,1.36691566713312,68.70191967314,14.5154134498442,9.1201083935591
157,0.08,1.28035480158472,65.2529065425131,13.1760477454938,8.39459986519397
158,0,1.6577770949011,79.3098932443851,20.5781632472417,1.22461619926505
158,0.01,1.60656250044123,77.5485202921711,19.244354229176,11.1686324778056
158,0.02,1.55278324354279,75.6509301521994,18.0010128877171,10.5681750921366
158,0.04,1.45158924154171,71.943886145534,15.9782628132095,9.54992586021436
158,0.06,1.35768747858693,68.340752620401,14.365877655451,8.79022516830884
158,0.08,1.26983778508377,64.8244709384989,13.0221370627601,8.09095899178382
159,0,1.64479624220426,78.8676295673665,20.2239140598352,1.25892541179417
159,0.01,1.60010042991669,77.3231250870916,19.0872735791496,10.7646521362983
159,0.02,1.54605402078545,75.409983823391,17.8548234730889,10.2801629812647
159,0.04,1.44409516584904,71.6621527912255,15.8414938503134,9.28966386779936
159,0.06,1.34924381310724,68.0089300085481,14.2305691610448,8.55066712884683
159,0.08,1.26027489858748,64.4331300929911,12.8836772845944,7.87045789695099
160,0,1.66403061982312,79.5219493556201,20.7531879241545,1.20226443461741
160,0.01,1.6641076073179,79.524555930541,20.755361030074,11.2719745617551
160,0.02,1.61727675355362,77.9206666948464,19.5099379100321,10.6659612123026
160,0.04,1.52892084915267,74.792962655079,17.4909606811468,9.6382902362397
160,0.06,1.4466227306155,71.7572865156929,15.8874486371201,8.79022516830884
160,0.08,1.36933025806491,68.7961645757964,14.5548317416342,8.09095899178382
161,0,1.6484659595162,78.9929444192088,20.3228582539135,1.22461619926505
161,0.01,1.65702464221091,79.2843337325994,20.5572993787809,1.21338885046498
161,0.02,1.61222559222938,77.7454635321928,19.3839144397965,10.1859138805412
161,0.04,1.52337614656903,74.5921842506734,17.3756647255132,9.20449571753171
161,0.06,1.44020581719639,71.5155405002273,15.7711208955292,8.39459986519397
161,0.08,1.36177449977011,68.5008992093018,14.4318885239261,7.72680585095702
162,0,1.63191702137201,78.4260362293211,19.8838036581912,1.25892541179417
162,0.01,1.64114604260449,78.7427572007508,20.1264071689478,1.23594743344451
162,0.02,1.60721208068477,77.5711381687531,19.2602710943963,9.81747943019984
162,0.04,1.51773502855505,74.3873631196636,17.2595480917736,8.87156012037961
162,0.06,1.43372754828482,71.2707356843637,15.6548079677195,8.09095899178382
162,0.08,1.35427128141285,68.2066581429665,14.3109616383737,7.51622894018205
163,0,1.71251977561661,81.1442360619805,22.2212160108918,1.18032063565173
163,0.01,1.67165770300054,79.7797016059379,20.970707088888,11.3762728582343
163,0.02,1.62544341567223,78.2030193984593,19.7168739060955,10.7646521362983
163,0.04,1.53820965398177,75.1281166133106,17.6867742724443,9.6382902362397
163,0.06,1.45693947649666,72.1444105622002,16.076870842458,8.79022516830884
163,0.08,1.38060178040681,69.2347063150866,14.740481263465,8.09095899178382
164,0,1.69616244525666,80.6013030519506,21.7021919567552,1.21338885046498
164,0.01,1.66002999444383,79.3863638526279,20.6408808432685,10.7646521362983
164,0.02,1.61328930445537,77.7823951155931,19.4103310335776,10.1859138805412
164,0.04,1.52480556106177,74.6439959372916,17.4052763081865,9.20449571753171
164,0.06,1.44207308462309,71.5859624886788,15.8048554860484,8.47227414140596
164,0.08,1.36409647021222,68.591748202144,14.469544112588,7.79830110523259
165,0,1.67848469356547,80.0095962489489,21.1693459993543,1.24738351424294
165,0.01,1.64996991543461,79.0442368933404,20.36367823833,10.3752841581801
165,0.02,1.60264637703053,77.4120118720849,19.1488891650663,9.81747943019984
165,0.04,1.51284960459828,74.2095300267567,17.1599299476417,8.95364765549594
165,0.06,1.42863191730093,71.077650438912,15.5640977434475,8.16582371358592
165,0.08,1.34909333924465,68.0030048276071,14.2281707155815,7.51622894018205
166,0,1.70913387054034,81.0322105999308,22.1115871280058,1.16949939101987
166,0.01,1.71677315161197,81.2846972096532,22.3606327109864,1.15877735615513
166,0.02,1.68669743240641,80.2851329295387,21.4134708486371,10.3752841581801
166,0.04,1.61313009986316,77.7768688292166,19.4063731669523,9.28966386779936
166,0.06,1.54406470673895,75.3386040943479,17.8119686191382,8.47227414140596
166,0.08,1.47871469259988,72.9552825241171,16.4868665420895,7.72680585095702
167,0,1.68773176257895,80.3197556317238,21.4446302399965,1.20226443461741
167,0.01,1.69615414346479,80.6010263842813,21.7019351253121,1.19124200802737
167,0.02,1.67743110754118,79.9741677963105,21.1384412480719,9.81747943019984
167,0.04,1.60277898464203,77.4166385838689,19.1521080720213,8.79022516830884
167,0.06,1.53236956369721,74.917572905631,17.5632672810956,8.01678063387679
167,0.08,1.46549251531175,72.4639157363981,16.2362234841706,7.37904230129101
168,0,1.66381494564233,79.514646723428,20.7471025528232,1.24738351424294
168,0.01,1.67319576610957,79.8315623571167,21.0151280137587,1.23594743344451
168,0.02,1.66895672879211,79.6885345286066,20.8931564988725,9.3756200692588
168,0.04,1.59313713888986,77.0794508431189,18.9205148881803,8.47227414140596
168,0.06,1.52139128202632,74.520180056178,17.3346735915808,7.72680585095702
168,0.08,1.45303106860221,71.9979754151748,16.0047565485497,7.11213513653329
169,0,1.70567745758849,80.9176589355622,22.0008817850722,1.15877735615513
169,0.01,1.71327740502062,81.1692772113261,22.2459095274474,1.14815362149688
169,0.02,1.72066011782133,81.4128002913798,22.489741068307,1.13762728582343
169,0.04,1.66704245905919,79.6238480177405,20.8385416619434,9.03649473722302
169,0.06,1.60709805125915,77.5671682723365,19.2574752997532,8.24138115013002
169,0.08,1.55012893922156,75.5559839606664,17.9431213977709,7.51622894018205
170,0,1.6787917194427,80.0199170089042,21.1783693532342,1.20226443461741
170,0.01,1.68738722880826,80.3082248238634,21.4342406174503,1.19124200802737
170,0.02,1.69572804292204,80.5868245255244,21.6887615493226,1.16949939101987
170,0.04,1.659249644683,79.3598858712323,20.619114439331,8.55066712884683
170,0.06,1.59816670989282,77.255539213226,19.0407073577514,7.79830110523259
170,0.08,1.53985342253748,75.1872697930066,17.7217816621142,7.17794291271362
171,0,1.64778938559959,78.9698574893203,20.3045463066574,1.24738351424294
171,0.01,1.65758191057202,79.303264079118,20.5727472217181,1.23594743344451
171,0.02,1.66707803868539,79.6250508708999,20.8395541548373,1.22461619926505
171,0.04,1.65161887821337,79.1004313283551,20.4086166076628,8.16582371358592
171,0.06,1.58937466121454,76.947441678194,18.8314609483288,7.44731973905989
171,0.08,1.52973683242726,74.822464802817,17.5080272390703,6.85488226452662
172,0,1.65343910684874,79.1624094672996,20.4584463799905,1.16949939101987
172,0.01,1.6008238950328,77.3483946929773,19.1047469154064,11.4815362149688
172,0.02,1.54613205589311,75.4127824461665,17.8565078813531,10.8642562361707
172,0.04,1.44391657575761,71.6554266112401,15.8382534581576,9.81747943019984
172,0.06,1.34986119569533,68.0332362394816,14.2404144772064,8.95364765549594
172,0.08,1.26254786776575,64.5262997200934,12.9164611331636,8.24138115013002
173,0,1.63495138221415,78.5303273417375,19.9629579626736,1.20226443461741
173,0.01,1.58739494440552,76.8778847214383,18.7848929349167,10.9647819614319
173,0.02,1.53225798358473,74.9135444972343,17.560920636929,10.3752841581801
173,0.04,1.42893636432484,71.0891997221364,15.5694983885441,9.3756200692588
173,0.06,1.3335350920456,67.3881377027481,13.9825548856948,8.6297854776697
173,0.08,1.24476194833101,63.7946969653797,12.6619795427177,7.94328234724282
174,0,1.61516248921589,77.8473845481077,19.4570085050724,1.22461619926505
174,0.01,1.57584592034821,76.4707733869317,18.5171029733117,10.5681750921366
174,0.02,1.52018039321674,74.4762192568064,17.3097385834109,10
174,0.04,1.41564052917809,70.5832671519719,15.3358414205221,9.1201083935591
174,0.06,1.31892378308613,66.8066591842673,13.7560312837901,8.39459986519397
174,0.08,1.22871437694987,63.1295699539593,12.4362878293187,7.72680585095702
175,0,1.64955668235103,79.0301473356675,20.3524466009133,1.15877735615513
175,0.01,1.65832453870522,79.3284830228598,20.5933688143775,1.14815362149688
175,0.02,1.61811766032738,77.9497921687844,19.5310622244119,10.471285480509
175,0.04,1.53093560692208,74.865785830443,17.5331466160331,9.3756200692588
175,0.06,1.4499338371614,71.8817389178517,15.9479167196205,8.55066712884683
175,0.08,1.37407158463102,68.9809168305544,14.6325924930062,7.87045789695099
176,0,1.62540259250488,78.2016107894764,19.7158294715991,1.19124200802737
176,0.01,1.63497459152714,78.5311244494618,19.9635656772992,1.18032063565173
176,0.02,1.60738845917524,77.5772782917109,19.2645969999087,9.90831944892768
176,0.04,1.51915087532326,74.4388228745422,17.2885811356667,8.95364765549594
176,0.06,1.43686383639721,71.3893455159216,15.7109781699902,8.16582371358592
176,0.08,1.35953917110635,68.4133473860113,14.3957427219135,7.58577575029184
177,0,1.59888921683157,77.2807991715164,19.0580828150388,1.22461619926505
177,0.01,1.60936117855978,77.6459169657155,19.3130988369014,1.21338885046498
177,0.02,1.59762136442199,77.2364671981413,19.0276107992601,9.54992586021436
177,0.04,1.50824868903056,74.0416706173148,17.0668969041407,8.6297854776697
177,0.06,1.42467413822579,70.9273595872702,15.4941071500049,7.87045789695099
177,0.08,1.3459189289935,67.8779103143216,14.1776766594255,7.31139083483417
178,0,1.64557547312513,78.8942579037597,20.2448465085872,1.14815362149688
178,0.01,1.65428179424143,79.1910839187873,20.4815956771736,1.13762728582343
178,0.02,1.66276401915893,79.4790517371233,20.7175006903636,1.12719745617551
178,0.04,1.59433506284542,77.1214300740222,18.9490217503888,9.1201083935591
178,0.06,1.52335017825308,74.5912426523507,17.3751274796612,8.31763771102671
178,0.08,1.456484601492,72.1273818947188,16.0684554745057,7.65596606911256
179,0,1.6153714417485,77.8546303886123,19.4622279232838,1.18032063565173
179,0.01,1.62506242934555,78.1898723186794,19.7071305818464,1.16949939101987
179,0.02,1.63449907644306,78.514791404472,19.9511216830761,1.15877735615513
179,0.04,1.58537808807819,76.8069538891501,18.7376542007366,8.6297854776697
179,0.06,1.51325094738131,74.2241549741077,17.1680811427513,7.87045789695099
179,0.08,1.44503269850351,71.6974534245844,15.8585190597531,7.31139083483417
180,0,1.58126171448753,76.6619688473554,18.6418677876151,1.22461619926505
180,0.01,1.59210968685697,77.0434259846335,18.8961239615493,1.21338885046498
180,0.02,1.60266954995807,77.4128204027451,19.1494515940025,1.20226443461741
180,0.04,1.57660742410439,76.4976874220967,18.5345607042627,8.31763771102671
180,0.06,1.50330504042053,73.8608927059475,16.9677640220196,7.58577575029184
180,0.08,1.43377652207987,71.2725891561641,15.6556830773717,6.98232404077171
181,0,1.59954202940962,77.3036148538424,19.0738061348958,1.15877735615513
181,0.01,1.53433724542883,74.9885770287292,17.6047296911462,11.6949939101987
181,0.02,1.47218103667169,72.7128643624615,16.3623474296201,11.0662378397767
181,0.04,1.35705481042867,68.3159348295785,14.35568961339,10
181,0.06,1.25231932069866,64.1062760125114,12.7695404171582,9.1201083935591
181,0.08,1.15604818615806,60.0578940005881,11.4565194885657,8.47227414140596
182,0,1.57951745320282,76.6004456193128,18.601530206195,1.18032063565173
182,0.01,1.51951174899353,74.451933421963,17.2959929328634,11.1686324778056
182,0.02,1.45702674626908,72.147677165593,16.0784860470763,10.5681750921366
182,0.04,1.3410085052354,67.6840417999976,14.099955435864,9.6382902362397
182,0.06,1.23514634473534,63.3967304080786,12.5263116922011,8.87156012037961
182,0.08,1.13761350633683,59.2630225964804,11.2179499931487,8.16582371358592
183,0,1.55833380340657,75.8490831073092,18.1230505004761,1.20226443461741
183,0.01,1.50681849039902,73.98941567042,17.0381300433128,10.7646521362983
183,0.02,1.44391070101952,71.6552053432226,15.8381468799746,10.2801629812647
183,0.04,1.32687633554857,67.1236279959741,13.8788359780859,9.3756200692588
183,0.06,1.21985505458896,62.7603293265595,12.3132204570061,8.6297854776697
183,0.08,1.12110880364264,58.5460043431302,11.0074758882745,8.01678063387679
184,0,1.5952845702383,77.1546865547529,18.9716701747378,1.14815362149688
184,0.01,1.60490768480252,77.4908684818055,19.203911304888,1.13762728582343
184,0.02,1.55331227113942,75.6698392290991,18.0125870749935,10.5681750921366
184,0.04,1.45406260794313,72.0366502393648,16.0237472896157,9.54992586021436
184,0.06,1.36278270040669,68.5403579422936,14.4482249350706,8.70963589956081
184,0.08,1.27809507051364,65.1610232998669,13.1428307468272,8.01678063387679
185,0,1.56922932227369,76.2365014243723,18.3665663738158,1.16949939101987
185,0.01,1.57961260038547,76.6038029775573,18.6037267564394,1.15877735615513
185,0.02,1.54144723421327,75.2445803456869,17.7558291630311,10.0925288607668
185,0.04,1.4412726598309,71.5557829634076,15.7903832187194,9.1201083935591
185,0.06,1.34882908729787,67.9925984281257,14.2239598098609,8.31763771102671
185,0.08,1.26277871497226,64.5357568651882,12.9197950964423,7.72680585095702
186,0,1.54102227062719,75.2293037496872,17.7467409015308,1.20226443461741
186,0.01,1.55224793183307,75.6317915287345,17.9893133908896,1.19124200802737
186,0.02,1.53066549855613,74.8560269058515,17.5274818540498,9.6382902362397
186,0.04,1.42947130278065,71.1094887342605,15.5789935815546,8.79022516830884
186,0.06,1.33584336688526,67.4796411553714,14.0187027181879,8.09095899178382
186,0.08,1.24854406499255,63.9507601418779,12.7157048656329,7.51622894018205
187,0,1.59082832582601,76.9984732068583,18.8657816266737,1.12719745617551
187,0.01,1.60038247534092,77.3329775926856,19.0940822758184,1.11686324778056
187,0.02,1.60972010075262,77.6583981729474,19.3219468725551,1.10662378397767
187,0.04,1.52561471697181,74.6733094179672,17.4220728608137,9.28966386779936
187,0.06,1.44490099961845,71.6924955546491,15.8561260061431,8.47227414140596
187,0.08,1.36949856228018,68.8027297745503,14.5575838835376,7.79830110523259
188,0,1.55840365376001,75.851573344408,18.1245948021435,1.16949939101987
188,0.01,1.56888868137611,76.2244200573542,18.3588715343078,1.15877735615513
188,0.02,1.57913243503753,76.5868583030037,18.5926462244492,1.14815362149688
188,0.04,1.51577030909852,74.3158961283239,17.2193815833109,8.79022516830884
188,0.06,1.43396018903775,71.2795398688138,15.6589655737975,8.01678063387679
188,0.08,1.35727631042153,68.3246244807687,14.3592555705662,7.37904230129101
189,0,1.52241592817989,74.5573593652569,17.355816047078,1.20226443461741
189,0.01,1.53396005903927,74.9749714211254,17.5967699643148,1.19124200802737
189,0.02,1.54523927177816,75.3807576486694,17.8372519644122,1.18032063565173
189,0.04,1.50616763154939,73.9656234456564,17.0250624707437,8.47227414140596
189,0.06,1.42323308385304,70.8725678072762,15.4687225964307,7.72680585095702
189,0.08,1.34531073526385,67.8539221145104,14.1680248914084,7.17794291271362
190,0,1.72584251352318,81.5832144772881,22.6644876827345,12.4738351424294
190,0.01,1.67774783259082,79.9848200960339,21.147722023814,11.6949939101987
190,0.02,1.63152480079633,78.4125442732341,19.8736150424898,11.0662378397767
190,0.04,1.54415934656202,75.3420014771563,17.8140037045582,10
190,0.06,1.46255682367299,72.3543974771925,16.1812871215612,9.03649473722302
190,0.08,1.38573519141708,69.4336679959633,14.825947048947,8.31763771102671
191,0,1.71553504063119,81.2438409698932,22.3198516831097,11.9124200802738
191,0.01,1.6670052105587,79.6225887217977,20.8374817831255,11.1686324778056
191,0.02,1.62026613929203,78.0241520759086,19.5852234718995,10.5681750921366
191,0.04,1.53162071107444,74.8905327081264,17.5475274425553,9.54992586021436
191,0.06,1.44852191758931,71.8286939563451,15.9220946751396,8.70963589956081
191,0.08,1.37004196515872,68.8239232789357,14.5664737875437,8.09095899178382
192,0,1.70696732232977,80.9604302129053,22.0420540810816,11.4815362149688
192,0.01,1.65793797894425,79.3153569700258,20.5826296050578,10.7646521362983
192,0.02,1.61063428618474,77.6901782939286,19.3445159087138,10.2801629812647
192,0.04,1.52070453483701,74.4952511419007,17.3205251942974,9.28966386779936
192,0.06,1.43614410310634,71.3621418327994,15.6980648405816,8.47227414140596
192,0.08,1.35608549454267,68.2778971430599,14.3400961434806,7.87045789695099
193,0,1.74677162977308,82.2670035922299,23.4028972648706,1.20226443461741
193,0.01,1.7295291716836,81.7041782858844,22.7906715483795,11.2719745617551
193,0.02,1.69074193071559,80.420416264048,21.5358527734058,10.6659612123026
193,0.04,1.61693671178945,77.9088856775954,19.5014075466703,9.54992586021436
193,0.06,1.54746458224671,75.4605553809359,17.8853098635252,8.70963589956081
193,0.08,1.48152886847533,73.0594638491727,16.54090841544,7.94328234724282
194,0,1.73271213588604,81.8084379391838,22.9009051630574,1.23594743344451
194,0.01,1.72138908160797,81.4367974154756,22.5141389449829,10.6659612123026
194,0.02,1.68217143723222,80.1334240796513,21.2782216166327,10.0925288607668
194,0.04,1.60727838616499,77.5734464702991,19.2618971170479,9.1201083935591
194,0.06,1.53643743727948,75.0642883963517,17.6491524862952,8.31763771102671
194,0.08,1.46894072149109,72.5923581331262,16.3010775484001,7.65596606911256
195,0,1.71745195980961,81.3070864919132,22.3830613120615,1.27057410520854
195,0.01,1.71420481875235,81.1999173112012,22.2762189433883,10.2801629812647
195,0.02,1.6745055805428,79.8756960299374,21.0531072843942,9.72747223776965
195,0.04,1.59847922183935,77.2664662058265,19.048219499941,8.79022516830884
195,0.06,1.52630819689667,74.6984231773289,17.4364879404137,8.01678063387679
195,0.08,1.45732124616797,72.1586996187242,16.0839383198567,7.37904230129101
196,0,1.7429894435193,82.143957237505,23.265352806045,1.19124200802737
196,0.01,1.74967421611788,82.3612775606624,23.509759032815,1.18032063565173
196,0.02,1.73345868628948,81.8328678203124,22.9269363192897,10.2801629812647
196,0.04,1.66965739833089,79.7121961500063,20.9132187059678,9.28966386779936
196,0.06,1.60928923154847,77.6434148076722,19.3113260944278,8.39459986519397
196,0.08,1.55172937867678,75.613247329711,17.9779918108315,7.72680585095702
197,0,1.72531519143352,81.5658943480959,22.6465676395697,1.22461619926505
197,0.01,1.73270306206108,81.8081409546591,22.9005891870461,1.21338885046498
197,0.02,1.72709438232156,81.6243145780958,22.7071583016209,9.72747223776965
197,0.04,1.66241296711627,79.4671574708546,20.7076311296601,8.79022516830884
197,0.06,1.60089115485043,77.3507435295023,19.1063728239033,8.01678063387679
197,0.08,1.54195999175534,75.2630087816603,17.7668047498023,7.37904230129101
198,0,1.70557816092906,80.9143651780689,21.9977191406747,1.27057410520854
198,0.01,1.71384301929671,81.1879657710468,22.2643839544988,1.25892541179417
198,0.02,1.7210779424058,81.4265559261308,22.5037181323599,9.3756200692588
198,0.04,1.6554556175311,79.2310062863926,20.5139268368825,8.47227414140596
198,0.06,1.59278172024317,77.0669910790306,18.9120713490493,7.65596606911256
198,0.08,1.53251668407559,74.9228841026308,17.5663621161571,7.04693068967147
199,0,1.66526010192205,79.563564287819,20.7879463966553,12.5892541179417
199,0.01,1.60788721893299,77.5946383534753,19.2768390937786,11.9124200802738
199,0.02,1.55312610528683,75.6631856403058,18.0085127298503,11.1686324778056
199,0.04,1.45059168279423,71.9064416279539,15.9599668296009,10.0925288607668
199,0.06,1.35603014470939,68.2757245997735,14.3392062985977,9.20449571753171
199,0.08,1.26804401828746,64.7511936465274,12.9960586650994,8.55066712884683
200,0,1.65317993182751,79.1535880317698,20.4513368797379,12.0226443461741
200,0.01,1.59544613424423,77.1603437991132,18.9755286242325,11.3762728582343
200,0.02,1.54022183723211,75.2005212357624,17.7296427215773,10.7646521362983
200,0.04,1.43653163583503,71.3767905191588,15.7050161718151,9.72747223776965
200,0.06,1.34058696180922,67.6673782964905,14.0933050360166,8.87156012037961
200,0.08,1.25103267908041,64.0533044279568,12.7511693222054,8.24138115013002
201,0,1.64318708129786,78.8126081507799,20.1808180659259,11.5877735615513
201,0.01,1.58497617441802,76.7928106609942,18.7282648883634,10.9647819614319
201,0.02,1.52923084744208,74.804172114983,17.497441377193,10.3752841581801
201,0.04,1.42434720691451,70.9149322741322,15.4883435341587,9.46237161365793
201,0.06,1.32705273389099,67.1306456458471,13.8815730277582,8.6297854776697
201,0.08,1.23604563535481,63.4340225215531,12.5389444205562,8.01678063387679
202,0,1.69250128088331,80.4791801569708,21.5895468714043,1.19124200802737
202,0.01,1.66923804560263,79.6980355816749,20.9012067711917,11.3762728582343
202,0.02,1.62284418486904,78.1132764138379,19.6505769523538,10.7646521362983
202,0.04,1.535299420387,75.023272718007,17.6250597574754,9.6382902362397
202,0.06,1.45375479069099,72.0251114361834,16.0180771839311,8.79022516830884
202,0.08,1.37717294743446,69.1015447021453,14.6837166759564,8.09095899178382
203,0,1.67628168625185,79.9354957675223,21.1048302255613,1.22461619926505
203,0.01,1.65969953240936,79.3751522129246,20.6316576939757,10.7646521362983
203,0.02,1.6129019216104,77.7689475895731,19.4007031327769,10.1859138805412
203,0.04,1.5242925380516,74.6254046075798,17.3946397308685,9.20449571753171
203,0.06,1.4414197560131,71.5613299940595,15.7930415223506,8.39459986519397
203,0.08,1.36331298379545,68.561104628419,14.456825807055,7.79830110523259
204,0,1.6588472823471,79.3462293811035,20.6079089493506,1.25892541179417
204,0.01,1.65130484249111,79.0897329196401,20.4000435390324,10.3752841581801
204,0.02,1.60403219094629,77.4603484740331,19.1825756166943,9.81747943019984
204,0.04,1.51431173645906,74.2627965759776,17.1896534767964,8.87156012037961
204,0.06,1.43013410756189,71.1346203074204,15.5907687107785,8.16582371358592
204,0.08,1.35058683380125,68.0617955746043,14.2519957665922,7.51622894018205
205,0,1.68807973623148,80.3313995777207,21.455134249839,1.18032063565173
205,0.01,1.69587127795747,80.5915988580043,21.69318799817,1.16949939101987
205,0.02,1.67366393631441,79.8473404320563,21.0286870837538,10.3752841581801
205,0.04,1.59738400006821,77.2281644234633,19.0219153800999,9.3756200692588
205,0.06,1.52587944159311,74.6828971760502,17.4275734280157,8.47227414140596
205,0.08,1.45829947903512,72.1953015346181,16.1020669198563,7.79830110523259
206,0,1.667740928806,79.6474575855499,20.8584360991209,1.21338885046498
206,0.01,1.67628491280998,79.9356043549999,21.104924423135,1.20226443461741
206,0.02,1.66621415623925,79.5958393382801,20.8149983240095,9.81747943019984
206,0.04,1.58904433307927,76.9358403258405,18.8236769867732,8.87156012037961
206,0.06,1.51635019545617,74.3369966217014,17.2312220721665,8.09095899178382
206,0.08,1.44737562076885,71.7856021030283,15.9011713196249,7.44731973905989
207,0,1.64534106278154,78.8862485664701,20.2385451877712,1.25892541179417
207,0.01,1.65477273505128,79.2077838825645,20.4951057756576,1.23594743344451
207,0.02,1.65917872392657,79.3574789617034,20.6171384785614,9.46237161365793
207,0.04,1.58103734291671,76.6540577844978,18.6366706924122,8.55066712884683
207,0.06,1.5071715178885,74.0023175206728,17.0452241280456,7.79830110523259
207,0.08,1.43686711677697,71.3894694828514,15.7110370575739,7.17794291271362
208,0,1.60787864303617,77.5943398925854,19.2766284805427,12.7057410520854
208,0.01,1.54216381671363,75.2703329537658,17.7711705991541,12.0226443461741
208,0.02,1.47985116249476,72.9973717316174,16.508660736548,11.3762728582343
208,0.04,1.36423672100523,68.5972324856323,14.4718221391869,10.2801629812647
208,0.06,1.25881713971303,64.3733258601778,12.8626924805241,9.3756200692588
208,0.08,1.16169995733503,60.3003220715941,11.5304233021774,8.70963589956081
209,0,1.59433552514553,77.1214462698213,18.9490327660984,12.1338885046498
209,0.01,1.52838154806858,74.7734576680388,17.4796950767813,11.4815362149688
209,0.02,1.46572754063384,72.4726769147346,16.2406325945312,10.8642562361707
209,0.04,1.34913520712864,68.0046534928927,14.2288380147694,9.90831944892768
209,0.06,1.24249865908135,63.7011791049724,12.629927983973,9.1201083935591
209,0.08,1.14406310859122,59.5418373808754,11.3009901921046,8.47227414140596
210,0,1.58319016532648,76.7299280290669,18.6866379961062,11.8032063565173
210,0.01,1.51684260432046,74.3549094218845,17.2412860063112,11.1686324778056
210,0.02,1.45372634843581,72.0240451677197,16.0175534030193,10.5681750921366
210,0.04,1.33610401029252,67.4899673210887,14.0227907394172,9.6382902362397
210,0.06,1.22827903906827,63.1114598803057,12.4302153976587,8.87156012037961
210,0.08,1.12854704038169,58.869772856153,11.1019748033146,8.24138115013002
211,0,1.64201870158669,78.7726309723702,20.1496366526703,1.18032063565173
211,0.01,1.61186264251324,77.7328576975248,19.3749156232052,11.4815362149688
211,0.02,1.55859309797207,75.8583268013216,18.1287842478633,10.8642562361707
211,0.04,1.45887601229451,72.2168653306388,16.1127641618452,9.81747943019984
211,0.06,1.36691902301447,68.7020507315361,14.5154681499323,8.95364765549594
211,0.08,1.28137003474676,65.2941564007141,13.1909977095746,8.24138115013002
212,0,1.6241557171005,78.1585736229471,19.6839780214408,1.21338885046498
212,0.01,1.60118108461928,77.3608675280775,19.1133842452764,10.8642562361707
212,0.02,1.54757791260388,75.4646170115151,17.8877628624736,10.3752841581801
212,0.04,1.4468928982446,71.7674484655375,15.8923710899159,9.3756200692588
212,0.06,1.35370855472884,68.1845492670179,14.3019382264762,8.55066712884683
212,0.08,1.26674566210385,64.6981173096764,12.9772136430092,7.94328234724282
213,0,1.60504850995615,77.4957764760544,19.207347127466,1.23594743344451
213,0.01,1.59180326622388,77.0326786723061,18.8888603139255,10.471285480509
213,0.02,1.53776429660802,75.1120817484828,17.6773081410887,10
213,0.04,1.43605521772567,71.3587815978446,15.6964710306524,9.03649473722302
213,0.06,1.34166855349323,67.7101268123519,14.1103754253285,8.31763771102671
213,0.08,1.25340518236801,64.1509575537493,12.7850636621666,7.72680585095702
214,0,1.63706609403353,78.6029184418306,20.0184730115197,1.16949939101987
214,0.01,1.6457591550392,78.9005333073848,20.2497867986954,1.15877735615513
214,0.02,1.61657690771195,77.8964178464735,19.4923887903393,10.471285480509
214,0.04,1.52902112369839,74.7965887408021,17.4930565748661,9.46237161365793
214,0.06,1.44766780867794,71.7965883261993,15.9065011614951,8.6297854776697
214,0.08,1.37144713304377,68.878701984942,14.5894908470055,7.94328234724282
215,0,1.61470207724076,77.8314162442425,19.4455168209477,1.20226443461741
215,0.01,1.62415814011407,78.1586572811822,19.6840398254433,1.19124200802737
215,0.02,1.60824423082959,77.6070620777418,19.2856105021066,9.90831944892768
215,0.04,1.51986583626134,74.4647952042698,17.3032700210975,8.95364765549594
215,0.06,1.43736821087567,71.4084037766504,15.720035795238,8.24138115013002
215,0.08,1.35978968064657,68.4231637010401,14.3997884346444,7.58577575029184
216,0,1.59037376316867,76.9825194701161,18.855037918323,1.23594743344451
216,0.01,1.60067877218364,77.3433264736389,19.1012396107288,1.22461619926505
216,0.02,1.60037662022991,77.3327730737575,19.0939408875295,9.54992586021436
216,0.04,1.51106597529284,74.1445003306517,17.1237745909431,8.6297854776697
216,0.06,1.4274428000685,71.0325250077048,15.5430267070851,7.94328234724282
216,0.08,1.34860481122715,67.9837653023719,14.2203870072402,7.31139083483417
217,0,1.73170035492319,81.7753143275291,22.865733313682,12.8233058265602
217,0.01,1.68372832044215,80.1856481177597,21.3245457608817,12.1338885046498
217,0.02,1.63759738370833,78.6211440462557,20.032466090409,11.3762728582343
217,0.04,1.550274056096,75.5611780400283,17.9462787367379,10.2801629812647
217,0.06,1.46860799554062,72.5799736148859,16.2948041061397,9.3756200692588
217,0.08,1.39160947532024,69.6607586838527,14.9244679670111,8.6297854776697
218,0,1.72222240546613,81.4642194281451,22.5421021247927,12.2461619926505
218,0.01,1.6738402892528,79.853282861873,21.0337991850597,11.5877735615513
218,0.02,1.62720749792947,78.2638624183686,19.7621046334065,10.9647819614319
218,0.04,1.53865134583941,75.1440160949426,17.696170336043,9.90831944892768
218,0.06,1.45548426064528,72.0899202392455,16.0499696297732,9.03649473722302
218,0.08,1.37682209014239,69.0879068286491,14.6779225984907,8.31763771102671
219,0,1.71454240834589,81.2110671856016,22.2872744712891,11.9124200802738
219,0.01,1.66570133318412,79.5784927427679,20.8004486569251,11.1686324778056
219,0.02,1.61853749914258,77.9643291379948,19.5416245187162,10.5681750921366
219,0.04,1.52876201138083,74.7872184716786,17.4876415160897,9.54992586021436
219,0.06,1.44419217383994,71.6658061324027,15.8432543582779,8.79022516830884
219,0.08,1.36401098210377,68.5884051504183,14.4681557699668,8.09095899178382
220,0,1.77373732947822,83.1376278257535,24.4431751835645,12.3594743344451
220,0.01,1.73358751544977,81.8370826721758,22.9314352579654,11.5877735615513
220,0.02,1.69480908468843,80.5561856411933,21.6604080210309,10.8642562361707
220,0.04,1.62091311233228,78.0465288259646,19.6015868163755,9.81747943019984
220,0.06,1.55120600302498,75.5945259483194,17.9665765390271,8.87156012037961
220,0.08,1.48492191274036,73.1848886617405,16.6063995391092,8.16582371358592
221,0,1.76469689544554,82.8470417366577,24.0820471729664,1.24738351424294
221,0.01,1.72611829364364,81.5922707994392,22.6738722683478,10.9647819614319
221,0.02,1.68692540388549,80.292765460528,21.420330435956,10.3752841581801
221,0.04,1.61196221147195,77.7363161121125,19.3773835445682,9.3756200692588
221,0.06,1.5409034786749,75.225032853826,17.7442017294415,8.55066712884683
221,0.08,1.47305829814934,72.7454573719902,16.3789900725031,7.87045789695099
222,0,1.75428299468084,82.5106891229355,23.6818358512638,1.28233058265602
222,0.01,1.71967821509465,81.3804628702457,22.4569704282461,10.5681750921366
222,0.02,1.68003642258421,80.0617420672534,21.2150314639565,10
222,0.04,1.60399633359021,77.4590981966078,19.1817026724269,9.03649473722302
222,0.06,1.53166316589059,74.8920659635669,17.5484191997003,8.24138115013002
222,0.08,1.46238751627936,72.3480766589009,16.1781265692727,7.58577575029184
223,0,1.77081549865142,83.0438541588869,24.325000768045,1.21338885046498
223,0.01,1.76979371461351,83.0110287645829,24.2840081776152,11.1686324778056
223,0.02,1.73636342992979,81.9278358936098,23.0288691983818,10.5681750921366
223,0.04,1.67240793880784,79.8050031260736,20.992350979079,9.46237161365793
223,0.06,1.61175437010018,77.7290967873934,19.3722326188002,8.6297854776697
223,0.08,1.55377609992469,75.6864139129821,18.0227446918484,7.87045789695099
224,0,1.7584906498812,82.6467989357739,23.8415904979905,1.24738351424294
224,0.01,1.76427124161474,82.8333278140511,24.0653668213162,10.5681750921366
224,0.02,1.73054139936843,81.7373521406282,22.825596277009,10
224,0.04,1.66573301782465,79.5795646245048,20.8013470162195,9.03649473722302
224,0.06,1.60393140940227,77.4568343586717,19.1801222776327,8.16582371358592
224,0.08,1.54457050245153,75.3567593563769,17.8228492630904,7.51622894018205
225,0,1.7451238633164,82.2134249326206,23.3427402031266,1.28233058265602
225,0.01,1.75218926532018,82.4428550116264,23.6032924279694,1.27057410520854
225,0.02,1.72515132403395,81.5605111302177,22.641005405818,9.6382902362397
225,0.04,1.65944508917835,79.3665184348965,20.6245617527646,8.70963589956081
225,0.06,1.59653637677668,77.1985075392987,19.001601459701,7.87045789695099
225,0.08,1.5358877694817,75.0444804356779,17.6375091712029,7.2443596007499
226,0,1.67214388297136,79.7960989724471,20.9847279702592,12.9419584144999
226,0.01,1.61483970160367,77.836189797341,19.4489505794667,12.2461619926505
226,0.02,1.56011108302293,75.9124187366869,18.1624105810035,11.5877735615513
226,0.04,1.45750030684972,72.1654006925277,16.087254609008,10.3752841581801
226,0.06,1.36271540404124,68.5377246885638,14.4471338441068,9.46237161365793
226,0.08,1.27437188664268,65.0094287899811,13.0882780479365,8.79022516830884
227,0,1.66100953832914,79.4195863029116,20.6682676390584,12.3594743344451
227,0.01,1.60335164400566,77.4366153702602,19.1660197509793,11.6949939101987
227,0.02,1.54816267639701,75.4855707378747,17.9004284123868,11.0662378397767
227,0.04,1.44439938513614,71.6736091896933,15.8470157069636,10
227,0.06,1.34820205032302,67.9679002358922,14.2139733602896,9.20449571753171
227,0.08,1.25830152897438,64.3521636327607,12.8552777694763,8.47227414140596
228,0,1.65201519911049,79.1139306321251,20.4194460174581,12.0226443461741
228,0.01,1.5939249072374,77.1070596195426,18.9392529274433,11.3762728582343
228,0.02,1.53823060881858,75.1288709965071,17.6872198658308,10.7646521362983
228,0.04,1.43331155144002,71.2549900533551,15.6473770936609,9.72747223776965
228,0.06,1.33578439258144,67.4773045400229,14.0177779231002,8.95364765549594
228,0.08,1.24444943927966,63.7817899119432,12.6575495677625,8.31763771102671
229,0,1.72236242255012,81.4688258322073,22.5468081809476,12.3594743344451
229,0.01,1.67403144547824,79.8597235241867,21.039343248057,11.6949939101987
229,0.02,1.62760523879178,78.2775732036959,19.7723291529148,10.9647819614319
229,0.04,1.53986865503653,75.1878177348324,17.7221065774699,9.90831944892768
229,0.06,1.45798779071575,72.1836411414235,16.096287721128,9.03649473722302
229,0.08,1.38093187128929,69.2475144145758,14.7459594700154,8.31763771102671
230,0,1.71325856891731,81.1686547544953,22.2452948703724,1.24738351424294
230,0.01,1.66525636365152,79.5634377947218,20.7878405369835,11.0662378397767
230,0.02,1.61843993769551,77.9609513273924,19.539169143172,10.471285480509
230,0.04,1.52965250644708,74.8194165070156,17.5062623449466,9.46237161365793
230,0.06,1.44643198304811,71.7501110470365,15.8839744322844,8.6297854776697
230,0.08,1.36783645737494,68.7378719292303,14.5304309563946,8.01678063387679
231,0,1.70111799827054,80.7662510359538,21.8566633640458,1.27057410520854
231,0.01,1.6577160367651,79.3078195577334,20.5764686893299,10.6659612123026
231,0.02,1.61045522418442,77.6839546218509,19.3400915793777,10.0925288607668
231,0.04,1.52059651044978,74.4913291071548,17.3183012652046,9.20449571753171
231,0.06,1.43609817432197,71.3604055524904,15.6972412621415,8.39459986519397
231,0.08,1.35610099029113,68.2785053586294,14.340345275676,7.72680585095702
232,0,1.72037814046366,81.4035154174685,22.4803192887342,1.21338885046498
232,0.01,1.71738562387741,81.3048988502061,22.3808673032418,11.2719745617551
232,0.02,1.67711276055941,79.9634592726494,21.1291213194781,10.6659612123026
232,0.04,1.60059680302914,77.3404636531419,19.0992590947504,9.54992586021436
232,0.06,1.52870343559854,74.7851000354883,17.4864177276491,8.70963589956081
232,0.08,1.46061576635879,72.2819006427444,16.1451026864392,8.01678063387679
233,0,1.70599454893655,80.9281760532317,22.0109878716796,1.23594743344451
233,0.01,1.71085001354134,81.0890140226137,22.1670044986679,10.6659612123026
233,0.02,1.6702811541311,79.7332535319783,20.931111254907,10.0925288607668
233,0.04,1.59290043389892,77.0711530144581,18.9148908550032,9.1201083935591
233,0.06,1.51982375168242,74.4632666488383,17.3024048696697,8.31763771102671
233,0.08,1.45030848786266,71.8958083438505,15.9547779106287,7.65596606911256
234,0,1.69048167520454,80.4117191648794,21.5279337404802,1.27057410520854
234,0.01,1.69871107976656,80.6861859593871,21.7813449457016,1.25892541179417
234,0.02,1.66396750439584,79.5198123753662,20.7514067188382,9.72747223776965
234,0.04,1.58565506645905,76.8166990696642,18.7441295214698,8.79022516830884
234,0.06,1.51143730828006,74.158043433204,17.1312923877132,8.01678063387679
234,0.08,1.44061492476957,71.5309748892719,15.7785038795557,7.37904230129101
235,0,1.61562182736797,77.8633120282954,19.4684856355102,13.0617088813184
235,0.01,1.54990957408961,75.5481316660631,17.9383503115391,12.3594743344451
235,0.02,1.48754790763657,73.2818195646806,16.6573382282295,11.6949939101987
235,0.04,1.37169280826673,68.888275638887,14.5935193765709,10.5681750921366
235,0.06,1.26587538236399,64.6625231421607,12.9645964294797,9.6382902362397
235,0.08,1.16826127019679,60.5810186696578,11.6166812721091,8.95364765549594
236,0,1.60309654568907,77.4277171490304,19.1598204126248,12.5892541179417
236,0.01,1.53715536031806,75.0901517228979,17.664377941252,11.8032063565173
236,0.02,1.47442618675843,72.7962514803014,16.4049874262502,11.2719745617551
236,0.04,1.35757436154228,68.336315892776,14.3640555027656,10.1859138805412
236,0.06,1.25049981840942,64.0313573511131,12.743568074146,9.3756200692588
236,0.08,1.15150297218933,59.8624995897736,11.397347913482,8.70963589956081
237,0,1.59302919142973,77.0756668019691,18.9179497320628,12.1338885046498
237,0.01,1.52670643323304,74.7128411563729,17.4447741734303,11.4815362149688
237,0.02,1.46355035271004,72.3914790058978,16.1998508332094,10.9647819614319
237,0.04,1.34567891132616,67.8684444145816,14.1738668222105,9.90831944892768
237,0.06,1.2374218319762,63.4910621172848,12.558298469697,9.1201083935591
237,0.08,1.13713040049587,59.2421068888215,11.2117480609853,8.47227414140596
238,0,1.67311872876921,79.8289657287962,21.0128985665108,12.4738351424294
238,0.01,1.61727989924602,77.9207756707172,19.5100168552028,11.8032063565173
238,0.02,1.56393735160612,76.0485875550812,18.2476234620992,11.0662378397767
238,0.04,1.46391144622794,72.4049517659546,16.2066049269985,10
238,0.06,1.3715002588227,68.8807723225857,14.590361883549,9.1201083935591
238,0.08,1.28536805602432,65.4564147962945,13.2500320983088,8.47227414140596
239,0,1.66348354651551,79.5034241866867,20.7377588418354,11.9124200802738
239,0.01,1.60742887153606,77.5786850603626,19.2655884080178,11.1686324778056
239,0.02,1.55375252060617,75.6855714079754,18.0222280939632,10.5681750921366
239,0.04,1.45277020655091,71.988192080464,15.9999588283036,9.6382902362397
239,0.06,1.35909103013017,68.3957839530468,14.3885084681494,8.79022516830884
239,0.08,1.2715135043235,64.8928721474356,13.0465442379557,8.16582371358592
240,0,1.65144019153462,79.09434412404,20.4037376652632,1.25892541179417
240,0.01,1.59897893560901,77.2839352572864,19.0602423885474,10.8642562361707
240,0.02,1.54487946678327,75.3678472776873,17.8295008656904,10.2801629812647
240,0.04,1.44290180239711,71.617196711207,15.8198576533015,9.28966386779936
240,0.06,1.34804406920946,67.9616764277495,14.2114585082397,8.55066712884683
240,0.08,1.25914956618161,64.3869670421781,12.8674750335476,7.94328234724282
241,0,1.67288510463003,79.8210905681368,21.0061404501149,1.20226443461741
241,0.01,1.66706175241998,79.6245002779077,20.8390906827846,11.3762728582343
241,0.02,1.62049278512419,78.0319918438477,19.5909529920936,10.7646521362983
241,0.04,1.53261812628968,74.9265460511825,17.5684965542784,9.6382902362397
241,0.06,1.45078386110693,71.9136566432583,15.9634893518628,8.79022516830884
241,0.08,1.37393825316612,68.9757269707969,14.6303992319954,8.09095899178382
242,0,1.65682272917021,79.2774734890245,20.551707830932,1.22461619926505
242,0.01,1.65966483637492,79.3739749692445,20.6306898037991,10.7646521362983
242,0.02,1.61283383658195,77.7665838372886,19.3990118561937,10.1859138805412
242,0.04,1.52414192649098,74.6199457546712,17.3915189646848,9.20449571753171
242,0.06,1.44116530150147,71.551734211948,15.7884434225868,8.39459986519397
242,0.08,1.36295830497152,68.5472288221609,14.4510724908879,7.72680585095702
243,0,1.63962341818176,78.6906025134124,20.0859977809738,1.25892541179417
243,0.01,1.64880170497148,79.0043983139221,20.3319572661348,1.24738351424294
243,0.02,1.60576311234107,77.5206763758105,19.2247986783209,9.81747943019984
243,0.04,1.51617235826324,74.3305262343175,17.2275895781689,8.87156012037961
243,0.06,1.4320958131468,71.2089561405329,15.625686658884,8.16582371358592
243,0.08,1.35260183769292,68.1410507930983,14.284210328873,7.51622894018205
244,0,1.71441562698986,81.206880082089,22.2831211669201,12.0226443461741
244,0.01,1.66579430792703,79.5816380025992,20.803085003209,11.2719745617551
244,0.02,1.61913583630743,77.9850414769682,19.5566954559501,10.6659612123026
244,0.04,1.53111660359048,74.8723244674495,17.5369440942124,9.6382902362397
244,0.06,1.44914719248162,71.8521895447104,15.9335232212697,8.79022516830884
244,0.08,1.37217778823609,68.9071714771036,14.6014757379322,8.09095899178382
245,0,1.70341652739627,80.8426218607685,21.9291122897794,1.20226443461741
245,0.01,1.65844858546688,79.3326946358395,20.5968173537968,10.7646521362983
245,0.02,1.61154390347607,77.7217855280235,19.367019138761,10.1859138805412
245,0.04,1.52271341164588,74.5681501211826,17.3619616375289,9.20449571753171
245,0.06,1.43959999573357,71.4926791915196,15.7601961963627,8.39459986519397
245,0.08,1.36126390250187,68.4809085053474,14.4236230194137,7.72680585095702
246,0,1.6873813022954,80.3080264590325,21.4340619916047,1.23594743344451
246,0.01,1.65182742623042,79.1075351243672,20.4143137612148,10.2801629812647
246,0.02,1.60457307439884,77.479205391302,19.1957519218578,9.81747943019984
246,0.04,1.51485032027771,74.2824081406529,17.200621726587,8.87156012037961
246,0.06,1.43065395560169,71.1543258749185,15.600012120324,8.09095899178382
246,0.08,1.35107702064044,68.0810826870484,14.2598251248391,7.51622894018205
247,0,1.71292817174236,81.1577355256788,22.2345194501943,1.15877735615513
247,0.01,1.72020129980085,81.397691795661,22.4744149501275,10.8642562361707
247,0.02,1.68102790828824,80.095040061826,21.2443284753749,10.2801629812647
247,0.04,1.6066554043714,77.5517555740687,19.2466292472846,9.20449571753171
247,0.06,1.53683369264194,75.0785646873146,17.6575535923513,8.39459986519397
247,0.08,1.47079026620001,72.6611649047879,16.3360109440393,7.72680585095702
248,0,1.69324619135544,80.5040454852899,21.6123659003447,1.19124200802737
248,0.01,1.70163131823682,80.7833140966882,21.8727985081099,1.18032063565173
248,0.02,1.67638890109118,79.9391039129418,21.1079607618516,9.72747223776965
248,0.04,1.60148859851856,77.3716039784623,19.1208258617452,8.79022516830884
248,0.06,1.53080799259543,74.8611753262066,17.53046991267,8.01678063387679
248,0.08,1.46363647016525,72.3946923447676,16.2014612729482,7.37904230129101
249,0,1.67159118364883,79.7774578061375,20.9687902163603,1.23594743344451
249,0.01,1.68083855598711,80.0886821219628,21.2387269619073,1.21338885046498
249,0.02,1.67160686216951,79.7779866733123,20.9692419887604,9.3756200692588
249,0.04,1.59603115584229,77.1808248950705,18.9895114813991,8.47227414140596
249,0.06,1.52445442606079,74.6312717286608,17.397995105366,7.72680585095702
249,0.08,1.4562065600528,72.1169713403761,16.06331452009,7.11213513653329
250,0,1.70706206275867,80.9635706849309,22.0450847570056,1.14815362149688
250,0.01,1.71470406302363,81.2164056411679,22.2925726817373,1.13762728582343
250,0.02,1.72212724029672,81.461088419415,22.5389048205776,1.12719745617551
250,0.04,1.66127292721325,79.4285167365768,20.6756439047498,8.95364765549594
250,0.06,1.60057545955878,77.3397182012141,19.0987434590377,8.16582371358592
250,0.08,1.54289750346072,75.2966910117155,17.7868999009412,7.51622894018205
251,0,1.68231433549863,80.1382191239494,21.2824648171118,1.19124200802737
251,0.01,1.69089364227735,80.4254855765152,21.5404718576015,1.18032063565173
251,0.02,1.69920814405106,80.7027283745869,21.7968539027768,1.15877735615513
251,0.04,1.65850704990166,79.3346795206407,20.5984430774018,8.55066712884683
251,0.06,1.59723802242842,77.2230577900628,19.0184142125165,7.72680585095702
251,0.08,1.53871213610095,75.146204082518,17.6974641331068,7.11213513653329
252,0,1.65427971665002,79.1910132383683,20.4815385412866,1.23594743344451
252,0.01,1.66394128948996,79.5189247640664,20.7506669869778,1.21338885046498
252,0.02,1.67328340095501,79.8345160663156,21.017664733152,1.20226443461741
252,0.04,1.65488321478948,79.2115414335951,20.4981484425377,8.16582371358592
252,0.06,1.59294879701653,77.072848488977,18.9160397111191,7.44731973905989
252,0.08,1.53357549850756,74.9610972669605,17.5886603772836,6.85488226452662
253,0,1.65180971689459,79.1069319174069,20.4138298543574,12.1338885046498
253,0.01,1.59394548954102,77.1077808217726,18.9397429349023,11.4815362149688
253,0.02,1.53879676037453,75.1492498064282,17.6992654355327,10.8642562361707
253,0.04,1.4357698868195,71.3479939534371,15.6913561608405,9.81747943019984
253,0.06,1.34100868771508,67.6840490126692,14.0999583154594,8.95364765549594
253,0.08,1.25307967195563,64.1375655907243,12.7804084109074,8.24138115013002
254,0,1.64347659094466,78.8225104464636,20.1885586598505,11.4815362149688
254,0.01,1.58559423658983,76.8145589500403,18.7427070864176,10.8642562361707
254,0.02,1.53029852021716,74.8427660630832,17.5197900447598,10.2801629812647
254,0.04,1.4266198724198,71.0012811290509,15.5284658456055,9.3756200692588
254,0.06,1.33087757784666,67.2826690845362,13.9410617560818,8.55066712884683
254,0.08,1.24172552784944,63.6692119999925,12.6189961118322,7.94328234724282
255,0,1.62553414347971,78.206149873106,19.7191954842951,1.21338885046498
255,0.01,1.57808530340288,76.5498920869752,18.5685207338178,10.471285480509
255,0.02,1.52250702551595,74.5606639455836,17.3576976384479,10
255,0.04,1.41806161741274,70.675630966741,15.3780576965097,9.03649473722302
255,0.06,1.32135687978795,66.9037594774807,13.7934818456661,8.31763771102671
255,0.08,1.23111582831923,63.2294072387664,12.4698321243602,7.72680585095702
256,0,1.65414829756753,79.1865421665974,20.4779250138296,1.14815362149688
256,0.01,1.65820943880993,79.3245749426487,20.5901700157648,10.9647819614319
256,0.02,1.61143986000585,77.7181709537652,19.3644428034352,10.3752841581801
256,0.04,1.52338295024154,74.5924309465331,17.3758054875676,9.3756200692588
256,0.06,1.44160943857494,71.5684823955183,15.7964703074484,8.55066712884683
256,0.08,1.36504928395233,68.6289994170408,14.4850282383618,7.87045789695099
257,0,1.63197079118054,78.4278856495262,19.8852011833793,1.18032063565173
257,0.01,1.64150696546177,78.7551142384662,20.1360084638782,1.16949939101987
257,0.02,1.6062056281508,77.5360912244449,19.2356196395538,9.81747943019984
257,0.04,1.51772053355743,74.3868361092713,17.259251241145,8.87156012037961
257,0.06,1.4351509478258,71.3245884130025,15.680268425949,8.16582371358592
257,0.08,1.35752285945544,68.3342957774876,14.3632259642725,7.51622894018205
258,0,1.60791054345781,77.5954500941432,19.2774119355311,1.21338885046498
258,0.01,1.61828595458137,77.9556197358529,19.5352949190556,1.20226443461741
258,0.02,1.60076894208515,77.3464755777744,19.1034186884354,9.46237161365793
258,0.04,1.51167315403617,74.1666438457102,17.1360697415119,8.55066712884683
258,0.06,1.42826364965908,71.0636778799356,15.5575681758933,7.87045789695099
258,0.08,1.34964790071652,68.0248396448229,14.237012239725,7.2443596007499
259,0,1.64736310560264,78.955307475158,20.2930250527335,1.13762728582343
259,0.01,1.65611726396801,79.2534990993137,20.5321948622885,1.12719745617551
259,0.02,1.66434824486779,79.5327025890295,20.7621563617463,10.0925288607668
259,0.04,1.58755334949729,76.8834527214217,18.7886117406298,9.03649473722302
259,0.06,1.51576112123456,74.3155617594429,17.219194078078,8.24138115013002
259,0.08,1.44814253386784,71.8144346740358,15.915165743298,7.58577575029184
260,0,1.61961815466857,78.0017332396199,19.56885953661,1.16949939101987
260,0.01,1.62928913584761,78.3355903496061,19.8157250980445,1.15877735615513
260,0.02,1.63870583946205,78.6591537419433,20.061720109029,1.14815362149688
260,0.04,1.58452206241155,76.7768272580492,18.7176658127125,8.6297854776697
260,0.06,1.51220068780083,74.1858774970599,17.1467627998209,7.87045789695099
260,0.08,1.44376958067645,71.6498899560097,15.8355869899993,7.2443596007499
261,0,1.58875599190193,76.9257120586085,18.816886947293,1.21338885046498
261,0.01,1.59949211024351,77.301870444467,19.0726030026313,1.20226443461741
261,0.02,1.6099433399273,77.666160017543,19.3274537549484,1.19124200802737
261,0.04,1.58047130118067,76.6340960184544,18.6235704391194,8.31763771102671
261,0.06,1.50750248993928,74.0144113380249,17.0518789768469,7.58577575029184
261,0.08,1.43824575488508,71.4415517403834,15.7358110486284,6.98232404077171
262,0,1.59272419772555,77.0649743330797,18.9107054239308,12.2461619926505
262,0.01,1.52659653413295,74.7088625823341,17.4424868642512,11.5877735615513
262,0.02,1.46399088242877,72.4079152988763,16.2080912617995,10.9647819614319
262,0.04,1.34805965379035,67.9622904165993,14.2117065725009,10
262,0.06,1.24264144834634,63.7070818836582,12.6319479218743,9.1201083935591
262,0.08,1.14582656385642,59.6179363992296,11.3237742829,8.47227414140596
263,0,1.58353812199225,76.7421833354773,18.6947355135942,11.6949939101987
263,0.01,1.51754981021287,74.3806286581478,17.2557554877829,11.0662378397767
263,0.02,1.4549223434966,72.0688692431148,16.0395982020502,10.471285480509
263,0.04,1.33856955353848,67.5875856784181,14.061524926326,9.54992586021436
263,0.06,1.23236220875283,63.281181750825,12.4872734680588,8.79022516830884
263,0.08,1.1345208384736,59.1290527730633,11.1782909147311,8.16582371358592
264,0,1.56998368156819,76.2632488544123,18.383625885573,1.19124200802737
264,0.01,1.50941636764599,74.0843072786516,17.0904368558316,10.6659612123026
264,0.02,1.44659444792434,71.7562226293298,15.8869334432945,10.1859138805412
264,0.04,1.32966648387007,67.2345615630193,13.9221960051945,9.28966386779936
264,0.06,1.22267222758095,62.8779019887997,12.3522390386516,8.55066712884683
264,0.08,1.1239006560303,58.6676475712865,11.0428771836608,7.94328234724282
265,0,1.60062775704383,77.3415447535997,19.1000069545988,1.13762728582343
265,0.01,1.59937836640026,77.297895543403,19.0698620906192,11.0662378397767
265,0.02,1.5457790741366,75.4001223944529,17.8488906888471,10.471285480509
265,0.04,1.44565262382019,71.7207866579221,15.8697899059806,9.46237161365793
265,0.06,1.35359166824019,68.179956208579,14.3000647286955,8.70963589956081
265,0.08,1.26820909904149,64.757939856219,12.9984565917248,8.01678063387679
266,0,1.57672056382345,76.5016852999745,18.5371568319312,1.15877735615513
266,0.01,1.58706772175537,76.8663813592216,18.7772148737202,1.14815362149688
266,0.02,1.54014660835884,75.1978155335182,17.7280370780776,10
266,0.04,1.43974025477684,71.4979725979412,15.7627245894828,9.03649473722302
266,0.06,1.34701710137835,67.9212069952951,14.1951224790155,8.31763771102671
266,0.08,1.26071024234667,64.4509823508937,12.8899503653043,7.65596606911256
267,0,1.55111672914949,75.5913321080597,17.964630560477,1.19124200802737
267,0.01,1.56224580153189,75.9884200293324,18.2098712643982,1.18032063565173
267,0.02,1.53426233838799,74.9858752307672,17.6031484899914,9.6382902362397
267,0.04,1.43336300664493,71.256937819559,15.6482959814893,8.79022516830884
267,0.06,1.339913732341,67.6407589701815,14.0826910317174,8.01678063387679
267,0.08,1.25271856475834,64.1227068302215,12.7752459044717,7.44731973905989
268,0,1.5931060972682,77.0783627158725,18.9197771841316,1.12719745617551
268,0.01,1.60269389187031,77.4136697108087,19.1500424267372,1.11686324778056
268,0.02,1.60599014246452,77.5285852888774,19.2303489563717,10.1859138805412
268,0.04,1.51797119673387,74.3959492247578,17.2643857882598,9.20449571753171
268,0.06,1.43641853298253,71.3725155240998,15.7029869873184,8.39459986519397
268,0.08,1.36025280233243,68.4413082961822,14.4072711952178,7.72680585095702
269,0,1.56334181164818,76.02741015139,18.2343175043257,1.15877735615513
269,0.01,1.57380736179128,76.3986750030525,18.4705039081666,1.14815362149688
269,0.02,1.58403117185706,76.7595453845697,18.7062198310022,1.13762728582343
269,0.04,1.51485858593637,74.2827090801957,17.2007901383295,8.70963589956081
269,0.06,1.43286262625056,71.2379945929428,15.6393631345174,8.01678063387679
269,0.08,1.3559508026023,68.272610235302,14.3379308439589,7.37904230129101
270,0,1.53077550800768,74.8600016639697,17.5297886510614,1.19124200802737
270,0.01,1.54220379590316,75.2717694667767,17.7720271359819,1.18032063565173
270,0.02,1.55336987166129,75.6718977567669,18.0138479957721,1.16949939101987
270,0.04,1.51054300333372,74.1254226118774,17.1131951277946,8.39459986519397
270,0.06,1.4279610369324,71.0521945332304,15.5522053249421,7.72680585095702
270,0.08,1.35030555939275,68.0507264447702,14.2475053488433,7.11213513653329
271,0,1.7202122708822,81.3980531042381,22.4747811510847,12.3594743344451
271,0.01,1.67159353448899,79.7775371048353,20.9688579539423,11.6949939101987
271,0.02,1.62487311336381,78.1833384892026,19.7022923258434,10.9647819614319
271,0.04,1.5365572816487,75.0686064384226,17.6516926773574,9.90831944892768
271,0.06,1.45410443373045,72.0382179858013,16.0245179435225,9.03649473722302
271,0.08,1.37649427975071,69.0751627718335,14.6725115221323,8.31763771102671
272,0,1.71390544712495,81.1900281397651,22.2664250736825,11.8032063565173
272,0.01,1.66518865979068,79.5611468365359,20.7859234971243,11.0662378397767
272,0.02,1.61824825269102,77.9543142647845,19.5343465503525,10.471285480509
272,0.04,1.52917041035782,74.8019868568451,17.4961776143539,9.46237161365793
272,0.06,1.44562020922699,71.7195667822812,15.8692003151348,8.6297854776697
272,0.08,1.36664974155595,68.6915337381187,14.511079672867,8.01678063387679
273,0,1.70857364699924,81.0136570714672,22.0935617292884,11.3762728582343
273,0.01,1.65963357637809,79.3729142938475,20.6298178429167,10.7646521362983
273,0.02,1.61239223484424,77.751250552787,19.3880486226095,10.1859138805412
273,0.04,1.52251428618651,74.560927322115,17.3578476190285,9.20449571753171
273,0.06,1.43793899180416,71.4299657732212,15.7302941509297,8.39459986519397
273,0.08,1.35779623786504,68.3450182058378,14.3676298555168,7.79830110523259
274,0,1.74926028045542,82.3478415089241,23.4944491043124,1.19124200802737
274,0.01,1.7241684286746,81.528212817024,22.6077068123858,11.1686324778056
274,0.02,1.68490728943139,80.2251687698138,21.3597641893504,10.5681750921366
274,0.04,1.61018720810995,77.6746381487195,19.3334727291939,9.46237161365793
274,0.06,1.53984422738016,75.1869390238388,17.7215855302251,8.6297854776697
274,0.08,1.47310294574595,72.7471158048804,16.3798377162233,7.94328234724282
275,0,1.73661080761115,81.9359173842289,23.037598299085,1.22461619926505
275,0.01,1.72032577574481,81.401791023708,22.4785705808614,10.5681750921366
275,0.02,1.68097471931395,80.0932541793306,21.2427547061523,10
275,0.04,1.60577786947716,77.521190488001,19.2251593642262,9.03649473722302
275,0.06,1.53459545471072,74.9978895471586,17.6101818842405,8.24138115013002
275,0.08,1.46673050885286,72.5100541229589,16.2594668896898,7.58577575029184
276,0,1.72307127677788,81.4921414426812,22.5706669464034,1.24738351424294
276,0.01,1.71658014962421,81.2783300104544,22.3542647711846,10.1859138805412
276,0.02,1.67702868656369,79.9606309198835,21.1266613677424,9.6382902362397
276,0.04,1.60123157181872,77.3626303339239,19.114605649217,8.70963589956081
276,0.06,1.52922380862626,74.8039176117822,17.4972941855945,7.94328234724282
276,0.08,1.46034911907829,72.2719363567743,16.1401405439353,7.31139083483417
277,0,1.74368786262351,82.1666963547706,23.2906091842137,1.18032063565173
277,0.01,1.75040664074711,82.385044781612,23.5369066557324,1.16949939101987
277,0.02,1.72841255765729,81.6675640880161,22.7522855376444,10.1859138805412
277,0.04,1.66376121392582,79.5128272708241,20.7455870332089,9.20449571753171
277,0.06,1.60254979778002,77.408642010134,19.1465454092439,8.31763771102671
277,0.08,1.54417954951196,75.3427267030297,17.8144381859472,7.65596606911256
278,0,1.72772730208431,81.6450842803719,22.7288007950742,1.21338885046498
278,0.01,1.73510592984086,81.8867397797038,22.9846137352067,1.20226443461741
278,0.02,1.72641186167311,81.6019099000142,22.6838717880728,9.72747223776965
278,0.04,1.66154374580167,79.4376978755287,20.6832336703322,8.70963589956081
278,0.06,1.59979087837481,77.3123101681328,19.0798057847564,7.94328234724282
278,0.08,1.5405956406103,75.2139640912711,17.7376243659796,7.31139083483417
279,0,1.71030152357733,81.0708645308691,22.1492598701627,1.24738351424294
279,0.01,1.7184224647654,81.3390838289777,22.4152145422018,1.23594743344451
279,0.02,1.72388244605111,81.5188123708927,22.5980389093095,9.3756200692588
279,0.04,1.65862611220567,79.3387215446752,20.6017546295228,8.39459986519397
279,0.06,1.59626157765828,77.1888901585337,18.9950238284186,7.65596606911256
279,0.08,1.53626069376147,75.0579197982316,17.6454073163289,7.04693068967147
280,0,1.65859868048543,79.3377902912672,20.6009915616082,12.4738351424294
280,0.01,1.60065361225185,77.3424477605333,19.1006316649918,11.8032063565173
280,0.02,1.54536364739582,75.3852199194156,17.8399325694017,11.1686324778056
280,0.04,1.44187618482448,71.5785395653587,15.801293780866,10.0925288607668
280,0.06,1.34644980826649,67.8988435768727,14.1861073844076,9.20449571753171
280,0.08,1.25769464830862,64.3272491090438,12.8465556552325,8.47227414140596
281,0,1.65129528322352,79.0894072335201,20.3997826838174,11.9124200802738
281,0.01,1.59336504677621,77.0874393798013,18.9259326474121,11.2719745617551
281,0.02,1.53793628942579,75.1182746710755,17.6809629315343,10.6659612123026
281,0.04,1.43381623712181,71.2740921878268,15.6563927893637,9.6382902362397
281,0.06,1.33741990244044,67.5420813324048,14.0434493000246,8.87156012037961
281,0.08,1.24742132458528,63.9044596537861,12.6997345986503,8.16582371358592
282,0,1.64514062009112,78.8793991060069,20.2331599524132,11.4815362149688
282,0.01,1.58703754701429,76.8653204877307,18.7765071147187,10.8642562361707
282,0.02,1.53137190622082,74.8815464905849,17.5423027422744,10.2801629812647
282,0.04,1.42654447453197,70.9984179092277,15.5271326277013,9.3756200692588
282,0.06,1.32923787517559,67.2175297734684,13.9155258989667,8.6297854776697
282,0.08,1.23818432038278,63.5226500653251,12.5690331706342,7.94328234724282
283,0,1.6955571438981,80.5811276513224,21.6834826904386,1.18032063565173
283,0.01,1.66287970962875,79.4829710859043,20.720755283349,11.2719745617551
283,0.02,1.61596726944412,77.8752878236187,19.4771250098348,10.6659612123026
283,0.04,1.52744874429315,74.7397088251066,17.4602358078304,9.54992586021436
283,0.06,1.44500461262821,71.6963961438619,15.858008681338,8.70963589956081
283,0.08,1.36759811317643,68.7285672591732,14.5265420100373,8.01678063387679
284,0,1.6809833166019,80.0935428465757,21.2430090687093,1.20226443461741
284,0.01,1.65847009953329,79.3334250513691,20.5974155672289,10.6659612123026
284,0.02,1.61153428974677,77.7214515451526,19.3667810567671,10.0925288607668
284,0.04,1.52261478973398,74.5645729342005,17.3599238805657,9.1201083935591
284,0.06,1.43939618799949,71.4849868164302,15.7565231805782,8.39459986519397
284,0.08,1.36090686505999,68.4669270944431,14.4178465071282,7.72680585095702
285,0,1.66548348710271,79.5711226240252,20.7942741288985,1.23594743344451
285,0.01,1.65415436332619,79.1867485390408,20.4780917718717,10.3752841581801
285,0.02,1.60704617704559,77.5653622157453,19.2562036774163,9.81747943019984
285,0.04,1.51757527965592,74.3815547520724,17.2562769356563,8.87156012037961
285,0.06,1.43357124214103,71.2648198040384,15.6520153657954,8.09095899178382
285,0.08,1.35415057900876,68.2019163726557,14.3090256214043,7.51622894018205
286,0,1.68903127378009,80.3632298727175,21.4839124453528,1.16949939101987
286,0.01,1.69685882174966,80.6245066423632,21.7237586289924,1.15877735615513
286,0.02,1.66767069507512,79.6450839224608,20.8564339205905,10.2801629812647
286,0.04,1.59045089064787,76.9852266538377,18.8568601023391,9.28966386779936
286,0.06,1.51803967574787,74.3984386578619,17.2657889028843,8.39459986519397
286,0.08,1.44960747960982,71.8694810246475,15.9419431489547,7.72680585095702
287,0,1.67069485975886,79.7472162629172,20.9429954765831,1.20226443461741
287,0.01,1.67922621266457,80.0345199526093,21.1911523776141,1.19124200802737
287,0.02,1.6654259450169,79.569175741536,20.7926437928585,9.81747943019984
287,0.04,1.58806158120781,76.9013143623987,18.8005518101515,8.79022516830884
287,0.06,1.51513144323672,74.2926427103618,17.206350960028,8.01678063387679
287,0.08,1.44589309098972,71.7298357007154,15.8741646803488,7.37904230129101
288,0,1.65088831084837,79.075540187111,20.3886831345871,1.23594743344451
288,0.01,1.66020089765216,79.3921613995538,20.6456539188327,1.22461619926505
288,0.02,1.66252497989537,79.4709528856005,20.7107792709827,9.46237161365793
288,0.04,1.58479752526933,76.7865231595487,18.724093954424,8.55066712884683
288,0.06,1.51127208691706,74.152017846941,17.1279468026789,7.79830110523259
288,0.08,1.44124222654741,71.5546352690115,15.7898333054552,7.17794291271362
289,0,1.60033090725907,77.3311763003772,19.0928370812963,12.7057410520854
289,0.01,1.53403753989034,74.977766459266,17.5984045784438,11.9124200802738
289,0.02,1.47119732616574,72.6763001992429,16.3437132028213,11.2719745617551
289,0.04,1.35463450385748,68.2209256627376,14.3167893405383,10.2801629812647
289,0.06,1.24836406460314,63.943338709897,12.7131432410374,9.3756200692588
289,0.08,1.15056931685868,59.8223150464911,11.3852218921162,8.70963589956081
290,0,1.59225739534152,77.0486060978996,18.8996270933473,12.0226443461741
290,0.01,1.52611741941745,74.6915151778422,17.4325205076546,11.3762728582343
290,0.02,1.46325884469308,72.3806008589403,16.1944011076169,10.8642562361707
290,0.04,1.34626293246879,67.8914754073975,14.1831390410339,9.81747943019984
290,0.06,1.23919092807749,63.5643347463261,12.5832172987295,9.03649473722302
290,0.08,1.14031480145492,59.3798931390976,11.2526747352541,8.39459986519397
291,0,1.58545780702218,76.8097588474232,18.7395175126094,11.6949939101987
291,0.01,1.51923715951519,74.4419577882141,17.290352844955,11.0662378397767
291,0.02,1.45621881743862,72.117430316028,16.0635411110738,10.471285480509
291,0.04,1.33867646169738,67.5918159821726,14.0632070916832,9.54992586021436
291,0.06,1.23084892752382,63.218316461991,12.4661000242155,8.79022516830884
291,0.08,1.13106277574735,58.9790438765846,11.1340674546891,8.16582371358592
292,0,1.64563016819892,78.8961265935931,20.2463173400232,1.16949939101987
292,0.01,1.60463619132819,77.4814055238406,19.1972905403522,11.3762728582343
292,0.02,1.5508272380604,75.5809743960151,17.9583226019834,10.7646521362983
292,0.04,1.45010506976845,71.8881696036383,15.9510521119975,9.72747223776965
292,0.06,1.35724744041111,68.3234919340335,14.3587907322075,8.87156012037961
292,0.08,1.27090336143954,64.867972721902,13.0376523431971,8.16582371358592
293,0,1.6295550512325,78.3447478503234,19.8225942128969,1.19124200802737
293,0.01,1.59981899462419,77.3132925435697,19.0804838648419,10.8642562361707
293,0.02,1.54607160001214,75.4106142876174,17.8552029032728,10.2801629812647
293,0.04,1.44508629918994,71.699471160301,15.8594931551725,9.28966386779936
293,0.06,1.35157886291537,68.1008238569575,14.2678455878709,8.55066712884683
293,0.08,1.26424957368791,64.5959905676994,12.9410566730622,7.87045789695099
294,0,1.61265428419409,77.7603498229072,19.3945529307856,1.21338885046498
294,0.01,1.59506491822144,77.1469946149844,18.9664266671587,10.471285480509
294,0.02,1.5412076443112,75.2359679510343,17.7507043978271,9.90831944892768
294,0.04,1.43978051351674,71.4994919064104,15.7634504153972,9.03649473722302
294,0.06,1.34557664020023,67.8644106908292,14.1722437985225,8.24138115013002
294,0.08,1.25740445406898,64.3153332361793,12.8423869173814,7.65596606911256
295,0,1.63830221500651,78.6453155780231,20.0510584328404,1.15877735615513
295,0.01,1.64703128627697,78.9439795355899,20.2840655329989,1.14815362149688
295,0.02,1.60975352653159,77.6595604139814,19.3227712435652,10.3752841581801
295,0.04,1.52120710793269,74.5134953483682,17.330877508061,9.3756200692588
295,0.06,1.4389210025623,71.4670488660166,15.747963744139,8.55066712884683
295,0.08,1.36183253264695,68.5031709892377,14.4328282941156,7.87045789695099
296,0,1.61819114078455,77.9523366538682,19.5329100937673,1.19124200802737
296,0.01,1.62763044713682,78.2784420870784,19.7729775010117,1.18032063565173
296,0.02,1.60736774562381,77.5765572348589,19.2640888841283,9.90831944892768
296,0.04,1.51878479028452,74.4255206692857,17.28106721023,8.95364765549594
296,0.06,1.43605769841654,71.3588753801374,15.696515509244,8.16582371358592
296,0.08,1.35822933151183,68.3620021855326,14.3746097265845,7.51622894018205
297,0,1.59671423423809,77.2047314827755,19.0058608020546,1.22461619926505
297,0.01,1.60687883301614,77.5595356413793,19.2521024966179,1.20226443461741
297,0.02,1.60420438961936,77.4663524075679,19.1867687592871,9.54992586021436
297,0.04,1.51532500093322,74.2996885719069,17.2102972945221,8.6297854776697
297,0.06,1.43207562087184,71.2081913366425,15.6253267283983,7.94328234724282
297,0.08,1.35350818687541,68.1766756530348,14.2987268273999,7.31139083483417
298,0,1.72589583956332,81.584965743358,22.66630164464,12.7057410520854
298,0.01,1.67734548050165,79.9712876476052,21.1359336055898,12.0226443461741
298,0.02,1.63066079954733,78.3828144361546,19.8512054288324,11.2719745617551
298,0.04,1.5422688185594,75.274105770274,17.7734203573661,10.1859138805412
298,0.06,1.4596055735392,72.2441442757577,16.1263145393586,9.28966386779936
298,0.08,1.38168817731897,69.2768529495274,14.7585201698025,8.55066712884683
299,0,1.72043713831628,81.4054581898285,22.4822898714812,12.1338885046498
299,0.01,1.67183742755499,79.785763623655,20.9758879380991,11.4815362149688
299,0.02,1.62496971123017,78.1866724301664,19.7047607567002,10.8642562361707
299,0.04,1.5359036183637,75.0450516434374,17.6378447217006,9.81747943019984
299,0.06,1.45219373057035,71.9665676996809,15.9893632246522,8.95364765549594
299,0.08,1.37298242905648,68.938512544395,14.6146873511991,8.24138115013002
300,0,1.71602962500332,81.2601646844687,22.3361226534556,11.8032063565173
300,0.01,1.66727470443369,79.6316992405403,20.8451524667292,11.1686324778056
300,0.02,1.62016595544349,78.0206864004243,19.5826918379422,10.5681750921366
300,0.04,1.53041326927059,74.846912797677,17.5221946071362,9.54992586021436
300,0.06,1.44579737380832,71.7262338821826,15.8724231246885,8.70963589956081
300,0.08,1.36551801680808,68.6473189374456,14.4926525098141,8.09095899178382
301,0,1.76880455401095,82.9792355558604,24.2444868152576,12.1338885046498
301,0.01,1.72814478059904,81.6587805692918,22.7431018818467,11.4815362149688
301,0.02,1.68884266708573,80.3569218947124,21.4782018448181,10.7646521362983
301,0.04,1.61394845187962,77.8052707694364,19.426733105329,9.72747223776965
301,0.06,1.54327340682347,75.3101919023271,17.7949673070688,8.79022516830884
301,0.08,1.47605993075777,72.8568741829293,16.4361128471554,8.09095899178382
302,0,1.76553723326064,82.8741076491014,24.1150612143723,11.5877735615513
302,0.01,1.72495011790218,81.5539006986211,22.6341799642619,10.8642562361707
302,0.02,1.68560435234033,80.2485244738169,21.3806437371386,10.2801629812647
302,0.04,1.61029095363213,77.6782445784882,19.3360343179465,9.28966386779936
302,0.06,1.53883350969203,75.150572417394,17.7000477667389,8.47227414140596
302,0.08,1.47055450366843,72.6523974428037,16.3315522166625,7.79830110523259
303,0,1.7585348261583,82.648226450292,23.8432815351811,1.25892541179417
303,0.01,1.72194245941485,81.4550085626644,22.5326995522812,10.5681750921366
303,0.02,1.68245264503765,80.1428598690707,21.2865734217746,10
303,0.04,1.60665182421639,77.5516309016452,19.2465415680943,8.95364765549594
303,0.06,1.53447017268612,74.9933712986065,17.6075361758442,8.24138115013002
303,0.08,1.46526705657414,72.4555102546776,16.2319953850346,7.58577575029184
304,0,1.77113524353646,83.0541227263115,24.3378637626219,1.20226443461741
304,0.01,1.76517470527527,82.862432597062,24.1008051263881,11.0662378397767
304,0.02,1.73129057700872,81.7618943285298,22.8515235000236,10.3752841581801
304,0.04,1.66640917835774,79.6024349486177,20.8205367681078,9.3756200692588
304,0.06,1.60484409937264,77.4886523117117,19.2023603182188,8.47227414140596
304,0.08,1.5459601488502,75.406617094357,17.8527975572653,7.79830110523259
305,0,1.76026367302701,82.7040679447342,23.9096890388204,1.23594743344451
305,0.01,1.76361129474636,82.8120595977989,24.0395608251093,10.5681750921366
305,0.02,1.72979352710614,81.7128436396746,22.7997808485274,9.90831944892768
305,0.04,1.66476321373784,79.5467488791734,20.773885015297,8.95364765549594
305,0.06,1.60269982524204,77.4138767291881,19.1501864478413,8.16582371358592
305,0.08,1.54303922157755,75.3017812272767,17.7899406888888,7.44731973905989
306,0,1.74874416381885,82.3310848757872,23.475392885729,1.25892541179417
306,0.01,1.75568907903163,82.5562049271959,23.7349350088011,1.24738351424294
306,0.02,1.72786722238188,81.6496749846195,22.7335916194799,9.6382902362397
306,0.04,1.66253449124513,79.4712751563197,20.7110466330431,8.6297854776697
306,0.06,1.59993393809934,77.317308502642,19.0832563991627,7.87045789695099
306,0.08,1.53954832469498,75.1762939963435,17.7152757718265,7.2443596007499
307,0,1.66526881616418,79.563859153611,20.7881931691655,12.8233058265602
307,0.01,1.60733924634752,77.5755651381905,19.2633898189126,12.1338885046498
307,0.02,1.55201189340831,75.623351036175,17.9841585398909,11.4815362149688
307,0.04,1.44830662471818,71.8206024068038,15.9181621500901,10.3752841581801
307,0.06,1.35250254183007,68.1371469701477,14.282620958404,9.46237161365793
307,0.08,1.26325820474648,64.5553970307959,12.926722612164,8.70963589956081
308,0,1.65893670416979,79.3492646605676,20.6103982440544,12.2461619926505
308,0.01,1.60105185839641,77.3563552808022,19.1102585856624,11.5877735615513
308,0.02,1.5456218508981,75.3944827261245,17.8454995411828,10.9647819614319
308,0.04,1.44134692163025,71.5585834412082,15.7917251952975,9.90831944892768
308,0.06,1.34459936183154,67.8258557565039,14.1567448527992,9.1201083935591
308,0.08,1.25417237699073,64.1825132766807,12.7960418017352,8.47227414140596
309,0,1.65382527702958,79.1755513031875,20.4690484514852,11.9124200802738
309,0.01,1.59583414649991,77.1739284221364,18.9848006688853,11.2719745617551
309,0.02,1.54020868515503,75.2000482116564,17.7293619944241,10.6659612123026
309,0.04,1.43534134770386,71.3317892266923,15.6836781866774,9.6382902362397
309,0.06,1.33776423514157,67.555712903096,14.0488605026605,8.87156012037961
309,0.08,1.24632267953146,63.8591302278142,12.6841247818856,8.24138115013002
310,0,1.7164683867158,81.2746426375775,22.3505790783335,12.2461619926505
310,0.01,1.66756551596607,79.6415290701689,20.8534362609385,11.4815362149688
310,0.02,1.62057171640146,78.0347219035507,19.5929490637994,10.8642562361707
310,0.04,1.53175834454751,74.8955032260287,17.5504186681718,9.81747943019984
310,0.06,1.44885532158413,71.8412229515784,15.9281871559168,8.95364765549594
310,0.08,1.37084077230337,68.8550681752985,14.5795533534073,8.24138115013002
311,0,1.71265363336082,81.1486610067657,22.2255744837728,11.6949939101987
311,0.01,1.66390022264382,79.5175342574685,20.7495082686234,10.9647819614319
311,0.02,1.61692249576215,77.9083931093735,19.5010510677121,10.3752841581801
311,0.04,1.52777036779349,74.7513468796022,17.4669414515233,9.3756200692588
311,0.06,1.44414520285526,71.6640372163243,15.84240189331,8.55066712884683
311,0.08,1.36509639369758,68.6308407913935,14.4857943052287,7.94328234724282
312,0,1.70621574870503,80.9355117149457,22.0180437205635,1.24738351424294
312,0.01,1.66042983583204,79.3999269029193,20.6520512396916,10.6659612123026
312,0.02,1.61333292092362,77.783909048993,19.4114156039766,10.0925288607668
312,0.04,1.52372951780178,74.6049961458012,17.3829779679393,9.1201083935591
312,0.06,1.439412786219,71.4856133157015,15.7568222712934,8.31763771102671
312,0.08,1.35949231264498,68.4115110918052,14.3949861030195,7.72680585095702
313,0,1.72084772950454,81.4189772009057,22.4960146587788,1.20226443461741
313,0.01,1.71186900405374,81.1227192910663,22.2000532136144,11.0662378397767
313,0.02,1.6710724184001,79.7599565383266,20.9538531972842,10.471285480509
313,0.04,1.59354376202427,77.0937030150076,18.9301828977816,9.46237161365793
313,0.06,1.52066505310227,74.4938177046687,17.3197123222804,8.6297854776697
313,0.08,1.45161964955547,71.945027266543,15.9788209586821,7.94328234724282
314,0,1.70817136121884,81.0003309716309,22.0806377211462,1.22461619926505
314,0.01,1.7100789306415,81.063497544538,22.1420674261166,10.5681750921366
314,0.02,1.66941239684234,79.7039233731811,20.9061992021723,10
314,0.04,1.59179638186842,77.0324371939004,18.8886971770005,9.03649473722302
314,0.06,1.51844063456149,74.4130131568784,17.2740078844299,8.24138115013002
314,0.08,1.4486101685821,71.832010535254,15.9237070345073,7.58577575029184
315,0,1.69481155446996,80.5562680045182,21.6604841186108,1.24738351424294
315,0.01,1.70290810942961,80.8257366505414,21.9130427475046,1.23594743344451
315,0.02,1.66721312737385,79.6296176708781,20.8433992829398,9.72747223776965
315,0.04,1.58932497442246,76.9456967629892,18.8302897580726,8.79022516830884
315,0.06,1.51545573987195,74.3044473419474,17.2129636230384,8.01678063387679
315,0.08,1.44491105659333,71.6928741653937,15.8563087310598,7.37904230129101
316,0,1.60782174345635,77.5923596249731,19.2752312024285,13.0617088813184
316,0.01,1.54146811720288,75.2453309667332,17.7562759551325,12.2461619926505
316,0.02,1.47850603811678,72.9475525121442,16.4828695448907,11.5877735615513
316,0.04,1.36156249206943,68.4925993434238,14.4284559114675,10.471285480509
316,0.06,1.25475264766312,64.2063733355451,12.8043509436879,9.6382902362397
316,0.08,1.15630481433325,60.0689147361284,11.4598673366208,8.87156012037961
317,0,1.60079593918133,77.3474184005571,19.1040711949243,12.4738351424294
317,0.01,1.53463152517692,74.9991903641138,17.6109437357511,11.8032063565173
317,0.02,1.47166610699769,72.693726754533,16.3525895532955,11.1686324778056
317,0.04,1.35432594907565,68.2088056639706,14.3118385813717,10.0925288607668
317,0.06,1.24672897243914,63.8758962310718,12.6898954528894,9.28966386779936
317,0.08,1.14720370571848,59.677324459579,11.3415909885354,8.6297854776697
318,0,1.59515030561061,77.1499848727472,18.9684647251043,12.0226443461741
318,0.01,1.52894620536493,74.7938795922775,17.4914906288372,11.3762728582343
318,0.02,1.46585430256906,72.4774018870484,16.2430113485601,10.8642562361707
318,0.04,1.34805644238578,67.9621638966141,14.2116554552591,9.90831944892768
318,0.06,1.23977670278257,63.5885836463793,12.5914780710917,9.03649473722302
318,0.08,1.13939880005269,59.3402778868537,11.2408908130128,8.47227414140596
319,0,1.66637297507576,79.6012106084365,20.8195084066393,12.3594743344451
319,0.01,1.60992797566046,77.6656258415975,19.3270746578789,11.5877735615513
319,0.02,1.55599165475306,75.7655342580662,18.0713920045539,10.9647819614319
319,0.04,1.45486242851685,72.0666243275126,16.0384928695422,9.90831944892768
319,0.06,1.36143342311015,68.4875460362277,14.426366610693,9.1201083935591
319,0.08,1.27433137108043,65.0077777357505,13.0876856075893,8.39459986519397
320,0,1.66212082410685,79.4572575822436,20.6994248521649,11.8032063565173
320,0.01,1.6059275822527,77.5264060035673,19.2288192425967,11.0662378397767
320,0.02,1.55208321446963,75.6259015060895,17.985715872626,10.5681750921366
320,0.04,1.45073573371838,71.9118498423077,15.9626071061692,9.54992586021436
320,0.06,1.35666661662026,68.3007034674649,14.3494424257184,8.70963589956081
320,0.08,1.26864802087045,64.7758744380256,13.0048343161496,8.09095899178382
321,0,1.65730278667657,79.2937829181472,20.5650068792509,1.23594743344451
321,0.01,1.60210524230144,77.393128445986,19.1357636017767,10.7646521362983
321,0.02,1.54819676205567,75.4867919396816,17.9011671235443,10.1859138805412
321,0.04,1.4464876953357,71.7522068776455,15.8849890511476,9.28966386779936
321,0.06,1.35181124706027,68.1099636881073,14.271561256391,8.47227414140596
321,0.08,1.26299784737395,64.5447331767368,12.9229606187592,7.87045789695099
322,0,1.67353872196116,79.8431208668254,21.0250589105394,1.19124200802737
322,0.01,1.66073365202539,79.4102308933937,20.660546954704,11.1686324778056
322,0.02,1.61360728180581,77.7934314117522,19.4182403885447,10.5681750921366
322,0.04,1.52466826402597,74.6390209104021,17.4024287364719,9.54992586021436
322,0.06,1.44181395071124,71.5761932580062,15.800168251785,8.70963589956081
322,0.08,1.36400149944442,68.5880343184744,14.4680017791577,8.01678063387679
323,0,1.65940436380667,79.3651364397088,20.623426445484,1.21338885046498
323,0.01,1.65880159616131,79.3446785857772,20.6066373809845,10.6659612123026
323,0.02,1.61187330445779,77.7332280360913,19.3751798636983,10.0925288607668
323,0.04,1.52294838715585,74.5766724033776,17.3668182426899,9.1201083935591
323,0.06,1.4397008269692,71.496484619582,15.7620137867861,8.31763771102671
323,0.08,1.36116052549658,68.4768605513917,14.4219502129052,7.72680585095702
324,0,1.6445906671967,78.8606028403152,20.218398616724,1.23594743344451
324,0.01,1.65362928416368,79.1688817416109,20.4636662473347,1.22461619926505
324,0.02,1.60948138885282,77.6500974178501,19.3160614150049,9.81747943019984
324,0.04,1.52033591076278,74.4818666902082,17.3129380058014,8.87156012037961
324,0.06,1.43662085493648,71.3801626086163,15.7066170968899,8.09095899178382
324,0.08,1.35743536604271,68.330863829396,14.3618168406818,7.51622894018205
325,0,1.71758677953655,81.3115323870188,22.3875218355997,12.0226443461741
325,0.01,1.6692516159025,79.6984938649443,20.9015952616992,11.3762728582343
325,0.02,1.62287701704947,78.114410714169,19.6514118255073,10.7646521362983
325,0.04,1.53535984809502,75.025451181757,17.6263377712389,9.6382902362397
325,0.06,1.45385905181723,72.0290199463229,16.0199974104508,8.79022516830884
325,0.08,1.37732988878363,69.1076443115617,14.6863092761077,8.09095899178382
326,0,1.7079696019822,80.9936465077235,22.0741620952801,11.3762728582343
326,0.01,1.65931194775034,79.3620002443081,20.6208506058599,10.7646521362983
326,0.02,1.6125090443231,77.7553067304372,19.390947457244,10.1859138805412
326,0.04,1.52390179336776,74.6112414104323,17.3865450220234,9.20449571753171
326,0.06,1.44104637390486,71.5472489137564,15.7862949523667,8.39459986519397
326,0.08,1.36298559435919,68.548296523635,14.4515150652868,7.79830110523259
327,0,1.69566793411675,80.5848208689934,21.6869045527635,1.23594743344451
327,0.01,1.65062836535853,79.066681437589,20.3815996415507,10.3752841581801
327,0.02,1.6033312306675,77.4359033624362,19.1655235403323,9.81747943019984
327,0.04,1.51357880328295,74.2360999607846,17.1747441311133,8.87156012037961
327,0.06,1.42939826508659,71.1067188814768,15.5776967203107,8.16582371358592
327,0.08,1.34986099299888,68.0332282605041,14.2404112435976,7.51622894018205
328,0,1.72435249552417,81.5342625181562,22.6139342703193,1.15877735615513
328,0.01,1.72319709886223,81.4962791246359,22.5749077988264,10.9647819614319
328,0.02,1.6842895685016,80.2044647829641,21.3412964928848,10.2801629812647
328,0.04,1.61041651936726,77.6826092839111,19.3391354850891,9.28966386779936
328,0.06,1.54109391333408,75.2318793825389,17.7482725373602,8.47227414140596
328,0.08,1.4755087068144,72.8364254191864,16.4256019550238,7.72680585095702
329,0,1.70417679640856,80.8678634608821,21.9531894201415,1.19124200802737
329,0.01,1.71245359877722,81.1420483414879,22.2190619525701,1.18032063565173
329,0.02,1.67695145512228,79.9580326559004,21.1244021394874,9.72747223776965
329,0.04,1.60219729927932,77.3963412163271,19.1379953802867,8.79022516830884
329,0.06,1.53169316428764,74.8931493365583,17.549049353879,8.01678063387679
329,0.08,1.46472287504042,72.4352185276112,16.2217963835592,7.37904230129101
330,0,1.68182470094027,80.1217877145491,21.2679329208787,1.23594743344451
330,0.01,1.69097207493285,80.4281061881332,21.5428606710714,1.21338885046498
330,0.02,1.67001389190195,79.7242318133478,20.9234410205156,9.3756200692588
330,0.04,1.59429066422129,77.1198746362224,18.9479638696832,8.47227414140596
330,0.06,1.52261732322498,74.5646648304205,17.3599762237992,7.72680585095702
330,0.08,1.45431710396162,72.0461889730724,16.0284372318127,7.11213513653329
331,0,1.72075683479438,81.4159846635109,22.4929747226838,1.14815362149688
331,0.01,1.7282316369725,81.6616297257114,22.7460797802223,1.13762728582343
331,0.02,1.72839387685715,81.6669513654443,22.7516445904109,10.0925288607668
331,0.04,1.66454003485188,79.5391948484914,20.7675754634123,9.03649473722302
331,0.06,1.604324525046,77.4705407886272,19.1896950919133,8.24138115013002
331,0.08,1.5470911101252,75.4471689897409,17.877229971537,7.51622894018205
332,0,1.69554757263661,80.5808085816261,21.6831871264586,1.18032063565173
332,0.01,1.70393771394559,80.8599267338575,21.9456117333134,1.16949939101987
332,0.02,1.71207974977131,81.1296880347286,22.2069017375843,1.15877735615513
332,0.04,1.65890143478478,79.3480675141385,20.6094163560758,8.55066712884683
332,0.06,1.59775579210621,77.2411689218058,19.030837636714,7.79830110523259
332,0.08,1.53937878801704,75.1701942692768,17.7116622013974,7.17794291271362
333,0,1.66672264150977,79.6130348863749,20.8294449961904,1.22461619926505
333,0.01,1.67622772269415,79.9336796374992,21.1032549163454,1.21338885046498
333,0.02,1.68544463989495,80.2431738767387,21.3758560369958,1.20226443461741
333,0.04,1.65299030547924,79.147133085065,20.446138233461,8.16582371358592
333,0.06,1.59087238245398,77.0000192698018,18.8668234787613,7.44731973905989
333,0.08,1.53134837263588,74.8806964596821,17.5418086806155,6.85488226452662
334,0,1.65555841998746,79.2345015576994,20.5167631213915,12.1338885046498
334,0.01,1.5979870772056,77.2492575954146,19.0363917073456,11.4815362149688
334,0.02,1.54312569244887,75.3048869070396,17.7917964627022,10.8642562361707
334,0.04,1.44062410310042,71.5313211255398,15.778669568697,9.81747943019984
334,0.06,1.34634114524563,67.8945592711537,14.1843812931223,8.95364765549594
334,0.08,1.25884896686676,64.3746319818526,12.8631502996632,8.24138115013002
335,0,1.6443676027226,78.8529775068616,20.2124171986607,11.5877735615513
335,0.01,1.58658537899809,76.8494214783552,18.7659068340786,10.9647819614319
335,0.02,1.53138155081255,74.8818948495533,17.5425052260565,10.3752841581801
335,0.04,1.42792723309141,71.0509116654856,15.5516064058323,9.3756200692588
335,0.06,1.33242886094241,67.3442504819029,13.9652666882987,8.6297854776697
335,0.08,1.24353147356543,63.7438662021317,12.6445450588376,7.94328234724282
336,0,1.63481679810476,78.525704965335,19.9594346858787,11.1686324778056
336,0.01,1.57665677405086,76.4994312669667,18.5356930232435,10.5681750921366
336,0.02,1.52101531304763,74.5065334088384,17.3269256902737,10
336,0.04,1.41653875010226,70.617546327804,15.3514866558621,9.1201083935591
336,0.06,1.3198455941029,66.8434597013465,13.7702073896196,8.31763771102671
336,0.08,1.22963462800158,63.1678408635085,12.4491327987899,7.72680585095702
337,0,1.66747369104215,79.6384254133754,20.8508199076287,1.14815362149688
337,0.01,1.66175352157553,79.4448087354965,20.6891164832936,11.0662378397767
337,0.02,1.61527319417334,77.851223552669,19.4597734849329,10.471285480509
337,0.04,1.52775699180967,74.7508629011149,17.4666624920192,9.3756200692588
337,0.06,1.44648625688834,71.7521527656484,15.8849628534102,8.55066712884683
337,0.08,1.37039761123318,68.8377910875033,14.5722954241485,7.87045789695099
338,0,1.64462470719391,78.8617664050713,20.2193116886668,1.18032063565173
338,0.01,1.65358405147177,79.1673423993887,20.462424493761,10.471285480509
338,0.02,1.60683842589643,77.5581286773553,19.251112453008,9.90831944892768
338,0.04,1.51850399015474,74.4153158193069,17.2753071079049,8.95364765549594
338,0.06,1.43611403161391,71.3610050218703,15.6975256030587,8.16582371358592
338,0.08,1.35870140897144,68.3805110408715,14.3822222142245,7.51622894018205
339,0,1.61963616322317,78.0023563918117,19.5693139800271,1.21338885046498
339,0.01,1.62994351819159,78.3581235958845,19.8326370376859,1.20226443461741
339,0.02,1.59888456198979,77.2806364595461,19.0579707825026,9.46237161365793
339,0.04,1.50962084645363,74.0917711629906,17.0945640273899,8.6297854776697
339,0.06,1.42611239825181,70.9820079299381,15.5194952823757,7.87045789695099
339,0.08,1.34744139036222,67.9379291667216,14.2018691560541,7.31139083483417
340,0,1.66329083274959,79.4968972655249,20.7323291699594,1.12719745617551
340,0.01,1.671880078958,79.7872021550546,20.9771178126928,1.11686324778056
340,0.02,1.66766029307192,79.6447323628842,20.8561374196154,10.0925288607668
340,0.04,1.59138170904984,77.0178904703623,18.8788752685925,9.1201083935591
340,0.06,1.52010141792361,74.4733512016385,17.3081141879485,8.31763771102671
340,0.08,1.45297640252409,71.9959253265622,16.0037509820242,7.65596606911256
341,0,1.63480839183772,78.5254162366589,19.9592146570101,1.16949939101987
341,0.01,1.6443440436297,78.852172103816,20.2117856651685,1.15877735615513
341,0.02,1.65362689752174,79.1688005211507,20.4636007242153,1.14815362149688
341,0.04,1.58497482810424,76.7927632799426,18.7282334499469,8.6297854776697
341,0.06,1.51277607900812,74.2068504451659,17.1584372839319,7.87045789695099
341,0.08,1.44449026634155,71.6770313056667,15.8486657753681,7.2443596007499
342,0,1.60288346673264,77.4202837785195,19.1546449357536,1.21338885046498
342,0.01,1.61352204085463,77.7904730536065,19.4161195386994,1.20226443461741
342,0.02,1.62386475862444,78.1485271171086,19.676559114974,1.18032063565173
342,0.04,1.57823734084847,76.5552605355893,18.5720203349854,8.31763771102671
342,0.06,1.50506853556675,73.9254289609246,17.0030290007344,7.58577575029184
342,0.08,1.43565412788411,71.3436169832192,15.6892816712412,6.98232404077171
343,0,1.59694684180093,77.2128705366387,19.0114338211889,12.3594743344451
343,0.01,1.5311372277038,74.873069492373,17.5373768879366,11.6949939101987
343,0.02,1.4688083586845,72.5874316425939,16.2985814910793,11.0662378397767
343,0.04,1.35339962139507,68.1724091803453,14.2969871279635,10
343,0.06,1.2484507317448,63.94691207872,12.714376561067,9.1201083935591
343,0.08,1.15201247654535,59.884421826085,11.4039693080889,8.47227414140596
344,0,1.58451391264624,76.7765403780803,18.7174756889457,11.6949939101987
344,0.01,1.5186209961198,74.4195682226744,17.2777069193093,11.0662378397767
344,0.02,1.45607939019258,72.1122093294075,16.0609639021245,10.5681750921366
344,0.04,1.33995680153147,67.6424621634375,14.0833697920103,9.54992586021436
344,0.06,1.23396376137897,63.3476677811978,12.5097166781768,8.79022516830884
344,0.08,1.13633987951625,59.207872506094,11.2016050753462,8.16582371358592
345,0,1.57393532796606,76.4032029273098,18.4734232828359,11.2719745617551
345,0.01,1.50777005729382,74.0241869225803,17.0572617593235,10.7646521362983
345,0.02,1.44488256528363,71.6918015602301,15.8557910803999,10.1859138805412
345,0.04,1.32789786438683,67.1642595357272,13.8946942725896,9.28966386779936
345,0.06,1.22090944282012,62.8043507022266,12.3278114805739,8.55066712884683
345,0.08,1.1221827916771,58.5928160103476,11.0210847085057,7.94328234724282
346,0,1.61552536630013,77.8599675521573,19.4660744204297,1.12719745617551
346,0.01,1.60338949444635,77.4379355574121,19.1669398856076,11.1686324778056
346,0.02,1.55008292935028,75.5543370813357,17.9421205368329,10.5681750921366
346,0.04,1.45050501032888,71.9031874386787,15.9583785101747,9.54992586021436
346,0.06,1.35895368844736,68.390400558389,14.3862922072263,8.70963589956081
346,0.08,1.27404519025017,64.9961146852451,13.0835016505525,8.01678063387679
347,0,1.59074920778261,76.9956966633296,18.8639108909777,1.15877735615513
347,0.01,1.59431717168597,77.1208032887002,18.9485954475178,10.5681750921366
347,0.02,1.54083518371269,75.2225773519384,17.7427421868788,10
347,0.04,1.44058019952914,71.5296649274713,15.7778770328789,9.1201083935591
347,0.06,1.34802780113741,67.9610355065313,14.2111995697469,8.31763771102671
347,0.08,1.26190763965017,64.5000662615997,12.9072189946938,7.72680585095702
348,0,1.56403952200374,76.0522201199218,18.2499078249569,1.19124200802737
348,0.01,1.57513238711842,76.4455457440186,18.5007700344165,1.18032063565173
348,0.02,1.53211013863232,74.9082064747915,17.5578120539668,9.6382902362397
348,0.04,1.43103436201722,71.1687426414342,15.6067805817203,8.79022516830884
348,0.06,1.33749664446745,67.5451196120728,14.0446551089247,8.09095899178382
348,0.08,1.25023198332611,64.0203239694973,12.739748981627,7.44731973905989
349,0,1.6107856456617,77.6954386826526,19.3482571699232,1.11686324778056
349,0.01,1.62024825994532,78.023533585331,19.5847716191078,1.10662378397767
349,0.02,1.60975489813124,77.6596081051914,19.322805072304,10.2801629812647
349,0.04,1.52228338386065,74.5525510253626,17.3530789332446,9.20449571753171
349,0.06,1.44125487244494,71.5551121707879,15.7900618070586,8.39459986519397
349,0.08,1.36558422187565,68.6499061126745,14.4937297503935,7.72680585095702
350,0,1.58010686081707,76.6212409241254,18.615144226137,1.14815362149688
350,0.01,1.5904685101304,76.9858450855041,18.857276416082,1.13762728582343
350,0.02,1.60058895537351,77.3401895631903,19.0990695008271,1.12719745617551
350,0.04,1.5153432240372,74.3003518931061,17.2106689046907,8.79022516830884
350,0.06,1.43345791740757,71.2605304118055,15.6499910821185,8.01678063387679
350,0.08,1.35669639428264,68.3018719356672,14.3499215285386,7.37904230129101
351,0,1.5462059024645,75.4154307554796,17.8581021115502,1.19124200802737
351,0.01,1.55757735750271,75.8221096287692,18.1063401394019,1.18032063565173
351,0.02,1.56868410304245,76.2171634032904,18.3542528217962,1.16949939101987
351,0.04,1.50801730290251,74.033218933675,17.0622379559069,8.39459986519397
351,0.06,1.4252245556405,70.948277717519,15.5038168595583,7.72680585095702
351,0.08,1.34741224509153,67.936780592014,14.2014056001914,7.11213513653329
352,0,1.72348191812137,81.5056445064526,22.5845142704361,12.4738351424294
352,0.01,1.67517769262145,79.8983315337128,21.0726498952126,11.6949939101987
352,0.02,1.62876971652495,78.3176993294946,19.8023202309395,11.0662378397767
352,0.04,1.54106444909993,75.2308201222325,17.7476426018977,9.90831944892768
352,0.06,1.45917053011106,72.2278787548445,16.1182324804775,9.03649473722302
352,0.08,1.38210147785647,69.2928812715742,14.7653895540015,8.31763771102671
353,0,1.71478203316435,81.2189803609058,22.2951291335026,11.8032063565173
353,0.01,1.66617553314501,79.5945330376552,20.8139018135456,11.1686324778056
353,0.02,1.61936040838068,77.9928138122224,19.5623574531029,10.5681750921366
353,0.04,1.53056049800617,74.8522329278097,17.5252805263474,9.54992586021436
353,0.06,1.44730022664344,71.7827670473389,15.8997964285738,8.70963589956081
353,0.08,1.36866776765524,68.7703171930146,14.5440043709505,8.01678063387679
354,0,1.70753220178641,80.9791527609223,22.0601375232359,11.3762728582343
354,0.01,1.65852707775984,79.3353594592199,20.5990000511344,10.7646521362983
354,0.02,1.6112503329069,77.7115861205117,19.3597512952487,10.1859138805412
354,0.04,1.52135658340352,74.5189206944669,17.33395830835,9.20449571753171
354,0.06,1.43681888270703,71.3876466776591,15.7101712148195,8.47227414140596
354,0.08,1.35674386993309,68.3037348351709,14.3506854173145,7.79830110523259
355,0,1.75859046434216,82.6500243009668,23.8454117381615,1.19124200802737
355,0.01,1.72721219034503,81.6281810228995,22.711183183994,11.2719745617551
355,0.02,1.68822960616833,80.3364139325217,21.4596615622185,10.5681750921366
355,0.04,1.61408383706295,77.8099683882757,19.4301050948127,9.54992586021436
355,0.06,1.54429265701846,75.3467867955231,17.8168709677788,8.6297854776697
355,0.08,1.47807908060499,72.931732635909,16.4746949575226,7.94328234724282
356,0,1.74544958737599,82.2240196222056,23.3546030122371,1.22461619926505
356,0.01,1.72088432517916,81.4201820066993,22.497238844548,10.6659612123026
356,0.02,1.68161581868806,80.1147767299787,21.261739707092,10.0925288607668
356,0.04,1.60660185308969,77.549890724782,19.2453178327482,9.03649473722302
356,0.06,1.53563552362544,75.0353886826693,17.6321699938078,8.24138115013002
356,0.08,1.46802244882294,72.5581739849876,16.2837718814412,7.58577575029184
357,0,1.73124628945646,81.7604437728497,22.8499889508883,1.24738351424294
357,0.01,1.71516013418567,81.2314645563203,22.3075353069498,10.2801629812647
357,0.02,1.67552065296826,79.909878924731,21.082636161126,9.6382902362397
357,0.04,1.59958403174581,77.3050825792106,19.0748185620777,8.70963589956081
357,0.06,1.52749402959857,74.7413475983282,17.4611797382641,7.94328234724282
357,0.08,1.4585656065525,72.2052561095479,16.1070035685157,7.37904230129101
358,0,1.75465783628829,82.5228260752406,23.6959634923687,1.18032063565173
358,0.01,1.76124373910182,82.7357026740048,23.947534178678,1.16949939101987
358,0.02,1.73121950944928,81.7595666285371,22.8490611462837,10.2801629812647
358,0.04,1.66708214904343,79.6251898298893,20.8396711300364,9.20449571753171
358,0.06,1.60639254486596,77.5426013877728,19.2401936197669,8.39459986519397
358,0.08,1.54855129956776,75.4994929155976,17.9088536161226,7.72680585095702
359,0,1.73816255427376,81.986588256005,23.0925285417014,1.21338885046498
359,0.01,1.74541930711407,82.2230347809285,23.3534996144969,1.20226443461741
359,0.02,1.72675904163264,81.6133075044401,22.695710277677,9.72747223776965
359,0.04,1.66200957154638,79.4534871782808,20.6963014685688,8.79022516830884
359,0.06,1.60040274294345,77.3336855351875,19.0945717088808,7.94328234724282
359,0.08,1.54137244004561,75.2418918716684,17.7542290851976,7.31139083483417
360,0,1.71995325573112,81.3895224835202,22.4661390915915,1.24738351424294
360,0.01,1.72797167328399,81.6531017513256,22.7371694723597,1.23594743344451
360,0.02,1.72227017666,81.4657910823591,22.5437074958227,9.3756200692588
360,0.04,1.6567945058941,79.2765145143421,20.5509264854286,8.39459986519397
360,0.06,1.59424722207765,77.1183526746708,18.9469288783257,7.65596606911256
360,0.08,1.53409933142106,74.9799954471373,17.5997083639984,7.04693068967147
361,0,1.6624581965577,79.4686900398001,20.7089021978969,12.5892541179417
361,0.01,1.60486362159632,77.4893327354134,19.2028364839933,11.8032063565173
361,0.02,1.54989779088474,75.5477098562115,17.9380940899635,11.1686324778056
361,0.04,1.4470188239543,71.772184526638,15.8946661454078,10.0925288607668
361,0.06,1.35216845502309,68.1240110060187,14.2772748709089,9.20449571753171
361,0.08,1.26395138824746,64.5837826936214,12.9367436806021,8.55066712884683
362,0,1.65231439657992,79.1241200214829,20.4276289381228,11.9124200802738
362,0.01,1.59449036188984,77.1268704734191,18.952722850313,11.2719745617551
362,0.02,1.53919381040874,75.1635384257646,17.7077208365321,10.6659612123026
362,0.04,1.43535252367666,71.332211875366,15.6838783605274,9.72747223776965
362,0.06,1.33923468108644,67.6139010559917,14.071994037482,8.87156012037961
362,0.08,1.24956341838855,63.9927768518405,12.7302204115727,8.24138115013002
363,0,1.64387824424932,78.8362461394996,20.19930702511,11.5877735615513
363,0.01,1.58571452158175,76.8187907616411,18.7455199881821,10.9647819614319
363,0.02,1.52999096447483,74.8316506598015,17.5133477358049,10.3752841581801
363,0.04,1.42515072993195,70.9454723522839,15.5025140784321,9.3756200692588
363,0.06,1.32785265861549,67.1624618703896,13.893992088051,8.6297854776697
363,0.08,1.23686804259068,63.4681132799483,12.5505070829206,8.01678063387679
364,0,1.70657832987412,80.947534284017,22.0296199526034,1.18032063565173
364,0.01,1.66648505062323,79.6050007630475,20.8226922641262,11.3762728582343
364,0.02,1.61987850445494,78.0107416208812,19.5754313017201,10.6659612123026
364,0.04,1.53195856310124,74.9027333622301,17.5546259165225,9.6382902362397
364,0.06,1.4500934280775,71.8877324134383,15.9508389182502,8.79022516830884
364,0.08,1.37323105153472,68.9481941056545,14.6187723413094,8.09095899178382
365,0,1.69137231734404,80.4414776103173,21.5550594612572,1.20226443461741
365,0.01,1.65911121979292,79.3551879276428,20.6152580564625,10.7646521362983
365,0.02,1.61225634354834,77.7465314728533,19.384677219994,10.1859138805412
365,0.04,1.52352653653705,74.5976370849284,17.3787765682351,9.20449571753171
365,0.06,1.4405219804546,71.527468644779,15.7768261576552,8.39459986519397
365,0.08,1.36230089194448,68.5215033387047,14.4404153253076,7.72680585095702
366,0,1.67505330437824,79.8941429302088,21.0690303529572,1.23594743344451
366,0.01,1.65244919491942,79.1287101887339,20.4313176961234,10.3752841581801
366,0.02,1.60523978628185,77.5024422384648,19.2120155946847,9.81747943019984
366,0.04,1.5156165340918,74.3102996843007,17.2162437585072,8.87156012037961
366,0.06,1.43153098136365,71.1875597781812,15.6156224694891,8.09095899178382
366,0.08,1.35203497405425,68.1187620964714,14.2751395181475,7.51622894018205
367,0,1.70195723519233,80.7941455265435,21.8830562800479,1.16949939101987
367,0.01,1.7096517480432,81.0493571433365,22.1282785089179,1.15877735615513
367,0.02,1.67100256922085,79.7575997377692,20.9518436400243,10.3752841581801
367,0.04,1.59434982218957,77.1219471375855,18.9493734422639,9.28966386779936
367,0.06,1.52248949840743,74.5600281562876,17.3573355965526,8.47227414140596
367,0.08,1.45460742001604,72.0570688632969,16.0337895276333,7.79830110523259
368,0,1.68292384103502,80.1586676888656,21.3005829930578,1.20226443461741
368,0.01,1.69133835339684,80.4403430347267,21.5540237282216,1.19124200802737
368,0.02,1.66582513377046,79.5826807840346,20.803959232866,9.81747943019984
368,0.04,1.58857832368716,76.9194705796968,18.8127052029675,8.87156012037961
368,0.06,1.51579600526095,74.3168312667825,17.2199060049388,8.09095899178382
368,0.08,1.44672844330878,71.7612628952405,15.8893744815288,7.44731973905989
369,0,1.66212520697685,79.4574061156407,20.6995479190897,1.23594743344451
369,0.01,1.67134714640197,79.7692254263656,20.9617608786139,1.22461619926505
369,0.02,1.66060378847749,79.4058267319632,20.6569146920654,9.46237161365793
369,0.04,1.58262971527011,76.7101841752913,18.6736079622984,8.55066712884683
369,0.06,1.50890291209547,74.0655618916861,17.0800798601703,7.79830110523259
369,0.08,1.43871731203615,71.4593584397463,15.7442965579697,7.17794291271362
370,0,1.60468821596434,77.4832189498035,19.1985589234335,12.7057410520854
370,0.01,1.53875375622735,75.1477020537981,17.6983500183509,12.0226443461741
370,0.02,1.47623794904645,72.8634769799614,16.4395093557708,11.3762728582343
370,0.04,1.36027832761763,68.4423082349966,14.4076837404498,10.2801629812647
370,0.06,1.25458008663889,64.199278476927,12.8018794482413,9.3756200692588
370,0.08,1.1572473482473,60.1093807466583,11.4721695888239,8.70963589956081
371,0,1.59336486687641,77.087433074375,18.9259283698252,12.1338885046498
371,0.01,1.52733726694012,74.7356745582178,17.4579124989416,11.4815362149688
371,0.02,1.46459544053239,72.4304659219674,16.2194092844408,10.8642562361707
371,0.04,1.34787143131263,67.9548746813419,14.2087109005003,9.90831944892768
371,0.06,1.24110078905231,63.6433724709687,12.6101687058741,9.03649473722302
371,0.08,1.14250336418922,59.4744809494887,11.2808665285059,8.39459986519397
372,0,1.58399367969279,76.7582252977332,18.7053461257533,11.6949939101987
372,0.01,1.5177047832067,74.3862634524708,17.2589286902119,11.0662378397767
372,0.02,1.45462393701068,72.0576878093455,16.0340941087239,10.5681750921366
372,0.04,1.33705326904253,67.5275645291025,14.0376901179502,9.6382902362397
372,0.06,1.22924856025207,63.1517871969806,12.4437425993729,8.87156012037961
372,0.08,1.12952554627084,58.9122882702611,11.1144494174209,8.24138115013002
373,0,1.65811065323364,79.3212206195069,20.5874253951855,1.16949939101987
373,0.01,1.60872333235646,77.6237310186171,19.2973927291475,11.4815362149688
373,0.02,1.55524154896566,75.7387565150954,18.0548980742377,10.8642562361707
373,0.04,1.45514474126294,72.0772015615602,16.043701968949,9.72747223776965
373,0.06,1.362863518252,68.5435201718942,14.4495353762346,8.95364765549594
373,0.08,1.27703594975774,65.1179258008012,13.1272900678471,8.24138115013002
374,0,1.64127309167488,78.7471072721077,20.1297859438915,1.19124200802737
374,0.01,1.60052140715239,77.337830307123,19.0974377195259,10.8642562361707
374,0.02,1.54686119465413,75.4389269077601,17.8722587494011,10.2801629812647
374,0.04,1.44607658192864,71.7367399706631,15.8775039686114,9.3756200692588
374,0.06,1.35275383997692,68.147026423799,14.2866437210892,8.55066712884683
374,0.08,1.26569863842499,64.6552926602274,12.9620354334296,7.94328234724282
375,0,1.62339192023647,78.1321974280184,19.6645135682807,1.22461619926505
375,0.01,1.59311550356239,77.0786924441021,18.9200007194155,10.471285480509
375,0.02,1.53915514485475,75.1621470909511,17.7068971536546,9.90831944892768
375,0.04,1.43755104829844,71.4153113345426,15.7233208914341,9.03649473722302
375,0.06,1.34325621655967,67.7728384123678,14.13547380515,8.31763771102671
375,0.08,1.25503762939848,64.2180891729116,12.8084335446233,7.65596606911256
376,0,1.6529071892977,79.1443035919263,20.4438603962255,1.15877735615513
376,0.01,1.66023855324828,79.3934387243031,20.6467058770874,11.0662378397767
376,0.02,1.61354044608571,77.7911118328991,19.4165774373554,10.471285480509
376,0.04,1.52559729831904,74.6726785088003,17.4217110213741,9.46237161365793
376,0.06,1.44389356807559,71.6545600390107,15.8378360633339,8.6297854776697
376,0.08,1.36736162066376,68.7193338553389,14.5226844531739,7.94328234724282
377,0,1.63192673908628,78.4263704750906,19.8840562166528,1.19124200802737
377,0.01,1.64126432718192,78.7468071906988,20.1295528241216,1.18032063565173
377,0.02,1.60780982409229,77.5919447901485,19.2749385225152,9.90831944892768
377,0.04,1.51934686583622,74.4459434964251,17.2926058870665,8.95364765549594
377,0.06,1.43677797541908,71.3861007249374,15.7094369426505,8.16582371358592
377,0.08,1.35910970936881,68.3965160983418,14.3888099217442,7.58577575029184
378,0,1.60924407830486,77.6418444327457,19.3102136871854,1.22461619926505
378,0.01,1.61938460027677,77.9936510315912,19.562967566788,1.20226443461741
378,0.02,1.60200921921463,77.3897771054495,19.1334361604767,9.54992586021436
378,0.04,1.51287079218085,74.2103021737401,17.1603601187367,8.6297854776697
378,0.06,1.42940401533607,71.1069369551472,15.5777988170326,7.94328234724282
378,0.08,1.35067966479854,68.0654484814838,14.2534781152806,7.31139083483417
379,0,1.72922781380863,81.6942986395272,22.7802972648184,12.8233058265602
379,0.01,1.68103530138009,80.0952882898941,21.2445472430747,12.0226443461741
379,0.02,1.63468120377189,78.5210475838839,19.955886143443,11.3762728582343
379,0.04,1.54697743996844,75.4430942208988,17.8747719253838,10.2801629812647
379,0.06,1.46496837255661,72.4443734197596,16.226396389969,9.3756200692588
379,0.08,1.38766309627469,69.5082667024518,14.8581955855398,8.6297854776697
380,0,1.72138463539854,81.4366510746935,22.5139899547507,12.2461619926505
380,0.01,1.67292537052279,79.8224479426924,21.0073049201506,11.4815362149688
380,0.02,1.62619427404958,78.2289228506243,19.7361023636485,10.8642562361707
380,0.04,1.53743764494093,75.1003186281136,17.6703701548319,9.81747943019984
380,0.06,1.45410133522261,72.0381018462088,16.0244608507899,8.95364765549594
380,0.08,1.37524718737809,69.0266625958818,14.651947281002,8.31763771102671
381,0,1.71506003296357,81.2281596263885,22.3042493269385,11.8032063565173
381,0.01,1.66623918995065,79.5966860089478,20.8157090932082,11.1686324778056
381,0.02,1.61909596157082,77.9836613415942,19.555690431123,10.5681750921366
381,0.04,1.52933418659649,74.8079084601139,17.4996025647071,9.54992586021436
381,0.06,1.44479809353159,71.6886213881838,15.8542564676759,8.79022516830884
381,0.08,1.36458013040205,68.6106594505172,14.4774016951595,8.09095899178382
382,0,1.77156418196605,83.0678954717405,24.3551460339283,12.2461619926505
382,0.01,1.7312077065,81.7591800345905,22.8486522553803,11.4815362149688
382,0.02,1.6922139704973,80.4695872115912,21.5807591609217,10.8642562361707
382,0.04,1.61793820330861,77.9435775375196,19.5265506177139,9.72747223776965
382,0.06,1.54786364826399,75.4748564623592,17.893949899134,8.87156012037961
382,0.08,1.48125893831017,73.0494770611622,16.535714020762,8.16582371358592
383,0,1.76607307148114,82.8913602346742,24.1361704731104,11.5877735615513
383,0.01,1.72555443862052,81.5737530884742,22.654694049527,10.9647819614319
383,0.02,1.68630269536531,80.2719150259149,21.4016041331452,10.3752841581801
383,0.04,1.61120327740287,77.7099511534989,19.3585868109165,9.28966386779936
383,0.06,1.5399968081123,75.1924274838051,17.7248405049423,8.47227414140596
383,0.08,1.4720166146337,72.7067540499326,16.3592307682202,7.79830110523259
384,0,1.76136334003347,82.7395621193068,23.9521625107161,11.2719745617551
384,0.01,1.72058321785741,81.4102682786,22.4871707186556,10.5681750921366
384,0.02,1.68100079231543,80.0941296169288,21.2435261309635,10
384,0.04,1.60505673692793,77.4960631894734,19.2075478811223,9.03649473722302
384,0.06,1.5327900453422,74.9327517239237,17.5721148084146,8.24138115013002
384,0.08,1.46356200957421,72.3919139713677,16.2000688096479,7.58577575029184
385,0,1.78025285145575,83.3462487231072,24.7119520262618,1.20226443461741
385,0.01,1.76772001630226,82.9443588331369,24.2013367101235,11.1686324778056
385,0.02,1.73410046014993,81.8538618127634,22.9493682403604,10.471285480509
385,0.04,1.66977271277729,79.7160895391365,20.9165242039747,9.46237161365793
385,0.06,1.60875838438059,77.6249503985036,19.2982552452387,8.55066712884683
385,0.08,1.5504481805053,75.5674098866354,17.9500683733848,7.87045789695099
386,0,1.76884577516701,82.9805607816102,24.2461306112556,1.23594743344451
386,0.01,1.76393872528331,82.8226126258757,24.0523559358907,10.5681750921366
386,0.02,1.73017394655205,81.7253114879863,22.8129040625933,10
386,0.04,1.66527467869288,79.5640575246165,20.7883591892882,8.95364765549594
386,0.06,1.60336427999831,77.4370561043042,19.1663269200719,8.16582371358592
386,0.08,1.54389914108301,75.332660240109,17.8084092666378,7.51622894018205
387,0,1.75658805415809,82.5852886743443,23.7690336998673,1.27057410520854
387,0.01,1.7603120374636,82.7056294204564,23.9115532250815,10.1859138805412
387,0.02,1.72630925464643,81.5985410292901,22.680375655959,9.6382902362397
387,0.04,1.66075675358046,79.4110143245798,20.6611932336592,8.6297854776697
387,0.06,1.59797308700902,77.2487683458327,19.0360556667161,7.87045789695099
387,0.08,1.53744338880257,75.1005254875337,17.6704921159882,7.2443596007499
388,0,1.66920946392027,79.6970703382555,20.9003885823026,12.9419584144999
388,0.01,1.6116726788564,77.7262590591533,19.3702087411761,12.2461619926505
388,0.02,1.55670211652546,75.7908877893424,18.0870367119883,11.4815362149688
388,0.04,1.45368083395976,72.0223388507051,16.0167152748481,10.3752841581801
388,0.06,1.35854499147102,68.3743787919184,14.3796994009256,9.46237161365793
388,0.08,1.26992179860255,64.8279015229738,13.0233596991487,8.79022516830884
389,0,1.66003099141983,79.3863976744416,20.6409086810315,12.3594743344451
389,0.01,1.60229196073479,77.3996447319272,19.1402907794742,11.6949939101987
389,0.02,1.54700579123394,75.4441105583582,17.8753849534319,11.0662378397767
389,0.04,1.44304118922799,71.6224489691434,15.8223827917674,10
389,0.06,1.3466689015971,67.9074812122201,14.1895883423996,9.1201083935591
389,0.08,1.25657336947098,64.2811988564783,12.8304550616271,8.47227414140596
390,0,1.65265304809668,79.135651241465,20.4368986004464,12.0226443461741
390,0.01,1.59459836194221,77.130653662936,18.9552974580793,11.2719745617551
390,0.02,1.5389382372334,75.1543414413821,17.7022775375367,10.7646521362983
390,0.04,1.43402531938275,71.2820045235938,15.6601297971654,9.72747223776965
390,0.06,1.33652232663305,67.5065375716051,14.0293544455625,8.95364765549594
390,0.08,1.24518959797367,63.8123565513946,12.668043973944,8.24138115013002
391,0,1.71976470220337,81.383311817538,22.4598526368583,12.3594743344451
391,0.01,1.67119425509058,79.7640672700802,20.9573593625732,11.5877735615513
391,0.02,1.62453869415685,78.171795258133,19.6937510837975,10.9647819614319
391,0.04,1.5363983228068,75.0628790316479,17.6483235492983,9.90831944892768
391,0.06,1.45414781822357,72.0398441238981,16.0253173696268,9.03649473722302
391,0.08,1.37675778758269,69.0854071365436,14.6768609907934,8.31763771102671
392,0,1.71327558745579,81.1692171484314,22.2458502153031,11.6949939101987
392,0.01,1.66460005883453,79.5412265872563,20.7692720430029,11.0662378397767
392,0.02,1.61771751228124,77.93593421685,19.5210049727746,10.471285480509
392,0.04,1.52878831793242,74.7881698479573,17.4881911658727,9.46237161365793
392,0.06,1.44540827332104,71.7115904228658,15.8653461137965,8.6297854776697
392,0.08,1.36666503431794,68.6921310439742,14.5113288582691,7.94328234724282
393,0,1.70772436677335,80.9855207491862,22.0662966200479,11.2719745617551
393,0.01,1.65880377009337,79.3447523796308,20.6066978838115,10.6659612123026
393,0.02,1.61160612887631,77.7239472128871,19.3685602649529,10.0925288607668
393,0.04,1.52185391026357,74.5369688055624,17.344214571809,9.1201083935591
393,0.06,1.43744169027282,71.4111798841598,15.7213559148377,8.39459986519397
393,0.08,1.35748079005674,68.332645613614,14.3625483969588,7.72680585095702
394,0,1.7317267646496,81.7761791380538,22.8666498109553,1.20226443461741
394,0.01,1.71490594835481,81.2230720679383,22.2991933398095,11.1686324778056
394,0.02,1.67440923539669,79.872450688173,21.0503089274754,10.5681750921366
394,0.04,1.59749163001549,77.2319293336262,19.0244975282493,9.54992586021436
394,0.06,1.52521561287347,74.6588524096788,17.4137851157494,8.6297854776697
394,0.08,1.4567649785736,72.1378785064979,16.0736418595505,7.94328234724282
395,0,1.71834844557369,81.336643973,22.4127586508499,1.22461619926505
395,0.01,1.71046394910083,81.0762396917256,22.1545113950438,10.6659612123026
395,0.02,1.66985588742597,79.7188976475083,20.9189090641782,10.0925288607668
395,0.04,1.59238062257782,77.0529273723886,18.9025504759034,9.03649473722302
395,0.06,1.51919763466355,74.4405217707972,17.2895412306244,8.24138115013002
395,0.08,1.44958104247434,71.8684879704161,15.9414593803007,7.58577575029184
396,0,1.70408640789828,80.8648629789819,21.9503239060927,1.25892541179417
396,0.01,1.70619778457092,80.9349159991365,22.0174705166411,10.2801629812647
396,0.02,1.66535396227342,79.5667401953809,20.7906046693408,9.72747223776965
396,0.04,1.58721482726034,76.8715530125733,18.7806659398306,8.79022516830884
396,0.06,1.5131412492639,74.2201578507081,17.1658526202052,8.01678063387679
396,0.08,1.44244127624449,71.599841080108,15.8115185028897,7.37904230129101
397,0,1.61228027500607,77.7473625603065,19.3852708722902,13.0617088813184
397,0.01,1.5463243591642,75.4196786898058,17.8606598761458,12.3594743344451
397,0.02,1.48373066688624,73.1408771255013,16.5833648656258,11.6949939101987
397,0.04,1.36746922103036,68.7235350347272,14.524439435524,10.5681750921366
397,0.06,1.26130680997622,64.4754402657851,12.8985512403861,9.6382902362397
397,0.08,1.16342626689761,60.3742522016383,11.5530698396528,8.95364765549594
398,0,1.60201163447432,77.3898614033285,19.133494696265,12.4738351424294
398,0.01,1.53596963556732,75.047430914942,17.639242536577,11.8032063565173
398,0.02,1.47316056215896,72.7492559115967,16.3809316656182,11.1686324778056
398,0.04,1.35612371424202,68.2793972766989,14.3407106277317,10.1859138805412
398,0.06,1.24888872195288,63.9649687043844,12.7206110701243,9.3756200692588
398,0.08,1.14970939148763,59.7852894927349,11.3740620614413,8.6297854776697
399,0,1.59376872497468,77.1015867701242,18.9355353794013,12.1338885046498
399,0.01,1.52749198641888,74.7412736610277,17.4611371483798,11.4815362149688
399,0.02,1.46436892656846,72.4220174853628,16.2151674176348,10.8642562361707
399,0.04,1.34652219222885,67.901697372182,14.1872573179541,9.90831944892768
399,0.06,1.23827391812526,63.5263611633994,12.5702951127212,9.1201083935591
399,0.08,1.13797641206094,59.2787314736213,11.2226104984168,8.47227414140596
400,0,1.67014339697613,79.7286035419561,20.9271570169597,12.4738351424294
400,0.01,1.61404516025169,77.8086264052082,19.4291416777566,11.6949939101987
400,0.02,1.56045854102037,75.9247944686353,18.1701217535751,11.0662378397767
400,0.04,1.46000906079228,72.2592269543899,16.1338152692248,10
400,0.06,1.36721822584715,68.7137347798713,14.5203460333138,9.1201083935591
400,0.08,1.28076308729641,65.2694978533187,13.182058035481,8.39459986519397
401,0,1.66281513635948,79.4807835074053,20.7189385894302,11.8032063565173
401,0.01,1.60669397752777,77.5530988006565,19.2475739618507,11.1686324778056
401,0.02,1.55294567007621,75.6567362926588,18.0045652188748,10.5681750921366
401,0.04,1.45182640398827,71.9527856992174,15.9826166700975,9.54992586021436
401,0.06,1.3580080790647,68.3533260894489,14.3710434779285,8.79022516830884
401,0.08,1.27027306893514,64.842243784646,13.0284728686965,8.09095899178382
402,0,1.65656048797002,79.2685625062216,20.5444500728612,11.3762728582343
402,0.01,1.60024179199455,77.3280633641741,19.0906855861198,10.7646521362983
402,0.02,1.54622204870758,75.416009784595,17.8584507134353,10.2801629812647
402,0.04,1.44434074236016,71.6714009278101,15.8459510900134,9.28966386779936
402,0.06,1.34957633365112,68.0220221414309,14.2358708852454,8.55066712884683
402,0.08,1.26072874862384,64.4517411650688,12.8902170945685,7.87045789695099
403,0,1.68593801503751,80.2597012962518,21.3906531271644,1.19124200802737
403,0.01,1.66420882349335,79.5279826687098,20.7582187211423,11.2719745617551
403,0.02,1.61740207047738,77.9250079053959,19.5130833473323,10.6659612123026
403,0.04,1.52910396748621,74.7995843704868,17.4947884303918,9.6382902362397
403,0.06,1.44687930203209,71.7669370955665,15.8921233187655,8.79022516830884
403,0.08,1.36967714153365,68.8096952180543,14.5605046978405,8.09095899178382
404,0,1.67097051945563,79.7565183106295,20.9509216999378,1.21338885046498
404,0.01,1.65923369177232,79.3593444684597,20.6186699343254,10.7646521362983
404,0.02,1.61236009591272,77.7501344964458,19.3872511747602,10.1859138805412
404,0.04,1.5235730411963,74.5993231692377,17.3797390063834,9.20449571753171
404,0.06,1.44048304611734,71.5259998343991,15.7761234299669,8.39459986519397
404,0.08,1.36215181533392,68.5156686695615,14.4379999184644,7.72680585095702
405,0,1.65511363994135,79.2193778187691,20.5044973051082,1.23594743344451
405,0.01,1.65443787105662,79.1963935028525,20.4858888382595,10.3752841581801
405,0.02,1.60735414352259,77.5760837298446,19.2637552294601,9.81747943019984
405,0.04,1.51794335756366,74.3949371576269,17.2638154211253,8.87156012037961
405,0.06,1.43402220545754,71.2818866885364,15.6600741323233,8.09095899178382
405,0.08,1.35465790131743,68.2218446416349,14.3171648305742,7.51622894018205
406,0,1.71989429482662,81.3875804633503,22.4641728895056,12.0226443461741
406,0.01,1.67175117238847,79.7828543477095,20.9734011718984,11.3762728582343
406,0.02,1.6255594346537,78.2070224956598,19.7198427345266,10.7646521362983
406,0.04,1.53838589600255,75.134461164291,17.6905225126938,9.6382902362397
406,0.06,1.45718721809411,72.1536834480804,16.0814566596669,8.79022516830884
406,0.08,1.3809375708688,69.2477355507989,14.7460540815055,8.09095899178382
407,0,1.70870427849366,81.0179837947961,22.0977619892358,11.4815362149688
407,0.01,1.66013792949134,79.3900253882494,20.6438950572804,10.7646521362983
407,0.02,1.61342291871853,77.7870327824118,19.4136538412775,10.1859138805412
407,0.04,1.52500147911483,74.6510945558619,17.4093409259701,9.20449571753171
407,0.06,1.44233879606902,71.5959784424007,15.8096635898332,8.47227414140596
407,0.08,1.36445838714827,68.6058996563302,14.4754233876835,7.79830110523259
408,0,1.69919462928739,80.7022786537581,21.7964319158965,11.0662378397767
408,0.01,1.65008731823857,79.0482393273618,20.3668714225034,10.3752841581801
408,0.02,1.60279137267502,77.4170707900589,19.1524088270095,9.81747943019984
408,0.04,1.51305362846929,74.2169650178427,17.1640729102399,8.95364765549594
408,0.06,1.42892045632873,71.088596289023,15.5692161340915,8.16582371358592
408,0.08,1.34948132253223,68.0182815313292,14.2343558003881,7.58577575029184
409,0,1.73228114386141,81.7943301812874,22.885907798353,1.15877735615513
409,0.01,1.72551172618464,81.5723501477142,22.6532427728708,10.9647819614319
409,0.02,1.68678870704885,80.2881889258696,21.4162167243838,10.3752841581801
409,0.04,1.61326899714049,77.7816902349898,19.409826107618,9.28966386779936
409,0.06,1.54426023389611,75.3456229620093,17.8161735386711,8.47227414140596
409,0.08,1.47899013435765,72.9654856201896,16.4921450035235,7.72680585095702
410,0,1.71180687398339,81.1206646931235,22.1980350780435,1.19124200802737
410,0.01,1.71668622070809,81.2818294056486,22.3577640022463,10.3752841581801
410,0.02,1.67753282688603,79.9775890675496,21.1414209532933,9.81747943019984
410,0.04,1.60293017288052,77.4219132129898,19.1557791703503,8.87156012037961
410,0.06,1.53258819625192,74.9254656295123,17.5678667567685,8.09095899178382
410,0.08,1.46578970542839,72.4749941044807,16.2417990897631,7.44731973905989
411,0,1.68904571317001,80.3637127760211,21.4843497693649,1.23594743344451
411,0.01,1.69810972355978,80.6661672606787,21.7626133503029,1.21338885046498
411,0.02,1.66906783327099,79.6922870727321,20.8963351643366,9.3756200692588
411,0.04,1.5933005446535,77.0851785670471,18.9243990487713,8.47227414140596
411,0.06,1.52162327704223,74.5285996084292,17.3394571274521,7.72680585095702
411,0.08,1.45334797045451,72.0098588263826,16.0105875324517,7.17794291271362
412,0,1.73023422588282,81.7272868644408,22.8149850754379,1.13762728582343
412,0.01,1.73757775611543,81.9674967763362,23.0717918351655,1.12719745617551
412,0.02,1.73065131173765,81.7409533114717,22.829395888087,10.0925288607668
412,0.04,1.66715539063197,79.6276658632249,20.8417557062185,9.03649473722302
412,0.06,1.60725717831682,77.5727081667748,19.2613770061054,8.24138115013002
412,0.08,1.55035314693951,75.5640087364665,17.9479999078114,7.51622894018205
413,0,1.70478127491799,80.8879259197967,21.9723734511297,1.18032063565173
413,0.01,1.71306319954202,81.1621982472501,22.2389218007953,1.16949939101987
413,0.02,1.72109916080619,81.4272544031951,22.5044284467165,1.15877735615513
413,0.04,1.65937236971294,79.3640507166868,20.6225346276939,8.55066712884683
413,0.06,1.59834041959152,77.2616131853027,19.0448823394414,7.79830110523259
413,0.08,1.54009074260259,75.1958061867726,17.7268448581236,7.17794291271362
414,0,1.67553601725997,79.9103961910533,21.0830837613448,1.22461619926505
414,0.01,1.68494586628557,80.2264615308488,21.3609186004643,1.21338885046498
414,0.02,1.69406899099579,80.5315001618665,21.6376300611339,1.20226443461741
414,0.04,1.65174948393761,79.1048802518636,20.4121841579701,8.16582371358592
414,0.06,1.58956038458002,76.9539635913944,18.8358398309305,7.44731973905989
414,0.08,1.52999225139618,74.8316971739938,17.5133746850756,6.85488226452662
415,0,1.65828404776844,79.3271082264027,20.5922433991831,12.2461619926505
415,0.01,1.6009311744856,77.3521410521877,19.1073403561268,11.4815362149688
415,0.02,1.54626442819076,75.417529556536,17.8593657497379,10.8642562361707
415,0.04,1.44410855386538,71.6626569967194,15.8417368016674,9.81747943019984
415,0.06,1.35012805497907,68.0437402833075,14.2446723782265,8.95364765549594
415,0.08,1.26290582981828,64.5409639735435,12.9216312714507,8.24138115013002
416,0,1.64521596569538,78.8819738697636,20.2351839186507,11.5877735615513
416,0.01,1.58751403870625,76.8820709720434,18.7876887408106,10.9647819614319
416,0.02,1.53240447157306,74.9188331499939,17.5640015292799,10.3752841581801
416,0.04,1.42914858403031,71.0972493524937,15.5732644148017,9.3756200692588
416,0.06,1.33381990802153,67.3994335067038,13.9870097100733,8.6297854776697
416,0.08,1.24513480685961,63.8100941679707,12.6672668426788,8.01678063387679
417,0,1.63415825572338,78.5030825149764,19.9422115292789,11.1686324778056
417,0.01,1.57597487264688,76.4753316840194,18.5200573042033,10.5681750921366
417,0.02,1.52033863615603,74.4819656558267,17.312994082602,10
417,0.04,1.41586067397673,70.5916699721528,15.3396740629602,9.1201083935591
417,0.06,1.31921914528291,66.8184523244172,13.7605718611083,8.39459986519397
417,0.08,1.22910607525647,63.1458616144844,12.4417537721605,7.79830110523259
418,0,1.67674247150911,79.951001415194,21.1182912736327,1.14815362149688
418,0.01,1.66450307072788,79.5379436280448,20.7665308085917,11.0662378397767
418,0.02,1.61822290919098,77.9534367035869,19.533709096718,10.471285480509
418,0.04,1.53108996664174,74.8713622240436,17.5363851465265,9.46237161365793
418,0.06,1.45015508540187,71.8900478552175,15.9519680891432,8.55066712884683
418,0.08,1.3743692458653,68.9925019780884,14.6374903008684,7.87045789695099
419,0,1.65348023948747,79.1638093790824,20.4595751430065,1.18032063565173
419,0.01,1.65418190581573,79.1876855964261,20.4788489951531,10.471285480509
419,0.02,1.60750538432973,77.5813484218877,19.2674656918704,9.90831944892768
419,0.04,1.51932104833065,74.445005547144,17.2920756322088,8.95364765549594
419,0.06,1.43710213711993,71.3983504989622,15.7152567608832,8.16582371358592
419,0.08,1.35984892998383,68.4254852424777,14.4007454949428,7.58577575029184
420,0,1.62792296199718,78.2885237300588,19.7805037426055,1.21338885046498
420,0.01,1.63817822314137,78.6410639980229,20.0477853587023,1.20226443461741
420,0.02,1.59774383888427,77.2407508600908,19.0305506696397,9.54992586021436
420,0.04,1.50842689280902,74.0481791046623,17.0704863134174,8.6297854776697
420,0.06,1.42492338302551,70.9368325909911,15.4985030270778,7.94328234724282
420,0.08,1.34624537660644,67.8907831792128,14.1828602180312,7.31139083483417
421,0,1.67432002910593,79.8694456782345,21.047718592306,1.12719745617551
421,0.01,1.68279987381448,80.1545091563406,21.2968953637305,1.11686324778056
421,0.02,1.6703454591376,79.7354240383004,20.9329576070256,10.1859138805412
421,0.04,1.59446509823233,77.1259854709915,18.9521206790625,9.1201083935591
421,0.06,1.52353195188648,74.5978334271074,17.3788886375335,8.31763771102671
421,0.08,1.45672945698827,72.1365487452851,16.0729846603031,7.65596606911256
422,0,1.64548767750716,78.8912582092288,20.2424859829531,1.16949939101987
422,0.01,1.65492478928441,79.2129553802198,20.4992936532014,1.15877735615513
422,0.02,1.66227665189123,79.4625383158021,20.7038012422426,9.6382902362397
422,0.04,1.58551644871069,76.8118221204881,18.7408883772559,8.70963589956081
422,0.06,1.5134413425858,74.231091995474,17.171950057863,7.94328234724282
422,0.08,1.44529038785633,71.7071533717134,15.8632028197597,7.31139083483417
423,0,1.61295022405855,77.7706244894449,19.4019031582027,1.21338885046498
423,0.01,1.6235084464506,78.1362220647257,19.6674808118877,1.19124200802737
423,0.02,1.63375075787432,78.4890803672174,19.9315680134704,1.18032063565173
423,0.04,1.57675102931886,76.5027617838065,18.5378560041145,8.31763771102671
423,0.06,1.50350736061123,73.8682995217756,16.9718043976443,7.58577575029184
423,0.08,1.43405234837174,71.283027329066,15.6606129808541,6.98232404077171
424,0,1.60004567726672,77.3212122919887,19.0859523216619,12.3594743344451
424,0.01,1.53445159262597,74.9927011925278,17.6071438543924,11.6949939101987
424,0.02,1.47232131020414,72.7180768801696,16.3650070008398,11.0662378397767
424,0.04,1.35725604961545,68.3238296676199,14.3589293479321,10
424,0.06,1.25259627072153,64.1176741545661,12.7734979845688,9.1201083935591
424,0.08,1.15640322994046,60.0731408073804,11.4611514173437,8.47227414140596
425,0,1.58545594104191,76.8096931930462,18.7394738944712,11.8032063565173
425,0.01,1.51963804190502,74.456521107556,17.2985879329176,11.1686324778056
425,0.02,1.45718118137646,72.1534575087356,16.0813448961237,10.5681750921366
425,0.04,1.34122180338069,67.6924721831121,14.1033217947764,9.6382902362397
425,0.06,1.23542966001698,63.4084806481052,12.5302903212722,8.87156012037961
425,0.08,1.13799159241805,59.2793885230245,11.222805478493,8.16582371358592
426,0,1.57316167294875,76.3758238094545,18.4557851574889,11.3762728582343
426,0.01,1.50695466132586,73.9943924739678,17.0408658798734,10.7646521362983
426,0.02,1.44407056718346,71.6612263736134,15.8410474729166,10.2801629812647
426,0.04,1.32709624948563,67.1323767377272,13.8822483168042,9.3756200692588
426,0.06,1.22014710736899,62.7725247814467,12.3172604966684,8.6297854776697
426,0.08,1.12148417442416,58.562367980539,11.0122309633982,8.01678063387679
427,0,1.62587413758111,78.2178798020048,19.7278998739161,1.12719745617551
427,0.01,1.60652364550327,77.547167166199,19.2434028969701,11.1686324778056
427,0.02,1.55342879051573,75.6740033395806,18.015137922993,10.5681750921366
427,0.04,1.45423065220206,72.0429488148888,16.026843861852,9.54992586021436
427,0.06,1.36301501992569,68.5494477882407,14.4519923010716,8.70963589956081
427,0.08,1.27840497274109,65.1736298543601,13.1473813624064,8.01678063387679
428,0,1.60058357909399,77.3400017887751,19.0989396155501,1.15877735615513
428,0.01,1.59498713802383,77.1442706519736,18.9645705123656,10.5681750921366
428,0.02,1.54157171796489,75.2490546946839,17.7584927580665,10.0925288607668
428,0.04,1.44145205637938,71.5625479964317,15.7936253290111,9.1201083935591
428,0.06,1.34907800912413,68.0024011531381,14.227926389528,8.31763771102671
428,0.08,1.26309975602444,64.5489073540856,12.9244330094094,7.72680585095702
429,0,1.5731880860699,76.3767587213307,18.4563868710203,1.19124200802737
429,0.01,1.58424983713754,76.7672440376223,18.7113169232083,1.18032063565173
429,0.02,1.53080044284152,74.8609025566145,17.5303115767834,9.6382902362397
429,0.04,1.42965832770194,71.1165809575332,15.5823150372369,8.79022516830884
429,0.06,1.33609328900423,67.4895425898024,14.0226225576794,8.09095899178382
429,0.08,1.24886683767931,63.9640665855786,12.7202994952346,7.51622894018205
430,0,1.62314178905598,78.123557505688,19.6581469620073,1.11686324778056
430,0.01,1.6325073092369,78.4463365966258,19.8991558246081,1.10662378397767
430,0.02,1.6128162488994,77.7659732214751,19.398575009828,10.2801629812647
430,0.04,1.52575366363236,74.6783419206572,17.424959625644,9.28966386779936
430,0.06,1.44509360171618,71.6997460514637,15.8596258714734,8.47227414140596
430,0.08,1.36975595727856,68.8127692239697,14.5617940097921,7.79830110523259
431,0,1.59190068009578,77.0360955134191,18.8911689685869,1.14815362149688
431,0.01,1.60218400139473,77.3958771316996,19.1376729653325,1.13762728582343
431,0.02,1.60379442949692,77.4520577785493,19.1767886475691,9.72747223776965
431,0.04,1.51592001604485,74.3213441225437,17.2224372236674,8.79022516830884
431,0.06,1.43416861444048,71.2874268105499,15.6626916308779,8.01678063387679
431,0.08,1.35754861148986,68.3353058800458,14.3636407427591,7.44731973905989
432,0,1.55722219676082,75.8094418330372,18.0985030469189,1.19124200802737
432,0.01,1.56854314602354,76.2121630588002,18.3510715919068,1.18032063565173
432,0.02,1.57959809224426,76.6032910541257,18.6033917958287,1.16949939101987
432,0.04,1.50631948879871,73.9711752715769,17.0281100497722,8.47227414140596
432,0.06,1.42344523202534,70.8806364484991,15.4724563289942,7.72680585095702
432,0.08,1.34558558337304,67.8647634303529,14.1723857168654,7.17794291271362
433,0,1.72592358182226,81.5858768011193,22.6672454667435,12.4738351424294
433,0.01,1.67785329073357,79.9883665632033,21.1508140379207,11.6949939101987
433,0.02,1.63165617834267,78.4170638049275,19.8770267182199,11.0662378397767
433,0.04,1.54435333770186,75.3489648899671,17.8181763399759,10
433,0.06,1.46284151730358,72.3650249048872,16.1866035476929,9.03649473722302
433,0.08,1.38612396532313,69.4487167062861,14.8324434872525,8.31763771102671
434,0,1.71562699683512,81.2468762784256,22.3228749050062,11.9124200802738
434,0.01,1.6671244241629,79.6266190097346,20.8408742986455,11.1686324778056
434,0.02,1.62041431582749,78.0292776585589,19.5889689716323,10.5681750921366
434,0.04,1.53183958670658,74.8984370637406,17.55212564416,9.54992586021436
434,0.06,1.44883292988807,71.8403815557592,15.9277778827405,8.70963589956081
434,0.08,1.37045190257218,68.8399078828162,14.5731843644035,8.09095899178382
435,0,1.70706905159415,80.9638023462322,22.0453083604095,11.4815362149688
435,0.01,1.65806513130368,79.3196748404337,20.586160873304,10.8642562361707
435,0.02,1.61079127905503,77.6956344596401,19.3483964396173,10.2801629812647
435,0.04,1.52093630609097,74.5036653576873,17.3252981972132,9.28966386779936
435,0.06,1.43647447087499,71.3746298602737,15.7039905295678,8.47227414140596
435,0.08,1.35652205895467,68.2950308302486,14.3471168435435,7.87045789695099
436,0,1.76512131376631,82.8607129699239,24.0987072968475,1.19124200802737
436,0.01,1.72961169539166,81.7068834669879,22.793514307426,11.2719745617551
436,0.02,1.69084476303176,80.4238523596072,21.5389834294877,10.6659612123026
436,0.04,1.61709420276837,77.9143423212634,19.5053575583102,9.54992586021436
436,0.06,1.5476876709713,75.468550413702,17.8901390579377,8.70963589956081
436,0.08,1.48184543470175,73.0711744202701,16.5470031833171,7.94328234724282
437,0,1.75167494307553,82.4261808654911,23.5840931799525,1.21338885046498
437,0.01,1.72148297492395,81.4398877078847,22.5172857763857,10.6659612123026
437,0.02,1.6822882693425,80.1373444822914,21.2816906824118,10.0925288607668
437,0.04,1.60745132349971,77.5794666092065,19.2661392456003,9.1201083935591
437,0.06,1.53668355352501,75.0731557957513,17.6543697218595,8.31763771102671
437,0.08,1.46927909392402,72.6049508050924,16.3074608682375,7.65596606911256
438,0,1.7370701922792,81.9509222280125,23.0538286266149,1.24738351424294
438,0.01,1.71430573343657,81.2032505059129,22.2795224767645,10.2801629812647
438,0.02,1.67463097132897,79.8799195301907,21.0567504064382,9.72747223776965
438,0.04,1.59866498085081,77.2729604878979,19.0526872249667,8.79022516830884
438,0.06,1.52657371611866,74.7080364967273,17.4420120148713,8.01678063387679
438,0.08,1.45768860325534,72.1724467832187,16.0907429437896,7.37904230129101
439,0,1.76236683000824,82.7719350790505,23.9910815086042,1.18032063565173
439,0.01,1.76692204020073,82.9186854123292,24.1697084852015,10.9647819614319
439,0.02,1.73354357558012,81.8356451393181,22.9299005742048,10.3752841581801
439,0.04,1.66978473461018,79.7164954224311,20.9168688712531,9.28966386779936
439,0.06,1.60947640307959,77.6499240366917,19.3159385246482,8.39459986519397
439,0.08,1.55198518053084,75.6223957502253,17.9835753059898,7.72680585095702
440,0,1.74555845171035,82.2275602254931,23.3585709854446,1.21338885046498
440,0.01,1.7527281780824,82.4603218138781,23.6234495894423,1.20226443461741
440,0.02,1.72718990860651,81.6274497562666,22.7104218103185,9.72747223776965
440,0.04,1.66255456892447,79.4719554384314,20.7116110348901,8.79022516830884
440,0.06,1.60109286779879,77.3577872544537,19.1112504031607,8.01678063387679
440,0.08,1.54223741312256,75.2729773630422,17.7727474207665,7.37904230129101
441,0,1.7268894503199,81.617588198162,22.7001606850496,1.24738351424294
441,0.01,1.73483139554758,81.8777643757236,22.974977958085,1.23594743344451
441,0.02,1.72117815186445,81.429854602772,22.5070732176583,9.3756200692588
441,0.04,1.65560425336006,79.2360598300389,20.5180278955573,8.47227414140596
441,0.06,1.59299874652139,77.0745995358122,18.9172263786072,7.72680585095702
441,0.08,1.53282222517873,74.9339132455382,17.5727922021801,7.11213513653329
442,0,1.66535384582026,79.5667362551024,20.7906013707848,12.5892541179417
442,0.01,1.60800433987944,77.5987143060939,19.2797158478647,11.9124200802738
442,0.02,1.55327611825253,75.6685471677498,18.0117957324435,11.1686324778056
442,0.04,1.45081072246304,71.9146650557304,15.9639817882248,10.0925288607668
442,0.06,1.35633669930598,68.28775651092,14.3441354742484,9.20449571753171
442,0.08,1.26844280585726,64.7674896854763,13.0018520833699,8.55066712884683
443,0,1.65328595079157,79.1571966921346,20.4542445332829,12.0226443461741
443,0.01,1.59557782546259,77.1649547032951,18.9786746676638,11.3762728582343
443,0.02,1.54038445487288,75.2063696501052,17.7331143239446,10.7646521362983
443,0.04,1.43676887088384,71.3857566457154,15.7092735253475,9.72747223776965
443,0.06,1.34092013171709,67.6805486866492,14.0985609449849,8.87156012037961
443,0.08,1.25146739064095,64.0712051168104,12.7573735582583,8.24138115013002
444,0,1.64330408939718,78.8166104278315,20.1839458187383,11.5877735615513
444,0.01,1.58512087038141,76.7979027898446,18.7316442787514,10.9647819614319
444,0.02,1.52940923031279,74.8106216345993,17.5011722522113,10.3752841581801
444,0.04,1.42459740627975,70.9244430249244,15.49275416412,9.46237161365793
444,0.06,1.32740488591611,67.1446535935159,13.8870388366582,8.70963589956081
444,0.08,1.23650680122825,63.4531405008006,12.5454270257771,8.01678063387679
445,0,1.71430672735485,81.2032833340368,22.279555018934,1.18032063565173
445,0.01,1.66933374338788,79.7012673310383,20.9039467166511,11.3762728582343
445,0.02,1.62296282071736,78.1173750102623,19.6535939917187,10.7646521362983
445,0.04,1.53547928031889,75.0297566150985,17.6288641237061,9.6382902362397
445,0.06,1.45400724819597,72.0345751546432,16.022727344478,8.79022516830884
445,0.08,1.37751473273706,69.1148277971358,14.6893634983,8.09095899178382
446,0,1.6987049746988,80.6859827560868,21.7811546069677,1.20226443461741
446,0.01,1.65980807831775,79.3788350685935,20.6346862988113,10.7646521362983
446,0.02,1.61303628218558,77.7736120424647,19.4040415166315,10.1859138805412
446,0.04,1.52448947309531,74.6325418377605,17.3987216384176,9.20449571753171
446,0.06,1.44169746216682,71.5718013015632,15.7980617919396,8.39459986519397
446,0.08,1.36367640403007,68.5753200420185,14.4627236151525,7.79830110523259
447,0,1.68188518342528,80.1238176315643,21.2697268780504,1.23594743344451
447,0.01,1.6514212347064,79.0936983026152,20.4032201921483,10.3752841581801
447,0.02,1.60417606045153,77.4653647084989,19.1860788152019,9.81747943019984
447,0.04,1.51452279429369,74.2704824745617,17.193950416129,8.87156012037961
447,0.06,1.43042077282655,71.1454873549493,15.5958650310709,8.16582371358592
447,0.08,1.35097949887194,68.0772459009849,14.2582671085591,7.51622894018205
448,0,1.71105875578149,81.0959199959716,22.1737658367771,1.16949939101987
448,0.01,1.71396657680921,81.192047561293,22.2684241475715,11.0662378397767
448,0.02,1.67376389223677,79.850708633493,21.0315842868815,10.3752841581801
448,0.04,1.59753064823436,77.2332941474172,19.0254337650896,9.3756200692588
448,0.06,1.52609218351879,74.6906013453695,17.4319958022368,8.55066712884683
448,0.08,1.45858931983562,72.2061430504036,16.1074435477182,7.79830110523259
449,0,1.69160985569902,80.4494121174469,21.5623061318828,1.20226443461741
449,0.01,1.69993982461049,80.7270714933411,21.8197260405376,1.19124200802737
449,0.02,1.66632480617681,79.5995815754096,20.818140316682,9.81747943019984
449,0.04,1.58920692210018,76.9415507978624,18.8275075956043,8.87156012037961
449,0.06,1.5165798976217,74.345353232441,17.2359156628868,8.09095899178382
449,0.08,1.44768909033968,71.7973884540389,15.9068894558631,7.44731973905989
450,0,1.67022029436593,79.7311992506775,20.9293641258433,1.23594743344451
450,0.01,1.67937258361081,80.039438650746,21.1954622487123,1.22461619926505
450,0.02,1.65929453391329,79.3614092791491,20.6203653147095,9.46237161365793
450,0.04,1.5812076223743,76.660061705638,18.6406146327433,8.55066712884683
450,0.06,1.50741304542933,74.0111431986896,17.050080138805,7.79830110523259
450,0.08,1.43719864516965,71.4019970863608,15.7169899539177,7.17794291271362
451,0,1.60798265907758,77.5979598051738,19.2791832607883,12.7057410520854
451,0.01,1.5422930217511,75.2749753868783,17.7739389960695,12.0226443461741
451,0.02,1.48001020270725,73.0032599682283,16.5117138955562,11.3762728582343
451,0.04,1.36446635183189,68.6062110596951,14.4755528030605,10.2801629812647
451,0.06,1.25913518148873,64.3863768059473,12.867268049534,9.3756200692588
451,0.08,1.16211009438842,60.317891432258,11.5358005648904,8.70963589956081
452,0,1.59445283811342,77.125555987089,18.951828465312,12.1338885046498
452,0.01,1.52852642634485,74.7786980019881,17.4827203808824,11.4815362149688
452,0.02,1.46590481532325,72.4792846389809,16.2439593798726,10.9647819614319
452,0.04,1.34938276204074,68.014401007459,14.2327843042446,9.90831944892768
452,0.06,1.24282978632718,63.7148670271227,12.6346126514235,9.1201083935591
452,0.08,1.14449081729954,59.5602997633559,11.3065131073761,8.47227414140596
453,0,1.58331462732087,76.7343119164296,18.6895337426442,11.8032063565173
453,0.01,1.51699557492708,74.3604733067337,17.2444142461122,11.1686324778056
453,0.02,1.45391379624478,72.0310721115685,16.0210057880564,10.5681750921366
453,0.04,1.33636415494102,67.5002724874354,14.0268722200099,9.6382902362397
453,0.06,1.22862729211881,63.1259475027597,12.4350728936331,8.87156012037961
453,0.08,1.12899808941098,58.8893728417149,11.1077238061229,8.24138115013002
454,0,1.6668795777917,79.618341163675,20.8339077894084,1.16949939101987
454,0.01,1.61196916397978,77.7365575932841,19.3775558908978,11.4815362149688
454,0.02,1.55872451032302,75.8630111282351,18.1316912788947,10.8642562361707
454,0.04,1.45906659113174,72.2239921575964,16.1163023564333,9.81747943019984
454,0.06,1.36718399046221,68.7123979502682,14.5197878012882,8.95364765549594
454,0.08,1.28172556875859,65.3085975786206,13.1962370768862,8.24138115013002
455,0,1.64956144254218,79.0303096549844,20.3525759142925,1.19124200802737
455,0.01,1.60130155244976,77.3650736986115,19.1162988724848,10.8642562361707
455,0.02,1.54772100230877,75.4697448649216,17.890860758754,10.3752841581801
455,0.04,1.44710049236302,71.7752559209445,15.8961548252785,9.3756200692588
455,0.06,1.35399848168248,68.1959408805977,14.3065864587544,8.55066712884683
455,0.08,1.26712192140217,64.7135018617016,12.9826722020718,7.94328234724282
456,0,1.63106899149718,78.3968616783249,19.8617868338196,1.22461619926505
456,0.01,1.59193217048545,77.0372000201693,18.8919153778066,10.471285480509
456,0.02,1.5379168451712,75.1175745701823,17.6805496882699,10
456,0.04,1.43627672126199,71.3671550844331,15.700443216415,9.03649473722302
456,0.06,1.34196670064747,67.7219069337791,14.1150849381158,8.31763771102671
456,0.08,1.25379295860737,64.1669086617305,12.7906114429767,7.72680585095702
457,0,1.66321293136777,79.4942586890907,20.7301351149966,1.15877735615513
457,0.01,1.66315415248804,79.4922677388146,20.7284799411326,11.0662378397767
457,0.02,1.61668838263883,77.9002808792161,19.495182182891,10.471285480509
457,0.04,1.52918334656974,74.8024546042003,17.4964481037299,9.46237161365793
457,0.06,1.44789402929363,71.8050931415275,15.9106293109581,8.6297854776697
457,0.08,1.37175138360133,68.8905580839246,14.5944800715443,7.94328234724282
458,0,1.64170639977119,78.761941400132,20.1413175679861,1.19124200802737
458,0.01,1.6509688489525,79.0782846365874,20.3908787591061,1.18032063565173
458,0.02,1.60836729610904,77.6113441476075,19.2886357385983,9.90831944892768
458,0.04,1.52003915463202,74.4710899801405,17.3068336943822,9.03649473722302
458,0.06,1.43761009723397,71.4175420625634,15.7243820326213,8.24138115013002
458,0.08,1.3601170049827,68.4359883111863,14.4050766328154,7.58577575029184
459,0,1.61829605695253,77.9559695379185,19.5355490524473,1.22461619926505
459,0.01,1.62838814932363,78.3045536258916,19.7924836932242,1.21338885046498
459,0.02,1.60050515734733,77.3372627387376,19.0970452050375,9.54992586021436
459,0.04,1.51125314790651,74.151327114858,17.1275633668314,8.70963589956081
459,0.06,1.42769599115345,71.0421354020014,15.5475101703213,7.94328234724282
459,0.08,1.34894944784497,67.997338456441,14.2258776076376,7.31139083483417
460,0,1.73178793874024,81.7781822959104,22.8687730583363,12.8233058265602
460,0.01,1.68383882495118,80.1893533550578,21.3278416740931,12.1338885046498
460,0.02,1.63774034638555,78.6260474930757,20.0362345872765,11.3762728582343
460,0.04,1.55048648264865,75.5687806353275,17.9509021517016,10.2801629812647
460,0.06,1.46891022488242,72.5912230891745,16.300502405974,9.3756200692588
460,0.08,1.3920241776928,69.6767668220312,14.9314526072545,8.6297854776697
461,0,1.72232267351396,81.4675181661892,22.5454719693685,12.2461619926505
461,0.01,1.67396617012936,79.8575242578282,21.0374497480894,11.5877735615513
461,0.02,1.62736450840482,78.2692751480582,19.7661396509751,10.9647819614319
461,0.04,1.53888468239963,75.152414088229,17.7011372379977,9.90831944892768
461,0.06,1.45581767262799,72.1024081294493,16.0561277503399,9.03649473722302
461,0.08,1.37728260056823,69.1058064768645,14.6855280400683,8.31763771102671
462,0,1.71465028565394,81.2146297541295,22.2908098280735,11.9124200802738
462,0.01,1.66584098611082,79.5832170333198,20.8044088382686,11.2719745617551
462,0.02,1.61871149348466,77.9703528382348,19.5460049121398,10.6659612123026
462,0.04,1.52901218229914,74.7962654128275,17.4928696700355,9.6382902362397
462,0.06,1.44455022898591,71.6792891077764,15.8497546004097,8.79022516830884
462,0.08,1.36450574048604,68.6077510611332,14.4761928349572,8.16582371358592
463,0,1.77380573658766,83.1398216645836,24.445959077496,12.3594743344451
463,0.01,1.73367678250949,81.8400030290733,22.9345538042772,11.5877735615513
463,0.02,1.6949246018588,80.5600378495181,21.6639678788411,10.8642562361707
463,0.04,1.62108492158862,78.0524699745602,19.6059364444156,9.81747943019984
463,0.06,1.55146004670795,75.6036137972601,17.9721159961495,8.87156012037961
463,0.08,1.48527124150158,73.1977901365577,16.613162985628,8.16582371358592
464,0,1.76664957284911,82.9099169455868,24.1589323529725,11.6949939101987
464,0.01,1.72622109395146,81.595646334776,22.6773727239753,10.9647819614319
464,0.02,1.68705376267314,80.2970625612322,21.424194721489,10.3752841581801
464,0.04,1.61215343528679,77.7429575821096,19.3821248135232,9.3756200692588
464,0.06,1.54117733687718,75.2348784367783,17.750056295748,8.55066712884683
464,0.08,1.4734372393695,72.7595320025211,16.3861862855861,7.87045789695099
465,0,1.7606037833104,82.7150478210318,23.9228059179449,11.2719745617551
465,0.01,1.71979021353952,81.3841521559548,22.4607029668105,10.5681750921366
465,0.02,1.68017614943416,80.0664356294792,21.2191551738525,10
465,0.04,1.60420486520733,77.4663689888699,19.1867803423923,9.03649473722302
465,0.06,1.53196334303358,74.902905962877,17.5547263776546,8.24138115013002
465,0.08,1.46279562587301,72.3633119051545,16.1857464009742,7.65596606911256
466,0,1.78672066280465,83.5526753836496,24.986289740602,1.20226443461741
466,0.01,1.76986818133313,83.0134216127807,24.2869899035327,11.1686324778056
466,0.02,1.73645650028631,81.930876491037,23.0321524349088,10.5681750921366
466,0.04,1.67255137935629,79.8098395600723,20.9964942999283,9.46237161365793
466,0.06,1.61195878531657,77.7361971112954,19.3772986143142,8.6297854776697
466,0.08,1.55406798019299,75.696842195555,18.0291414567013,7.87045789695099
467,0,1.77499773824509,83.1780375982358,24.4945962407646,1.23594743344451
467,0.01,1.76435517295515,82.8360321841084,24.0686536529922,10.5681750921366
467,0.02,1.73064622830136,81.7407867619932,22.8292201247227,10
467,0.04,1.66588927672067,79.5848505710827,20.8057785800623,9.03649473722302
467,0.06,1.60416122651753,77.4648475165635,19.1857175589746,8.24138115013002
467,0.08,1.54489323044256,75.368341180842,17.829797271037,7.51622894018205
468,0,1.76229219466336,82.76952786969,23.9881815836506,1.27057410520854
468,0.01,1.75933092364295,82.6739462268671,23.8738053185048,10.1859138805412
468,0.02,1.72526314995261,81.5641847775288,22.644800836374,9.6382902362397
468,0.04,1.65961202658908,79.3721830836768,20.6292167791667,8.70963589956081
468,0.06,1.59677661523127,77.2069143152174,19.0073551013121,7.94328234724282
468,0.08,1.5362240302652,75.0565986345901,17.6446305773891,7.31139083483417
469,0,1.6722452668095,79.7995178455708,20.9876541514105,12.9419584144999
469,0.01,1.61496682801899,77.8405989398669,19.4521233859633,12.2461619926505
469,0.02,1.56026896051191,75.9180422633266,18.1659137110181,11.5877735615513
469,0.04,1.45774033808143,72.1743826005905,16.091701549803,10.3752841581801
469,0.06,1.36305330254463,68.5509455582103,14.4526132108779,9.46237161365793
469,0.08,1.27481386615915,65.0274379778085,13.0947425834114,8.79022516830884
470,0,1.66112525827975,79.4235100328346,20.6715077618745,12.3594743344451
470,0.01,1.60349601486455,77.4416507567846,19.1695297894934,11.6949939101987
470,0.02,1.54834164767638,75.4919825953712,17.9043076562985,11.0662378397767
470,0.04,1.44466232243704,71.6835096437276,15.8517903013789,10
470,0.06,1.34855947470164,67.9819796091637,14.2196648996404,9.20449571753171
470,0.08,1.25878959758764,64.3721955722273,12.862296311828,8.47227414140596
471,0,1.65213944797231,79.1181622000242,20.4228433966458,12.0226443461741
471,0.01,1.59407927367015,77.1124684303339,18.9429285004073,11.3762728582343
471,0.02,1.53842165318019,75.1357483239282,17.691283132959,10.7646521362983
471,0.04,1.43359231499682,71.2656173957479,15.6523918208059,9.72747223776965
471,0.06,1.33616662671546,67.4924478721842,14.0237730285303,8.95364765549594
471,0.08,1.24495221527419,63.8025543655402,12.6646773623696,8.31763771102671
472,0,1.72244499275377,81.4715421492456,22.5495844434265,12.3594743344451
472,0.01,1.6741350325412,79.8632134492455,21.042348799282,11.6949939101987
472,0.02,1.62773854429283,78.2821678674729,19.7757581613236,10.9647819614319
472,0.04,1.54006496381356,75.1948789721153,17.726294760619,9.90831944892768
472,0.06,1.45826477286944,72.1940032477288,16.1014232734503,9.03649473722302
472,0.08,1.38130886492384,69.2621400044514,14.7522189968461,8.31763771102671
473,0,1.71395990285631,81.1918270899621,22.2682058755933,11.8032063565173
473,0.01,1.66537528925193,79.5674618056575,20.7912087773553,11.0662378397767
473,0.02,1.61858764536918,77.9660652575763,19.5428867913474,10.471285480509
473,0.04,1.52987035244005,74.8272911576474,17.5108222970341,9.46237161365793
473,0.06,1.44674102344244,71.7617360832716,15.8896036834674,8.6297854776697
473,0.08,1.36824322636746,68.7537493135439,14.5370707599631,8.01678063387679
474,0,1.70680612124761,80.955086354047,22.036899451592,11.3762728582343
474,0.01,1.65784530360695,79.3122097086684,20.5800565803621,10.6659612123026
474,0.02,1.6106122090606,77.6894109870047,19.3439703209704,10.1859138805412
474,0.04,1.52082413307097,74.4995931494848,17.322987902625,9.20449571753171
474,0.06,1.43642221901522,71.3726548502056,15.7030531132665,8.39459986519397
474,0.08,1.35653712748284,68.2956221573455,14.3473592398923,7.79830110523259
475,0,1.73943846751039,82.0282228838,23.1379218287371,1.19124200802737
475,0.01,1.71747256038564,81.307765847876,22.3837427567764,11.2719745617551
475,0.02,1.67722092143487,79.9670977655268,21.1322868975204,10.6659612123026
475,0.04,1.6007619951496,77.3462329671138,19.1032507907787,9.54992586021436
475,0.06,1.52893688835193,74.7935426696075,17.4912958993443,8.70963589956081
475,0.08,1.46093387394723,72.2937862828604,16.1510251832057,8.01678063387679
476,0,1.72565526885231,81.5770648598042,22.6581208739445,1.22461619926505
476,0.01,1.71094773321604,81.0922470432736,22.1701691612429,10.6659612123026
476,0.02,1.67040263774814,79.7373539475494,20.9345996184516,10.0925288607668
476,0.04,1.593079908987,77.0774447039207,18.9191548585157,9.1201083935591
476,0.06,1.52007865299767,74.4725244536642,17.307645992701,8.31763771102671
476,0.08,1.4506582388231,71.9089404380212,15.9611866475436,7.65596606911256
477,0,1.71083645519179,81.0885654371154,22.1665654879141,1.25892541179417
477,0.01,1.70501345444384,80.895630296725,21.9797516264339,10.2801629812647
477,0.02,1.66409680832576,79.5241903137074,20.7550561824639,9.72747223776965
477,0.04,1.58584636867608,76.8234290611715,18.7486041032465,8.79022516830884
477,0.06,1.51171024827401,74.1679964450116,17.1368213129446,8.01678063387679
477,0.08,1.44099178989756,71.5451902189672,15.7853090006414,7.37904230129101
478,0,1.61573444102751,77.8672163438912,19.4713012974855,13.0617088813184
478,0.01,1.55004995940118,75.5531569309809,17.9414033906191,12.3594743344451
478,0.02,1.48772126642914,73.2882143089707,16.6607088451321,11.6949939101987
478,0.04,1.3719445701798,68.8980853453648,14.5976490442841,10.5681750921366
478,0.06,1.26622599732468,64.6768648677686,12.9696782083267,9.6382902362397
478,0.08,1.16871571635158,60.6004304673228,11.6226741626064,8.95364765549594
479,0,1.60322027493107,77.4320331534425,19.1628268081554,12.5892541179417
479,0.01,1.53731031468689,75.0957328092017,17.6676668509157,11.9124200802738
479,0.02,1.47461519681942,72.8032674234288,16.4085841634175,11.2719745617551
479,0.04,1.35784883477747,68.3470810019154,14.368477320474,10.1859138805412
479,0.06,1.25086917528452,64.0465707119149,12.7488365009985,9.3756200692588
479,0.08,1.15198282786396,59.8831462767158,11.4035839213724,8.70963589956081
480,0,1.59316656318024,77.0804822615378,18.9212142024343,12.1338885046498
480,0.01,1.52687610665684,74.7189832700702,17.448306457483,11.4815362149688
480,0.02,1.46375136159035,72.3989791342246,16.2036101406857,10.9647819614319
480,0.04,1.3459708946795,67.8799596164295,14.1785016668337,9.90831944892768
480,0.06,1.23781534948973,63.5073658890784,12.5638375847889,9.1201083935591
480,0.08,1.13764331959405,59.2643131970067,11.2183328071179,8.47227414140596
481,0,1.67321116585558,79.8320814106936,21.0155737371531,12.4738351424294
481,0.01,1.61739528411021,77.9247728198686,19.5129129868702,11.8032063565173
481,0.02,1.5640810805477,76.053697640267,18.2508371404097,11.1686324778056
481,0.04,1.46412694351209,72.4129910803052,16.2106375402973,10
481,0.06,1.37180171123888,68.8925190995952,14.5953055541229,9.1201083935591
481,0.08,1.28576005429415,65.4723080480275,13.255834198476,8.47227414140596
482,0,1.66358607192491,79.5068963138469,20.7406486256247,11.9124200802738
482,0.01,1.60756095032713,77.5832825764291,19.2688292388954,11.1686324778056
482,0.02,1.55391450503387,75.6913590271462,18.0257774825121,10.6659612123026
482,0.04,1.45299989479955,71.9968063409869,16.0041831052002,9.6382902362397
482,0.06,1.35941362095557,68.4084272237796,14.3937155769557,8.79022516830884
482,0.08,1.271934399434,64.9100445196078,13.0526815118945,8.16582371358592
483,0,1.65548745870192,79.2320889012864,20.5148052419148,11.4815362149688
483,0.01,1.59911685727094,77.2887559889381,19.0635630657543,10.8642562361707
483,0.02,1.54504966714325,75.373954615278,17.8331667407777,10.2801629812647
483,0.04,1.44315058833509,71.6265710114552,15.824365042263,9.28966386779936
483,0.06,1.34838101940506,67.9749503334046,14.2168229063681,8.55066712884683
483,0.08,1.25959043899757,64.4050551866597,12.8738203409667,7.94328234724282
484,0,1.69477164908042,80.5549372103322,21.6592546443929,1.19124200802737
484,0.01,1.66715917643163,79.6277938450013,20.841863467645,11.3762728582343
484,0.02,1.62061346734787,78.036165934563,19.5940050424997,10.7646521362983
484,0.04,1.53280085952132,74.9331420605112,17.572342445126,9.6382902362397
484,0.06,1.45104009909153,71.923275647356,15.9681876650624,8.79022516830884
484,0.08,1.3742848728669,68.9892182956088,14.6361018093395,8.09095899178382
485,0,1.67928990614099,80.036660373025,21.1930276020375,1.21338885046498
485,0.01,1.6597740561045,79.3776807495741,20.6337369302283,10.7646521362983
485,0.02,1.61296901690261,77.771276903606,19.4023700835213,10.1859138805412
485,0.04,1.52433996856081,74.6271236244474,17.3956226977836,9.20449571753171
485,0.06,1.4414443695249,71.562258137417,15.793486391897,8.39459986519397
485,0.08,1.36332535753607,68.5615886746933,14.4570265708749,7.79830110523259
486,0,1.66277583989876,79.4794522090478,20.7178331837596,1.24738351424294
486,0.01,1.65306795430183,79.149776350606,20.448266681362,10.3752841581801
486,0.02,1.60590669648775,77.5256784330152,19.2283085948798,9.81747943019984
486,0.04,1.5163830139442,74.3381906214482,17.2318925469347,8.87156012037961
486,0.06,1.43238191389796,71.2197917252524,15.6307875979798,8.16582371358592
486,0.08,1.35299338381012,68.1564426996783,14.2904794950357,7.51622894018205
487,0,1.71449193048981,81.2094001264167,22.2856206337855,12.0226443461741
487,0.01,1.66589290845513,79.5849734210462,20.8058815998791,11.2719745617551
487,0.02,1.61925798499529,77.989269092257,19.5597747448194,10.6659612123026
487,0.04,1.53129530305404,74.8787795558748,17.5406946222453,9.6382902362397
487,0.06,1.44939787837586,71.8616074616969,15.9381082277808,8.79022516830884
487,0.08,1.37251712271455,68.9203901193049,14.6070456801311,8.09095899178382
488,0,1.70727553909215,80.970646496662,22.0519170163592,11.3762728582343
488,0.01,1.65855532022958,79.3363182695348,20.5997855231368,10.7646521362983
488,0.02,1.61167598870032,77.7263740361931,19.3702907342434,10.1859138805412
488,0.04,1.52290695703755,74.5751698523623,17.3659617916943,9.20449571753171
488,0.06,1.43987291099837,71.5029787483178,15.7651164172244,8.39459986519397
488,0.08,1.36163596633335,68.4954758718915,14.4296454272385,7.72680585095702
489,0,1.70094031861125,80.7603438513348,21.8510843085392,10.9647819614319
489,0.01,1.65194391118235,79.1115026485986,20.4174972626613,10.3752841581801
489,0.02,1.60471318958237,77.4840894403948,19.1991678438138,9.81747943019984
489,0.04,1.51505599232249,74.2898959783889,17.2048130034061,8.87156012037961
489,0.06,1.43094539335886,71.1653711106802,15.6051972500037,8.09095899178382
489,0.08,1.35145995826883,68.0961468728527,14.2659447967024,7.51622894018205
490,0,1.73589034171557,81.912377992089,23.0121967348548,1.14815362149688
490,0.01,1.720278261506,81.4002263198076,22.4769841156778,10.8642562361707
490,0.02,1.68112336561302,80.0982450366734,21.2471534927431,10.2801629812647
490,0.04,1.60680049437285,77.5568078876006,19.2501831482366,9.20449571753171
490,0.06,1.53703785573194,75.0859192097485,17.6618845419555,8.39459986519397
490,0.08,1.47106729233643,72.671465603982,16.341252198093,7.72680585095702
491,0,1.71716570601802,81.2976458351321,22.3735970948712,1.18032063565173
491,0.01,1.71575631235295,81.2511445172001,22.3271279078546,10.2801629812647
491,0.02,1.67649318390459,79.9426132029746,21.1110065942915,9.72747223776965
491,0.04,1.60164186524224,77.3769544865734,19.1245367139955,8.79022516830884
491,0.06,1.53102459862203,74.869000792065,17.5350135857125,8.01678063387679
491,0.08,1.4639321713369,72.4057249701287,16.2069926976187,7.37904230129101
492,0,1.69658225711907,80.615292333743,21.7151880266593,1.21338885046498
492,0.01,1.70555296043308,80.9135292297699,21.9969166494752,1.20226443461741
492,0.02,1.67171480613385,79.781627723659,20.9723528985557,9.3756200692588
492,0.04,1.59618998830412,77.1863844728449,18.9933109079076,8.47227414140596
492,0.06,1.52467979941975,74.6394389138484,17.4026679557759,7.72680585095702
492,0.08,1.45651595524905,72.1285557699676,16.0690353409329,7.11213513653329
493,0,1.73148051813994,81.7681151333841,22.8581075608541,1.13762728582343
493,0.01,1.73886815208008,82.0096160364614,23.1176061667042,1.11686324778056
493,0.02,1.72567802857015,81.5778123804229,22.6588945489542,10
493,0.04,1.66139003501373,79.4324870091162,20.678925207089,8.95364765549594
493,0.06,1.60074046542146,77.3454810704234,19.1027304640449,8.16582371358592
493,0.08,1.54312156262747,75.3047385837123,17.7917078245767,7.51622894018205
494,0,1.70813541409286,80.9991400599663,22.0794836671597,1.16949939101987
494,0.01,1.71639895351621,81.2723517383486,22.3482900011809,1.15877735615513
494,0.02,1.72315508054477,81.4948973733129,22.5734913666587,9.46237161365793
494,0.04,1.6586281957259,79.3387922756111,20.6018125890579,8.55066712884683
494,0.06,1.59741611828259,77.2292879436461,19.0226858634301,7.72680585095702
494,0.08,1.53895550057088,75.1549627107648,17.7026451362991,7.11213513653329
495,0,1.68176855999445,80.1199034544267,21.2662680158915,1.21338885046498
495,0.01,1.6910762007932,80.4315851110056,21.5460328776895,1.20226443461741
495,0.02,1.70007448878693,80.7315508325074,21.8239411894909,1.18032063565173
495,0.04,1.65501106776586,79.2158896151999,20.5016706782432,8.16582371358592
495,0.06,1.59313035656944,77.0792130983226,18.9203537020941,7.44731973905989
495,0.08,1.53382473825983,74.97008961912,17.5939156665048,6.85488226452662
496,0,1.65189777243709,79.1099311715498,20.4162361882792,12.1338885046498
496,0.01,1.59405476790626,77.1116098055466,18.942344918209,11.4815362149688
496,0.02,1.5389312812024,75.1540911077265,17.7021294219141,10.8642562361707
496,0.04,1.43596434355889,71.3553460322601,15.6948417767233,9.81747943019984
496,0.06,1.34127844736968,67.694710836966,14.1042159205105,8.95364765549594
496,0.08,1.25344105922392,64.1524334588111,12.7855768467366,8.24138115013002
497,0,1.64357531266552,78.8258867712401,20.1911994703171,11.4815362149688
497,0.01,1.58571632665869,76.8188542651455,18.745562205966,10.8642562361707
497,0.02,1.53044870723572,74.848193387851,17.5229373114043,10.2801629812647
497,0.04,1.42682953360433,71.0092424344384,15.5321739324268,9.3756200692588
497,0.06,1.3311699066296,67.2942770513131,13.9456195790187,8.55066712884683
497,0.08,1.24210442396059,63.6848798210804,12.6243525354423,7.94328234724282
498,0,1.63627835626614,78.5758867878485,19.9977595175516,11.0662378397767
498,0.01,1.57821466890816,76.5544600136017,18.5714984011871,10.471285480509
498,0.02,1.52266006445124,74.5662151474589,17.360859315823,10
498,0.04,1.41828356217922,70.6840928178588,15.3819350111677,9.03649473722302
498,0.06,1.32165534300642,66.9156631020355,13.7980831835562,8.31763771102671
498,0.08,1.23150371712031,63.245523187,12.4752577720915,7.72680585095702
499,0,1.68112549601596,80.0983165631251,21.2472165498883,1.13762728582343
499,0.01,1.65829853563378,79.3276001387853,20.5926460646346,10.9647819614319
499,0.02,1.61154980305753,77.7219904798821,19.3671652432648,10.3752841581801
499,0.04,1.5235426387913,74.5982208964778,17.3791098035803,9.3756200692588
499,0.06,1.44183189426608,71.576869760566,15.8004927574361,8.55066712884683
499,0.08,1.36534828769212,68.6406858638159,14.4898912180219,7.87045789695099
500,0,1.65987058582545,79.3809557975733,20.6364307562045,1.15877735615513
500,0.01,1.65311243046222,79.1512903307684,20.4494860207799,10.3752841581801
500,0.02,1.60632546260488,77.5402650333143,19.238551848268,9.81747943019984
500,0.04,1.517894964684,74.3931778472201,17.2628240185586,8.87156012037961
500,0.06,1.43538596910572,71.3334766884693,15.6844774243834,8.16582371358592
500,0.08,1.35784064439773,68.3467597870742,14.3683453497254,7.51622894018205
501,0,1.63678471870981,78.5932640912386,20.0110696309968,1.19124200802737
501,0.01,1.64689009599496,78.9391588983,20.2802555331126,1.18032063565173
501,0.02,1.60089277245626,77.3508000183234,19.106411930177,9.46237161365793
501,0.04,1.51185108096123,74.1731315294271,17.1396751909774,8.6297854776697
501,0.06,1.42850726878139,71.0729213825017,15.5618872709849,7.87045789695099
501,0.08,1.34997918394143,68.037880621605,14.2422968771719,7.2443596007499
502,0,1.67594733468887,79.9242424727253,21.0950736554712,1.11686324778056
502,0.01,1.68446756851554,80.2104314080372,21.346614679989,1.10662378397767
502,0.02,1.66443748483151,79.5357235163639,20.7646775221131,10.0925288607668
502,0.04,1.58768802983783,76.8881864494521,18.7917745653148,9.03649473722302
502,0.06,1.51594937274826,74.3224123980065,17.2230365133862,8.24138115013002
502,0.08,1.44839625585796,71.8239711967299,15.9197991897796,7.58577575029184
503,0,1.64954864216831,79.0298731699821,20.3522281882486,1.15877735615513
503,0.01,1.65896590518069,79.3502558128711,20.6112112601858,1.14815362149688
503,0.02,1.66158660241303,79.4391506641814,20.6844352437501,9.54992586021436
503,0.04,1.58466115786533,76.7817233830286,18.7209112430389,8.6297854776697
503,0.06,1.51239576326149,74.1929886272929,17.1507194825246,7.87045789695099
503,0.08,1.4440337974355,71.659841557105,15.8403802649879,7.2443596007499
504,0,1.62019179640288,78.0215803370118,19.5833447787128,1.19124200802737
504,0.01,1.63060760781943,78.3809837251154,19.8498273336142,1.18032063565173
504,0.02,1.64074298658811,78.7289550506648,20.1156953278543,1.16949939101987
504,0.04,1.58061215059863,76.6390636626035,18.6268287450124,8.31763771102671
504,0.06,1.50770063435463,74.0216506733619,17.0558649027268,7.58577575029184
504,0.08,1.4385153595369,71.4517329003126,15.7406617619689,6.98232404077171
505,0,1.59282170495382,77.0683929141867,18.9130209235949,12.2461619926505
505,0.01,1.52671684605592,74.7132181110958,17.4449909173905,11.5877735615513
505,0.02,1.46413816632255,72.4134097344282,16.2108475909575,10.9647819614319
505,0.04,1.34826331279566,67.9703136035129,14.2149487105609,10
505,0.06,1.24292117550618,63.7186444556466,12.6359058686785,9.1201083935591
505,0.08,1.1461845991832,59.633379759835,11.3284043327003,8.47227414140596
506,0,1.58364339986525,76.7458908957313,18.6971866791055,11.6949939101987
506,0.01,1.51767922781028,74.385334291124,17.2584053613968,11.0662378397767
506,0.02,1.45508060399103,72.0747986954472,16.0425183392329,10.471285480509
506,0.04,1.33878822375289,67.5962381287511,14.0649658646991,9.54992586021436
506,0.06,1.23265283825028,63.2932503269724,12.4913435234729,8.79022516830884
506,0.08,1.13489397999538,59.1452261541316,11.1830704743875,8.16582371358592
507,0,1.57561997915434,76.4627859687816,18.5119285095991,11.2719745617551
507,0.01,1.50955300866746,74.0892950298305,17.0931946349572,10.6659612123026
507,0.02,1.44675523663631,71.7622706936832,15.8898626439758,10.1859138805412
507,0.04,1.32988833489296,67.2433760211829,13.9256498392894,9.28966386779936
507,0.06,1.22296748323556,62.8902157395336,12.3563346128565,8.55066712884683
507,0.08,1.12428081045229,58.6841999892515,11.047703897934,7.94328234724282
508,0,1.63101199977207,78.3949005722491,19.8603088274443,1.11686324778056
508,0.01,1.59947737304134,77.3013554495059,19.0722478378149,11.0662378397767
508,0.02,1.54590065561401,75.4044832826155,17.8515137812418,10.471285480509
508,0.04,1.44582718982076,71.7273558703639,15.8729655942168,9.54992586021436
508,0.06,1.35382499555572,68.1891245653831,14.3038048530292,8.70963589956081
508,0.08,1.26852007048146,64.7706466840362,13.0029748348125,8.01678063387679
509,0,1.60789209248489,77.5948079637086,19.276958783911,1.14815362149688
509,0.01,1.59380725861725,77.1029370826751,18.9364524634768,10.5681750921366
509,0.02,1.54027416749503,75.2024033022916,17.73075976461,10
509,0.04,1.439924092349,71.5049101343291,15.7660393576696,9.03649473722302
509,0.06,1.34726265477397,67.9308852008747,14.1990266267475,8.31763771102671
509,0.08,1.2610394615554,64.4644804030622,12.8946961426678,7.65596606911256
510,0,1.58314780543227,76.7284359386989,18.6856526204029,1.18032063565173
510,0.01,1.58807520467047,76.9017930938026,18.8008720504451,10.1859138805412
510,0.02,1.53439369514019,74.9906130306308,17.605921425312,9.6382902362397
510,0.04,1.43354527320488,71.2638368884302,15.6515514610805,8.79022516830884
510,0.06,1.34016741095389,67.6507903327242,14.0866894587703,8.01678063387679
510,0.08,1.25304655348102,64.1362029394695,12.7799348583053,7.44731973905989
511,0,1.62516293773535,78.193340901208,19.709700115784,1.10662378397767
511,0.01,1.63457120872005,78.5172692568088,19.9530084117365,1.09647819614319
511,0.02,1.6060895522121,77.532048091049,19.2327801550609,10.1859138805412
511,0.04,1.51811485043952,74.4011714059236,17.2673294080705,9.20449571753171
511,0.06,1.43661763871361,71.3800410520207,15.7065593821146,8.39459986519397
511,0.08,1.36051903443225,68.4517372065385,14.4115747521085,7.72680585095702
512,0,1.59661012372869,77.2010883054192,19.0033673542813,1.13762728582343
512,0.01,1.60686793975694,77.5591563440308,19.2518355841916,1.12719745617551
512,0.02,1.60304045159137,77.4257603521372,19.1584577028222,9.6382902362397
512,0.04,1.51501201811087,74.2882950853338,17.2039167485076,8.70963589956081
512,0.06,1.43306821908048,71.2457783978158,15.6430326041258,8.01678063387679
512,0.08,1.35622704217693,68.2834527930422,14.3423720492096,7.37904230129101
513,0,1.56536733347229,76.0994127329158,18.2796383352369,1.16949939101987
513,0.01,1.57656050608008,76.4960294735769,18.5334842928627,1.15877735615513
513,0.02,1.58749071301611,76.8812510763221,18.7871411008234,1.14815362149688
513,0.04,1.51069816501144,74.1310833220294,17.1163329560918,8.39459986519397
513,0.06,1.42816916155198,71.0600924844799,15.5558934199463,7.72680585095702
513,0.08,1.35058650200776,68.0617825182233,14.2519904687369,7.11213513653329
514,0,1.72029788041797,81.4008723998149,22.4776391463837,12.3594743344451
514,0.01,1.67170086897884,79.7811576213268,20.9719511819381,11.6949939101987
514,0.02,1.62501129303781,78.1881075198797,19.7058235003618,10.9647819614319
514,0.04,1.53676093506084,75.0759435815143,17.6560105732232,9.90831944892768
514,0.06,1.45439225079737,72.049005321501,16.0298224163456,9.03649473722302
514,0.08,1.37688684898574,69.0904241824108,14.6789918295185,8.31763771102671
515,0,1.71399976874616,81.1931440326871,22.2695097614311,11.8032063565173
515,0.01,1.66531093633532,79.5652843656049,20.789386023053,11.0662378397767
515,0.02,1.61840025608541,77.9595774090554,19.5381706178015,10.471285480509
515,0.04,1.52939504496015,74.8101087765795,17.5008755209242,9.46237161365793
515,0.06,1.44593962336975,71.7315866458078,15.8750114192325,8.6297854776697
515,0.08,1.36707114960199,68.7079915686597,14.5179480253271,8.01678063387679
516,0,1.70867570454445,81.0170374039005,22.0968430884372,11.3762728582343
516,0.01,1.65976085070079,79.3772327062492,20.6333684648945,10.7646521362983
516,0.02,1.61255033558048,77.7567405028315,19.3919723597412,10.1859138805412
516,0.04,1.52274823284939,74.5694131057252,17.3626812111402,9.20449571753171
516,0.06,1.43827298712783,71.4425801786671,15.7363009213273,8.39459986519397
516,0.08,1.35823836421638,68.3623563710791,14.3747553409965,7.79830110523259
517,0,1.76492226718308,82.8543017006473,24.0908904074798,11.8032063565173
517,0.01,1.72425480083438,81.5310516681093,22.6106285267711,11.1686324778056
517,0.02,1.68501476643069,80.2287704040398,21.362980756735,10.5681750921366
517,0.04,1.61035165308518,77.6803545444677,19.3375333349492,9.46237161365793
517,0.06,1.5400771131295,75.1953159616462,17.7265540133795,8.6297854776697
517,0.08,1.47342107017189,72.7589314983817,16.3858791377132,7.94328234724282
518,0,1.75541860684351,82.5474520426698,23.7246987855913,1.20226443461741
518,0.01,1.720422025391,81.4049605334954,22.4817850491843,10.5681750921366
518,0.02,1.68109448481332,80.0972753811842,21.2462986967449,10
518,0.04,1.60595517966298,77.5273673677054,19.2294940240467,9.03649473722302
518,0.06,1.53484787408635,75.0069921256461,17.6155143606507,8.24138115013002
518,0.08,1.46707770999863,72.5229889618788,16.2659938097986,7.58577575029184
519,0,1.74254414586297,82.1294551369567,23.2492832080643,1.23594743344451
519,0.01,1.71668209638321,81.2816933433163,22.3576279202566,10.1859138805412
519,0.02,1.67715550810104,79.9648973077035,21.1303723094776,9.6382902362397
519,0.04,1.6014197255401,77.3691995074108,19.1191587412362,8.70963589956081
519,0.06,1.52949293366325,74.8136477786672,17.5029233290165,7.94328234724282
519,0.08,1.46072160269128,72.2858552675205,16.1470728098001,7.31139083483417
520,0,1.76293682795586,82.7903162501687,24.0132567248556,1.16949939101987
520,0.01,1.76232571789393,82.7706091034857,23.9894840091456,10.7646521362983
520,0.02,1.72850189634287,81.6704942819144,22.7553513561868,10.1859138805412
520,0.04,1.66389328201408,79.5172992478135,20.7493124485365,9.20449571753171
520,0.06,1.6027440393926,77.4154193646792,19.1512597209579,8.31763771102671
520,0.08,1.54444517893723,75.3522613509475,17.8201523309525,7.65596606911256
521,0,1.74786767166424,82.3026181980232,23.4431142842817,1.20226443461741
521,0.01,1.75500909149452,82.5341972794539,23.7092204927026,1.18032063565173
521,0.02,1.72650623837782,81.6050083956897,22.6870885610194,9.72747223776965
521,0.04,1.6616888855969,79.4426178199786,20.6873035218142,8.70963589956081
521,0.06,1.59999764113064,77.319534097609,19.084793275383,7.94328234724282
521,0.08,1.54088004938005,75.2241904775817,17.7437009969407,7.31139083483417
522,0,1.73142129311986,81.7661755041191,22.8560541394134,1.23594743344451
522,0.01,1.73926525958893,82.0225724378706,23.1317474807032,1.21338885046498
522,0.02,1.72398063937326,81.5220402030112,22.6013573784178,9.3756200692588
522,0.04,1.65877758236175,79.3438634350873,20.6059690748131,8.39459986519397
522,0.06,1.59647818978558,77.1964712267299,19.0002083556503,7.65596606911256
522,0.08,1.5365602001449,75.0687115899266,17.6517545441867,7.04693068967147
523,0,1.6586975642513,79.3411471433588,20.6037424714703,12.4738351424294
523,0.01,1.60077682048971,77.3467507175119,19.1036091015309,11.8032063565173
523,0.02,1.5455158848615,75.3906814346734,17.8432145370534,11.1686324778056
523,0.04,1.44209780292734,71.5868942947719,15.8053026879406,10.0925288607668
523,0.06,1.34675938938955,67.9110483883823,14.1910262878737,9.20449571753171
523,0.08,1.25811231572735,64.3443965139402,12.8525577976816,8.47227414140596
524,0,1.65140398212897,79.0931105364002,20.4027492628635,11.9124200802738
524,0.01,1.59350006904527,77.0921717081943,18.9291436274687,11.2719745617551
524,0.02,1.53810303035154,75.124277998138,17.6845072503049,10.6659612123026
524,0.04,1.43405956700643,71.2833004876069,15.6607420280294,9.6382902362397
524,0.06,1.33774874427419,67.5550996914867,14.0486170145979,8.87156012037961
524,0.08,1.24786780478266,63.9228747658162,12.7060833008387,8.16582371358592
525,0,1.64525800501067,78.8834104258788,20.2363133655771,11.4815362149688
525,0.01,1.58718302259129,76.8704349163738,18.7799197163699,10.8642562361707
525,0.02,1.53155151942035,74.8880337846004,17.5460742323091,10.2801629812647
525,0.04,1.42679707252697,71.0080098661618,15.5315997489623,9.3756200692588
525,0.06,1.32957990585554,67.2311214501957,13.9208483839363,8.6297854776697
525,0.08,1.23865126933935,63.5419892472584,12.5756111734274,7.94328234724282
526,0,1.71184807190153,81.1220270864868,22.1993732416443,11.9124200802738
526,0.01,1.66297975721378,79.4863603070563,20.7235706300153,11.2719745617551
526,0.02,1.61609111731161,77.8795808924027,19.4802240892154,10.6659612123026
526,0.04,1.52763630557841,74.7464960127293,17.4641458597197,9.54992586021436
526,0.06,1.44526779695425,71.7063030520343,15.8627921346773,8.70963589956081
526,0.08,1.36795267609001,68.7424085929281,14.5323276726149,8.09095899178382
527,0,1.70322358119832,80.8362143699544,21.9230108672721,1.19124200802737
527,0.01,1.65858133995556,79.3372016076181,20.6005092289221,10.6659612123026
527,0.02,1.61167198084463,77.7262348116636,19.3701914497678,10.0925288607668
527,0.04,1.5228166215662,74.5718935410698,17.3640945832115,9.1201083935591
527,0.06,1.43966992615967,71.4953184248259,15.7614567376843,8.39459986519397
527,0.08,1.36127959617257,68.4815230085143,14.4238769874629,7.72680585095702
528,0,1.68841327058915,80.342558479518,21.4652124653638,1.21338885046498
528,0.01,1.65426763069883,79.1906020684631,20.4812061714423,10.3752841581801
528,0.02,1.60718625951183,77.5702392325891,19.2596379427421,9.81747943019984
528,0.04,1.51778077289926,74.3890262724108,17.260484964586,8.87156012037961
528,0.06,1.43386201520489,71.2758246426403,15.657210900122,8.09095899178382
528,0.08,1.35453225901668,68.2169096886962,14.3151486111116,7.51622894018205
529,0,1.7118511046013,81.1221273751686,22.199471754771,1.15877735615513
529,0.01,1.70846330752826,81.0100022348332,22.090015280249,10.8642562361707
529,0.02,1.66777435853353,79.6485873687236,20.8593892277321,10.2801629812647
529,0.04,1.59060280567776,76.9905585920354,18.8604500774388,9.28966386779936
529,0.06,1.51825998013662,74.4064468763181,17.2703040416752,8.47227414140596
529,0.08,1.44990805423701,71.8807705879877,15.9474446867724,7.72680585095702
530,0,1.69443890413635,80.5438395681688,21.6490086001214,1.19124200802737
530,0.01,1.70273522092547,80.8199938368795,21.9075840316874,1.16949939101987
530,0.02,1.66553527923894,79.5728749152589,20.7957417699417,9.81747943019984
530,0.04,1.58822819749218,76.9071690763064,18.8044690243308,8.79022516830884
530,0.06,1.51536682856069,74.3012110893893,17.2111502720417,8.01678063387679
530,0.08,1.44620971492393,71.7417490302528,15.8799273912304,7.44731973905989
531,0,1.67562582977798,79.91341981161,21.0857006111743,1.21338885046498
531,0.01,1.68463200758385,80.2159430002954,21.3515301388069,1.20226443461741
531,0.02,1.66263856021798,79.4748012012332,20.7139724372128,9.46237161365793
531,0.04,1.58496442857945,76.7923972866369,18.7279906087119,8.55066712884683
531,0.06,1.51150843060476,74.1606371010927,17.1327328511457,7.79830110523259
531,0.08,1.44156595125955,71.5668426667504,15.7956841254839,7.17794291271362
532,0,1.600436908996,77.3348789313742,19.0953968192157,12.7057410520854
532,0.01,1.53417330230781,74.9826636898989,17.6012693283008,11.9124200802738
532,0.02,1.47136412954787,72.6825014294709,16.3468708548947,11.2719745617551
532,0.04,1.3548666224976,68.2300421136825,14.3205149424792,10.2801629812647
532,0.06,1.24868495540353,63.9565686473351,12.7177102367309,9.3756200692588
532,0.08,1.15098251312254,59.8401010223437,11.3905871533351,8.70963589956081
533,0,1.59237761751686,77.0528219954176,18.9024791759905,12.0226443461741
533,0.01,1.52626588354438,74.6968910774557,17.4356078671953,11.3762728582343
533,0.02,1.46343472862804,72.3871644657479,16.1976889482692,10.8642562361707
533,0.04,1.34651669671192,67.9014807104114,14.1871700093939,9.81747943019984
533,0.06,1.2395305436447,63.5783943459071,12.5880060671945,9.03649473722302
533,0.08,1.14075379599494,59.3988732527798,11.2583254233219,8.39459986519397
534,0,1.58558271985209,76.8141537604387,18.742437801822,11.6949939101987
534,0.01,1.51939100701502,74.4475471172401,17.2935125410891,11.0662378397767
534,0.02,1.45640760612983,72.1244991371627,16.0670316172172,10.471285480509
534,0.04,1.33893912636069,67.6022086071611,14.067340961629,9.54992586021436
534,0.06,1.23120116868652,63.2329531875575,12.471025655422,8.79022516830884
534,0.08,1.13151963458481,58.9988749195021,11.1399026938431,8.16582371358592
535,0,1.66111063157674,79.4230140958231,20.6710981632879,12.0226443461741
535,0.01,1.60474743396116,77.4852830591441,19.2000028646283,11.3762728582343
535,0.02,1.55096426931894,75.5858774233118,17.9613080455334,10.7646521362983
535,0.04,1.45030348148547,71.895620353633,15.9546862000898,9.72747223776965
535,0.06,1.35752319600954,68.3343089786257,14.3632313849381,8.87156012037961
535,0.08,1.27127348333812,64.8830779105229,13.0430456106182,8.16582371358592
536,0,1.65481316403173,79.2091589452957,20.4962191075565,1.18032063565173
536,0.01,1.59993808396137,77.3174533488687,19.0833564141081,10.8642562361707
536,0.02,1.54621821244835,75.4158722108472,17.8583678865504,10.2801629812647
536,0.04,1.44529900071402,71.7074775565607,15.8633593985287,9.28966386779936
536,0.06,1.35186472078139,68.1120667075463,14.2724164178319,8.55066712884683
536,0.08,1.26463530434737,64.6117801518025,12.946637939907,7.87045789695099
537,0,1.63849784126766,78.6520229176016,20.0562245306957,1.20226443461741
537,0.01,1.59519043516818,77.1513901628156,18.969422684063,10.471285480509
537,0.02,1.54136211692865,75.2415207999162,17.7540082597397,9.90831944892768
537,0.04,1.43999645889638,71.5076408876522,15.767344445954,9.03649473722302
537,0.06,1.34587924762484,67.8763454193934,14.1770467133881,8.24138115013002
537,0.08,1.25779836182914,64.331507386001,12.8480458400578,7.65596606911256
538,0,1.66425962644938,79.529702570908,20.759653363434,1.14815362149688
538,0.01,1.65684983423108,79.2783944563062,20.5524582740916,10.9647819614319
538,0.02,1.60986901233008,77.6635758014071,19.3256199235506,10.3752841581801
538,0.04,1.5213749671951,74.5195879236639,17.3343372693324,9.3756200692588
538,0.06,1.4391550653148,71.4758850922591,15.7521791191451,8.55066712884683
538,0.08,1.36214749556635,68.5154995933136,14.4379299344513,7.87045789695099
539,0,1.64504011179072,78.8759643164748,20.2304606587068,1.16949939101987
539,0.01,1.65423968616831,79.1896513726729,20.4804377228271,1.15877735615513
539,0.02,1.60748936568893,77.5807908314585,19.2670726386383,9.90831944892768
539,0.04,1.51896181499547,74.4319533994137,17.2847000405201,8.95364765549594
539,0.06,1.43630555004842,71.3682448329107,15.7009602941565,8.16582371358592
539,0.08,1.35856472529621,68.3751524686025,14.3800176547336,7.51622894018205
540,0,1.62442108681362,78.1677353271387,19.6907489513575,1.20226443461741
540,0.01,1.63436731911618,78.510265115793,19.9476762355724,1.19124200802737
540,0.02,1.60433055107281,77.4707508725314,19.1898418984125,9.54992586021436
540,0.04,1.51550888004972,74.3063815070642,17.2140475568076,8.6297854776697
540,0.06,1.4323238003343,71.2175908905415,15.6297513077057,7.94328234724282
540,0.08,1.35384524544936,68.1899202172897,14.3041295004727,7.31139083483417
541,0,1.72598823802341,81.5880000668549,22.6694454852405,12.7057410520854
541,0.01,1.67746177867516,79.9751994201781,21.1393396195178,12.0226443461741
541,0.02,1.6308093507168,78.3879269008487,19.8550550479321,11.3762728582343
541,0.04,1.54249174143793,75.282114966944,17.7781981691324,10.1859138805412
541,0.06,1.45992261211198,72.2559956770001,16.1322078112731,9.28966386779936
541,0.08,1.3821233329698,69.2937287545036,14.7657529079198,8.55066712884683
542,0,1.72053999297981,81.4088450114503,22.4857262321346,12.1338885046498
542,0.01,1.67196656149862,79.7901189148513,20.9796120270546,11.4815362149688
542,0.02,1.62513079518709,78.1922316682736,19.7088783125392,10.8642562361707
542,0.04,1.53614310866077,75.0536825537736,17.6429163917476,9.81747943019984
542,0.06,1.45253615333913,71.979413147891,15.9956558084063,8.95364765549594
542,0.08,1.37345577482671,68.9569440468081,14.6224657913259,8.24138115013002
543,0,1.71613803012589,81.2637420531368,22.3396924911764,11.8032063565173
543,0.01,1.66741050310243,79.6362895972349,20.8490198850365,11.1686324778056
543,0.02,1.62033528579605,78.0265439726436,19.5869711445861,10.5681750921366
543,0.04,1.53066547871924,74.8560261891048,17.5274814381309,9.54992586021436
543,0.06,1.44615956921936,71.7398623614148,15.8790145305555,8.70963589956081
543,0.08,1.36600024069309,68.6661615561341,14.5005009937947,8.09095899178382
544,0,1.76887874630141,82.9816207565389,24.2474456152191,12.1338885046498
544,0.01,1.72823815362466,81.6618434870253,22.7463032412954,11.4815362149688
544,0.02,1.68896339492344,80.3609597221511,21.4818568559717,10.7646521362983
544,0.04,1.61412779010603,77.8114934118406,19.4312000444595,9.72747223776965
544,0.06,1.54353699525897,75.3196574423853,17.8006277300163,8.87156012037961
544,0.08,1.47642487162982,72.8704094377886,16.4430768097493,8.09095899178382
545,0,1.76561814191531,82.8767129896181,24.1182456958311,11.5877735615513
545,0.01,1.72505549327237,81.5573627858745,22.6377539971891,10.8642562361707
545,0.02,1.68573592445099,80.2529320127935,21.38458954597,10.2801629812647
545,0.04,1.61048698833023,77.685058690494,19.3408762871029,9.28966386779936
545,0.06,1.53911433204638,75.1606784614883,17.7060277935468,8.47227414140596
545,0.08,1.47094324461569,72.6668532896899,16.3389049636499,7.79830110523259
546,0,1.76270084269005,82.7827068785325,24.004069894152,11.1686324778056
546,0.01,1.72205144491694,81.4585945865562,22.53635901614,10.5681750921366
546,0.02,1.68258866146557,80.1474233643252,21.2906155026643,10
546,0.04,1.60685612186844,77.5587448493122,19.2515460234591,9.03649473722302
546,0.06,1.53476193262232,75.0038930867137,17.6136985252867,8.24138115013002
546,0.08,1.46567295074856,72.4706420227324,16.2396083338333,7.58577575029184
547,0,1.78695111591871,83.560018294867,24.9962087053864,1.19124200802737
547,0.01,1.76525209522383,82.8649250821215,24.1038466833763,11.0662378397767
547,0.02,1.73139009851076,81.7651538526228,22.8549727438642,10.471285480509
547,0.04,1.66655802767467,79.6074685780922,20.8247659290569,9.3756200692588
547,0.06,1.60506128847595,77.4962218123373,19.2076589490941,8.55066712884683
547,0.08,1.54626341258478,75.4174931362234,17.8593438204172,7.79830110523259
548,0,1.77668041452823,83.2319462272332,24.5636684605431,1.21338885046498
548,0.01,1.76369425222419,82.8147334647134,24.0428010099237,10.5681750921366
548,0.02,1.72990096954394,81.7163651906819,22.8034855201241,9.90831944892768
548,0.04,1.66492335746514,79.5521688212278,20.7784148348874,8.95364765549594
548,0.06,1.60292920912945,77.4218795910414,19.1557557649554,8.16582371358592
548,0.08,1.54336291411951,75.3134062715851,17.7968891099726,7.51622894018205
549,0,1.76576746137441,82.8815209526292,24.124125463974,1.24738351424294
549,0.01,1.76183318933013,82.7547216383689,23.970365855201,10.1859138805412
549,0.02,1.7279767751304,81.6532691253102,22.7373442632202,9.6382902362397
549,0.04,1.66270452828131,79.4770362250491,20.7158274934557,8.6297854776697
549,0.06,1.60017857436897,77.3258549911363,19.0891595918767,7.87045789695099
549,0.08,1.53988867606442,75.1885379229688,17.7225336483127,7.2443596007499
550,0,1.66537564929541,79.5674739878657,20.7912189762476,12.8233058265602
550,0.01,1.60747287131584,77.5802166767786,19.2666679271871,12.1338885046498
550,0.02,1.55217757218223,75.6292756405604,17.9877765557429,11.4815362149688
550,0.04,1.44854931964157,71.8297237734531,15.9225952916928,10.3752841581801
550,0.06,1.35284358363991,68.1505542978084,14.2880806366128,9.46237161365793
550,0.08,1.26372102410795,64.5743503348085,12.9334125906128,8.70963589956081
551,0,1.65905535741871,79.3532919477312,20.6137021871914,12.2461619926505
551,0.01,1.60119988603248,77.3615240013549,19.1138390795544,11.5877735615513
551,0.02,1.54580536072171,75.4010652642312,17.8494577639955,10.9647819614319
551,0.04,1.44161659994433,71.5687524182188,15.7965997786129,9.90831944892768
551,0.06,1.34496616681957,67.8403287477073,14.1625599410616,9.1201083935591
551,0.08,1.25465367480741,64.2023041270405,12.802933356644,8.47227414140596
552,0,1.65395014161568,79.1798000620961,20.4724788246502,11.9124200802738
552,0.01,1.59598957590994,77.1793694107263,18.9885170681081,11.2719745617551
552,0.02,1.54040129548706,75.2069752831524,17.7334739026909,10.6659612123026
552,0.04,1.43561728167615,71.3422237379892,15.6886214333274,9.72747223776965
552,0.06,1.33815092462911,67.5710187243965,14.0549400331874,8.87156012037961
552,0.08,1.24683199012053,63.8801468525128,12.6913590164154,8.24138115013002
553,0,1.71655484374198,81.2774951160199,22.353430121749,12.2461619926505
553,0.01,1.66767755090824,79.6453156300956,20.8566293453721,11.4815362149688
553,0.02,1.62071086871937,78.0395346202231,19.5964689546022,10.8642562361707
553,0.04,1.53196298839294,74.9028931570183,17.5547189240457,9.81747943019984
553,0.06,1.44914400248399,71.8520696937511,15.9334648880018,8.95364765549594
553,0.08,1.37123385356706,68.8703898628133,14.585994574588,8.24138115013002
554,0,1.71274774531156,81.1517718968935,22.228639936017,11.6949939101987
554,0.01,1.66402209545227,79.5216607388982,20.7529473367777,10.9647819614319
554,0.02,1.61707385452201,77.9136373322665,19.5048471247669,10.3752841581801
554,0.04,1.52799360296616,74.7594236578708,17.4715980876936,9.3756200692588
554,0.06,1.44446059080839,71.6759138948612,15.8481269519474,8.6297854776697
554,0.08,1.36551348414612,68.6471418062333,14.4925787609804,7.94328234724282
555,0,1.7093295065374,81.0386884794298,22.1178893260377,11.2719745617551
555,0.01,1.66055571413854,79.4041962789914,20.6555703802997,10.6659612123026
555,0.02,1.6134891812955,77.7893326023523,19.4153020832297,10.0925288607668
555,0.04,1.52396029544219,74.6133620861723,17.3877565914374,9.1201083935591
555,0.06,1.43974142099266,71.4980166097014,15.7627456146056,8.31763771102671
555,0.08,1.35992641985992,68.4285213986255,14.4019973046562,7.72680585095702
556,0,1.73978733913804,82.039602418084,23.1503696659918,1.18032063565173
556,0.01,1.71196081894086,81.1257554296719,22.2030363191266,11.1686324778056
556,0.02,1.67118859255313,79.7638762233018,20.9571963822335,10.471285480509
556,0.04,1.59371497855057,77.0997033223554,18.9342563665397,9.46237161365793
556,0.06,1.52090702128515,74.5026022549454,17.3246950077428,8.6297854776697
556,0.08,1.45194954798267,71.9574062989309,15.9848779874428,7.94328234724282
557,0,1.7277433782861,81.645611747436,22.7293511228124,1.21338885046498
557,0.01,1.71017908369663,81.0668123330168,22.1453029509326,10.5681750921366
557,0.02,1.66953689226748,79.7081272390547,20.9097655116155,10
557,0.04,1.59198028200735,77.0388874705537,18.8930558523685,9.03649473722302
557,0.06,1.51870179824141,74.4225047126795,17.2793644779201,8.24138115013002
557,0.08,1.44896851199778,71.845476085116,15.9302562527875,7.58577575029184
558,0,1.71500720281625,81.2264153266787,22.3025155239613,1.23594743344451
558,0.01,1.70801789494763,80.9952465574784,22.0757117217664,10.2801629812647
558,0.02,1.66733991642049,79.6339036176466,20.8470094635893,9.72747223776965
558,0.04,1.58951240238028,76.9522786916871,18.8347083651203,8.79022516830884
558,0.06,1.51572265847903,74.3141619894758,17.2184091663711,8.01678063387679
558,0.08,1.44527876304849,71.7067158160504,15.8629914880148,7.37904230129101
559,0,1.60793637300092,77.5963490037285,19.2780463350546,13.0617088813184
559,0.01,1.5416155010489,75.2506283364349,17.7594297400908,12.2461619926505
559,0.02,1.47868773073106,72.9542837125177,16.4863499824792,11.5877735615513
559,0.04,1.36182585162869,68.5029094543499,14.4327200998162,10.471285480509
559,0.06,1.2551061778447,64.2209070325742,12.8094157379348,9.6382902362397
559,0.08,1.15677978031161,60.0893086184138,11.4660654838484,8.87156012037961
560,0,1.60092276285804,77.3518473126357,19.1071369857747,12.4738351424294
560,0.01,1.53478876022656,75.0048605007294,17.614265327648,11.8032063565173
560,0.02,1.47185982125944,72.7009267898429,16.3562594765732,11.1686324778056
560,0.04,1.35460728943322,68.2198567528853,14.3163526084503,10.0925288607668
560,0.06,1.24710774929071,63.8915240080471,12.695277460498,9.28966386779936
560,0.08,1.14769612413453,59.6985510162432,11.3479667177654,8.6297854776697
561,0,1.59528402669533,77.1546675215722,18.9716571962261,12.1338885046498
561,0.01,1.52911262374662,74.7998973737778,17.4949694053922,11.4815362149688
561,0.02,1.46605703068635,72.484957858014,16.2468166404495,10.8642562361707
561,0.04,1.34834019790088,67.9733423105671,14.2161728908148,9.90831944892768
561,0.06,1.240161919037,63.6045267039728,12.5969131629013,9.1201083935591
561,0.08,1.13989709782268,59.3618302178811,11.2473000466039,8.47227414140596
562,0,1.66646966356322,79.604480418055,20.8222550888278,12.3594743344451
562,0.01,1.61005258877202,77.6699582026092,19.3301497390269,11.5877735615513
562,0.02,1.55614565589179,75.7710306821877,18.0747813223105,10.9647819614319
562,0.04,1.45508679849763,72.0750307722837,16.0426326514499,9.90831944892768
562,0.06,1.36173586604555,68.4993868029114,14.4312629372396,9.1201083935591
562,0.08,1.27473936957257,65.0244027437167,13.0936527573384,8.39459986519397
563,0,1.6622258892094,79.4608181009105,20.7023753818847,11.8032063565173
563,0.01,1.60605851627243,77.530967014714,19.2320210708635,11.1686324778056
563,0.02,1.5522444660332,75.6316676022573,17.9892376839935,10.5681750921366
563,0.04,1.45097104631791,71.920683567319,15.9669213498341,9.54992586021436
563,0.06,1.35699712009419,68.3136714371849,14.3547610122341,8.70963589956081
563,0.08,1.26907940690665,64.7934976341684,13.0111054379964,8.09095899178382
564,0,1.65840701190923,79.331283166608,20.5956614691836,11.3762728582343
564,0.01,1.60224483050434,77.3979999901976,19.1391478808968,10.7646521362983
564,0.02,1.54836917182385,75.4929686311866,17.9049043675799,10.1859138805412
564,0.04,1.44673028580919,71.7613321990642,15.889408050427,9.28966386779936
564,0.06,1.35215319964129,68.1234111308184,14.2770308060078,8.47227414140596
564,0.08,1.26344554693194,64.5630695149803,12.9294302207987,7.87045789695099
565,0,1.69527773353554,80.5718125455927,21.6748579050561,1.16949939101987
565,0.01,1.66083822871016,79.4137772778514,20.6634728648984,11.1686324778056
565,0.02,1.61373672741851,77.7979236937986,19.4214618780855,10.5681750921366
565,0.04,1.52485744781361,74.6458759939977,17.406352636545,9.54992586021436
565,0.06,1.44207921871568,71.5861937266306,15.8049664620888,8.70963589956081
565,0.08,1.36436051733846,68.6020730462165,14.4738332425334,8.01678063387679
566,0,1.68176167299455,80.1196723022698,21.2660637948377,1.20226443461741
566,0.01,1.65891352048076,79.3484777404633,20.6097528074737,10.6659612123026
566,0.02,1.61201181314586,77.7380389070843,19.3786131851535,10.0925288607668
566,0.04,1.52315126468946,74.5840297537602,17.3710130929573,9.1201083935591
566,0.06,1.43998509623831,71.5072121236909,15.7671395177288,8.39459986519397
566,0.08,1.36153445343587,68.4915016007901,14.4280020076504,7.72680585095702
567,0,1.66757681691193,79.6419110292968,20.8537583024505,1.22461619926505
567,0.01,1.65652634564188,79.2674022619568,20.5435055230816,10.3752841581801
567,0.02,1.60962229502601,77.6549972807137,19.3195350778283,9.81747943019984
567,0.04,1.52054246020134,74.4893666315076,17.3171886796925,8.87156012037961
567,0.06,1.43691269288009,71.3911918030097,15.7118552445347,8.09095899178382
567,0.08,1.35781802828294,68.3458728094308,14.3679809456569,7.51622894018205
568,0,1.71766220702192,81.3140195991808,22.3900182195738,12.0226443461741
568,0.01,1.66934596780246,79.7016801430505,20.9042967686637,11.3762728582343
568,0.02,1.62299401000853,78.1184524892339,19.654387310694,10.7646521362983
568,0.04,1.53553733439674,75.0318493271018,17.6300923466802,9.6382902362397
568,0.06,1.45410833489121,72.038364210529,16.0245898262289,8.79022516830884
568,0.08,1.37766759746762,69.1207680237527,14.6918898788355,8.09095899178382
569,0,1.70805583001925,80.9965034011857,22.0769291493632,11.3762728582343
569,0.01,1.65941928408978,79.3656427552893,20.6238423661582,10.7646521362983
569,0.02,1.61264192540639,77.7599207087433,19.3942460859454,10.1859138805412
569,0.04,1.52409665431552,74.6183048061614,17.3905810637656,9.20449571753171
569,0.06,1.44132134214177,71.5576188273257,15.791262934384,8.39459986519397
569,0.08,1.36334564224627,68.5623821828227,14.4573556969418,7.79830110523259
570,0,1.69980664945869,80.7226413909,21.8155592090583,10.9647819614319
570,0.01,1.65074369434248,79.0706119033561,20.3847417583821,10.3752841581801
570,0.02,1.603473800636,77.4408759889837,19.1689896286428,9.81747943019984
570,0.04,1.5137880625727,74.2437230550092,17.1789989135271,8.87156012037961
570,0.06,1.42968264720588,71.1175031380012,15.5827470044344,8.16582371358592
570,0.08,1.35025088628157,68.04857469938,14.2466326994546,7.51622894018205
571,0,1.74725897636304,82.2828417405413,23.4207593698502,1.13762728582343
571,0.01,1.7232710819117,81.4987119503818,22.5774022418662,10.9647819614319
571,0.02,1.68438461749124,80.2076509247047,21.3441359734197,10.2801629812647
571,0.04,1.61055612414255,77.6874616766111,19.3425844292199,9.28966386779936
571,0.06,1.54129031466382,75.238939765399,17.7524724317102,8.47227414140596
571,0.08,1.47578532894445,72.8466879480643,16.4308754898973,7.72680585095702
572,0,1.728016034298,81.6545570690623,22.7386893963114,1.18032063565173
572,0.01,1.71625469829673,81.2675918882525,22.3435358424862,10.3752841581801
572,0.02,1.6770563842628,79.9615627175272,21.127471720307,9.72747223776965
572,0.04,1.60235166047874,77.4017280678234,19.1417386592008,8.79022516830884
572,0.06,1.53191152380648,74.9010347787207,17.5536373264032,8.01678063387679
572,0.08,1.46502123800981,72.4463446947138,16.2273871892243,7.37904230129101
573,0,1.70669641299223,80.9514492528676,22.0333928694005,1.21338885046498
573,0.01,1.70972098959301,81.0516493477704,22.1305122686522,9.90831944892768
573,0.02,1.67012328961347,79.7279247919721,20.9265799726705,9.3756200692588
573,0.04,1.59445171429111,77.1255166183707,18.9518016799661,8.47227414140596
573,0.06,1.52284608036319,74.5729619763566,17.3647034545788,7.72680585095702
573,0.08,1.45463153246449,72.0579724343193,16.034234175045,7.11213513653329
574,0,1.7449688628756,82.2083826980721,23.3371000767659,1.12719745617551
574,0.01,1.75219012423565,82.4428828538086,23.6033245217274,1.11686324778056
574,0.02,1.72846821724226,81.6693896659717,22.7541954871217,10.0925288607668
574,0.04,1.66465322108875,79.543026014792,20.7707749059969,9.03649473722302
574,0.06,1.6044839492335,77.4760985471619,19.1935796658594,8.24138115013002
574,0.08,1.54731575593439,75.455221277474,17.8820893800015,7.51622894018205
575,0,1.72116952915945,81.4295707685716,22.5067844793881,1.16949939101987
575,0.01,1.72928546596984,81.6961888084969,22.7822811192687,1.15877735615513
575,0.02,1.72346492910954,81.5050859134466,22.5839410029878,9.46237161365793
575,0.04,1.65902341706737,79.35220786257,20.6128126938725,8.55066712884683
575,0.06,1.59792842765405,77.2472065462464,19.0349830309319,7.79830110523259
575,0.08,1.53961461167051,75.1786787865848,17.7166889528423,7.17794291271362
576,0,1.69399597270554,80.5290641825284,21.6353855078167,1.21338885046498
576,0.01,1.70317298382979,80.8345339965371,21.9214114607828,1.19124200802737
576,0.02,1.7120270874385,81.1279467136136,22.2051899563991,1.18032063565173
576,0.04,1.65311933887789,79.1515254920825,20.449675431649,8.16582371358592
576,0.06,1.59105588538921,77.0064585134593,18.8711640297498,7.44731973905989
576,0.08,1.53160070784459,74.8898102807052,17.5471073019643,6.85488226452662
577,0,1.65564433830793,79.2374226349967,20.5191341666456,12.2461619926505
577,0.01,1.59809533911702,77.2530434976166,19.0389924796159,11.4815362149688
577,0.02,1.54325913683116,75.3096794281739,17.794660947702,10.8642562361707
577,0.04,1.4408173626504,71.5386111496601,15.7821588591445,9.81747943019984
577,0.06,1.34660956028948,67.9051418000273,14.1886454340988,8.95364765549594
577,0.08,1.25920883232054,64.389398824485,12.8683278577668,8.24138115013002
578,0,1.64446336618512,78.8562512291294,20.2149846570708,11.5877735615513
578,0.01,1.58670381622705,76.8535862744921,18.7686823937994,10.9647819614319
578,0.02,1.53152723735006,74.8871567943557,17.5455642878623,10.3752841581801
578,0.04,1.42813830497708,71.0589215825965,15.555346552041,9.3756200692588
578,0.06,1.33271217009804,67.3554922671458,13.9696920643131,8.6297854776697
578,0.08,1.24391343653833,63.7596480486638,12.6499547276497,7.94328234724282
579,0,1.63491967766921,78.5292384565258,19.9621278643384,11.1686324778056
579,0.01,1.57678347998029,76.5039083950012,18.5386007839491,10.5681750921366
579,0.02,1.52117094407636,74.5121826901039,17.3301322690198,10
579,0.04,1.41675558381496,70.6258192665528,15.3552664632122,9.1201083935591
579,0.06,1.32014915002837,66.8555748409349,13.7748789792752,8.31763771102671
579,0.08,1.23002928396581,63.184248791612,12.4546450316353,7.72680585095702
580,0,1.6944288308784,80.5435035785009,21.6486985791024,1.12719745617551
580,0.01,1.66183923787099,79.4477140867649,20.6915212073637,11.0662378397767
580,0.02,1.61537904668215,77.8548940907037,19.4624179344461,10.471285480509
580,0.04,1.52791631704722,74.7566275068498,17.4699857047194,9.3756200692588
580,0.06,1.44670841660562,71.7605096067732,15.8890096169125,8.55066712884683
580,0.08,1.3706964008469,68.8494400984369,14.5771884342258,7.87045789695099
581,0,1.6724609869498,79.8067918081894,20.9938830970908,1.15877735615513
581,0.01,1.65367831546364,79.170550318034,20.4650124482634,10.471285480509
581,0.02,1.60695466970557,77.5621761776652,19.2539608701448,9.90831944892768
581,0.04,1.51867316555011,74.4214641638197,17.2787770851234,8.95364765549594
581,0.06,1.43635092045647,71.3699598362165,15.7017741098534,8.16582371358592
581,0.08,1.35902201024852,68.3930786173171,14.3873946572497,7.51622894018205
582,0,1.64846386350057,78.992872908091,20.3228014746231,1.19124200802737
582,0.01,1.64610297371553,78.9122781859443,20.2590403303519,10
582,0.02,1.59901001136576,77.285021466556,19.060990496849,9.46237161365793
582,0.04,1.50979656494749,74.0981846522324,17.0981118877624,8.6297854776697
582,0.06,1.42635947523971,70.9913921653947,15.5238620088874,7.87045789695099
582,0.08,1.34776357041549,67.9506248024332,14.2069945443466,7.31139083483417
583,0,1.69171983224206,80.4530853554283,21.5656629596241,1.11686324778056
583,0.01,1.7000869698092,80.7319659741111,21.8243319483971,1.10662378397767
583,0.02,1.66774854152693,79.6477148649014,20.8586531408468,10.1859138805412
583,0.04,1.59151198655573,77.0224609222406,18.8819600594714,9.1201083935591
583,0.06,1.52028345954851,74.479962034477,17.3118588403705,8.31763771102671
583,0.08,1.45322158691137,72.0051198210137,16.0082617383396,7.65596606911256
584,0,1.66463236818307,79.5423201945595,20.770185381866,1.14815362149688
584,0.01,1.67389606908363,79.8551623247167,21.0354166495215,1.13762728582343
584,0.02,1.66194381554982,79.4512585782817,20.6944558266643,9.54992586021436
584,0.04,1.58511487070358,76.7976916567862,18.7315041348958,8.6297854776697
584,0.06,1.51297269354675,74.2140156933058,17.1624292454447,7.87045789695099
584,0.08,1.44475685290321,71.6870687246767,15.8535073132981,7.2443596007499
585,0,1.63418513837912,78.5040061391483,19.9429140574191,1.19124200802737
585,0.01,1.64450536259358,78.8576868490234,20.2161107951724,1.18032063565173
585,0.02,1.65454494533164,79.2000358319598,20.4888351157472,1.16949939101987
585,0.04,1.5783793259914,76.5602736785641,18.575289557088,8.31763771102671
585,0.06,1.50526857603833,73.9327461203029,17.0070360619477,7.58577575029184
585,0.08,1.43592679040457,71.3539262640891,15.6941685622743,6.98232404077171
586,0,1.59704017905756,77.2161361939735,19.0136708812183,12.3594743344451
586,0.01,1.53125258520952,74.8772365271001,17.5397979512471,11.6949939101987
586,0.02,1.46894972174908,72.5926931078198,16.3012472916426,11.0662378397767
586,0.04,1.3536021356049,68.1803675341807,14.300232492152,10
586,0.06,1.24872920275237,63.958392762106,12.7183400933551,9.1201083935591
586,0.08,1.1523692665194,59.8997704072968,11.4086077951563,8.47227414140596
587,0,1.58461973590922,76.7802653752538,18.719944669062,11.6949939101987
587,0.01,1.51875112921036,74.4242974299349,17.2803765616783,11.0662378397767
587,0.02,1.45623298473075,72.1179608044497,16.0638030140958,10.5681750921366
587,0.04,1.34017115802773,67.6509384966487,14.086748528576,9.6382902362397
587,0.06,1.23425651796224,63.3598159847875,12.5138230648957,8.79022516830884
587,0.08,1.13671599447719,59.2241620290629,11.2064300769466,8.16582371358592
588,0,1.5740488020163,76.407217830174,18.4760126854648,11.2719745617551
588,0.01,1.50790388628188,74.0290758986124,17.0599550058453,10.7646521362983
588,0.02,1.44504598985804,71.6979537670077,15.8587605986951,10.1859138805412
588,0.04,1.32812327626339,67.1732227685148,13.8981961743417,9.28966386779936
588,0.06,1.22120950208718,62.8168745941992,12.3319665501738,8.55066712884683
588,0.08,1.12256930810826,58.6096577635533,11.025985301008,7.94328234724282
589,0,1.64592600980767,78.9062333295366,20.2542765126559,1.11686324778056
589,0.01,1.6034848183526,77.4412602560024,19.1692575319091,11.1686324778056
589,0.02,1.55020008164095,75.5585303632923,17.9446691474955,10.5681750921366
589,0.04,1.45067377331466,71.9095236607183,15.9614713767001,9.54992586021436
589,0.06,1.35918685974979,68.3995399919464,14.3900550831382,8.70963589956081
589,0.08,1.27435613214637,65.0087867803334,13.0880476741566,8.01678063387679
590,0,1.62195207903257,78.0824485818067,19.627916918896,1.14815362149688
590,0.01,1.59442173036161,77.1244662407365,18.9510870629064,10.5681750921366
590,0.02,1.54096350419078,75.2271909660911,17.7454847003853,10
590,0.04,1.44075855949065,71.5363930818581,15.7810970644783,9.1201083935591
590,0.06,1.34827526223938,67.9707843306974,14.2151389643959,8.31763771102671
590,0.08,1.26222680502315,64.513145065872,12.9118255932132,7.72680585095702
591,0,1.59607590621096,77.1823913259572,18.990581819418,1.18032063565173
591,0.01,1.58602834077764,76.8298302385673,18.7528621494012,10.1859138805412
591,0.02,1.53224309903164,74.9130070995948,17.5606076362326,9.6382902362397
591,0.04,1.43121885928789,71.1757338446794,15.6100646477801,8.79022516830884
591,0.06,1.337743354981,67.55488635333,14.0485323058502,8.09095899178382
591,0.08,1.25056466669669,64.0340285560745,12.74449291153,7.44731973905989
592,0,1.64286271148321,78.8015118385622,20.1721521456238,1.10662378397767
592,0.01,1.65213616586189,79.1180504238642,20.4227536386597,1.09647819614319
592,0.02,1.60985112733906,77.6629539634221,19.3251787065324,10.2801629812647
592,0.04,1.52242741342851,74.5577760037275,17.3560532547563,9.20449571753171
592,0.06,1.44145464989026,71.5626457933494,15.7936722061435,8.39459986519397
592,0.08,1.36585147536194,68.6603490884355,14.4980792318795,7.72680585095702
593,0,1.61334904269226,77.7844686295533,19.4118165167486,1.13762728582343
593,0.01,1.62350316498195,78.1360396558641,19.6673463058563,1.12719745617551
593,0.02,1.60343345259342,77.4394687449113,19.1680085951168,9.72747223776965
593,0.04,1.51549205175626,74.3057690060323,17.2137042883873,8.79022516830884
593,0.06,1.43366508333675,71.2683715613793,15.6536918772171,8.01678063387679
593,0.08,1.35697504537061,68.312805352983,14.3544057085923,7.37904230129101
594,0,1.5807787538859,76.6449391853238,18.6306840692822,1.16949939101987
594,0.01,1.59191332955489,77.0365391877354,18.8914687895739,1.15877735615513
594,0.02,1.59680698386854,77.2079769489519,19.0080826380814,9.28966386779936
594,0.04,1.50817364975232,74.0389298116647,17.0653857855123,8.39459986519397
594,0.06,1.42543444915307,70.9562531030343,15.5075215511605,7.72680585095702
594,0.08,1.34769609311364,67.947965988898,14.205920915706,7.11213513653329
595,0,1.72356377786869,81.5083359616823,22.5872769558245,12.4738351424294
595,0.01,1.67528405195738,79.9019128350914,21.0757458210888,11.6949939101987
595,0.02,1.62890209368772,78.3222593964883,19.8057349429625,11.0662378397767
595,0.04,1.54126680353021,75.2380946047926,17.7519695813815,9.90831944892768
595,0.06,1.45945682822559,72.2385833249622,16.1235505923454,9.03649473722302
595,0.08,1.38249225883668,69.3080334070744,14.771888100068,8.31763771102671
596,0,1.71487684104513,81.2221109606399,22.298238523304,11.8032063565173
596,0.01,1.66629408341455,79.5985425363951,20.8172678245351,11.1686324778056
596,0.02,1.61950776308821,77.9979132264784,19.5660742408288,10.5681750921366
596,0.04,1.53077816086628,74.8600975119576,17.5298442848566,9.54992586021436
596,0.06,1.44760951306576,71.7943965413514,15.9054375937696,8.70963589956081
596,0.08,1.36909263781152,68.7868946250078,14.5509471471717,8.01678063387679
597,0,1.70763602189143,80.9825932400758,22.0634646074064,11.3762728582343
597,0.01,1.6586564710353,79.3397521531062,20.6025991856273,10.7646521362983
597,0.02,1.61141103419708,77.7171694838218,19.3637291246454,10.1859138805412
597,0.04,1.52159441236773,74.5275521042827,17.3388618537385,9.20449571753171
597,0.06,1.43714460049131,71.3999550115218,15.7160193321398,8.47227414140596
597,0.08,1.35719379203378,68.3213873120218,14.3579269802018,7.79830110523259
598,0,1.76766748281124,82.9426689767687,24.1992513835751,11.9124200802738
598,0.01,1.72729522238091,81.6309059887125,22.7140209212049,11.2719745617551
598,0.02,1.68833665478219,80.3399953428781,21.4628965361999,10.5681750921366
598,0.04,1.61424203132054,77.8154570466041,19.4340465205178,9.54992586021436
598,0.06,1.5445251126627,75.3551302960174,17.8218724109656,8.6297854776697
598,0.08,1.47839681794075,72.9435059304358,16.4807778589956,7.94328234724282
599,0,1.7615338163613,82.7450628852632,23.9587633819225,11.2719745617551
599,0.01,1.72097765717909,81.4232545917484,22.5003616264129,10.6659612123026
599,0.02,1.68173194911276,80.118674654318,21.2651824352347,10.0925288607668
599,0.04,1.60678045262347,77.5561100165587,19.249692166904,9.03649473722302
599,0.06,1.53589003314749,75.0445620204678,17.6375570966354,8.24138115013002
599,0.08,1.46837285505521,72.5712201764654,16.2903726125799,7.58577575029184
600,0,1.7506286467834,82.3922471865303,23.5451500877017,1.23594743344451
600,0.01,1.7152595263263,81.2347459135601,22.3107990653677,10.2801629812647
600,0.02,1.67564452957897,79.9140493406978,21.0862455467202,9.72747223776965
600,0.04,1.59977480624028,77.3117486053111,19.0794181918223,8.70963589956081
600,0.06,1.52775687632736,74.7508587226455,17.4666600836363,8.01678063387679
600,0.08,1.45892795997879,72.2188080142043,16.1137284932168,7.37904230129101
601,0,1.77381474004179,83.1401104028146,24.4463255407668,1.15877735615513
601,0.01,1.76487310928213,82.8527182323961,24.0889608507491,10.8642562361707
601,0.02,1.73130578260698,81.7623923520407,22.8520504231329,10.2801629812647
601,0.04,1.66721437774785,79.6296599395282,20.8434348798774,9.20449571753171
601,0.06,1.60658002232864,77.5491304847457,19.2447832660162,8.39459986519397
601,0.08,1.54880747852613,75.5086689315471,17.9144109415957,7.72680585095702
602,0,1.75818688786159,82.6369823072191,23.8299705304182,1.20226443461741
602,0.01,1.76058681127502,82.7144999519262,23.9221509516503,10.2801629812647
602,0.02,1.72685398154338,81.6164239551425,22.6989500607507,9.72747223776965
602,0.04,1.66215027958264,79.4582558082751,20.7002519624663,8.79022516830884
602,0.06,1.60061069725392,77.3409489250986,19.0995947777187,8.01678063387679
602,0.08,1.54165953989633,75.2522111371712,17.7603722741936,7.31139083483417
603,0,1.74092870057668,82.0768177411779,23.191202550609,1.23594743344451
603,0.01,1.74868076951947,82.3290263729686,23.4730547407679,1.21338885046498
603,0.02,1.72236918568369,81.4690483235959,22.5470355494267,9.3756200692588
603,0.04,1.65694746166696,79.2817115091595,20.5551616773355,8.39459986519397
603,0.06,1.59446628608412,77.12602708246,18.9521489913273,7.65596606911256
603,0.08,1.53440274989605,74.9909396081827,17.6061125958372,7.04693068967147
604,0,1.66255282784459,79.4718964465462,20.7115620903424,12.5892541179417
604,0.01,1.60498576474921,77.4935897413818,19.2058161483432,11.8032063565173
604,0.02,1.55004889587692,75.5531188621058,17.9413802581234,11.1686324778056
604,0.04,1.44723917564145,71.7804712637106,15.8986832148269,10.0925288607668
604,0.06,1.35247660732323,68.1361273237909,14.2822058723989,9.20449571753171
604,0.08,1.2643520425535,64.6001853192313,12.9425391084566,8.55066712884683
605,0,1.65242165276961,79.1277723452449,20.4305638996839,12.0226443461741
605,0.01,1.59462613126119,77.1316263765405,18.9559595478122,11.2719745617551
605,0.02,1.53936154369568,75.1695738111953,17.7112947140786,10.6659612123026
605,0.04,1.43558844376366,71.3411332890301,15.6881047191713,9.72747223776965
605,0.06,1.33956599190851,67.6270061536072,14.0772120256898,8.87156012037961
605,0.08,1.24999572501885,64.0105902805355,12.7363810172893,8.24138115013002
606,0,1.64399321919395,78.8401775411026,20.2023858033509,11.5877735615513
606,0.01,1.58585686187659,76.8237981927091,18.748849593347,10.9647819614319
606,0.02,1.53016657542619,74.8379976350754,17.517025775704,10.3752841581801
606,0.04,1.42540737438666,70.9552243796187,15.5070436090949,9.3756200692588
606,0.06,1.32820027704227,67.1762843987432,13.8993926401152,8.6297854776697
606,0.08,1.2373230331556,63.4869683456109,12.5569081300901,8.01678063387679
607,0,1.71512374408416,81.2302631240102,22.3063406213156,12.0226443461741
607,0.01,1.66658130494461,79.6082557109814,20.8254274464892,11.3762728582343
607,0.02,1.62000191621548,78.0150113991566,19.5785478763315,10.6659612123026
607,0.04,1.53213916043852,74.9092543529481,17.5584221982538,9.6382902362397
607,0.06,1.45034677329424,71.8972459527843,15.9554792748426,8.79022516830884
607,0.08,1.37357392936813,68.9615442044883,14.6244081584208,8.09095899178382
608,0,1.70789544924017,80.9911895937009,22.0717831387973,11.3762728582343
608,0.01,1.65921911839832,79.3588498800789,20.6182638846275,10.7646521362983
608,0.02,1.61238989807819,77.7511694068542,19.3879906395677,10.1859138805412
608,0.04,1.5237222666035,74.6047332668984,17.3828278526287,9.20449571753171
608,0.06,1.44079794498282,71.5378787179137,15.7818082286,8.39459986519397
608,0.08,1.36267701404374,68.5362224812867,14.4465114603553,7.72680585095702
609,0,1.69792333474781,80.65996131055,21.7568144968856,1.22461619926505
609,0.01,1.65256385937951,79.1326145158697,20.4344565093951,10.3752841581801
609,0.02,1.6053816024873,77.5073839701568,19.2154781929531,9.81747943019984
609,0.04,1.51582470973176,74.3178758703565,17.2204918501804,8.87156012037961
609,0.06,1.4318197755342,71.1985002892633,15.6207671695324,8.16582371358592
609,0.08,1.35242244631405,68.1339978789432,14.2813390598832,7.51622894018205
610,0,1.72472194836088,81.546403614455,22.6264454460015,1.15877735615513
610,0.01,1.71150533847276,81.1106922290694,22.1882461686245,10.9647819614319
610,0.02,1.67110275052728,79.7609799578302,20.9547259719945,10.3752841581801
610,0.04,1.59450199482912,77.1272779792175,18.9530001381256,9.28966386779936
610,0.06,1.5227034874224,74.5677901601605,17.361756563631,8.47227414140596
610,0.08,1.45489757319634,72.0679411485228,16.039141218478,7.79830110523259
611,0,1.70658170363913,80.9476461421656,22.0297277295957,1.19124200802737
611,0.01,1.70647643606019,80.9441558775257,22.0263654297698,10.3752841581801
611,0.02,1.66593511017689,79.5864009542534,20.8070787922218,9.81747943019984
611,0.04,1.58873989281695,76.9251465205007,18.8165079601728,8.87156012037961
611,0.06,1.51602421064286,74.3251356425195,17.224564401006,8.09095899178382
611,0.08,1.44703979409018,71.7729731851325,15.8950483786495,7.44731973905989
612,0,1.68675338166709,80.2870062014479,21.4151539205991,1.22461619926505
612,0.01,1.6956897867719,80.5855493084978,21.6875796279787,1.20226443461741
612,0.02,1.66071825213753,79.4097086399554,20.6601161563867,9.46237161365793
612,0.04,1.58279807091034,76.7161156694998,18.6775204764446,8.55066712884683
612,0.06,1.50914167219556,74.0742791916125,17.084894769983,7.79830110523259
612,0.08,1.43904492116742,71.4717271046817,15.7501952844726,7.17794291271362
613,0,1.60479318897524,77.4868778603434,19.2011186632853,12.7057410520854
613,0.01,1.53888398064765,75.1523888329618,17.7011222969277,12.0226443461741
613,0.02,1.47639809112621,72.8694162586573,16.4425656322279,11.3762728582343
613,0.04,1.36050925075003,68.4513539805458,14.4114165763358,10.2801629812647
613,0.06,1.25489966963202,64.2124177192903,12.8064570056057,9.3756200692588
613,0.08,1.15765925450598,60.1270600158134,11.477549087176,8.70963589956081
614,0,1.59348152045736,77.091521626408,18.9287024653338,12.1338885046498
614,0.01,1.52748133901728,74.7408883583805,17.4609152068978,11.4815362149688
614,0.02,1.46477235333238,72.4370637177256,16.2227233388366,10.8642562361707
614,0.04,1.34811761835106,67.9645740190664,14.2126292530151,9.90831944892768
614,0.06,1.24143586170744,63.6572321536289,12.614902507899,9.1201083935591
614,0.08,1.14294590598252,59.4935963955192,11.2865734503339,8.39459986519397
615,0,1.58412064003275,76.7626954324357,18.7083050496664,11.6949939101987
615,0.01,1.51786105799506,74.3919451540377,17.2621294390513,11.0662378397767
615,0.02,1.45480852289583,72.0646045180031,16.0374984872205,10.5681750921366
615,0.04,1.33730973742099,67.5377196207597,14.0417185281005,9.6382902362397
615,0.06,1.22959212391972,63.1660735724985,12.4485392646985,8.87156012037961
615,0.08,1.12997071179294,58.9316245146294,11.1201280199661,8.24138115013002
616,0,1.66485244089686,79.549768756826,20.7764086488394,12.1338885046498
616,0.01,1.6088304402089,77.6274569906873,19.3000285207777,11.4815362149688
616,0.02,1.55537357870398,75.7434705007255,18.0577994845101,10.8642562361707
616,0.04,1.45533842421827,72.0844573374233,16.0472770289774,9.81747943019984
616,0.06,1.36312929790506,68.5539187231919,14.4538458772239,8.95364765549594
616,0.08,1.27739246333034,65.1324352814845,13.1325192760914,8.24138115013002
617,0,1.65671060499173,79.2736636384595,20.548604079958,11.4815362149688
617,0.01,1.60064115850886,77.342012808337,19.1003307546787,10.8642562361707
617,0.02,1.54700869222728,75.4442145525134,17.8754476823354,10.2801629812647
617,0.04,1.44628292663423,71.7445034477728,15.8812602738692,9.3756200692588
617,0.06,1.35304197072622,68.1583524846722,14.2912576487148,8.55066712884683
617,0.08,1.26607254415793,64.6705882241286,12.9674538415718,7.94328234724282
618,0,1.64925864341873,79.0199836532034,20.3443533590006,1.20226443461741
618,0.01,1.59324252059468,77.083144751051,18.9230196564734,10.471285480509
618,0.02,1.53931147237526,75.1677721942941,17.7102277306076,9.90831944892768
618,0.04,1.43776963218809,71.4235686006571,15.7272494277783,9.03649473722302
618,0.06,1.34355056472497,67.7844599002423,14.1401323279279,8.31763771102671
618,0.08,1.25543722407016,64.2345143124399,12.8141601002205,7.65596606911256
619,0,1.67885442470031,80.0220246716394,21.1802132008017,1.14815362149688
619,0.01,1.66032899017688,79.3965063610709,20.649232782904,11.0662378397767
619,0.02,1.61365213429951,77.7949880053891,19.419356515299,10.471285480509
619,0.04,1.52575969851927,74.6785604903069,17.4250850234318,9.46237161365793
619,0.06,1.44411994860144,71.6630861308485,15.8419435849753,8.6297854776697
619,0.08,1.36766603947621,68.7312191252784,14.5276502091192,7.94328234724282
620,0,1.65872373927379,79.3420356914289,20.6044707718949,1.16949939101987
620,0.01,1.65469409042493,79.205108958394,20.4929404007613,10.471285480509
620,0.02,1.60793214641384,77.5962019124856,19.2779425232814,9.90831944892768
620,0.04,1.51952510052622,74.4524184396865,17.2962672452636,8.95364765549594
620,0.06,1.43702636091028,71.395487153862,15.7138960661758,8.24138115013002
620,0.08,1.35943486540416,68.4092597888337,14.3940585692881,7.58577575029184
621,0,1.63692881503379,78.598208388465,20.014860362741,1.20226443461741
621,0.01,1.64680792450796,78.9363531765608,20.2780387804651,1.19124200802737
621,0.02,1.60213630175558,77.3942124309307,19.1365165386757,9.54992586021436
621,0.04,1.51305618795996,74.2170582855789,17.1641248934289,8.6297854776697
621,0.06,1.42965447373329,71.1164348164644,15.5822465837948,7.94328234724282
621,0.08,1.35102043092209,68.0788563063658,14.2589210195732,7.31139083483417
622,0,1.7293161967081,81.6971963165706,22.7833387472989,12.8233058265602
622,0.01,1.68115058522578,80.0991589061831,21.2479591866915,12.0226443461741
622,0.02,1.63482518546661,78.5259930434919,19.959654224456,11.3762728582343
622,0.04,1.54719112934033,75.4507542237165,17.879393269727,10.2801629812647
622,0.06,1.465272182086,72.4557013524347,16.2320914886334,9.3756200692588
622,0.08,1.38807978283801,69.5243811996425,14.8651765309835,8.6297854776697
623,0,1.72148434581036,81.4399328265392,22.5173317288676,12.2461619926505
623,0.01,1.67305418128602,79.8267900090535,21.0110309420774,11.5877735615513
623,0.02,1.62635630804565,78.2345115239822,19.7402563767702,10.8642562361707
623,0.04,1.53767875252557,75.1090013823808,17.6754907978669,9.81747943019984
623,0.06,1.45444031927262,72.0508067760304,16.0307085486593,9.03649473722302
623,0.08,1.37570504911625,69.0444723967128,14.6594934161222,8.31763771102671
624,0,1.71517020089117,81.2317969084141,22.3078658213895,11.8032063565173
624,0.01,1.66637712885119,79.6013510839394,20.8196263903099,11.1686324778056
624,0.02,1.6192679434509,77.9896137472832,19.560025829969,10.5681750921366
624,0.04,1.52959042277456,74.8171721680439,17.50496314477,9.54992586021436
624,0.06,1.44515117640273,71.7019133191046,15.8606722866368,8.79022516830884
624,0.08,1.36507066650206,68.6298351998346,14.4853759412318,8.09095899178382
625,0,1.77163543393917,83.0701830109527,24.3580197848749,12.2461619926505
625,0.01,1.73130063388787,81.7622237183082,22.8518720002815,11.4815362149688
625,0.02,1.69233006467184,80.4734636189285,21.5843091257694,10.8642562361707
625,0.04,1.61811707543083,77.9497719145896,19.5310475168462,9.72747223776965
625,0.06,1.54811860311637,75.4839916752952,17.8994733195926,8.87156012037961
625,0.08,1.48160941064507,73.0624434722896,16.5424587725816,8.16582371358592
626,0,1.76615440472214,82.8939785508381,24.1393785460682,11.5877735615513
626,0.01,1.72565661498848,81.5771090725608,22.6581666317287,10.9647819614319
626,0.02,1.68643026696889,80.2761870855266,21.4054377379373,10.3752841581801
626,0.04,1.61140075212129,77.7168122592142,19.3634745690859,9.28966386779936
626,0.06,1.54027998830646,75.2026126457914,17.7308840226265,8.47227414140596
626,0.08,1.47239572729328,72.720842052679,16.3664181843303,7.87045789695099
627,0,1.76144813067281,82.7422981201313,23.9554450658576,11.2719745617551
627,0.01,1.72069357393122,81.4139018391909,22.4908595293237,10.5681750921366
627,0.02,1.68113853510041,80.0987543375685,21.2476024981482,10
627,0.04,1.60526239998103,77.5032302590224,19.2125676587203,9.03649473722302
627,0.06,1.53308609916905,74.9434370179359,17.5783483447886,8.24138115013002
627,0.08,1.46397445467956,72.4073024366789,16.2077838660772,7.58577575029184
628,0,1.79599420783537,83.8474947728453,25.3936608584758,1.19124200802737
628,0.01,1.7677946956756,82.946760985157,24.2043018833717,11.1686324778056
628,0.02,1.73419707015652,81.8570215848883,22.9527494034295,10.471285480509
628,0.04,1.66991639001942,79.7209402390594,20.9206441938636,9.46237161365793
628,0.06,1.60897089645802,77.6323427615508,19.3034859505421,8.55066712884683
628,0.08,1.55074042247441,75.5778679350269,17.956431598249,7.87045789695099
629,0,1.78516189836174,83.5029865016576,24.9194630724268,1.21338885046498
629,0.01,1.7640221379671,82.8253007279169,24.0556181392346,10.5681750921366
629,0.02,1.73027811840258,81.7287252018351,22.8165006406871,10
629,0.04,1.66543598610796,79.5695154763993,20.7929282680617,8.95364765549594
629,0.06,1.60359560654618,77.445124122271,19.1719517904321,8.16582371358592
629,0.08,1.5442195208898,75.3441615358439,17.8152978534098,7.51622894018205
630,0,1.77350733797116,83.1302513750434,24.4338212534567,1.24738351424294
630,0.01,1.76040055195197,82.7084870684128,23.9149658899687,10.1859138805412
630,0.02,1.72641975265972,81.6021689757147,22.6841407081891,9.6382902362397
630,0.04,1.66092638958709,79.4167668309839,20.6659401196175,8.70963589956081
630,0.06,1.59822059120082,77.2574232941121,19.0420021828249,7.87045789695099
630,0.08,1.53778833842434,75.1129474499212,17.6778189506403,7.2443596007499
631,0,1.66931174044943,79.7005242971928,20.9033166815559,12.9419584144999
631,0.01,1.61180077155858,77.7307085954959,19.373382371161,12.2461619926505
631,0.02,1.55686661698154,75.7967569062128,18.0906622194397,11.4815362149688
631,0.04,1.45392220078097,72.0313871616813,16.0211606048844,10.3752841581801
631,0.06,1.35888452062287,68.3876892506311,14.3851762024958,9.46237161365793
631,0.08,1.27036568600156,64.8460249317079,13.0298213419561,8.79022516830884
632,0,1.66014606372404,79.3903013221006,20.6441222505464,12.3594743344451
632,0.01,1.60243552809138,77.404654684862,19.1437730015789,11.6949939101987
632,0.02,1.54718376154849,75.4504901278086,17.8792338988187,11.0662378397767
632,0.04,1.44330263274068,71.6322995280327,15.8271205438742,10
632,0.06,1.34703846021899,67.9220488732381,14.1954620244945,9.1201083935591
632,0.08,1.25705860815889,64.3011301752144,12.8374203668402,8.47227414140596
633,0,1.6527752519252,79.1398118600472,20.4402456052754,12.0226443461741
633,0.01,1.59475619194727,77.1361820133739,18.9590610542294,11.2719745617551
633,0.02,1.53912643929552,75.1611141381022,17.7062856849963,10.7646521362983
633,0.04,1.43430211354134,71.2924780872886,15.6650788197808,9.72747223776965
633,0.06,1.33689936023543,67.5214697963548,14.0352732350733,8.95364765549594
633,0.08,1.24569845253562,63.8333650411917,12.675263395448,8.31763771102671
634,0,1.71984779358571,81.3860487924461,22.4626224566801,12.3594743344451
634,0.01,1.67130201778087,79.767702944107,20.9604614980785,11.5877735615513
634,0.02,1.62467261751326,78.1764181507783,19.6971707375795,10.9647819614319
634,0.04,1.53659534647034,75.069977877338,17.6524996091681,9.90831944892768
634,0.06,1.45442565283036,72.0502571284948,16.0304381688863,9.03649473722302
634,0.08,1.37713582090408,69.1001016942951,14.6831034403877,8.31763771102671
635,0,1.71337018811431,81.1723432317778,22.2489377562507,11.6949939101987
635,0.01,1.66471826487165,79.545227542444,20.7726139466648,11.0662378397767
635,0.02,1.61786431588724,77.941018643338,19.5246936151907,10.471285480509
635,0.04,1.5290047882854,74.7959980384669,17.4927151130047,9.46237161365793
635,0.06,1.44571529046909,71.7231449720485,15.8709298351876,8.6297854776697
635,0.08,1.36708598367199,68.7085708452211,14.51818986724,7.94328234724282
636,0,1.70782658333578,80.9889077686917,22.069574292002,11.2719745617551
636,0.01,1.65893117583337,79.3490770139769,20.6102443309175,10.6659612123026
636,0.02,1.61176430362733,77.7294418429743,19.3724787450629,10.0925288607668
636,0.04,1.52208769621951,74.5454514595587,17.3490390744681,9.1201083935591
636,0.06,1.43776144919676,71.4232594938502,15.7271023345514,8.39459986519397
636,0.08,1.35792154555972,68.349932559972,14.3696489615418,7.72680585095702
637,0,1.75058061178613,82.3906888839182,23.5433658923778,1.18032063565173
637,0.01,1.71499615108633,81.2260504245433,22.3021528609671,11.1686324778056
637,0.02,1.67452143783429,79.8762301607303,21.0535679337747,10.5681750921366
637,0.04,1.59765703151236,77.2377147152878,19.0284668681387,9.54992586021436
637,0.06,1.5254581182872,74.6676371732508,17.4188202333641,8.6297854776697
637,0.08,1.45709580690806,72.1502620849669,16.0797643888945,7.94328234724282
638,0,1.73784121303501,81.976098346755,23.0811285869411,1.21338885046498
638,0.01,1.71056107099661,81.0794535483807,22.1576528276874,10.6659612123026
638,0.02,1.66997661674395,79.7229734567833,20.9223716994965,10.0925288607668
638,0.04,1.59256583999392,77.059422001113,18.9069459572819,9.03649473722302
638,0.06,1.51946098163666,74.4500891806557,17.2949499579818,8.24138115013002
638,0.08,1.44992920307559,71.8815648762625,15.947831877574,7.65596606911256
639,0,1.72419811527026,81.5291885597378,22.6087109264468,1.23594743344451
639,0.01,1.70630065416938,80.9383272273756,22.0207533413866,10.2801629812647
639,0.02,1.66548177843654,79.5710648137018,20.7942257137035,9.72747223776965
639,0.04,1.58740395883002,76.8782015934567,18.7851045286328,8.79022516830884
639,0.06,1.51341100868996,74.2299868269854,17.1713335722936,8.01678063387679
639,0.08,1.44281355841341,71.6138713956718,15.8182592948328,7.37904230129101
640,0,1.61239384771968,77.751306561028,19.3880886436675,13.0617088813184
640,0.01,1.54646576920225,75.4247494269498,17.8637140211676,12.3594743344451
640,0.02,1.48390513567456,73.147324583548,16.5867356708734,11.6949939101987
640,0.04,1.3677222871864,68.733414991704,14.5285679483794,10.5681750921366
640,0.06,1.26165897965322,64.4898753310392,12.9036310870151,9.6382902362397
640,0.08,1.16388249492747,60.3937811473194,11.5590605931859,8.95364765549594
641,0,1.60213908852739,77.3943096893609,19.136584097581,12.4738351424294
641,0.01,1.53612771479805,75.0531278095564,17.6425903285369,11.8032063565173
641,0.02,1.47335540133309,72.7564925907108,16.3846317836391,11.1686324778056
641,0.04,1.35639663501506,68.2901087175166,14.3450994187254,10.1859138805412
641,0.06,1.24925597193663,63.9801062485365,12.7258407922181,9.3756200692588
641,0.08,1.15020579918399,59.8066648517562,11.3805032722923,8.6297854776697
642,0,1.59390385272838,77.1063218637884,18.9387517008796,12.1338885046498
642,0.01,1.52765905006131,74.7473190143549,17.4646201007302,11.4815362149688
642,0.02,1.46457464167791,72.4296902117846,16.2190197265659,10.8642562361707
642,0.04,1.34681013290415,67.9130487149334,14.1918327254428,9.90831944892768
642,0.06,1.23866218226226,63.5424411690983,12.5757649428387,9.1201083935591
642,0.08,1.13848262394191,59.300639463763,11.2291137465511,8.47227414140596
643,0,1.67023638906277,79.7317425225545,20.9298261351101,12.4738351424294
643,0.01,1.61416511462818,77.8127884221822,19.4321299531584,11.6949939101987
643,0.02,1.56060687704001,75.9300772542827,18.173415418287,11.0662378397767
643,0.04,1.46022527169795,72.2673078997749,16.1378365238688,10
643,0.06,1.36752050529367,68.7255373180108,14.5252759768896,9.1201083935591
643,0.08,1.28117110990818,65.2860753995558,13.1880671143047,8.39459986519397
644,0,1.66292074031272,79.4843610652751,20.7219097981467,11.8032063565173
644,0.01,1.60682526011523,77.5576702427304,19.250789888411,11.1686324778056
644,0.02,1.55310789904523,75.662534914944,18.0081143555997,10.5681750921366
644,0.04,1.45206338822477,71.9616775633306,15.9869688384055,9.54992586021436
644,0.06,1.35832858803753,68.3658940973645,14.3762099120489,8.79022516830884
644,0.08,1.27070837025198,64.860013842861,13.0348118657175,8.09095899178382
645,0,1.65667106375834,79.2723200227945,20.5475097434972,11.4815362149688
645,0.01,1.600383017822,77.332996541511,19.0940953756585,10.7646521362983
645,0.02,1.54638996991323,75.4220314291748,17.8620768204045,10.2801629812647
645,0.04,1.44458629051882,71.6806469189684,15.8504094672391,9.28966386779936
645,0.06,1.34990898879858,68.0351175543946,14.2411769414714,8.55066712884683
645,0.08,1.26118295527078,64.4703630462376,12.8967651522036,7.87045789695099
646,0,1.70762996659543,80.9823925793583,22.0632705257109,1.16949939101987
646,0.01,1.66430984616965,79.5314026858025,20.7610717293533,11.2719745617551
646,0.02,1.6175271809702,77.9293416994648,19.5162245224,10.6659612123026
646,0.04,1.52928687010134,74.806197701324,17.4986129582721,9.6382902362397
646,0.06,1.44713567366842,71.7765789865537,15.8967961791223,8.79022516830884
646,0.08,1.37002387549666,68.8232178421367,14.5661777459362,8.09095899178382
647,0,1.6932774933519,80.5050901550764,21.613325894155,1.20226443461741
647,0.01,1.65934225020419,79.3630285923089,20.6216951323497,10.7646521362983
647,0.02,1.6124944449211,77.7547997827993,19.390585104505,10.1859138805412
647,0.04,1.52376981215176,74.6064569268631,17.3838121831628,9.20449571753171
647,0.06,1.44076022784904,71.5364560135472,15.7811271883402,8.39459986519397
647,0.08,1.36252921880537,68.5304389773873,14.4441156678867,7.72680585095702
648,0,1.67803068334566,79.9943317096674,21.156017241919,1.22461619926505
648,0.01,1.65455264981426,79.2002979067701,20.4890471457425,10.3752841581801
648,0.02,1.60749612313485,77.581026050897,19.2672384459668,9.81747943019984
648,0.04,1.51815168598826,74.4025104145353,17.2680843302973,8.87156012037961
648,0.06,1.43431563809587,71.2929898052622,15.6653206878572,8.16582371358592
648,0.08,1.35504493778547,68.2370447726551,14.3233777133621,7.51622894018205
649,0,1.71996763576126,81.3899961160493,22.4666186885221,12.1338885046498
649,0.01,1.67184445039004,79.786000489422,20.9760904350582,11.3762728582343
649,0.02,1.62567524801618,78.2110182715156,19.7228071241395,10.7646521362983
649,0.04,1.5385618992985,75.1407965821415,17.6942669178894,9.6382902362397
649,0.06,1.45743472254917,72.1629463660632,16.0860398494243,8.79022516830884
649,0.08,1.38127315428077,69.2607547090526,14.7516259308926,8.09095899178382
650,0,1.70878778565397,81.0207495388086,22.1004479463318,11.4815362149688
650,0.01,1.66024572590209,79.3936820269793,20.6469062665307,10.7646521362983
650,0.02,1.61355639875383,77.7916654879154,19.4169743351315,10.1859138805412
650,0.04,1.5251973000618,74.658188985986,17.4134049789045,9.20449571753171
650,0.06,1.44260451333685,71.6059933529983,15.814473719219,8.47227414140596
650,0.08,1.36482045670295,68.6200546924416,14.481307859975,7.79830110523259
651,0,1.69928582506302,80.7053132502042,21.7992797634622,11.0662378397767
651,0.01,1.65020467647433,79.0522400114559,20.3700643627534,10.3752841581801
651,0.02,1.60293247336617,77.4219934689296,19.1558350395196,9.90831944892768
651,0.04,1.51325776390923,74.2244033442726,17.1682196351219,8.95364765549594
651,0.06,1.42920930301545,71.0995523141061,15.5743421415688,8.16582371358592
651,0.08,1.34986027881307,68.0332001471667,14.2403998502248,7.58577575029184
652,0,1.75510105168475,82.5371739847235,23.7126941694502,1.13762728582343
652,0.01,1.72558504761256,81.5747584589952,22.6557342059069,10.9647819614319
652,0.02,1.68687982192534,80.2912394359187,21.4189585241712,10.3752841581801
652,0.04,1.61340771419482,77.7865050582502,19.4132756734365,9.28966386779936
652,0.06,1.5444555943412,75.3526351821951,17.8203764433251,8.47227414140596
652,0.08,1.47925682926344,72.9753634294471,16.4972581049104,7.79830110523259
653,0,1.73557596586613,81.9021039289469,23.0011329176062,1.16949939101987
653,0.01,1.71676818661479,81.2845334203706,22.3604688448129,10.3752841581801
653,0.02,1.67763445437143,79.9810070780364,21.1443988241046,9.81747943019984
653,0.04,1.6030795884086,77.4271256137667,19.1594084465358,8.87156012037961
653,0.06,1.53279939191347,74.9330890874894,17.5723115519514,8.09095899178382
653,0.08,1.46607801085438,72.485739777602,16.2472105167969,7.44731973905989
654,0,1.71382392563993,81.1873349793847,22.2637597568186,1.21338885046498
654,0.01,1.7088134534218,81.0215996283234,22.1012736771,9.90831944892768
654,0.02,1.66917895138377,79.6960398722117,20.8995151911147,9.3756200692588
654,0.04,1.59346407786665,77.0909103017057,18.9282876246731,8.47227414140596
654,0.06,1.52185559580207,74.5370299668049,17.3442493479743,7.72680585095702
654,0.08,1.45365362874881,72.0213189220784,16.0162143314516,7.17794291271362
655,0,1.75435344210702,82.5129703039649,23.6844894508938,1.12719745617551
655,0.01,1.76146372294068,82.7428012345797,23.9560488184068,1.11686324778056
655,0.02,1.73072530851386,81.7433776328692,22.8319547268962,10.0925288607668
655,0.04,1.66726817838883,79.6314786351212,20.8449666472588,9.03649473722302
655,0.06,1.60741617770845,77.5782431866999,19.2652769894495,8.24138115013002
655,0.08,1.55057345519429,75.5718930952807,17.9527956397082,7.58577575029184
656,0,1.73028304249224,81.7288865600072,22.8166706789012,1.15877735615513
656,0.01,1.73826236901575,81.9898462829816,23.0960722342995,1.14815362149688
656,0.02,1.72383357093933,81.5172056792234,22.5963875693221,9.54992586021436
656,0.04,1.65949505769076,79.3682140536722,20.6259549006973,8.55066712884683
656,0.06,1.59851417555101,77.2676882601915,19.0490600379727,7.79830110523259
656,0.08,1.54032825457394,75.2043485029626,17.7319144249594,7.17794291271362
657,0,1.70268003346671,80.8181605794641,21.9058421786594,1.21338885046498
657,0.01,1.71172680663161,81.1180168288378,22.1954348877356,1.19124200802737
657,0.02,1.71718501482171,81.298282681942,22.3742352104882,9.1201083935591
657,0.04,1.65187547878919,79.1091718413083,20.4156269075518,8.24138115013002
657,0.06,1.58974222456427,76.9603485631006,18.8401288538703,7.51622894018205
657,0.08,1.53024596453484,74.8408667597086,17.5186889123263,6.91830970918936
658,0,1.65836719825611,79.3299314210951,20.5945546353818,12.2461619926505
658,0.01,1.60103823423642,77.3558795436052,19.1099291037203,11.4815362149688
658,0.02,1.5463965648242,75.4222679123097,17.8622192554471,10.8642562361707
658,0.04,1.4443002795815,71.6698772190185,15.8452165726321,9.81747943019984
658,0.06,1.35039466626439,68.0542332674815,14.2489277298187,8.95364765549594
658,0.08,1.26326357525882,64.5556169858675,12.9268002233815,8.24138115013002
659,0,1.64531211928686,78.8852595606759,20.2377674016434,11.5877735615513
659,0.01,1.58763298372781,76.8862517330669,18.7904817554423,10.9647819614319
659,0.02,1.53255081613282,74.9241162510964,17.567080241383,10.3752841581801
659,0.04,1.42935322954926,71.1050109237726,15.5768971358434,9.46237161365793
659,0.06,1.33410472785964,67.4107279788189,13.9914661191639,8.6297854776697
659,0.08,1.24550381703032,63.8253299166819,12.6725015447709,8.01678063387679
660,0,1.63426302462651,78.5066820568493,19.9449497315989,11.1686324778056
660,0.01,1.5761037774812,76.4798880177187,18.5230113392631,10.5681750921366
660,0.02,1.52049686744221,74.4877111936548,17.3162502697551,10
660,0.04,1.41608093518507,70.6000763626295,15.3435099305911,9.1201083935591
660,0.06,1.31951483066881,66.8302567652436,13.765118975547,8.39459986519397
660,0.08,1.22948982668723,63.1618199852815,12.4471108712889,7.79830110523259
661,0,1.70364655181627,80.8502598734184,21.9363909880612,1.12719745617551
661,0.01,1.66458805017976,79.5408201137047,20.7689325959607,11.0662378397767
661,0.02,1.61832797471569,77.9570747026964,19.5363520093642,10.471285480509
661,0.04,1.53124291944342,74.8768873815861,17.5395950713444,9.46237161365793
661,0.06,1.45037614044009,71.898348664463,15.9560172896949,8.55066712884683
661,0.08,1.37466676135103,69.0040798446761,14.6423876077342,7.87045789695099
662,0,1.6812636942721,80.1029562907156,21.2513078601596,1.15877735615513
662,0.01,1.65427660790396,79.190907477557,20.4814530481738,10.471285480509
662,0.02,1.60762220303333,77.5854146144816,19.2703325327932,9.90831944892768
662,0.04,1.51949116118555,74.4511855277992,17.2955699612894,8.95364765549594
662,0.06,1.43734047321113,71.4073558014539,15.7195375020912,8.16582371358592
662,0.08,1.36015890314287,68.4376297456493,14.4057536906885,7.58577575029184
663,0,1.6567048462156,79.273467956207,20.5484446939421,1.19124200802737
663,0.01,1.64501455411048,78.8750908765005,20.2297743807843,10.0925288607668
663,0.02,1.5978663300234,77.2450348494425,19.0334917356192,9.54992586021436
663,0.04,1.50860523567699,74.0546921137204,17.0740796446485,8.6297854776697
663,0.06,1.42516388196072,70.9459721344601,15.5027461583224,7.94328234724282
663,0.08,1.3465724803858,67.9036799664459,14.1880562850841,7.31139083483417
664,0,1.70272510549472,80.8196578188318,21.9072647413536,1.11686324778056
664,0.01,1.71051546487314,81.0779444172276,22.1561775649048,10.7646521362983
664,0.02,1.67043141554878,79.7383252437866,20.9354261353169,10.1859138805412
664,0.04,1.59459433461456,77.1305125911743,18.9552014398977,9.20449571753171
664,0.06,1.52371357984058,74.6044183430211,17.3826480206624,8.31763771102671
664,0.08,1.45697422109881,72.145711107059,16.0775138755779,7.65596606911256
665,0,1.67519192214282,79.8988106769832,21.0730640370192,1.14815362149688
665,0.01,1.68436096996969,80.206858248944,21.3434294575352,1.13762728582343
665,0.02,1.66236958225385,79.4656873721987,20.7064120442869,9.6382902362397
665,0.04,1.58565209827868,76.8165946444585,18.7440601097715,8.70963589956081
665,0.06,1.51363168364472,74.2380264088197,17.1758191766618,7.94328234724282
665,0.08,1.44554829328332,71.7168602642618,15.8678923352946,7.31139083483417
666,0,1.64413762349627,78.8451149228217,20.2062539068844,1.19124200802737
666,0.01,1.65438283140904,79.1945211531086,20.4843746777846,1.18032063565173
666,0.02,1.65460555633393,79.2020975421804,20.4905032669207,9.20449571753171
666,0.04,1.5768947706377,76.5078406000509,18.5411554144599,8.31763771102671
666,0.06,1.50371001019395,73.8757176749445,16.9758527681217,7.58577575029184
666,0.08,1.43432715865894,71.2934256971959,15.6655267211092,7.04693068967147
667,0,1.60013784823563,77.3244322743828,19.0881766276576,12.3594743344451
667,0.01,1.53456571035201,74.9968168529259,17.609553686279,11.6949939101987
667,0.02,1.47246133900771,72.723279955674,16.367662530082,11.0662378397767
667,0.04,1.35745702873272,68.3317135661066,14.3621657142952,10
667,0.06,1.25286775486301,64.1288459648761,12.777378541921,9.20449571753171
667,0.08,1.15675808985496,60.0883773745058,11.4657823748966,8.47227414140596
668,0,1.5855585180104,76.8133022675879,18.741871935436,11.8032063565173
668,0.01,1.51976417896962,74.4611028533163,17.3011803188306,11.1686324778056
668,0.02,1.45733546706821,72.1592318351742,16.0842016639799,10.5681750921366
668,0.04,1.3414350098711,67.7008981124378,14.106687581755,9.6382902362397
668,0.06,1.23571299258577,63.4202301166186,12.5342703192771,8.87156012037961
668,0.08,1.13836983743124,59.2957586679776,11.2276645507521,8.16582371358592
669,0,1.5732729690926,76.3797631371909,18.4583208010377,11.3762728582343
669,0.01,1.50709078203239,73.9993671165316,17.0436013565291,10.7646521362983
669,0.02,1.44423042690143,71.6672467044386,15.8439486484175,10.2801629812647
669,0.04,1.32731628442584,67.1411294062324,13.8856634235925,9.3756200692588
669,0.06,1.22043948144731,62.7847320669695,12.3213061295577,8.6297854776697
669,0.08,1.12186015345856,58.5787555071269,11.0169952073718,8.01678063387679
670,0,1.6563165556978,79.2602726320461,20.5377035369274,1.11686324778056
670,0.01,1.60661817877749,77.5504592494364,19.2457176148094,11.1686324778056
670,0.02,1.55354510667095,75.678159953015,18.0176849025341,10.5681750921366
670,0.04,1.45439848534031,72.0492389747904,16.0299373451338,9.54992586021436
670,0.06,1.36324714500669,68.5585290450611,14.4557576265431,8.70963589956081
670,0.08,1.27871473068393,65.1862287679675,13.151931382679,8.01678063387679
671,0,1.63180693587938,78.4222496712042,19.8809430104523,1.14815362149688
671,0.01,1.59509218058739,77.1479493538181,18.9670773339979,10.5681750921366
671,0.02,1.54169609164674,75.2535248184687,17.7611546268254,10.0925288607668
671,0.04,1.44163139212403,71.5693101612001,15.7968672124189,9.1201083935591
671,0.06,1.34931802588245,68.0118521188168,14.2317522239966,8.39459986519397
671,0.08,1.26342101228866,64.5620647506598,12.9290755975406,7.72680585095702
672,0,1.60522517437225,77.5019330519899,19.2116588918285,1.18032063565173
672,0.01,1.58475758334838,76.7851173412253,18.723161644703,10.1859138805412
672,0.02,1.5309354005969,74.8657783764688,17.5331422878642,9.6382902362397
672,0.04,1.4298454955423,71.1236779722709,15.5856399402844,8.79022516830884
672,0.06,1.33634356159224,67.4994567637806,14.0265490786167,8.09095899178382
672,0.08,1.24919026407087,63.9773980432672,12.7249049530158,7.51622894018205
673,0,1.65524266103906,79.2237652294362,20.5080538779637,1.10662378397767
673,0.01,1.65921494682258,79.3587083052867,20.6181476572649,10.8642562361707
673,0.02,1.61291210705313,77.769301197461,19.4009561686661,10.2801629812647
673,0.04,1.52589244328508,74.6833680379188,17.4278436514935,9.28966386779936
673,0.06,1.44528606047659,71.7069904902054,15.8631241502651,8.47227414140596
673,0.08,1.37001326971163,68.8228042489439,14.5660041829643,7.79830110523259
674,0,1.62513775130643,78.1924717240454,19.7090561574697,1.13762728582343
674,0.01,1.63521409698268,78.539349568433,19.96983893952,1.12719745617551
674,0.02,1.6038977797364,77.4556616995009,19.1793037496707,9.72747223776965
674,0.04,1.51606968072984,74.3267901863808,17.2254928160804,8.79022516830884
674,0.06,1.43437709403027,71.2953150240192,15.6664198036553,8.01678063387679
674,0.08,1.35781829133575,68.3458831261084,14.3679851840578,7.44731973905989
675,0,1.59175695471748,77.03105421578,18.8877629282057,1.16949939101987
675,0.01,1.60284072585918,77.4187926477877,19.1536070997961,1.15877735615513
675,0.02,1.59523771074838,77.1530456629509,18.9705513385331,9.28966386779936
675,0.04,1.50647148962805,73.9767319409981,17.0311613169688,8.47227414140596
675,0.06,1.42365772158652,70.8887172632068,15.4761972152978,7.72680585095702
675,0.08,1.3458610672966,67.8756284409812,14.1767581089721,7.17794291271362
676,0,1.72600445975106,81.5885327667188,22.6699975278868,12.4738351424294
676,0.01,1.67795852881524,79.9919054463334,21.1539005206676,11.6949939101987
676,0.02,1.63178731562598,78.4215747812791,19.8804332452859,11.0662378397767
676,0.04,1.54454705986212,75.355917995547,17.8223447349858,10
676,0.06,1.46312261105913,72.3755165372284,16.1918550852011,9.1201083935591
676,0.08,1.38650039574938,69.4632850138063,14.8387368756213,8.39459986519397
677,0,1.71571879702099,81.249906299505,22.3258938981558,11.9124200802738
677,0.01,1.66724346644212,79.6306432698494,20.8442630411756,11.1686324778056
677,0.02,1.6205623180558,78.0343968409226,19.5927113720859,10.5681750921366
677,0.04,1.53205830580157,74.9063349320352,17.5567224203685,9.54992586021436
677,0.06,1.44914383727061,71.8520634865372,15.9334618668674,8.70963589956081
677,0.08,1.37086187013272,68.8558906067335,14.5798989895799,8.09095899178382
678,0,1.70717067819121,80.9671709071985,22.048560394886,11.4815362149688
678,0.01,1.65819162617309,79.3239701159763,20.5896750631515,10.8642562361707
678,0.02,1.6109482067559,77.7010879422638,19.352276755599,10.2801629812647
678,0.04,1.52116809970554,74.5120794455295,17.330073656311,9.28966386779936
678,0.06,1.43680501379042,71.3871225521769,15.7099222673977,8.47227414140596
678,0.08,1.35695905698027,68.3121780556731,14.3541483736651,7.87045789695099
679,0,1.76985382944171,83.01296044858,24.2864151682108,12.0226443461741
679,0.01,1.72969405203528,81.7095830614937,22.7963521138654,11.2719745617551
679,0.02,1.69094741533193,80.4272822662654,21.5421095568577,10.6659612123026
679,0.04,1.61725148414687,77.9197912835265,19.5093037630277,9.54992586021436
679,0.06,1.54791055331487,75.4765371881763,17.8949658605637,8.70963589956081
679,0.08,1.48216178913656,73.0828753853185,16.553097040732,7.94328234724282
680,0,1.76206211017828,82.7621064075604,23.9792471125532,11.3762728582343
680,0.01,1.72157673996719,81.4429736353122,22.5204292883348,10.6659612123026
680,0.02,1.68240497537882,80.1412604291525,21.2851571686309,10.0925288607668
680,0.04,1.60762416532586,77.5854829154276,19.2703806957944,9.1201083935591
680,0.06,1.53692964830567,75.0820213676033,17.6595889110058,8.31763771102671
680,0.08,1.46961757670434,72.6175455497823,16.3138497196039,7.65596606911256
681,0,1.75531246067561,82.5440166732167,23.7206844953999,10.8642562361707
681,0.01,1.71440659047962,81.2065816306873,22.2828251995977,10.2801629812647
681,0.02,1.67475633000406,79.8841416882901,21.0603938749269,9.72747223776965
681,0.04,1.59885080280225,77.2794563817622,19.0571583023656,8.79022516830884
681,0.06,1.52683946866014,74.717657031012,17.447543629926,8.01678063387679
681,0.08,1.45805646180104,72.186210304663,16.097560751852,7.37904230129101
682,0,1.78141448782634,83.3833723831838,24.7606582044033,1.15877735615513
682,0.01,1.76698860348675,82.920827352881,24.172342871116,10.9647819614319
682,0.02,1.7336265549499,81.8383598587542,22.9327989841823,10.3752841581801
682,0.04,1.66991191078868,79.720789020537,20.9205157258759,9.28966386779936
682,0.06,1.60966340841677,77.656426891761,19.3205488286619,8.39459986519397
682,0.08,1.55224085602059,75.6315385189495,17.9891588274606,7.72680585095702
683,0,1.76546891228412,82.8719075631089,24.112372973352,1.19124200802737
683,0.01,1.76095995563458,82.7265442475199,23.9365609721905,10.3752841581801
683,0.02,1.72728533434978,81.6305814867412,22.7136829417613,9.72747223776965
683,0.04,1.66269610206877,79.4767507457066,20.7155905256284,8.79022516830884
683,0.06,1.60129458761044,77.3648305258851,19.1161303421849,8.01678063387679
683,0.08,1.54251497774611,75.2829497537847,17.7786962997613,7.37904230129101
684,0,1.74776346684593,82.2992330156568,23.4392836947015,1.23594743344451
684,0.01,1.75534629136521,82.5451116067722,23.7219637449865,9.90831944892768
684,0.02,1.72127834551969,81.4331525958084,22.5104288892463,9.3756200692588
684,0.04,1.65575296388681,79.2411155441471,20.5221326199704,8.47227414140596
684,0.06,1.59321154999308,77.0820591691013,18.9222834710728,7.72680585095702
684,0.08,1.53311674659512,74.944543069948,17.5789938349832,7.11213513653329
685,0,1.66544737094372,79.5699006741061,20.7932508224227,12.5892541179417
685,0.01,1.60812122405838,77.6027817865048,19.2825875503239,11.9124200802738
685,0.02,1.55342268284281,75.6737850724955,18.0150041990618,11.2719745617551
685,0.04,1.45102945576967,71.9228761274278,15.9679924751695,10.0925288607668
685,0.06,1.35664292765539,68.2997739067222,14.3490612988018,9.20449571753171
685,0.08,1.26884131706315,64.7837714951258,13.007643935965,8.55066712884683
686,0,1.65339179044101,79.160799061614,20.4571480717819,12.0226443461741
686,0.01,1.59570933369642,77.1695589052442,18.9818172471275,11.3762728582343
686,0.02,1.54054688854382,75.212210989152,17.7365830660658,10.7646521362983
686,0.04,1.43700594519876,71.3947156906263,15.713529492469,9.72747223776965
686,0.06,1.34124708334726,67.6934712918636,14.1037208315862,8.95364765549594
686,0.08,1.25190213897702,64.0891038207553,12.7635810937793,8.24138115013002
687,0,1.64342097899401,78.820608422142,20.187071328138,11.5877735615513
687,0.01,1.58526546395854,76.8029909572502,18.7350223191768,10.9647819614319
687,0.02,1.52958753502584,74.8170677736302,17.504902717625,10.3752841581801
687,0.04,1.42484763329216,70.9339537020819,15.497166877625,9.46237161365793
687,0.06,1.32774322462122,67.158109932534,13.8922923978787,8.70963589956081
687,0.08,1.2369684105657,63.4722729153892,12.5519188617092,8.01678063387679
688,0,1.71774576009135,81.3167746432436,22.3927842512775,12.1338885046498
688,0.01,1.66942924934302,79.7044924505447,20.9066818892103,11.3762728582343
688,0.02,1.62308125083388,78.1214662618397,19.6566066475327,10.7646521362983
688,0.04,1.53565890215253,75.0362313666551,17.6326647308899,9.6382902362397
688,0.06,1.45425947074843,72.0440289308889,16.0273749853912,8.79022516830884
688,0.08,1.37785631556999,69.1281009045897,14.6950095029002,8.09095899178382
689,0,1.70851858816206,81.0118333513924,22.0917919145575,11.4815362149688
689,0.01,1.65991647683996,79.382512727545,20.6377116661978,10.7646521362983
689,0.02,1.61317049819574,77.7782711708988,19.4073773420464,10.1859138805412
689,0.04,1.52468629730092,74.6396743739432,17.4028027100937,9.20449571753171
689,0.06,1.44197401807702,71.5822278667251,15.8030633473617,8.47227414140596
689,0.08,1.36403995732788,68.5895382547625,14.4686263159859,7.79830110523259
690,0,1.70055020482663,80.7473722087009,21.8388456047378,10.9647819614319
690,0.01,1.65153756009209,79.0976611823634,20.4063959800675,10.3752841581801
690,0.02,1.60431989164455,77.4703792550612,19.1895822140069,9.81747943019984
690,0.04,1.51473312877164,74.2781412546699,17.1982342306502,8.95364765549594
690,0.06,1.43070769454993,71.1563626485377,15.6009680530603,8.16582371358592
690,0.08,1.35137269967557,68.0927144874769,14.2645500732162,7.51622894018205
691,0,1.73376650678292,81.8429382136243,22.937689301706,1.14815362149688
691,0.01,1.71404427182941,81.1946141313195,22.2709655132175,11.0662378397767
691,0.02,1.67386367449669,79.8540708177832,21.0344772632929,10.3752841581801
691,0.04,1.59767711485366,77.2384171547581,19.02894893105,9.3756200692588
691,0.06,1.52629807454454,74.6980566657387,17.4362773999444,8.55066712884683
691,0.08,1.45887901778787,72.216977728153,16.1128199522237,7.79830110523259
692,0,1.71518370696653,81.2322428086419,22.3083092756544,1.18032063565173
692,0.01,1.70691973343089,80.9588526724689,22.0405320880354,10.3752841581801
692,0.02,1.66643534089006,79.6033197122802,20.8212799832221,9.81747943019984
692,0.04,1.58936943265939,76.9472580622627,18.8313376977394,8.87156012037961
692,0.06,1.51680960522296,74.3537091167883,17.2406112887653,8.09095899178382
692,0.08,1.44800271299051,71.8091788047644,15.9126131126314,7.44731973905989
693,0,1.69476666460344,80.5547709824994,21.6591010843704,1.22461619926505
693,0.01,1.70029236715641,80.7387974978819,21.8307647263908,10
693,0.02,1.65941032537381,79.3653387442459,20.6235926292909,9.46237161365793
693,0.04,1.58137798476492,76.6660680532095,18.6445619112884,8.55066712884683
693,0.06,1.50765483637659,74.0199774756548,17.0549434958688,7.79830110523259
693,0.08,1.43753072153783,71.4145434235389,15.7229556301518,7.17794291271362
694,0,1.60808643293666,77.6015711062333,19.2817326948786,12.7057410520854
694,0.01,1.54242196541008,75.2796081392933,17.7767024711155,12.0226443461741
694,0.02,1.48016896071806,73.009137310152,16.5147624292991,11.3762728582343
694,0.04,1.3646956714036,68.615176505833,14.4792795014514,10.2801629812647
694,0.06,1.25944486688215,64.3990830467161,12.8717248565011,9.46237161365793
694,0.08,1.16251995547616,60.3354458444338,11.5411761424981,8.70963589956081
695,0,1.59456995216502,77.1296585015075,18.9546201398659,12.1338885046498
695,0.01,1.52867110140609,74.7839306200231,17.4857422453462,11.4815362149688
695,0.02,1.46607623941331,72.4856737572474,16.2471772597059,10.9647819614319
695,0.04,1.34963015373226,68.0241409775773,14.2367292006589,9.90831944892768
695,0.06,1.24316084000265,63.7285498769994,12.6392978481214,9.1201083935591
695,0.08,1.14491860122224,59.5787619878967,11.3120390047152,8.47227414140596
696,0,1.5834389663962,76.7386912091188,18.6924273926685,11.8032063565173
696,0.01,1.51714844023064,74.3660329521122,17.2475411863781,11.1686324778056
696,0.02,1.45410116414855,72.0380954339331,16.0244576986079,10.5681750921366
696,0.04,1.33662432657662,67.5105774843233,14.0309554061049,9.6382902362397
696,0.06,1.22897574661033,63.1404412533158,12.4399348701513,8.87156012037961
696,0.08,1.12944959361007,58.9089888164484,11.1134807625126,8.24138115013002
697,0,1.66785739959562,79.6513937244533,20.8617572228391,12.1338885046498
697,0.01,1.61207547314326,77.7402499229679,19.3801915414758,11.4815362149688
697,0.02,1.55885569560375,75.8676870633144,18.1345940433083,10.8642562361707
697,0.04,1.45925692927276,72.2311093381187,16.119837132156,9.81747943019984
697,0.06,1.36744872642964,68.7227348539317,14.5241051460147,8.95364765549594
697,0.08,1.282080910393,65.3230286121178,13.2014756337338,8.24138115013002
698,0,1.65740658300224,79.2973087791475,20.5678845718738,11.5877735615513
698,0.01,1.60142185659386,77.3692739072785,19.1192103211004,10.8642562361707
698,0.02,1.54786394399502,75.4748670592646,17.8939563043676,10.3752841581801
698,0.04,1.44730797687784,71.7830584851528,15.8999377549744,9.3756200692588
698,0.06,1.35428838181249,68.2073299073291,14.3112359453899,8.55066712884683
698,0.08,1.26749832308086,64.7288896171667,12.9881350021615,7.94328234724282
699,0,1.64841689611346,78.9912704721435,20.3215292480611,11.0662378397767
699,0.01,1.59206099905931,77.0417184295429,18.8949695026605,10.471285480509
699,0.02,1.5380693562862,75.123065638741,17.6837913698649,10
699,0.04,1.43649829524336,71.3755303549082,15.7044179710346,9.03649473722302
699,0.06,1.34226511231762,67.7336958794496,14.1198003454478,8.31763771102671
699,0.08,1.25418128948242,64.1828797951569,12.7961693857951,7.72680585095702
700,0,1.68915358945516,80.3673204245665,21.4876175935983,1.14815362149688
700,0.01,1.66324417747311,79.4953170295309,20.7310150911723,11.0662378397767
700,0.02,1.61679966570562,77.9041370532893,19.4979714922172,10.471285480509
700,0.04,1.52934536985443,74.8083127924032,17.4998364708752,9.46237161365793
700,0.06,1.44812006812876,71.8135902100416,15.9147555623809,8.6297854776697
700,0.08,1.37205550630094,68.9024075191119,14.5994691645608,7.94328234724282
701,0,1.66845311175156,79.6715223347714,20.8787603269801,1.16949939101987
701,0.01,1.65519001984858,79.2219751796507,20.5066026346234,10.471285480509
701,0.02,1.60848654164991,77.6154930637649,19.291567885378,10
701,0.04,1.52021182770368,74.4773607966657,17.3103852047784,9.03649473722302
701,0.06,1.43785199926788,71.426679893053,15.7287301156128,8.24138115013002
701,0.08,1.36044450034272,68.4488176686931,14.4103697861569,7.58577575029184
702,0,1.64594417142666,78.906853730936,20.2547653192314,1.20226443461741
702,0.01,1.64771334794595,78.9672623549807,20.302490281325,10.0925288607668
702,0.02,1.60063367234271,77.3417513495736,19.1001498761589,9.54992586021436
702,0.04,1.51143334572313,74.157898925241,17.1312121380759,8.70963589956081
702,0.06,1.4279494605782,71.051755208795,15.5520002177184,7.94328234724282
702,0.08,1.3492946517138,68.0109317773648,14.2313795929605,7.31139083483417
703,0,1.73187328261192,81.78097679678,22.8717359482601,12.9419584144999
703,0.01,1.68394909900948,80.1930506642062,21.3311317638626,12.1338885046498
703,0.02,1.63788303696874,78.6309412647701,20.0399972472634,11.3762728582343
703,0.04,1.5506985901583,75.5763710320874,17.9555205271296,10.2801629812647
703,0.06,1.46921209133217,72.6024574369668,16.3061966057641,9.3756200692588
703,0.08,1.39243847263441,69.6927561249736,14.9384342909761,8.6297854776697
704,0,1.72242275583805,81.4708106309814,22.548836695197,12.2461619926505
704,0.01,1.67409185471787,79.8617587779466,21.0410959003556,11.5877735615513
704,0.02,1.62752131249059,78.2746803475224,19.7701708873165,10.9647819614319
704,0.04,1.53911781035538,75.1608036279095,17.7061018829485,9.90831944892768
704,0.06,1.45615089465599,72.114886925719,16.0622855394039,9.03649473722302
704,0.08,1.37774295639942,69.1236962680093,14.693135514866,8.31763771102671
705,0,1.7147580274931,81.2181876593542,22.2943419770424,11.9124200802738
705,0.01,1.66597572726701,79.5877748570657,20.808231161031,11.2719745617551
705,0.02,1.61887931735231,77.9761624305039,19.5502316554455,10.6659612123026
705,0.04,1.52926177023058,74.8052901832459,17.4980880390505,9.6382902362397
705,0.06,1.44490832557089,71.6927713519082,15.856259110909,8.79022516830884
705,0.08,1.36498198280967,68.6263687532936,14.483933912615,8.16582371358592
706,0,1.77387398634121,83.1420103827165,24.4487373565199,12.3594743344451
706,0.01,1.73376586775462,81.8429173093075,22.9376669668037,11.5877735615513
706,0.02,1.69503802439952,80.5638199936443,21.6674643905019,10.9647819614319
706,0.04,1.62125649242017,78.058402380192,19.6102817988815,9.81747943019984
706,0.06,1.55171075402444,75.6125811989841,17.9775853914177,8.95364765549594
706,0.08,1.48562028239497,73.2106788254073,16.6199247671756,8.16582371358592
707,0,1.76672835043182,82.9124522651508,24.1620468068712,11.6949939101987
707,0.01,1.72632373956723,81.5990166194199,22.6808691274463,10.9647819614319
707,0.02,1.68718196287416,80.3013540815626,21.4280556807575,10.3752841581801
707,0.04,1.61234451508414,77.7495934303791,19.386864596397,9.3756200692588
707,0.06,1.54145110030774,75.2447193096892,17.755911876886,8.55066712884683
707,0.08,1.47381617861564,72.7736040130723,16.3933868561643,7.87045789695099
708,0,1.76068978337244,82.7178238919562,23.9261254071023,11.2719745617551
708,0.01,1.71990211478749,81.3878380359546,22.4644336440768,10.5681750921366
708,0.02,1.6803157953578,80.0711261506099,21.2232781393254,10
708,0.04,1.60441338667029,77.4736386871542,19.191860146969,9.03649473722302
708,0.06,1.53226364325043,74.9137488349722,17.5610396538082,8.24138115013002
708,0.08,1.46319616513677,72.3782616609414,16.1932296436453,7.65596606911256
709,0,1.80241082400778,84.050694206083,25.685917749338,1.19124200802737
709,0.01,1.76994249727015,83.015809527701,24.2899664952805,11.1686324778056
709,0.02,1.73654940745717,81.9339116174858,23.0354309897833,10.5681750921366
709,0.04,1.67269462812205,79.8146691869658,21.00063373127,9.46237161365793
709,0.06,1.61216301010402,77.7432901125635,19.3823622696813,8.6297854776697
709,0.08,1.55435966390564,75.7072619824625,18.0355375728439,7.87045789695099
710,0,1.79123481862989,83.6963566451086,25.1824523426765,1.21338885046498
710,0.01,1.76443898111182,82.8387324726806,24.0719367558529,10.5681750921366
710,0.02,1.73075093365421,81.7442171565359,22.8328410068256,10
710,0.04,1.66604543441693,79.5901326884885,20.8102091560949,9.03649473722302
710,0.06,1.60438500853298,77.4726493816713,19.1911686852586,8.24138115013002
710,0.08,1.54521097045465,75.3797422339549,17.8366420895133,7.58577575029184
711,0,1.77913864280371,83.3106206327683,24.6654617660847,1.24738351424294
711,0.01,1.75942046238341,82.676838348459,23.8772443017404,10.1859138805412
711,0.02,1.72537492395551,81.567856516295,22.6485959350734,9.6382902362397
711,0.04,1.65977898704724,79.377848049733,20.6338745197659,8.70963589956081
711,0.06,1.59701699786844,77.2153251510071,19.0131152432911,7.94328234724282
711,0.08,1.5365587995497,75.0686611274186,17.6517248540649,7.31139083483417
712,0,1.67234641047594,79.8029284496474,20.9905742221825,12.9419584144999
712,0.01,1.61509369165828,77.8449986953824,19.4552905673518,12.2461619926505
712,0.02,1.56042654996589,75.9236551009064,18.1694115493982,11.5877735615513
712,0.04,1.45798000942083,72.1833500177203,16.0961434793654,10.3752841581801
712,0.06,1.36338209459084,68.5638081262834,14.4579471695381,9.54992586021436
712,0.08,1.27525544959822,65.0454274242445,13.1012043898027,8.79022516830884
713,0,1.66123804074103,79.4273339462246,20.6746666021693,12.4738351424294
713,0.01,1.60364016193408,77.4466779840043,19.1730355220461,11.6949939101987
713,0.02,1.54852038426821,75.4983854905523,17.9081831524002,11.0662378397767
713,0.04,1.4449250212654,71.6933998845902,15.8565624594316,10
713,0.06,1.3489167168266,67.9960494725808,14.2253560507102,9.20449571753171
713,0.08,1.25927752886547,64.392217469776,12.8693164490337,8.47227414140596
714,0,1.65226354165172,79.12238822518,20.4262376286428,12.0226443461741
714,0.01,1.59423349218058,77.1178716517549,18.9466017895706,11.3762728582343
714,0.02,1.53861256215057,75.1426201432064,17.6953449815779,10.7646521362983
714,0.04,1.43387300129513,71.27624040162,15.6574072433131,9.72747223776965
714,0.06,1.33654891818944,67.5075908019725,14.029771799658,8.95364765549594
714,0.08,1.24545525427969,63.8233249945086,12.6718125313561,8.31763771102671
715,0,1.72252737110301,81.4742520443226,22.5523550169482,12.3594743344451
715,0.01,1.67423841135165,79.8666961807297,21.0453491762949,11.6949939101987
715,0.02,1.62787160842767,78.2867539129984,19.779182060184,10.9647819614319
715,0.04,1.54026100370093,75.2019298687496,17.7304787595343,9.90831944892768
715,0.06,1.45854147469614,72.2043535026425,16.106555839739,9.03649473722302
715,0.08,1.38168558739679,69.2767524992733,14.7584771350647,8.31763771102671
716,0,1.71405155709111,81.1948547869201,22.271203843202,11.8032063565173
716,0.01,1.66549403787522,79.571479593538,20.7945730908727,11.0662378397767
716,0.02,1.61873517247118,77.9711725673204,19.5466011805473,10.471285480509
716,0.04,1.53008803503721,74.8351590750253,17.5153806587747,9.46237161365793
716,0.06,1.44704995332304,71.7733552573381,15.8952335604862,8.6297854776697
716,0.08,1.36865002346486,68.769624785117,14.5437144968701,8.01678063387679
717,0,1.70690595117642,80.9583957929511,22.0400913450607,11.3762728582343
717,0.01,1.65797202652907,79.3165131925469,20.5835750560185,10.7646521362983
717,0.02,1.6107664164303,77.6947704062454,19.3477817951884,10.1859138805412
717,0.04,1.52105175599582,74.5078562965543,17.3276764699938,9.20449571753171
717,0.06,1.43674641197325,71.3849078706742,15.7088704198053,8.39459986519397
717,0.08,1.35696524861865,68.3124209823754,14.3542480281623,7.79830110523259
718,0,1.7582500883671,82.6390248696604,23.8323870467744,1.18032063565173
718,0.01,1.71755932358803,81.3106270074339,22.3866132933968,11.2719745617551
718,0.02,1.67732889594011,79.9707297957209,21.1354479863054,10.6659612123026
718,0.04,1.60092697095098,77.3519942621522,19.1072387255782,9.54992586021436
718,0.06,1.52917012901341,74.8019766839657,17.4961717316621,8.70963589956081
718,0.08,1.46125180417555,72.3056634969064,16.156947326723,8.01678063387679
719,0,1.74509219959112,82.2123949287617,23.3415877698066,1.21338885046498
719,0.01,1.71104531154277,81.0954752317688,22.1733302308023,10.6659612123026
719,0.02,1.6705239804713,79.7414493629055,20.9380851047228,10.0925288607668
719,0.04,1.59325927021483,77.0837318521378,18.9234178233356,9.1201083935591
719,0.06,1.52033351072958,74.4817795390918,17.3128886237306,8.31763771102671
719,0.08,1.4510080740577,71.9220735128721,15.9676003615271,7.65596606911256
720,0,1.73089400965423,81.7489043767123,22.8377909215022,1.23594743344451
720,0.01,1.70511747630421,80.8990817514107,21.9830589554793,10.2801629812647
720,0.02,1.66422605323394,79.5285659755804,20.7587052556655,9.72747223776965
720,0.04,1.58603769698045,76.8301593435464,18.7530811241008,8.79022516830884
720,0.06,1.51198337214157,74.1779548539456,17.1423566270089,8.01678063387679
720,0.08,1.44136909132886,71.5594194609311,15.7921258503775,7.37904230129101
721,0,1.6158432171054,77.8709874064682,19.4740217092853,13.1825673855641
721,0.01,1.55019005562279,75.5581715070508,17.944451011992,12.3594743344451
721,0.02,1.48789430916193,73.2945968652488,16.6640742874638,11.6949939101987
721,0.04,1.37219597061892,68.907879817792,14.6017741271143,10.5681750921366
721,0.06,1.26657620747409,64.6911877662708,12.974755999657,9.6382902362397
721,0.08,1.16916978036217,60.6198221040414,11.6286644278268,8.95364765549594
722,0,1.60334378336044,77.4363411954186,19.1658286704836,12.5892541179417
722,0.01,1.5374634954881,75.1012496051383,17.6709190577107,11.9124200802738
722,0.02,1.47480396829346,72.8102738781742,16.4121774568129,11.2719745617551
722,0.04,1.35812307073471,68.3578354335305,14.3728968424349,10.1859138805412
722,0.06,1.25123835618891,64.0617743004777,12.7541044157889,9.3756200692588
722,0.08,1.15246261717338,59.903785824522,11.4098216461236,8.70963589956081
723,0,1.5933037629639,77.0852913711774,18.9244755620155,12.1338885046498
723,0.01,1.52704561547668,74.7251189232642,17.4518364101897,11.4815362149688
723,0.02,1.46395223464346,72.4064734767647,16.2073680978649,10.9647819614319
723,0.04,1.34626280397623,67.8914703409526,14.1831370002874,9.90831944892768
723,0.06,1.2382089282371,63.5236693263732,12.5693797493888,9.1201083935591
723,0.08,1.13815649912386,59.2865258820607,11.2249237394929,8.47227414140596
724,0,1.67330339016905,79.8351897796249,21.0182434371528,12.4738351424294
724,0.01,1.61751043910855,77.9287617812111,19.5158041277628,11.8032063565173
724,0.02,1.5642235708942,76.0587633371031,18.2540240427465,11.1686324778056
724,0.04,1.46434214633268,72.4210185854324,16.2146660115288,10
724,0.06,1.372102855113,68.9042522044594,14.6002460924996,9.1201083935591
724,0.08,1.28615180144832,65.4881882874923,13.2616350721144,8.47227414140596
725,0,1.66368841894528,79.5103622251284,20.7435341791793,11.9124200802738
725,0.01,1.60769283357542,77.5878729900207,19.2720662417849,11.1686324778056
725,0.02,1.55407170742018,75.6969753521924,18.0292231652249,10.6659612123026
725,0.04,1.45322942322719,72.0054136677328,16.0084059342823,9.6382902362397
725,0.06,1.35973611279572,68.4210647198031,14.3989232096582,8.79022516830884
725,0.08,1.27235534279539,64.92721558726,13.0588222489725,8.16582371358592
726,0,1.6555986962204,79.2358708967165,20.5178745378939,11.4815362149688
726,0.01,1.59925466578783,77.2935724419838,19.066882032935,10.8642562361707
726,0.02,1.54521977579791,75.3800581597197,17.8368318353209,10.2801629812647
726,0.04,1.44339936709397,71.6359439346546,15.8288739895022,9.28966386779936
726,0.06,1.34871813166872,67.9882285491625,14.2221921208613,8.55066712884683
726,0.08,1.26003173259902,64.423156994335,12.8801746294907,7.94328234724282
727,0,1.71575574662462,81.2511258451426,22.3271092979659,12.0226443461741
727,0.01,1.66725640865175,79.631080770945,20.8446315297895,11.3762728582343
727,0.02,1.62073394432762,78.0403326806502,19.5970527693202,10.7646521362983
727,0.04,1.53298335634982,74.9397289557575,17.5761846635051,9.6382902362397
727,0.06,1.45129610598804,71.9328848066663,15.9728835831419,8.79022516830884
727,0.08,1.37463129725433,69.0026998376259,14.6418037449948,8.09095899178382
728,0,1.70156060028909,80.7809636468159,21.8705741216808,1.20226443461741
728,0.01,1.65988311938985,79.381381023344,20.6367805774917,10.7646521362983
728,0.02,1.61310404183311,77.7759642657671,19.405725496211,10.1859138805412
728,0.04,1.52453788502264,74.6342962570212,17.3997253049518,9.20449571753171
728,0.06,1.4417233858201,71.5727787195771,15.7985305369484,8.39459986519397
728,0.08,1.36369047835044,68.5758705196486,14.4629520768443,7.79830110523259
729,0,1.68565950637408,80.2503721156108,21.3822976064493,1.22461619926505
729,0.01,1.65318397911399,79.1537257962548,20.4514478649855,10.3752841581801
729,0.02,1.60605021483506,77.530677847582,19.2318180414164,9.81747943019984
729,0.04,1.51659369491804,74.3458551514209,17.2361976494674,8.87156012037961
729,0.06,1.43266821734404,71.2306335177289,15.6358942995748,8.16582371358592
729,0.08,1.35338539382417,68.1718500406228,14.2967591567901,7.51622894018205
